2.797383546829223633e+00	2.805618762969970703e+00	2.808222770690917969e+00	2.805472135543823242e+00	2.800520658493041992e+00	2.794198513031005859e+00	2.787660598754882812e+00	2.782266139984130859e+00	2.778292894363403320e+00	2.775212287902832031e+00	2.773200035095214844e+00	2.772684574127197266e+00	2.773571252822875977e+00	2.775469064712524414e+00	2.777917861938476562e+00	2.779103517532348633e+00	2.776780128479003906e+00	2.774229049682617188e+00	2.772840976715087891e+00	2.772779464721679688e+00	2.773938655853271484e+00	2.775816202163696289e+00	2.777816295623779297e+00	2.779493093490600586e+00	2.780817031860351562e+00	2.782056093215942383e+00	2.783553600311279297e+00	2.784818887710571289e+00	2.784970045089721680e+00	2.784079790115356445e+00	2.783222675323486328e+00	2.783088922500610352e+00	2.782837390899658203e+00	2.780729055404663086e+00	2.778279781341552734e+00	2.775913238525390625e+00	2.773306131362915039e+00	2.771064043045043945e+00	2.770560026168823242e+00	2.773117065429687500e+00	2.779176712036132812e+00	2.788643360137939453e+00	2.801274538040161133e+00	2.814090013504028320e+00	2.821120023727416992e+00	2.818983078002929688e+00	2.811813116073608398e+00	2.803249120712280273e+00	2.794232606887817383e+00	2.786618232727050781e+00	2.781456470489501953e+00	2.778147935867309570e+00	2.775722503662109375e+00	2.773797988891601562e+00	2.772694349288940430e+00	2.772807121276855469e+00	2.774064302444458008e+00	2.775920152664184570e+00	2.778052330017089844e+00	2.780341863632202148e+00	2.782395362854003906e+00	2.783828973770141602e+00	2.784508943557739258e+00	2.784343242645263672e+00	2.782841682434082031e+00	2.780008792877197266e+00	2.776827573776245117e+00	2.774499416351318359e+00	2.773886919021606445e+00	2.775502443313598633e+00	2.779830932617187500e+00	2.787311315536499023e+00
2.789618730545043945e+00	2.798317432403564453e+00	2.804604291915893555e+00	2.806117534637451172e+00	2.804468631744384766e+00	2.800790071487426758e+00	2.795068979263305664e+00	2.788728237152099609e+00	2.783399343490600586e+00	2.779710292816162109e+00	2.777361631393432617e+00	2.775726795196533203e+00	2.774548530578613281e+00	2.774009704589843750e+00	2.774148464202880859e+00	2.774534463882446289e+00	2.774590969085693359e+00	2.774418592453002930e+00	2.774690866470336914e+00	2.775582313537597656e+00	2.776970624923706055e+00	2.778573036193847656e+00	2.779974699020385742e+00	2.781048059463500977e+00	2.782127857208251953e+00	2.783618211746215820e+00	2.785436630249023438e+00	2.786339282989501953e+00	2.785561323165893555e+00	2.783643722534179688e+00	2.782085657119750977e+00	2.781698226928710938e+00	2.779937028884887695e+00	2.777757883071899414e+00	2.777021884918212891e+00	2.777249574661254883e+00	2.778235912322998047e+00	2.780478477478027344e+00	2.784794807434082031e+00	2.791874885559082031e+00	2.801836252212524414e+00	2.814227104187011719e+00	2.827652215957641602e+00	2.839296340942382812e+00	2.845940351486206055e+00	2.844273805618286133e+00	2.835210800170898438e+00	2.822613239288330078e+00	2.809667110443115234e+00	2.798482656478881836e+00	2.789746761322021484e+00	2.783137321472167969e+00	2.778198242187500000e+00	2.774815559387207031e+00	2.773000955581665039e+00	2.772684335708618164e+00	2.773883581161499023e+00	2.776694059371948242e+00	2.780591964721679688e+00	2.784063100814819336e+00	2.786935329437255859e+00	2.790108680725097656e+00	2.792682170867919922e+00	2.793804168701171875e+00	2.793433666229248047e+00	2.791567325592041016e+00	2.788149356842041016e+00	2.783648967742919922e+00	2.779474258422851562e+00	2.777252912521362305e+00	2.778068304061889648e+00	2.782287836074829102e+00
2.792140007019042969e+00	2.795955419540405273e+00	2.798190593719482422e+00	2.799378395080566406e+00	2.800314664840698242e+00	2.799638748168945312e+00	2.796532154083251953e+00	2.792018651962280273e+00	2.787453413009643555e+00	2.783555984497070312e+00	2.780431032180786133e+00	2.778025150299072266e+00	2.776347398757934570e+00	2.775262594223022461e+00	2.774464130401611328e+00	2.773728847503662109e+00	2.773213624954223633e+00	2.773193359375000000e+00	2.773712635040283203e+00	2.774798631668090820e+00	2.776433229446411133e+00	2.778100728988647461e+00	2.779600381851196289e+00	2.781290769577026367e+00	2.782859563827514648e+00	2.784412145614624023e+00	2.785755395889282227e+00	2.784725904464721680e+00	2.781754493713378906e+00	2.778914213180541992e+00	2.776877403259277344e+00	2.775708913803100586e+00	2.775493383407592773e+00	2.776466846466064453e+00	2.778599500656127930e+00	2.781454801559448242e+00	2.784713983535766602e+00	2.788786172866821289e+00	2.794926404953002930e+00	2.804264068603515625e+00	2.816999673843383789e+00	2.832394361495971680e+00	2.848736286163330078e+00	2.862014293670654297e+00	2.863598346710205078e+00	2.855082273483276367e+00	2.842613220214843750e+00	2.829151868820190430e+00	2.816012144088745117e+00	2.804205894470214844e+00	2.794227600097656250e+00	2.785896062850952148e+00	2.779235124588012695e+00	2.774610042572021484e+00	2.772544384002685547e+00	2.773250102996826172e+00	2.776194572448730469e+00	2.780021905899047852e+00	2.783636569976806641e+00	2.787203311920166016e+00	2.790661334991455078e+00	2.793530702590942383e+00	2.795581817626953125e+00	2.796772003173828125e+00	2.796882629394531250e+00	2.795210838317871094e+00	2.791924238204956055e+00	2.788295745849609375e+00	2.785560846328735352e+00	2.784586906433105469e+00	2.785613536834716797e+00	2.788285017013549805e+00
2.788880825042724609e+00	2.793215274810791016e+00	2.796315908432006836e+00	2.798571348190307617e+00	2.800332069396972656e+00	2.800420045852661133e+00	2.797752857208251953e+00	2.792903423309326172e+00	2.787493467330932617e+00	2.782593488693237305e+00	2.778713703155517578e+00	2.776238203048706055e+00	2.774932384490966797e+00	2.773975133895874023e+00	2.772822380065917969e+00	2.771776676177978516e+00	2.771369695663452148e+00	2.771922111511230469e+00	2.773489713668823242e+00	2.775754928588867188e+00	2.777989864349365234e+00	2.779351711273193359e+00	2.780025005340576172e+00	2.780250310897827148e+00	2.779559850692749023e+00	2.778536319732666016e+00	2.778213024139404297e+00	2.778333187103271484e+00	2.778069257736206055e+00	2.777206659317016602e+00	2.776166677474975586e+00	2.774917125701904297e+00	2.773671150207519531e+00	2.773388862609863281e+00	2.774373292922973633e+00	2.776353597640991211e+00	2.779189586639404297e+00	2.783431291580200195e+00	2.789667606353759766e+00	2.798672199249267578e+00	2.811011791229248047e+00	2.826454162597656250e+00	2.841951847076416016e+00	2.852787971496582031e+00	2.852577686309814453e+00	2.843891620635986328e+00	2.832525730133056641e+00	2.820419549942016602e+00	2.808247566223144531e+00	2.797209262847900391e+00	2.788211345672607422e+00	2.781307697296142578e+00	2.776380777359008789e+00	2.773523330688476562e+00	2.772720098495483398e+00	2.773554086685180664e+00	2.775432348251342773e+00	2.778188228607177734e+00	2.781385898590087891e+00	2.785041093826293945e+00	2.789063930511474609e+00	2.793122291564941406e+00	2.796911239624023438e+00	2.799401283264160156e+00	2.799658536911010742e+00	2.798280477523803711e+00	2.795496702194213867e+00	2.791557550430297852e+00	2.787270784378051758e+00	2.783943891525268555e+00	2.782876491546630859e+00	2.784757375717163086e+00
2.783938884735107422e+00	2.788990259170532227e+00	2.792484998703002930e+00	2.794299364089965820e+00	2.794857978820800781e+00	2.794293642044067383e+00	2.792240381240844727e+00	2.788311004638671875e+00	2.783667564392089844e+00	2.780246734619140625e+00	2.778664588928222656e+00	2.778594017028808594e+00	2.780680894851684570e+00	2.778433084487915039e+00	2.775223016738891602e+00	2.773227930068969727e+00	2.771481513977050781e+00	2.770605802536010742e+00	2.771356344223022461e+00	2.773681640625000000e+00	2.776267766952514648e+00	2.777517557144165039e+00	2.777766227722167969e+00	2.777900695800781250e+00	2.777310132980346680e+00	2.775887966156005859e+00	2.774647712707519531e+00	2.774296045303344727e+00	2.774597883224487305e+00	2.774709463119506836e+00	2.774207115173339844e+00	2.773981332778930664e+00	2.774560213088989258e+00	2.775482416152954102e+00	2.775820970535278320e+00	2.776005268096923828e+00	2.777053594589233398e+00	2.779643535614013672e+00	2.784048557281494141e+00	2.790536642074584961e+00	2.798867702484130859e+00	2.807964324951171875e+00	2.816193103790283203e+00	2.821733713150024414e+00	2.824095964431762695e+00	2.823394536972045898e+00	2.819106101989746094e+00	2.812063694000244141e+00	2.803830146789550781e+00	2.795826435089111328e+00	2.788761615753173828e+00	2.782655239105224609e+00	2.777891874313354492e+00	2.774971008300781250e+00	2.773826122283935547e+00	2.774100303649902344e+00	2.775191783905029297e+00	2.776509761810302734e+00	2.777948617935180664e+00	2.779317140579223633e+00	2.780270099639892578e+00	2.780713796615600586e+00	2.780755043029785156e+00	2.780547380447387695e+00	2.780217170715332031e+00	2.779833078384399414e+00	2.779161453247070312e+00	2.778039216995239258e+00	2.776736497879028320e+00	2.775920867919921875e+00	2.776476144790649414e+00	2.779186964035034180e+00
2.786859750747680664e+00	2.790910243988037109e+00	2.793600797653198242e+00	2.794130563735961914e+00	2.793410301208496094e+00	2.792299270629882812e+00	2.790507793426513672e+00	2.787239551544189453e+00	2.782692909240722656e+00	2.778418064117431641e+00	2.775451183319091797e+00	2.773749351501464844e+00	2.772633790969848633e+00	2.771867275238037109e+00	2.770940542221069336e+00	2.769273042678833008e+00	2.767357110977172852e+00	2.766659736633300781e+00	2.767751216888427734e+00	2.770224094390869141e+00	2.773038625717163086e+00	2.775081634521484375e+00	2.776585817337036133e+00	2.778640270233154297e+00	2.779114723205566406e+00	2.778316736221313477e+00	2.778195381164550781e+00	2.778409719467163086e+00	2.778243064880371094e+00	2.777349233627319336e+00	2.775979280471801758e+00	2.774866580963134766e+00	2.774661302566528320e+00	2.775115251541137695e+00	2.775437116622924805e+00	2.776095628738403320e+00	2.777688980102539062e+00	2.780733585357666016e+00	2.785537242889404297e+00	2.792080402374267578e+00	2.799973964691162109e+00	2.808425664901733398e+00	2.815865993499755859e+00	2.820205688476562500e+00	2.820450305938720703e+00	2.817735433578491211e+00	2.813170194625854492e+00	2.806955099105834961e+00	2.799708366394042969e+00	2.792342662811279297e+00	2.785764932632446289e+00	2.780674934387207031e+00	2.777048110961914062e+00	2.774744510650634766e+00	2.773764610290527344e+00	2.773561000823974609e+00	2.773397445678710938e+00	2.772956609725952148e+00	2.772529125213623047e+00	2.772561550140380859e+00	2.773249626159667969e+00	2.774637937545776367e+00	2.776445865631103516e+00	2.777695417404174805e+00	2.778341531753540039e+00	2.778673410415649414e+00	2.778531074523925781e+00	2.778122663497924805e+00	2.778049707412719727e+00	2.778789043426513672e+00	2.780474662780761719e+00	2.783140897750854492e+00
2.782296419143676758e+00	2.784544229507446289e+00	2.785573244094848633e+00	2.785927772521972656e+00	2.786695718765258789e+00	2.787659406661987305e+00	2.788110733032226562e+00	2.787533998489379883e+00	2.785970449447631836e+00	2.784019708633422852e+00	2.781430482864379883e+00	2.778675556182861328e+00	2.777038574218750000e+00	2.776509761810302734e+00	2.776381731033325195e+00	2.776039600372314453e+00	2.775013923645019531e+00	2.773511648178100586e+00	2.772510290145874023e+00	2.772543191909790039e+00	2.773407459259033203e+00	2.774627208709716797e+00	2.775961875915527344e+00	2.777263641357421875e+00	2.778026103973388672e+00	2.778032541275024414e+00	2.777781963348388672e+00	2.777662992477416992e+00	2.777210474014282227e+00	2.775943279266357422e+00	2.774002313613891602e+00	2.772407293319702148e+00	2.772200584411621094e+00	2.773624897003173828e+00	2.776362895965576172e+00	2.779827833175659180e+00	2.783240556716918945e+00	2.786527395248413086e+00	2.790695667266845703e+00	2.796372652053833008e+00	2.803676605224609375e+00	2.812346220016479492e+00	2.820313692092895508e+00	2.822716951370239258e+00	2.819610357284545898e+00	2.815216541290283203e+00	2.810974121093750000e+00	2.806085109710693359e+00	2.800074100494384766e+00	2.793723106384277344e+00	2.787895202636718750e+00	2.782799482345581055e+00	2.778254508972167969e+00	2.774882078170776367e+00	2.773119211196899414e+00	2.772614240646362305e+00	2.772688865661621094e+00	2.772777080535888672e+00	2.773142337799072266e+00	2.773916721343994141e+00	2.774802446365356445e+00	2.775609254837036133e+00	2.776396512985229492e+00	2.776403903961181641e+00	2.776301860809326172e+00	2.776834964752197266e+00	2.777422428131103516e+00	2.777571678161621094e+00	2.777495384216308594e+00	2.777708292007446289e+00	2.778455734252929688e+00	2.779948711395263672e+00
2.778712034225463867e+00	2.779674768447875977e+00	2.780832290649414062e+00	2.782597541809082031e+00	2.785317420959472656e+00	2.788157224655151367e+00	2.789760351181030273e+00	2.789694786071777344e+00	2.788338899612426758e+00	2.786152124404907227e+00	2.783439397811889648e+00	2.780970811843872070e+00	2.779570817947387695e+00	2.779284954071044922e+00	2.778641223907470703e+00	2.776591062545776367e+00	2.774160861968994141e+00	2.772220849990844727e+00	2.771147251129150391e+00	2.770955085754394531e+00	2.771657228469848633e+00	2.773266077041625977e+00	2.775646448135375977e+00	2.778655052185058594e+00	2.780288457870483398e+00	2.779387712478637695e+00	2.778935432434082031e+00	2.778594255447387695e+00	2.777878284454345703e+00	2.776645898818969727e+00	2.775175333023071289e+00	2.773975372314453125e+00	2.773748636245727539e+00	2.774605035781860352e+00	2.776090860366821289e+00	2.778794288635253906e+00	2.783101320266723633e+00	2.788697481155395508e+00	2.795496225357055664e+00	2.803778648376464844e+00	2.813012123107910156e+00	2.821540594100952148e+00	2.827112674713134766e+00	2.826925992965698242e+00	2.820847511291503906e+00	2.813115358352661133e+00	2.806304693222045898e+00	2.800277948379516602e+00	2.794425487518310547e+00	2.788614273071289062e+00	2.783306598663330078e+00	2.779181480407714844e+00	2.776677370071411133e+00	2.775776624679565430e+00	2.775750637054443359e+00	2.775694370269775391e+00	2.775626182556152344e+00	2.775665760040283203e+00	2.775774240493774414e+00	2.775713920593261719e+00	2.775589942932128906e+00	2.775836467742919922e+00	2.776315927505493164e+00	2.776684284210205078e+00	2.776920318603515625e+00	2.776840209960937500e+00	2.776362657546997070e+00	2.775632858276367188e+00	2.775035142898559570e+00	2.775102615356445312e+00	2.776121616363525391e+00	2.777585268020629883e+00
2.776919841766357422e+00	2.775783777236938477e+00	2.774412155151367188e+00	2.774020671844482422e+00	2.774425745010375977e+00	2.775352716445922852e+00	2.776266813278198242e+00	2.776302099227905273e+00	2.775334119796752930e+00	2.774120330810546875e+00	2.773207426071166992e+00	2.772761583328247070e+00	2.772731781005859375e+00	2.772949457168579102e+00	2.773000955581665039e+00	2.771898746490478516e+00	2.769762277603149414e+00	2.768094539642333984e+00	2.767699480056762695e+00	2.768213033676147461e+00	2.768933534622192383e+00	2.769960880279541016e+00	2.771307229995727539e+00	2.772571325302124023e+00	2.773195505142211914e+00	2.773431777954101562e+00	2.773738622665405273e+00	2.774144649505615234e+00	2.774561405181884766e+00	2.775056123733520508e+00	2.775659322738647461e+00	2.776180267333984375e+00	2.776446342468261719e+00	2.776958703994750977e+00	2.778109788894653320e+00	2.779376983642578125e+00	2.781102657318115234e+00	2.783812761306762695e+00	2.787045717239379883e+00	2.790246248245239258e+00	2.793689727783203125e+00	2.797061920166015625e+00	2.799785614013671875e+00	2.800803422927856445e+00	2.799196481704711914e+00	2.796198368072509766e+00	2.792893409729003906e+00	2.789627075195312500e+00	2.786380290985107422e+00	2.782886028289794922e+00	2.779305219650268555e+00	2.776232719421386719e+00	2.774129867553710938e+00	2.773321390151977539e+00	2.773456096649169922e+00	2.773705959320068359e+00	2.774512052536010742e+00	2.776093959808349609e+00	2.777869939804077148e+00	2.779216051101684570e+00	2.777575731277465820e+00	2.776411533355712891e+00	2.776568651199340820e+00	2.777212142944335938e+00	2.777750492095947266e+00	2.777643918991088867e+00	2.776701450347900391e+00	2.775294780731201172e+00	2.774133443832397461e+00	2.773871660232543945e+00	2.774633407592773438e+00	2.776001453399658203e+00
2.771923780441284180e+00	2.770152568817138672e+00	2.768341064453125000e+00	2.767264604568481445e+00	2.766939640045166016e+00	2.766782999038696289e+00	2.766780376434326172e+00	2.766860246658325195e+00	2.766654491424560547e+00	2.766337633132934570e+00	2.766169786453247070e+00	2.766378164291381836e+00	2.767040491104125977e+00	2.767881393432617188e+00	2.768310070037841797e+00	2.768198251724243164e+00	2.767931461334228516e+00	2.767933368682861328e+00	2.768448829650878906e+00	2.769340276718139648e+00	2.770114421844482422e+00	2.770901203155517578e+00	2.772073507308959961e+00	2.773152589797973633e+00	2.773322582244873047e+00	2.772599220275878906e+00	2.771564245223999023e+00	2.770930528640747070e+00	2.770963668823242188e+00	2.771626234054565430e+00	2.772847890853881836e+00	2.773967981338500977e+00	2.773928165435791016e+00	2.772965192794799805e+00	2.772586107254028320e+00	2.773181915283203125e+00	2.774111032485961914e+00	2.774809122085571289e+00	2.775211811065673828e+00	2.775175094604492188e+00	2.774835824966430664e+00	2.775014400482177734e+00	2.775792837142944336e+00	2.776407480239868164e+00	2.776466846466064453e+00	2.776900529861450195e+00	2.777722597122192383e+00	2.778177738189697266e+00	2.777784109115600586e+00	2.776560068130493164e+00	2.774964570999145508e+00	2.773409843444824219e+00	2.772268056869506836e+00	2.771932840347290039e+00	2.772244691848754883e+00	2.772330284118652344e+00	2.771974802017211914e+00	2.771194219589233398e+00	2.770269155502319336e+00	2.769544839859008789e+00	2.769266128540039062e+00	2.769782543182373047e+00	2.771189689636230469e+00	2.773165225982666016e+00	2.774904966354370117e+00	2.775397539138793945e+00	2.774193525314331055e+00	2.772072553634643555e+00	2.770342826843261719e+00	2.769880533218383789e+00	2.770779609680175781e+00	2.772201538085937500e+00
2.769252300262451172e+00	2.768751859664916992e+00	2.767882347106933594e+00	2.767082929611206055e+00	2.766278505325317383e+00	2.765440225601196289e+00	2.765284538269042969e+00	2.766048431396484375e+00	2.766556262969970703e+00	2.766199350357055664e+00	2.765865802764892578e+00	2.765830278396606445e+00	2.766187429428100586e+00	2.766779899597167969e+00	2.767175674438476562e+00	2.767134904861450195e+00	2.766815900802612305e+00	2.766407966613769531e+00	2.766086339950561523e+00	2.766084909439086914e+00	2.766583919525146484e+00	2.767551183700561523e+00	2.768674612045288086e+00	2.769730091094970703e+00	2.770749807357788086e+00	2.771769762039184570e+00	2.772848129272460938e+00	2.773624897003173828e+00	2.773313522338867188e+00	2.772393941879272461e+00	2.771672487258911133e+00	2.771155834197998047e+00	2.770458936691284180e+00	2.770346403121948242e+00	2.771162271499633789e+00	2.772074222564697266e+00	2.772273063659667969e+00	2.772207975387573242e+00	2.772496700286865234e+00	2.772769927978515625e+00	2.772778749465942383e+00	2.773057222366333008e+00	2.773947477340698242e+00	2.775173902511596680e+00	2.776168346405029297e+00	2.776467800140380859e+00	2.775623798370361328e+00	2.774610757827758789e+00	2.773714303970336914e+00	2.772671937942504883e+00	2.771698236465454102e+00	2.771028518676757812e+00	2.770584106445312500e+00	2.770795106887817383e+00	2.772613286972045898e+00	2.775210142135620117e+00	2.775032997131347656e+00	2.773897409439086914e+00	2.773830413818359375e+00	2.774058818817138672e+00	2.773878335952758789e+00	2.773343086242675781e+00	2.773157835006713867e+00	2.773952722549438477e+00	2.775328636169433594e+00	2.775566577911376953e+00	2.774337053298950195e+00	2.772898435592651367e+00	2.771505594253540039e+00	2.770265817642211914e+00	2.769536972045898438e+00	2.769345760345458984e+00
2.780118703842163086e+00	2.778361082077026367e+00	2.775310039520263672e+00	2.772047758102416992e+00	2.769219160079956055e+00	2.767044544219970703e+00	2.765593767166137695e+00	2.764847755432128906e+00	2.764791488647460938e+00	2.765578031539916992e+00	2.767340183258056641e+00	2.770001411437988281e+00	2.773092985153198242e+00	2.775718927383422852e+00	2.777064085006713867e+00	2.777207612991333008e+00	2.776578187942504883e+00	2.775332212448120117e+00	2.773596763610839844e+00	2.771634101867675781e+00	2.769899368286132812e+00	2.769113063812255859e+00	2.769722938537597656e+00	2.771584510803222656e+00	2.773639440536499023e+00	2.774258852005004883e+00	2.773369550704956055e+00	2.772208213806152344e+00	2.771569013595581055e+00	2.771207332611083984e+00	2.770759820938110352e+00	2.770596504211425781e+00	2.770822525024414062e+00	2.771806955337524414e+00	2.773369789123535156e+00	2.774612665176391602e+00	2.775076150894165039e+00	2.775225639343261719e+00	2.775487184524536133e+00	2.775537967681884766e+00	2.775815010070800781e+00	2.776958942413330078e+00	2.778833150863647461e+00	2.780492305755615234e+00	2.781132936477661133e+00	2.781226396560668945e+00	2.781100511550903320e+00	2.780308008193969727e+00	2.778579950332641602e+00	2.776311874389648438e+00	2.774421930313110352e+00	2.773659229278564453e+00	2.773640155792236328e+00	2.773218393325805664e+00	2.773153305053710938e+00	2.774794340133666992e+00	2.777955770492553711e+00	2.781299591064453125e+00	2.784232854843139648e+00	2.786205053329467773e+00	2.786161184310913086e+00	2.783782005310058594e+00	2.780478954315185547e+00	2.778090953826904297e+00	2.777436494827270508e+00	2.777968406677246094e+00	2.778669834136962891e+00	2.779242038726806641e+00	2.779678821563720703e+00	2.779540300369262695e+00	2.779508352279663086e+00	2.780106782913208008e+00
2.783735036849975586e+00	2.780172109603881836e+00	2.775431394577026367e+00	2.770910978317260742e+00	2.767568588256835938e+00	2.765951871871948242e+00	2.765882730484008789e+00	2.766509294509887695e+00	2.767219066619873047e+00	2.768373012542724609e+00	2.770545721054077148e+00	2.773407936096191406e+00	2.776336193084716797e+00	2.779330492019653320e+00	2.781682968139648438e+00	2.782535314559936523e+00	2.782210111618041992e+00	2.780961036682128906e+00	2.778711557388305664e+00	2.775808572769165039e+00	2.773026227951049805e+00	2.771208524703979492e+00	2.770958185195922852e+00	2.772173881530761719e+00	2.773780345916748047e+00	2.774008512496948242e+00	2.772469282150268555e+00	2.770711660385131836e+00	2.769762992858886719e+00	2.770376682281494141e+00	2.771307468414306641e+00	2.771893262863159180e+00	2.772947788238525391e+00	2.773880004882812500e+00	2.773920536041259766e+00	2.773194074630737305e+00	2.772449493408203125e+00	2.771609067916870117e+00	2.770591259002685547e+00	2.769722223281860352e+00	2.769433259963989258e+00	2.769608020782470703e+00	2.770062208175659180e+00	2.771281003952026367e+00	2.773005247116088867e+00	2.774625301361083984e+00	2.776742219924926758e+00	2.778384447097778320e+00	2.778501987457275391e+00	2.777587890625000000e+00	2.776104927062988281e+00	2.774465322494506836e+00	2.773441553115844727e+00	2.773326873779296875e+00	2.773990869522094727e+00	2.775359392166137695e+00	2.777762174606323242e+00	2.781152009963989258e+00	2.784931659698486328e+00	2.787470579147338867e+00	2.787194967269897461e+00	2.784936189651489258e+00	2.783092021942138672e+00	2.782899379730224609e+00	2.783253431320190430e+00	2.782790422439575195e+00	2.781686782836914062e+00	2.780795574188232422e+00	2.780664920806884766e+00	2.781630277633666992e+00	2.783456802368164062e+00	2.784746646881103516e+00
2.790213584899902344e+00	2.792586565017700195e+00	2.791277885437011719e+00	2.787619113922119141e+00	2.784268856048583984e+00	2.781488895416259766e+00	2.778785943984985352e+00	2.776253461837768555e+00	2.774415493011474609e+00	2.773488283157348633e+00	2.773464918136596680e+00	2.774195432662963867e+00	2.775549173355102539e+00	2.777342557907104492e+00	2.778726100921630859e+00	2.779458045959472656e+00	2.780004739761352539e+00	2.780296325683593750e+00	2.780012607574462891e+00	2.778969526290893555e+00	2.777177333831787109e+00	2.775172472000122070e+00	2.774129390716552734e+00	2.774851083755493164e+00	2.777108669281005859e+00	2.780275344848632812e+00	2.783913373947143555e+00	2.786926984786987305e+00	2.786873102188110352e+00	2.782685041427612305e+00	2.778349399566650391e+00	2.776652812957763672e+00	2.776786804199218750e+00	2.777184486389160156e+00	2.777287721633911133e+00	2.776763677597045898e+00	2.775592565536499023e+00	2.774336338043212891e+00	2.773297309875488281e+00	2.772973299026489258e+00	2.774837255477905273e+00	2.780279636383056641e+00	2.789381980895996094e+00	2.799270153045654297e+00	2.804511785507202148e+00	2.802895784378051758e+00	2.797562599182128906e+00	2.791768074035644531e+00	2.786685705184936523e+00	2.782804965972900391e+00	2.780674695968627930e+00	2.780027389526367188e+00	2.779666900634765625e+00	2.779192447662353516e+00	2.779132127761840820e+00	2.779243707656860352e+00	2.778751134872436523e+00	2.779253244400024414e+00	2.781865835189819336e+00	2.785338640213012695e+00	2.786371469497680664e+00	2.785592794418334961e+00	2.784611225128173828e+00	2.783513545989990234e+00	2.781559944152832031e+00	2.778632640838623047e+00	2.775746107101440430e+00	2.774256706237792969e+00	2.775143623352050781e+00	2.778330564498901367e+00	2.782386541366577148e+00	2.786342859268188477e+00
2.793146133422851562e+00	2.798780202865600586e+00	2.801054954528808594e+00	2.798614263534545898e+00	2.794230699539184570e+00	2.789372444152832031e+00	2.784292221069335938e+00	2.779578685760498047e+00	2.775843143463134766e+00	2.773345232009887695e+00	2.772157669067382812e+00	2.772334814071655273e+00	2.773699522018432617e+00	2.775748491287231445e+00	2.777891874313354492e+00	2.779736757278442383e+00	2.781061887741088867e+00	2.781619548797607422e+00	2.781364202499389648e+00	2.780738592147827148e+00	2.780128479003906250e+00	2.779558420181274414e+00	2.779629945755004883e+00	2.781170368194580078e+00	2.784142494201660156e+00	2.787020206451416016e+00	2.789540290832519531e+00	2.792147636413574219e+00	2.792372465133666992e+00	2.787848949432373047e+00	2.781879901885986328e+00	2.778252124786376953e+00	2.776971101760864258e+00	2.776851654052734375e+00	2.776938438415527344e+00	2.776728868484497070e+00	2.776453495025634766e+00	2.776619434356689453e+00	2.776586055755615234e+00	2.776932716369628906e+00	2.779907703399658203e+00	2.786729335784912109e+00	2.797525644302368164e+00	2.808997631072998047e+00	2.814822912216186523e+00	2.812412261962890625e+00	2.805029392242431641e+00	2.796257257461547852e+00	2.788216590881347656e+00	2.782481670379638672e+00	2.779596805572509766e+00	2.778827428817749023e+00	2.779025793075561523e+00	2.779454231262207031e+00	2.779841184616088867e+00	2.780249834060668945e+00	2.781059265136718750e+00	2.782335758209228516e+00	2.783563375473022461e+00	2.784099817276000977e+00	2.783699750900268555e+00	2.782873392105102539e+00	2.782061338424682617e+00	2.781103610992431641e+00	2.779560565948486328e+00	2.777443170547485352e+00	2.775437593460083008e+00	2.774454116821289062e+00	2.775119066238403320e+00	2.777535915374755859e+00	2.781532049179077148e+00	2.786902189254760742e+00
2.791578054428100586e+00	2.797911643981933594e+00	2.800154209136962891e+00	2.796257019042968750e+00	2.789880514144897461e+00	2.784311532974243164e+00	2.780252933502197266e+00	2.777450561523437500e+00	2.775541067123413086e+00	2.774397134780883789e+00	2.774043560028076172e+00	2.774395465850830078e+00	2.775099039077758789e+00	2.775714397430419922e+00	2.776492118835449219e+00	2.777373552322387695e+00	2.777784824371337891e+00	2.777687549591064453e+00	2.777234077453613281e+00	2.776597976684570312e+00	2.776287317276000977e+00	2.776532888412475586e+00	2.777740001678466797e+00	2.780112266540527344e+00	2.783093929290771484e+00	2.785865068435668945e+00	2.788209676742553711e+00	2.790242910385131836e+00	2.790522813796997070e+00	2.786785364151000977e+00	2.781726598739624023e+00	2.778977870941162109e+00	2.778517246246337891e+00	2.779036045074462891e+00	2.779924392700195312e+00	2.780163764953613281e+00	2.779650211334228516e+00	2.779292583465576172e+00	2.779321432113647461e+00	2.780527353286743164e+00	2.784741640090942383e+00	2.792882680892944336e+00	2.804635286331176758e+00	2.817098617553710938e+00	2.824634313583374023e+00	2.823055028915405273e+00	2.815001487731933594e+00	2.804783821105957031e+00	2.794731140136718750e+00	2.786686182022094727e+00	2.781797885894775391e+00	2.779747962951660156e+00	2.779085397720336914e+00	2.779101848602294922e+00	2.779573678970336914e+00	2.779957771301269531e+00	2.781029224395751953e+00	2.783354282379150391e+00	2.786309242248535156e+00	2.788578987121582031e+00	2.789449453353881836e+00	2.789035081863403320e+00	2.787779092788696289e+00	2.785978078842163086e+00	2.783511877059936523e+00	2.780306100845336914e+00	2.777045249938964844e+00	2.774725198745727539e+00	2.774087429046630859e+00	2.775687932968139648e+00	2.779651165008544922e+00	2.785134553909301758e+00
2.788206338882446289e+00	2.789866924285888672e+00	2.788885354995727539e+00	2.786705970764160156e+00	2.785295724868774414e+00	2.784326553344726562e+00	2.782978534698486328e+00	2.781949520111083984e+00	2.781535863876342773e+00	2.781323671340942383e+00	2.780846595764160156e+00	2.779858350753784180e+00	2.778788805007934570e+00	2.777943372726440430e+00	2.776987552642822266e+00	2.775929689407348633e+00	2.775112867355346680e+00	2.774769783020019531e+00	2.774771213531494141e+00	2.774971961975097656e+00	2.775310277938842773e+00	2.775635957717895508e+00	2.776093721389770508e+00	2.777175426483154297e+00	2.779155731201171875e+00	2.781389474868774414e+00	2.783244132995605469e+00	2.784871101379394531e+00	2.785289525985717773e+00	2.783756256103515625e+00	2.781522989273071289e+00	2.779736757278442383e+00	2.778501272201538086e+00	2.777927875518798828e+00	2.777702093124389648e+00	2.777281761169433594e+00	2.776592016220092773e+00	2.776236295700073242e+00	2.777084827423095703e+00	2.779809236526489258e+00	2.784710645675659180e+00	2.792057991027832031e+00	2.802314519882202148e+00	2.813794612884521484e+00	2.821511983871459961e+00	2.821993589401245117e+00	2.816515922546386719e+00	2.808567523956298828e+00	2.800148487091064453e+00	2.792335033416748047e+00	2.785820007324218750e+00	2.780781030654907227e+00	2.777066469192504883e+00	2.774478673934936523e+00	2.772990465164184570e+00	2.772747516632080078e+00	2.773319721221923828e+00	2.774736642837524414e+00	2.777168750762939453e+00	2.780200958251953125e+00	2.783468484878540039e+00	2.786978483200073242e+00	2.790435791015625000e+00	2.792580127716064453e+00	2.792014598846435547e+00	2.788857221603393555e+00	2.784577846527099609e+00	2.780887365341186523e+00	2.778821468353271484e+00	2.778890132904052734e+00	2.781111955642700195e+00	2.784727811813354492e+00
2.790941476821899414e+00	2.794527530670166016e+00	2.795461416244506836e+00	2.793347120285034180e+00	2.790747165679931641e+00	2.788496494293212891e+00	2.786413908004760742e+00	2.784610271453857422e+00	2.783033609390258789e+00	2.781583786010742188e+00	2.780297040939331055e+00	2.779376029968261719e+00	2.779043436050415039e+00	2.778812646865844727e+00	2.777574777603149414e+00	2.775616645812988281e+00	2.774116516113281250e+00	2.773491382598876953e+00	2.773627996444702148e+00	2.774369955062866211e+00	2.775817394256591797e+00	2.777896165847778320e+00	2.779931306838989258e+00	2.781433820724487305e+00	2.781918048858642578e+00	2.781630516052246094e+00	2.781212091445922852e+00	2.781052112579345703e+00	2.780480146408081055e+00	2.779020547866821289e+00	2.777529478073120117e+00	2.776417493820190430e+00	2.775901794433593750e+00	2.776473999023437500e+00	2.778019666671752930e+00	2.779178380966186523e+00	2.779179811477661133e+00	2.779675483703613281e+00	2.781991481781005859e+00	2.786516666412353516e+00	2.793227910995483398e+00	2.802478790283203125e+00	2.814658880233764648e+00	2.827583789825439453e+00	2.834782361984252930e+00	2.834161758422851562e+00	2.827522039413452148e+00	2.817566871643066406e+00	2.807104349136352539e+00	2.797203302383422852e+00	2.788265228271484375e+00	2.781028032302856445e+00	2.775938987731933594e+00	2.772897005081176758e+00	2.771834135055541992e+00	2.772547006607055664e+00	2.774424076080322266e+00	2.776775121688842773e+00	2.779193162918090820e+00	2.781635522842407227e+00	2.783987045288085938e+00	2.786222696304321289e+00	2.788344621658325195e+00	2.790240049362182617e+00	2.791309833526611328e+00	2.790431261062622070e+00	2.787273168563842773e+00	2.782804727554321289e+00	2.779710054397583008e+00	2.778934240341186523e+00	2.780860424041748047e+00	2.785554409027099609e+00
2.793746948242187500e+00	2.797790288925170898e+00	2.799389839172363281e+00	2.797178745269775391e+00	2.794832944869995117e+00	2.792344570159912109e+00	2.789168119430541992e+00	2.785739660263061523e+00	2.782792806625366211e+00	2.780747652053833008e+00	2.779483795166015625e+00	2.778720378875732422e+00	2.778233051300048828e+00	2.777532815933227539e+00	2.776422500610351562e+00	2.775351047515869141e+00	2.774881601333618164e+00	2.775139808654785156e+00	2.775396347045898438e+00	2.775497436523437500e+00	2.776772737503051758e+00	2.779366254806518555e+00	2.781642436981201172e+00	2.783672571182250977e+00	2.785214662551879883e+00	2.785253286361694336e+00	2.783681869506835938e+00	2.781303644180297852e+00	2.779229164123535156e+00	2.777423143386840820e+00	2.775601387023925781e+00	2.774138212203979492e+00	2.773545742034912109e+00	2.773915767669677734e+00	2.775091171264648438e+00	2.776837110519409180e+00	2.778820037841796875e+00	2.781047344207763672e+00	2.784196615219116211e+00	2.789233207702636719e+00	2.797013282775878906e+00	2.807734966278076172e+00	2.820462226867675781e+00	2.832530498504638672e+00	2.838283538818359375e+00	2.835587263107299805e+00	2.827855825424194336e+00	2.817898273468017578e+00	2.807259798049926758e+00	2.796963691711425781e+00	2.787638187408447266e+00	2.779906988143920898e+00	2.774269104003906250e+00	2.771021366119384766e+00	2.770231962203979492e+00	2.771587610244750977e+00	2.774456262588500977e+00	2.777998924255371094e+00	2.781253576278686523e+00	2.783522367477416992e+00	2.784594774246215820e+00	2.784921169281005859e+00	2.785187482833862305e+00	2.785870075225830078e+00	2.786563873291015625e+00	2.785963535308837891e+00	2.784375190734863281e+00	2.782792091369628906e+00	2.782009124755859375e+00	2.782484531402587891e+00	2.784832239151000977e+00	2.789047002792358398e+00
2.787469863891601562e+00	2.790013551712036133e+00	2.791148424148559570e+00	2.791194915771484375e+00	2.790869712829589844e+00	2.789812326431274414e+00	2.787362575531005859e+00	2.783894538879394531e+00	2.780588865280151367e+00	2.778500556945800781e+00	2.777884483337402344e+00	2.778082132339477539e+00	2.778204679489135742e+00	2.777852535247802734e+00	2.777096033096313477e+00	2.776344060897827148e+00	2.775930881500244141e+00	2.775592803955078125e+00	2.774632930755615234e+00	2.773523807525634766e+00	2.773550271987915039e+00	2.775282621383666992e+00	2.778451442718505859e+00	2.781966924667358398e+00	2.783888339996337891e+00	2.783388376235961914e+00	2.781353473663330078e+00	2.778798341751098633e+00	2.776142597198486328e+00	2.773625850677490234e+00	2.771824121475219727e+00	2.771296739578247070e+00	2.772016763687133789e+00	2.773569583892822266e+00	2.775759935379028320e+00	2.778541803359985352e+00	2.781612396240234375e+00	2.784347295761108398e+00	2.786832094192504883e+00	2.790492773056030273e+00	2.796566724777221680e+00	2.805237054824829102e+00	2.815596103668212891e+00	2.825566291809082031e+00	2.829485654830932617e+00	2.826462745666503906e+00	2.820099353790283203e+00	2.811952590942382812e+00	2.803109169006347656e+00	2.794552087783813477e+00	2.787158489227294922e+00	2.781132459640502930e+00	2.776483535766601562e+00	2.773837327957153320e+00	2.773307085037231445e+00	2.774349451065063477e+00	2.776568889617919922e+00	2.779641628265380859e+00	2.782815456390380859e+00	2.784839153289794922e+00	2.784948348999023438e+00	2.783672571182250977e+00	2.782405376434326172e+00	2.781989336013793945e+00	2.782192230224609375e+00	2.782185077667236328e+00	2.781707286834716797e+00	2.781265020370483398e+00	2.781049489974975586e+00	2.781238317489624023e+00	2.782355308532714844e+00	2.784566402435302734e+00
2.781509637832641602e+00	2.780777454376220703e+00	2.780395984649658203e+00	2.779843091964721680e+00	2.779567003250122070e+00	2.779520511627197266e+00	2.779238700866699219e+00	2.778924465179443359e+00	2.779093742370605469e+00	2.779944181442260742e+00	2.781241178512573242e+00	2.782483339309692383e+00	2.783077001571655273e+00	2.782515525817871094e+00	2.780889034271240234e+00	2.778914928436279297e+00	2.777358531951904297e+00	2.776595592498779297e+00	2.776379108428955078e+00	2.776049613952636719e+00	2.775393486022949219e+00	2.775088787078857422e+00	2.776052951812744141e+00	2.777926683425903320e+00	2.778863430023193359e+00	2.778338670730590820e+00	2.777630567550659180e+00	2.776209831237792969e+00	2.774128913879394531e+00	2.772406816482543945e+00	2.771326065063476562e+00	2.771001815795898438e+00	2.771262884140014648e+00	2.772034645080566406e+00	2.773377180099487305e+00	2.775012254714965820e+00	2.776632070541381836e+00	2.778191566467285156e+00	2.779425144195556641e+00	2.779541969299316406e+00	2.778414964675903320e+00	2.776968479156494141e+00	2.775765419006347656e+00	2.774532318115234375e+00	2.773940086364746094e+00	2.775262594223022461e+00	2.777599096298217773e+00	2.778700828552246094e+00	2.779792547225952148e+00	2.781253337860107422e+00	2.782643795013427734e+00	2.781728744506835938e+00	2.778358459472656250e+00	2.776014328002929688e+00	2.775273323059082031e+00	2.776203632354736328e+00	2.778529405593872070e+00	2.781489849090576172e+00	2.784402608871459961e+00	2.785881280899047852e+00	2.785336732864379883e+00	2.783298254013061523e+00	2.781418085098266602e+00	2.781000137329101562e+00	2.782049179077148438e+00	2.783775806427001953e+00	2.785423278808593750e+00	2.786711215972900391e+00	2.787867307662963867e+00	2.788120031356811523e+00	2.785843372344970703e+00	2.783167362213134766e+00
2.778209686279296875e+00	2.778188705444335938e+00	2.779338836669921875e+00	2.780728816986083984e+00	2.781776428222656250e+00	2.782410144805908203e+00	2.782256841659545898e+00	2.781279087066650391e+00	2.779800415039062500e+00	2.778204202651977539e+00	2.777139663696289062e+00	2.777059316635131836e+00	2.777794599533081055e+00	2.778443098068237305e+00	2.777981758117675781e+00	2.776489734649658203e+00	2.775029659271240234e+00	2.773995399475097656e+00	2.773541688919067383e+00	2.773487567901611328e+00	2.773230791091918945e+00	2.772580146789550781e+00	2.771651268005371094e+00	2.770822763442993164e+00	2.770324707031250000e+00	2.770603418350219727e+00	2.772246360778808594e+00	2.775006055831909180e+00	2.777824878692626953e+00	2.779792308807373047e+00	2.780818223953247070e+00	2.781194925308227539e+00	2.780909061431884766e+00	2.779656410217285156e+00	2.777818918228149414e+00	2.776202678680419922e+00	2.775300741195678711e+00	2.774997472763061523e+00	2.774979591369628906e+00	2.774996519088745117e+00	2.774800062179565430e+00	2.774325370788574219e+00	2.773819684982299805e+00	2.773179292678833008e+00	2.772477865219116211e+00	2.772214174270629883e+00	2.772696495056152344e+00	2.774044513702392578e+00	2.776175737380981445e+00	2.778703212738037109e+00	2.780789613723754883e+00	2.780947208404541016e+00	2.779686212539672852e+00	2.778594255447387695e+00	2.777065992355346680e+00	2.774731874465942383e+00	2.773950576782226562e+00	2.775122404098510742e+00	2.776760101318359375e+00	2.777620077133178711e+00	2.777321577072143555e+00	2.776810646057128906e+00	2.777652263641357422e+00	2.779870033264160156e+00	2.782341241836547852e+00	2.783838033676147461e+00	2.784770727157592773e+00	2.785626411437988281e+00	2.785709381103515625e+00	2.784258842468261719e+00	2.781814098358154297e+00	2.779564857482910156e+00
2.774810791015625000e+00	2.772823333740234375e+00	2.772767066955566406e+00	2.774732828140258789e+00	2.778113365173339844e+00	2.781861782073974609e+00	2.785266399383544922e+00	2.788315296173095703e+00	2.789703845977783203e+00	2.787331581115722656e+00	2.783556699752807617e+00	2.780849218368530273e+00	2.779412984848022461e+00	2.778829574584960938e+00	2.778731346130371094e+00	2.778990983963012695e+00	2.779176950454711914e+00	2.778848648071289062e+00	2.778177261352539062e+00	2.777320384979248047e+00	2.776048183441162109e+00	2.774466753005981445e+00	2.773348331451416016e+00	2.773280620574951172e+00	2.774396419525146484e+00	2.776750326156616211e+00	2.780131578445434570e+00	2.783625602722167969e+00	2.786117792129516602e+00	2.786832332611083984e+00	2.785603761672973633e+00	2.783156394958496094e+00	2.780321598052978516e+00	2.777458906173706055e+00	2.775053262710571289e+00	2.773630619049072266e+00	2.773301124572753906e+00	2.773805856704711914e+00	2.774831056594848633e+00	2.776313066482543945e+00	2.778186798095703125e+00	2.780215740203857422e+00	2.782140016555786133e+00	2.782814741134643555e+00	2.781472206115722656e+00	2.779352664947509766e+00	2.777983665466308594e+00	2.778095960617065430e+00	2.779433727264404297e+00	2.781264066696166992e+00	2.783047676086425781e+00	2.783605098724365234e+00	2.783228158950805664e+00	2.783551931381225586e+00	2.783925533294677734e+00	2.782004356384277344e+00	2.779290676116943359e+00	2.777201414108276367e+00	2.775657415390014648e+00	2.775000095367431641e+00	2.775593996047973633e+00	2.777212142944335938e+00	2.780288934707641602e+00	2.786134004592895508e+00	2.792770147323608398e+00	2.795520305633544922e+00	2.794753789901733398e+00	2.793547868728637695e+00	2.793088674545288086e+00	2.789256811141967773e+00	2.783220767974853516e+00	2.778286457061767578e+00
2.774200916290283203e+00	2.772527694702148438e+00	2.772249221801757812e+00	2.774198293685913086e+00	2.778205871582031250e+00	2.783203125000000000e+00	2.788611412048339844e+00	2.794137716293334961e+00	2.797218322753906250e+00	2.794375181198120117e+00	2.788066864013671875e+00	2.782575607299804688e+00	2.779378414154052734e+00	2.778176069259643555e+00	2.778459787368774414e+00	2.779630184173583984e+00	2.780681371688842773e+00	2.780730485916137695e+00	2.779926776885986328e+00	2.778907299041748047e+00	2.778188705444335938e+00	2.778067588806152344e+00	2.778390884399414062e+00	2.778504133224487305e+00	2.779185056686401367e+00	2.780893802642822266e+00	2.783005714416503906e+00	2.784915447235107422e+00	2.786136388778686523e+00	2.785983800888061523e+00	2.784092426300048828e+00	2.781108379364013672e+00	2.778214454650878906e+00	2.776234388351440430e+00	2.775384664535522461e+00	2.775503635406494141e+00	2.776213645935058594e+00	2.777135848999023438e+00	2.778243064880371094e+00	2.779855966567993164e+00	2.782109260559082031e+00	2.784201622009277344e+00	2.785520315170288086e+00	2.785514116287231445e+00	2.783589124679565430e+00	2.780911445617675781e+00	2.778868675231933594e+00	2.778187513351440430e+00	2.778785705566406250e+00	2.780056953430175781e+00	2.781162738800048828e+00	2.781135320663452148e+00	2.780379056930541992e+00	2.779735088348388672e+00	2.779258966445922852e+00	2.778874635696411133e+00	2.778258085250854492e+00	2.777429342269897461e+00	2.775747537612915039e+00	2.774520397186279297e+00	2.775041341781616211e+00	2.777552366256713867e+00	2.782570838928222656e+00	2.790327548980712891e+00	2.797246456146240234e+00	2.797677516937255859e+00	2.793616771697998047e+00	2.789322614669799805e+00	2.785833358764648438e+00	2.782782316207885742e+00	2.779596328735351562e+00	2.776588678359985352e+00
2.773872137069702148e+00	2.772549867630004883e+00	2.771966934204101562e+00	2.772838592529296875e+00	2.775627613067626953e+00	2.780174016952514648e+00	2.785879850387573242e+00	2.791560888290405273e+00	2.794442892074584961e+00	2.791180849075317383e+00	2.785035371780395508e+00	2.780442714691162109e+00	2.778217792510986328e+00	2.777816295623779297e+00	2.778707265853881836e+00	2.780153989791870117e+00	2.781318664550781250e+00	2.781953096389770508e+00	2.782350778579711914e+00	2.782549619674682617e+00	2.782513856887817383e+00	2.782617568969726562e+00	2.783047914505004883e+00	2.783585548400878906e+00	2.784279823303222656e+00	2.785344362258911133e+00	2.786525726318359375e+00	2.787492275238037109e+00	2.787858963012695312e+00	2.787181138992309570e+00	2.785123348236083984e+00	2.782052993774414062e+00	2.779043912887573242e+00	2.777039766311645508e+00	2.776464700698852539e+00	2.777240276336669922e+00	2.778709888458251953e+00	2.779926776885986328e+00	2.780686616897583008e+00	2.781379461288452148e+00	2.782380104064941406e+00	2.783956527709960938e+00	2.785297393798828125e+00	2.785301923751831055e+00	2.784036397933959961e+00	2.781836986541748047e+00	2.779792785644531250e+00	2.779032468795776367e+00	2.779404878616333008e+00	2.779109001159667969e+00	2.778018236160278320e+00	2.777208328247070312e+00	2.776489019393920898e+00	2.775961399078369141e+00	2.776169061660766602e+00	2.777102470397949219e+00	2.778173446655273438e+00	2.778766632080078125e+00	2.778509616851806641e+00	2.777581930160522461e+00	2.777235507965087891e+00	2.779017448425292969e+00	2.784377336502075195e+00	2.794212579727172852e+00	2.804809808731079102e+00	2.806910991668701172e+00	2.800368547439575195e+00	2.792154550552368164e+00	2.785696029663085938e+00	2.781107187271118164e+00	2.777849912643432617e+00	2.775574922561645508e+00
2.775223970413208008e+00	2.774013042449951172e+00	2.773902177810668945e+00	2.775617361068725586e+00	2.778970003128051758e+00	2.782503128051757812e+00	2.786266326904296875e+00	2.789837837219238281e+00	2.791340827941894531e+00	2.788236618041992188e+00	2.782069206237792969e+00	2.777029991149902344e+00	2.774430751800537109e+00	2.773759841918945312e+00	2.774528026580810547e+00	2.776280403137207031e+00	2.778108358383178711e+00	2.779026508331298828e+00	2.778928041458129883e+00	2.778575181961059570e+00	2.778853416442871094e+00	2.779527425765991211e+00	2.780349969863891602e+00	2.781806230545043945e+00	2.783943414688110352e+00	2.786243438720703125e+00	2.788011312484741211e+00	2.788559436798095703e+00	2.787745714187622070e+00	2.785752058029174805e+00	2.783393383026123047e+00	2.781579732894897461e+00	2.780284643173217773e+00	2.779302358627319336e+00	2.778756380081176758e+00	2.778504371643066406e+00	2.778382539749145508e+00	2.778364658355712891e+00	2.778355121612548828e+00	2.779586791992187500e+00	2.782075405120849609e+00	2.784502506256103516e+00	2.786281108856201172e+00	2.786237001419067383e+00	2.784859895706176758e+00	2.782733917236328125e+00	2.780426025390625000e+00	2.778816699981689453e+00	2.777642250061035156e+00	2.776497364044189453e+00	2.775555610656738281e+00	2.774667024612426758e+00	2.773847818374633789e+00	2.773705959320068359e+00	2.774392366409301758e+00	2.775369882583618164e+00	2.776431798934936523e+00	2.777343750000000000e+00	2.777314662933349609e+00	2.777225494384765625e+00	2.778416872024536133e+00	2.781615257263183594e+00	2.787373781204223633e+00	2.795361757278442383e+00	2.803381919860839844e+00	2.804660081863403320e+00	2.797762393951416016e+00	2.790471553802490234e+00	2.785243511199951172e+00	2.781554937362670898e+00	2.778930187225341797e+00	2.776937246322631836e+00
2.778784751892089844e+00	2.776650667190551758e+00	2.775549888610839844e+00	2.776148557662963867e+00	2.778383016586303711e+00	2.781461477279663086e+00	2.783767938613891602e+00	2.784304857254028320e+00	2.782666206359863281e+00	2.779580593109130859e+00	2.776396036148071289e+00	2.774049997329711914e+00	2.772719621658325195e+00	2.772309064865112305e+00	2.772730588912963867e+00	2.773689031600952148e+00	2.774543762207031250e+00	2.774531602859497070e+00	2.773958921432495117e+00	2.773649215698242188e+00	2.773909568786621094e+00	2.774765729904174805e+00	2.776304483413696289e+00	2.778761863708496094e+00	2.781886100769042969e+00	2.784395456314086914e+00	2.784752130508422852e+00	2.783551931381225586e+00	2.782118082046508789e+00	2.780593156814575195e+00	2.778939247131347656e+00	2.776996374130249023e+00	2.774690628051757812e+00	2.772605895996093750e+00	2.771475791931152344e+00	2.771511077880859375e+00	2.772482156753540039e+00	2.773833990097045898e+00	2.775203704833984375e+00	2.776756763458251953e+00	2.778822183609008789e+00	2.781208992004394531e+00	2.783159255981445312e+00	2.783685445785522461e+00	2.782476902008056641e+00	2.780628442764282227e+00	2.779395818710327148e+00	2.779194355010986328e+00	2.779052495956420898e+00	2.777251958847045898e+00	2.775493383407592773e+00	2.774392604827880859e+00	2.773857831954956055e+00	2.774170160293579102e+00	2.775121688842773438e+00	2.776206970214843750e+00	2.777250528335571289e+00	2.778466463088989258e+00	2.779926300048828125e+00	2.781365633010864258e+00	2.782187223434448242e+00	2.783208131790161133e+00	2.785787582397460938e+00	2.789851427078247070e+00	2.793978452682495117e+00	2.795282125473022461e+00	2.793546438217163086e+00	2.790756702423095703e+00	2.787782907485961914e+00	2.785156488418579102e+00	2.782960414886474609e+00	2.780951976776123047e+00
2.778878211975097656e+00	2.777949333190917969e+00	2.776747226715087891e+00	2.775285005569458008e+00	2.774548292160034180e+00	2.774354457855224609e+00	2.774145603179931641e+00	2.773824930191040039e+00	2.773559093475341797e+00	2.773527383804321289e+00	2.773778676986694336e+00	2.774107933044433594e+00	2.773830175399780273e+00	2.773137331008911133e+00	2.772753715515136719e+00	2.772809982299804688e+00	2.772994756698608398e+00	2.773121833801269531e+00	2.773221731185913086e+00	2.773509025573730469e+00	2.774465322494506836e+00	2.775566339492797852e+00	2.776183128356933594e+00	2.776768684387207031e+00	2.777694463729858398e+00	2.778656482696533203e+00	2.778807878494262695e+00	2.777756929397583008e+00	2.776601552963256836e+00	2.776139974594116211e+00	2.775955200195312500e+00	2.775437355041503906e+00	2.774405002593994141e+00	2.773139238357543945e+00	2.771806001663208008e+00	2.770761251449584961e+00	2.770407676696777344e+00	2.770674467086791992e+00	2.771284580230712891e+00	2.772214174270629883e+00	2.773710012435913086e+00	2.775685548782348633e+00	2.777194023132324219e+00	2.777487754821777344e+00	2.777409553527832031e+00	2.777890443801879883e+00	2.779036998748779297e+00	2.780217885971069336e+00	2.780523061752319336e+00	2.780346632003784180e+00	2.780092716217041016e+00	2.779515266418457031e+00	2.778201818466186523e+00	2.776884078979492188e+00	2.776370763778686523e+00	2.776576280593872070e+00	2.777117729187011719e+00	2.778039455413818359e+00	2.779521942138671875e+00	2.781309366226196289e+00	2.783208131790161133e+00	2.785742759704589844e+00	2.789005041122436523e+00	2.791956424713134766e+00	2.793744564056396484e+00	2.794445753097534180e+00	2.794080734252929688e+00	2.792406558990478516e+00	2.789642333984375000e+00	2.786261081695556641e+00	2.782933712005615234e+00	2.780394077301025391e+00
2.784250736236572266e+00	2.783030986785888672e+00	2.781620025634765625e+00	2.779469728469848633e+00	2.777459859848022461e+00	2.776352882385253906e+00	2.776021242141723633e+00	2.775853395462036133e+00	2.775472402572631836e+00	2.775002956390380859e+00	2.774517536163330078e+00	2.773934602737426758e+00	2.773181200027465820e+00	2.772107839584350586e+00	2.770908594131469727e+00	2.770187616348266602e+00	2.770477056503295898e+00	2.771833419799804688e+00	2.772821664810180664e+00	2.771652221679687500e+00	2.770586967468261719e+00	2.770605802536010742e+00	2.771336317062377930e+00	2.772677183151245117e+00	2.774188041687011719e+00	2.775173902511596680e+00	2.775259494781494141e+00	2.774954795837402344e+00	2.775451183319091797e+00	2.777301311492919922e+00	2.779836893081665039e+00	2.782082796096801758e+00	2.782949209213256836e+00	2.781372308731079102e+00	2.778361082077026367e+00	2.775722503662109375e+00	2.774229049682617188e+00	2.774167537689208984e+00	2.775361299514770508e+00	2.776859998703002930e+00	2.778009414672851562e+00	2.779209136962890625e+00	2.780040979385375977e+00	2.780008792877197266e+00	2.780320882797241211e+00	2.781963348388671875e+00	2.784312248229980469e+00	2.786238670349121094e+00	2.787363052368164062e+00	2.788414001464843750e+00	2.791030645370483398e+00	2.790245771408081055e+00	2.784841060638427734e+00	2.780142068862915039e+00	2.777274131774902344e+00	2.775958776473999023e+00	2.776224613189697266e+00	2.778055667877197266e+00	2.780955076217651367e+00	2.782717227935791016e+00	2.783627033233642578e+00	2.785866737365722656e+00	2.789141654968261719e+00	2.792193412780761719e+00	2.795184373855590820e+00	2.796475172042846680e+00	2.795156002044677734e+00	2.792503595352172852e+00	2.790193796157836914e+00	2.790169477462768555e+00	2.790649890899658203e+00	2.786567449569702148e+00
2.786543607711791992e+00	2.784024477005004883e+00	2.781624078750610352e+00	2.778925657272338867e+00	2.776654720306396484e+00	2.775678873062133789e+00	2.774548768997192383e+00	2.772880315780639648e+00	2.771627187728881836e+00	2.770963668823242188e+00	2.770869016647338867e+00	2.771112918853759766e+00	2.771513938903808594e+00	2.771870136260986328e+00	2.771845102310180664e+00	2.771649360656738281e+00	2.771937370300292969e+00	2.773161649703979492e+00	2.775005817413330078e+00	2.775364875793457031e+00	2.773404598236083984e+00	2.772053003311157227e+00	2.772011041641235352e+00	2.773226022720336914e+00	2.774421691894531250e+00	2.774973392486572266e+00	2.775587320327758789e+00	2.776499032974243164e+00	2.777689695358276367e+00	2.779603958129882812e+00	2.782396793365478516e+00	2.785301685333251953e+00	2.786462783813476562e+00	2.784424543380737305e+00	2.781165361404418945e+00	2.778845787048339844e+00	2.777954101562500000e+00	2.778896808624267578e+00	2.781389713287353516e+00	2.781736850738525391e+00	2.780270576477050781e+00	2.779787302017211914e+00	2.780368328094482422e+00	2.781786680221557617e+00	2.784022092819213867e+00	2.786514520645141602e+00	2.788002729415893555e+00	2.788464069366455078e+00	2.788677453994750977e+00	2.789669513702392578e+00	2.792279243469238281e+00	2.785090684890747070e+00	2.778896093368530273e+00	2.775253772735595703e+00	2.772867441177368164e+00	2.771913051605224609e+00	2.772988796234130859e+00	2.776440858840942383e+00	2.780655145645141602e+00	2.780392408370971680e+00	2.779453039169311523e+00	2.780429601669311523e+00	2.784197330474853516e+00	2.790459156036376953e+00	2.796361446380615234e+00	2.798673868179321289e+00	2.797669172286987305e+00	2.794764041900634766e+00	2.791720628738403320e+00	2.790476560592651367e+00	2.794390439987182617e+00	2.791687011718750000e+00
2.786089658737182617e+00	2.782310247421264648e+00	2.778664827346801758e+00	2.776353359222412109e+00	2.775606393814086914e+00	2.775063753128051758e+00	2.773365736007690430e+00	2.771826982498168945e+00	2.770829439163208008e+00	2.770509719848632812e+00	2.770929098129272461e+00	2.772137403488159180e+00	2.774096488952636719e+00	2.776345014572143555e+00	2.778223276138305664e+00	2.779366731643676758e+00	2.779204368591308594e+00	2.777483701705932617e+00	2.775690555572509766e+00	2.774509906768798828e+00	2.774085283279418945e+00	2.774538755416870117e+00	2.775480747222900391e+00	2.776572465896606445e+00	2.777223110198974609e+00	2.776222467422485352e+00	2.773193597793579102e+00	2.769330263137817383e+00	2.766175270080566406e+00	2.764507293701171875e+00	2.764282464981079102e+00	2.765402793884277344e+00	2.768210411071777344e+00	2.772372961044311523e+00	2.777256250381469727e+00	2.781764507293701172e+00	2.783903360366821289e+00	2.783880472183227539e+00	2.783738851547241211e+00	2.784676551818847656e+00	2.786986827850341797e+00	2.790356159210205078e+00	2.793836116790771484e+00	2.796025753021240234e+00	2.795942068099975586e+00	2.793870449066162109e+00	2.791066408157348633e+00	2.788714647293090820e+00	2.787231683731079102e+00	2.786339044570922852e+00	2.784405469894409180e+00	2.779793024063110352e+00	2.774262189865112305e+00	2.769793033599853516e+00	2.766983270645141602e+00	2.766262769699096680e+00	2.767647266387939453e+00	2.770484209060668945e+00	2.773629426956176758e+00	2.775620460510253906e+00	2.775428056716918945e+00	2.773640871047973633e+00	2.771915674209594727e+00	2.771243810653686523e+00	2.771886825561523438e+00	2.773793697357177734e+00	2.776458263397216797e+00	2.779422044754028320e+00	2.782591819763183594e+00	2.785506725311279297e+00	2.787314414978027344e+00	2.788075208663940430e+00
2.785678386688232422e+00	2.781884431838989258e+00	2.778821706771850586e+00	2.776727914810180664e+00	2.775122642517089844e+00	2.773490428924560547e+00	2.772293090820312500e+00	2.771261692047119141e+00	2.770800113677978516e+00	2.771453380584716797e+00	2.773490428924560547e+00	2.776851654052734375e+00	2.781286239624023438e+00	2.786509752273559570e+00	2.791754961013793945e+00	2.795259714126586914e+00	2.795016765594482422e+00	2.791701316833496094e+00	2.787720918655395508e+00	2.784570217132568359e+00	2.782211542129516602e+00	2.779575586318969727e+00	2.777419567108154297e+00	2.776414871215820312e+00	2.775825500488281250e+00	2.774851560592651367e+00	2.773397207260131836e+00	2.771987438201904297e+00	2.771437406539916992e+00	2.771997213363647461e+00	2.774079561233520508e+00	2.778498888015747070e+00	2.783827304840087891e+00	2.787092208862304688e+00	2.788366794586181641e+00	2.788843870162963867e+00	2.788589715957641602e+00	2.787774801254272461e+00	2.787328720092773438e+00	2.788239717483520508e+00	2.790655374526977539e+00	2.793863773345947266e+00	2.796708583831787109e+00	2.797940254211425781e+00	2.797034263610839844e+00	2.794673442840576172e+00	2.792196273803710938e+00	2.790518760681152344e+00	2.789472579956054688e+00	2.788184642791748047e+00	2.786146640777587891e+00	2.783214569091796875e+00	2.779812097549438477e+00	2.776972055435180664e+00	2.775571346282958984e+00	2.776289224624633789e+00	2.779502868652343750e+00	2.784786701202392578e+00	2.789934158325195312e+00	2.791320562362670898e+00	2.787841558456420898e+00	2.782803535461425781e+00	2.779453516006469727e+00	2.778659820556640625e+00	2.780072212219238281e+00	2.782761335372924805e+00	2.785498619079589844e+00	2.788433313369750977e+00	2.790610790252685547e+00	2.790619850158691406e+00	2.790649890899658203e+00	2.789101839065551758e+00
2.779828310012817383e+00	2.777786254882812500e+00	2.776347637176513672e+00	2.775475502014160156e+00	2.774886131286621094e+00	2.774629592895507812e+00	2.774392843246459961e+00	2.773610353469848633e+00	2.772694826126098633e+00	2.773055076599121094e+00	2.775473117828369141e+00	2.780139684677124023e+00	2.786507368087768555e+00	2.793500661849975586e+00	2.799509763717651367e+00	2.801993370056152344e+00	2.800265789031982422e+00	2.796112298965454102e+00	2.791934013366699219e+00	2.788401603698730469e+00	2.784858942031860352e+00	2.781261682510375977e+00	2.779003620147705078e+00	2.778456687927246094e+00	2.778656244277954102e+00	2.778597831726074219e+00	2.777766227722167969e+00	2.776290655136108398e+00	2.775498151779174805e+00	2.776935577392578125e+00	2.781281471252441406e+00	2.787841081619262695e+00	2.793555021286010742e+00	2.795492410659790039e+00	2.794705390930175781e+00	2.793519020080566406e+00	2.792656421661376953e+00	2.792670011520385742e+00	2.794529676437377930e+00	2.798516273498535156e+00	2.803910255432128906e+00	2.809653997421264648e+00	2.814579010009765625e+00	2.816837310791015625e+00	2.815289020538330078e+00	2.810815572738647461e+00	2.805392742156982422e+00	2.800497531890869141e+00	2.796328544616699219e+00	2.791860580444335938e+00	2.787760019302368164e+00	2.784337520599365234e+00	2.781469821929931641e+00	2.779605388641357422e+00	2.779645442962646484e+00	2.782415151596069336e+00	2.788154363632202148e+00	2.796031236648559570e+00	2.803030729293823242e+00	2.803768634796142578e+00	2.797010183334350586e+00	2.788839340209960938e+00	2.783464670181274414e+00	2.781114578247070312e+00	2.780689477920532227e+00	2.781293630599975586e+00	2.782407522201538086e+00	2.783545017242431641e+00	2.784154653549194336e+00	2.783895015716552734e+00	2.783043146133422852e+00	2.781716823577880859e+00
2.791286230087280273e+00	2.785920143127441406e+00	2.781829118728637695e+00	2.779607057571411133e+00	2.778629779815673828e+00	2.778156757354736328e+00	2.777891874313354492e+00	2.777798891067504883e+00	2.778376817703247070e+00	2.780144929885864258e+00	2.783411264419555664e+00	2.788072586059570312e+00	2.793497800827026367e+00	2.798907041549682617e+00	2.803231716156005859e+00	2.804891347885131836e+00	2.802343368530273438e+00	2.796505928039550781e+00	2.790517330169677734e+00	2.786721944808959961e+00	2.785621404647827148e+00	2.787054538726806641e+00	2.790750980377197266e+00	2.795975208282470703e+00	2.801601409912109375e+00	2.806574106216430664e+00	2.810023546218872070e+00	2.811757564544677734e+00	2.812502861022949219e+00	2.812405824661254883e+00	2.810817956924438477e+00	2.809072732925415039e+00	2.807150602340698242e+00	2.802177906036376953e+00	2.796086311340332031e+00	2.792178869247436523e+00	2.790813922882080078e+00	2.791332721710205078e+00	2.793629646301269531e+00	2.797676563262939453e+00	2.802772521972656250e+00	2.807638168334960938e+00	2.810729503631591797e+00	2.810955762863159180e+00	2.808560609817504883e+00	2.804907798767089844e+00	2.801223039627075195e+00	2.797943115234375000e+00	2.795083284378051758e+00	2.792778015136718750e+00	2.791011810302734375e+00	2.789211034774780273e+00	2.787121534347534180e+00	2.785353899002075195e+00	2.784882068634033203e+00	2.786717653274536133e+00	2.791354417800903320e+00	2.798146963119506836e+00	2.803917407989501953e+00	2.803775787353515625e+00	2.797171592712402344e+00	2.789239883422851562e+00	2.783807039260864258e+00	2.782014846801757812e+00	2.783738613128662109e+00	2.788240909576416016e+00	2.794098854064941406e+00	2.799068927764892578e+00	2.801341295242309570e+00	2.801058769226074219e+00	2.799304485321044922e+00	2.796156644821166992e+00
2.791598796844482422e+00	2.787415742874145508e+00	2.783431529998779297e+00	2.780883073806762695e+00	2.780329942703247070e+00	2.779663324356079102e+00	2.778929233551025391e+00	2.778562545776367188e+00	2.778832674026489258e+00	2.780092716217041016e+00	2.782793998718261719e+00	2.786744117736816406e+00	2.791295051574707031e+00	2.796197891235351562e+00	2.799767732620239258e+00	2.799944400787353516e+00	2.796557188034057617e+00	2.791506528854370117e+00	2.786965847015380859e+00	2.784336328506469727e+00	2.784237384796142578e+00	2.786523818969726562e+00	2.790610551834106445e+00	2.795750379562377930e+00	2.800912380218505859e+00	2.805065870285034180e+00	2.807713031768798828e+00	2.809178113937377930e+00	2.809793472290039062e+00	2.809238910675048828e+00	2.807126998901367188e+00	2.804714679718017578e+00	2.802215576171875000e+00	2.798405170440673828e+00	2.794403314590454102e+00	2.791921377182006836e+00	2.790580749511718750e+00	2.790070056915283203e+00	2.790834188461303711e+00	2.792881011962890625e+00	2.795683860778808594e+00	2.798265933990478516e+00	2.799918651580810547e+00	2.800315380096435547e+00	2.799358129501342773e+00	2.797414779663085938e+00	2.795068740844726562e+00	2.792508840560913086e+00	2.789656400680541992e+00	2.786754131317138672e+00	2.784455060958862305e+00	2.782953977584838867e+00	2.782099723815917969e+00	2.782496929168701172e+00	2.783946037292480469e+00	2.786228656768798828e+00	2.790622234344482422e+00	2.797237157821655273e+00	2.803670406341552734e+00	2.804873466491699219e+00	2.799055814743041992e+00	2.791392326354980469e+00	2.786248207092285156e+00	2.784390687942504883e+00	2.785235881805419922e+00	2.788177728652954102e+00	2.792252779006958008e+00	2.795776367187500000e+00	2.797121286392211914e+00	2.796797275543212891e+00	2.796040534973144531e+00	2.794601678848266602e+00
2.786805391311645508e+00	2.783143520355224609e+00	2.780112028121948242e+00	2.778304338455200195e+00	2.777628421783447266e+00	2.777686834335327148e+00	2.777745246887207031e+00	2.777513742446899414e+00	2.777685403823852539e+00	2.778858423233032227e+00	2.781366825103759766e+00	2.785261869430541992e+00	2.790047168731689453e+00	2.794584274291992188e+00	2.797432899475097656e+00	2.797487020492553711e+00	2.794680356979370117e+00	2.790383338928222656e+00	2.786702394485473633e+00	2.784784555435180664e+00	2.784729719161987305e+00	2.786159276962280273e+00	2.788596630096435547e+00	2.791532754898071289e+00	2.794597864151000977e+00	2.797447204589843750e+00	2.799562215805053711e+00	2.800660133361816406e+00	2.800852060317993164e+00	2.800561666488647461e+00	2.800376653671264648e+00	2.799276590347290039e+00	2.795963764190673828e+00	2.791786193847656250e+00	2.788786411285400391e+00	2.787804126739501953e+00	2.787678956985473633e+00	2.787285566329956055e+00	2.787650823593139648e+00	2.789452552795410156e+00	2.791577339172363281e+00	2.792824983596801758e+00	2.793043136596679688e+00	2.792388200759887695e+00	2.791093111038208008e+00	2.789476156234741211e+00	2.787839889526367188e+00	2.786183595657348633e+00	2.784317493438720703e+00	2.782224178314208984e+00	2.780251741409301758e+00	2.779015064239501953e+00	2.779074192047119141e+00	2.780538558959960938e+00	2.782969951629638672e+00	2.786309242248535156e+00	2.791483640670776367e+00	2.798311710357666016e+00	2.803993463516235352e+00	2.804298639297485352e+00	2.798532962799072266e+00	2.791404008865356445e+00	2.786618947982788086e+00	2.784863233566284180e+00	2.785364389419555664e+00	2.787149429321289062e+00	2.789378643035888672e+00	2.791277885437011719e+00	2.792226791381835938e+00	2.792219638824462891e+00	2.791527509689331055e+00	2.789814233779907227e+00
2.779129028320312500e+00	2.776465892791748047e+00	2.774480104446411133e+00	2.773398637771606445e+00	2.773232936859130859e+00	2.773717880249023438e+00	2.774415254592895508e+00	2.775274991989135742e+00	2.776501893997192383e+00	2.777831554412841797e+00	2.778779745101928711e+00	2.779461860656738281e+00	2.780148983001708984e+00	2.780513525009155273e+00	2.780222177505493164e+00	2.779563665390014648e+00	2.778864383697509766e+00	2.777807235717773438e+00	2.776010513305664062e+00	2.774065017700195312e+00	2.772712230682373047e+00	2.772041797637939453e+00	2.771660327911376953e+00	2.771318435668945312e+00	2.771189212799072266e+00	2.771378040313720703e+00	2.771642923355102539e+00	2.772114992141723633e+00	2.773380517959594727e+00	2.775010347366333008e+00	2.775535106658935547e+00	2.775136470794677734e+00	2.774368524551391602e+00	2.773734331130981445e+00	2.774212837219238281e+00	2.776178836822509766e+00	2.778981208801269531e+00	2.781885623931884766e+00	2.784554481506347656e+00	2.786762952804565430e+00	2.789034843444824219e+00	2.791313409805297852e+00	2.792188644409179688e+00	2.792015075683593750e+00	2.791097879409790039e+00	2.789349317550659180e+00	2.786894559860229492e+00	2.784145593643188477e+00	2.781350374221801758e+00	2.778543949127197266e+00	2.775916337966918945e+00	2.773695945739746094e+00	2.772094726562500000e+00	2.771378993988037109e+00	2.771954774856567383e+00	2.773417472839355469e+00	2.774354696273803711e+00	2.775119781494140625e+00	2.776196241378784180e+00	2.777436494827270508e+00	2.778358697891235352e+00	2.779396533966064453e+00	2.781425476074218750e+00	2.784142017364501953e+00	2.786324739456176758e+00	2.787315845489501953e+00	2.787306070327758789e+00	2.786493539810180664e+00	2.785151481628417969e+00	2.783950805664062500e+00	2.783113002777099609e+00	2.781663179397583008e+00
2.775255441665649414e+00	2.774807929992675781e+00	2.775347709655761719e+00	2.776645183563232422e+00	2.777849197387695312e+00	2.778686761856079102e+00	2.779354810714721680e+00	2.779954433441162109e+00	2.780231475830078125e+00	2.780019760131835938e+00	2.779748439788818359e+00	2.780071973800659180e+00	2.780723333358764648e+00	2.780541181564331055e+00	2.778960227966308594e+00	2.776865720748901367e+00	2.775320291519165039e+00	2.774571895599365234e+00	2.774287939071655273e+00	2.774161577224731445e+00	2.774312734603881836e+00	2.774972915649414062e+00	2.776000499725341797e+00	2.776933908462524414e+00	2.777462720870971680e+00	2.777512550354003906e+00	2.777073860168457031e+00	2.777222633361816406e+00	2.778455972671508789e+00	2.779809474945068359e+00	2.779376745223999023e+00	2.778113842010498047e+00	2.777111053466796875e+00	2.777013301849365234e+00	2.778329610824584961e+00	2.781231403350830078e+00	2.785338163375854492e+00	2.789855003356933594e+00	2.794290065765380859e+00	2.798908710479736328e+00	2.804241180419921875e+00	2.810576915740966797e+00	2.816939830780029297e+00	2.820201396942138672e+00	2.819180011749267578e+00	2.815763235092163086e+00	2.810873985290527344e+00	2.804759263992309570e+00	2.798063278198242188e+00	2.791946649551391602e+00	2.786743640899658203e+00	2.782081842422485352e+00	2.778032541275024414e+00	2.775135755538940430e+00	2.773487567901611328e+00	2.772841930389404297e+00	2.772890329360961914e+00	2.773531436920166016e+00	2.774956941604614258e+00	2.776911735534667969e+00	2.778386354446411133e+00	2.778880119323730469e+00	2.779065608978271484e+00	2.779498100280761719e+00	2.780274152755737305e+00	2.780316829681396484e+00	2.779615879058837891e+00	2.778327941894531250e+00	2.776905059814453125e+00	2.776026248931884766e+00	2.775718450546264648e+00	2.775660276412963867e+00
2.773481130599975586e+00	2.773496150970458984e+00	2.775397300720214844e+00	2.778054714202880859e+00	2.780314207077026367e+00	2.781855583190917969e+00	2.782269954681396484e+00	2.781428813934326172e+00	2.780138969421386719e+00	2.779025077819824219e+00	2.778791427612304688e+00	2.779727458953857422e+00	2.781120061874389648e+00	2.781706333160400391e+00	2.781200647354125977e+00	2.780318021774291992e+00	2.779860973358154297e+00	2.780165433883666992e+00	2.781034946441650391e+00	2.782015800476074219e+00	2.782650232315063477e+00	2.782922983169555664e+00	2.783095598220825195e+00	2.782783031463623047e+00	2.782287359237670898e+00	2.781784772872924805e+00	2.780843496322631836e+00	2.779845714569091797e+00	2.779224395751953125e+00	2.777931451797485352e+00	2.775909900665283203e+00	2.774463415145874023e+00	2.774121522903442383e+00	2.775470972061157227e+00	2.778737306594848633e+00	2.783511400222778320e+00	2.789055585861206055e+00	2.794812440872192383e+00	2.800971508026123047e+00	2.808335065841674805e+00	2.817094087600708008e+00	2.826047182083129883e+00	2.832751750946044922e+00	2.834669589996337891e+00	2.831114530563354492e+00	2.823332309722900391e+00	2.813538312911987305e+00	2.804200410842895508e+00	2.796630859375000000e+00	2.790901660919189453e+00	2.786740303039550781e+00	2.783600330352783203e+00	2.780617713928222656e+00	2.777986764907836914e+00	2.776486396789550781e+00	2.776244163513183594e+00	2.776688575744628906e+00	2.777619838714599609e+00	2.778712034225463867e+00	2.779294967651367188e+00	2.778923273086547852e+00	2.777637004852294922e+00	2.775974512100219727e+00	2.774602651596069336e+00	2.774358749389648438e+00	2.774996995925903320e+00	2.775643110275268555e+00	2.775832653045654297e+00	2.775773286819458008e+00	2.775856971740722656e+00	2.775788784027099609e+00	2.774812936782836914e+00
2.782067775726318359e+00	2.782564401626586914e+00	2.784152984619140625e+00	2.785065650939941406e+00	2.784574985504150391e+00	2.783611059188842773e+00	2.782516241073608398e+00	2.781414985656738281e+00	2.780567646026611328e+00	2.780252933502197266e+00	2.780466794967651367e+00	2.781042337417602539e+00	2.781699657440185547e+00	2.781962394714355469e+00	2.781732797622680664e+00	2.781373023986816406e+00	2.781293392181396484e+00	2.781683683395385742e+00	2.782390356063842773e+00	2.783196926116943359e+00	2.784125328063964844e+00	2.785069465637207031e+00	2.784908533096313477e+00	2.783333063125610352e+00	2.781928062438964844e+00	2.781224012374877930e+00	2.781200408935546875e+00	2.781601428985595703e+00	2.780923604965209961e+00	2.779399871826171875e+00	2.778054237365722656e+00	2.777942895889282227e+00	2.778736829757690430e+00	2.780441045761108398e+00	2.783676147460937500e+00	2.788428306579589844e+00	2.794130563735961914e+00	2.800283908843994141e+00	2.807136535644531250e+00	2.815340518951416016e+00	2.824689388275146484e+00	2.831969738006591797e+00	2.836106300354003906e+00	2.836368560791015625e+00	2.832442045211791992e+00	2.824974775314331055e+00	2.815733909606933594e+00	2.807192564010620117e+00	2.800126075744628906e+00	2.794474363327026367e+00	2.790140390396118164e+00	2.786816596984863281e+00	2.783943653106689453e+00	2.781538963317871094e+00	2.780019760131835938e+00	2.779781579971313477e+00	2.780972003936767578e+00	2.782505273818969727e+00	2.783716201782226562e+00	2.784738302230834961e+00	2.785252094268798828e+00	2.785407543182373047e+00	2.785463333129882812e+00	2.785486698150634766e+00	2.785385131835937500e+00	2.785046577453613281e+00	2.784664869308471680e+00	2.784349679946899414e+00	2.784122943878173828e+00	2.783919811248779297e+00	2.783439874649047852e+00	2.782629728317260742e+00
2.790908813476562500e+00	2.791168451309204102e+00	2.791582345962524414e+00	2.791405677795410156e+00	2.790496349334716797e+00	2.789419412612915039e+00	2.788277626037597656e+00	2.787456989288330078e+00	2.787443876266479492e+00	2.787801265716552734e+00	2.787654638290405273e+00	2.787073612213134766e+00	2.786419391632080078e+00	2.785796880722045898e+00	2.785373926162719727e+00	2.785457372665405273e+00	2.786321878433227539e+00	2.787916183471679688e+00	2.789658069610595703e+00	2.790565729141235352e+00	2.790438890457153320e+00	2.789303541183471680e+00	2.786935806274414062e+00	2.783642768859863281e+00	2.780163526535034180e+00	2.777398347854614258e+00	2.776125192642211914e+00	2.776221752166748047e+00	2.777013778686523438e+00	2.778611183166503906e+00	2.780583858489990234e+00	2.781184196472167969e+00	2.780844449996948242e+00	2.781573534011840820e+00	2.784302949905395508e+00	2.788960695266723633e+00	2.794844865798950195e+00	2.801442146301269531e+00	2.809072017669677734e+00	2.818381786346435547e+00	2.829236030578613281e+00	2.840158700942993164e+00	2.848515987396240234e+00	2.851307630538940430e+00	2.847042798995971680e+00	2.837325572967529297e+00	2.825872659683227539e+00	2.815294742584228516e+00	2.806448221206665039e+00	2.799206495285034180e+00	2.793429374694824219e+00	2.788976192474365234e+00	2.785339593887329102e+00	2.782090902328491211e+00	2.779252767562866211e+00	2.777233600616455078e+00	2.776238203048706055e+00	2.776448965072631836e+00	2.778227806091308594e+00	2.781228780746459961e+00	2.784707069396972656e+00	2.788104295730590820e+00	2.791579246520996094e+00	2.795204639434814453e+00	2.798383474349975586e+00	2.800292491912841797e+00	2.800276517868041992e+00	2.798546075820922852e+00	2.796128749847412109e+00	2.793862104415893555e+00	2.792145967483520508e+00	2.791167020797729492e+00
2.784728527069091797e+00	2.784826755523681641e+00	2.784981489181518555e+00	2.785398483276367188e+00	2.786256313323974609e+00	2.787590742111206055e+00	2.789146900177001953e+00	2.790709257125854492e+00	2.791838169097900391e+00	2.792154312133789062e+00	2.791983366012573242e+00	2.791660070419311523e+00	2.791206836700439453e+00	2.790591955184936523e+00	2.789783239364624023e+00	2.789031744003295898e+00	2.788774967193603516e+00	2.789047956466674805e+00	2.789460897445678711e+00	2.789666652679443359e+00	2.789638996124267578e+00	2.789486408233642578e+00	2.788966655731201172e+00	2.787142038345336914e+00	2.784393787384033203e+00	2.782293081283569336e+00	2.781720876693725586e+00	2.782532691955566406e+00	2.783840656280517578e+00	2.784780025482177734e+00	2.784370660781860352e+00	2.783612251281738281e+00	2.783494472503662109e+00	2.784425258636474609e+00	2.786915779113769531e+00	2.791066169738769531e+00	2.796439886093139648e+00	2.802641868591308594e+00	2.809648036956787109e+00	2.817445993423461914e+00	2.825789451599121094e+00	2.834114551544189453e+00	2.840567111968994141e+00	2.842652559280395508e+00	2.839210987091064453e+00	2.831598520278930664e+00	2.822411298751831055e+00	2.813453674316406250e+00	2.805286645889282227e+00	2.798077106475830078e+00	2.791872739791870117e+00	2.786713838577270508e+00	2.782806396484375000e+00	2.780267477035522461e+00	2.778997421264648438e+00	2.778929948806762695e+00	2.780011415481567383e+00	2.781978368759155273e+00	2.784289360046386719e+00	2.786539077758789062e+00	2.788365602493286133e+00	2.789560556411743164e+00	2.790919065475463867e+00	2.792504787445068359e+00	2.793887376785278320e+00	2.794441461563110352e+00	2.793490886688232422e+00	2.791232585906982422e+00	2.788742542266845703e+00	2.786723852157592773e+00	2.785360813140869141e+00	2.784735441207885742e+00
2.789456367492675781e+00	2.791391849517822266e+00	2.793605089187622070e+00	2.796220302581787109e+00	2.798757076263427734e+00	2.800541400909423828e+00	2.801405906677246094e+00	2.801523208618164062e+00	2.800545930862426758e+00	2.798732519149780273e+00	2.796716690063476562e+00	2.794770002365112305e+00	2.793217658996582031e+00	2.792252779006958008e+00	2.791965007781982422e+00	2.792323350906372070e+00	2.793227910995483398e+00	2.794513463973999023e+00	2.795883417129516602e+00	2.796836376190185547e+00	2.797011852264404297e+00	2.796468734741210938e+00	2.795269966125488281e+00	2.793506145477294922e+00	2.791647672653198242e+00	2.790040016174316406e+00	2.788929462432861328e+00	2.788346052169799805e+00	2.788129568099975586e+00	2.788121700286865234e+00	2.787854194641113281e+00	2.786608934402465820e+00	2.784863471984863281e+00	2.784373760223388672e+00	2.786041021347045898e+00	2.789762973785400391e+00	2.795124530792236328e+00	2.801941394805908203e+00	2.810584068298339844e+00	2.821318387985229492e+00	2.833777666091918945e+00	2.847768068313598633e+00	2.859445095062255859e+00	2.861294269561767578e+00	2.852328777313232422e+00	2.838814020156860352e+00	2.825203180313110352e+00	2.813262939453125000e+00	2.803654670715332031e+00	2.796445846557617188e+00	2.791435956954956055e+00	2.788270235061645508e+00	2.786689043045043945e+00	2.786467313766479492e+00	2.787373065948486328e+00	2.789298534393310547e+00	2.792035102844238281e+00	2.794963359832763672e+00	2.796829223632812500e+00	2.796855211257934570e+00	2.796577930450439453e+00	2.796971321105957031e+00	2.797639131546020508e+00	2.798002958297729492e+00	2.797850608825683594e+00	2.796491146087646484e+00	2.794050455093383789e+00	2.791351795196533203e+00	2.789100885391235352e+00	2.787763118743896484e+00	2.787474155426025391e+00	2.788046360015869141e+00
2.796598434448242188e+00	2.802095174789428711e+00	2.810569047927856445e+00	2.822219371795654297e+00	2.835620880126953125e+00	2.845106840133666992e+00	2.844585895538330078e+00	2.836913585662841797e+00	2.827409744262695312e+00	2.819135189056396484e+00	2.812222242355346680e+00	2.806530237197875977e+00	2.802507877349853516e+00	2.800088882446289062e+00	2.798840761184692383e+00	2.798422336578369141e+00	2.798688411712646484e+00	2.799426794052124023e+00	2.799695968627929688e+00	2.799016714096069336e+00	2.798069953918457031e+00	2.797367811203002930e+00	2.797030925750732422e+00	2.797025680541992188e+00	2.797403335571289062e+00	2.798338890075683594e+00	2.799745798110961914e+00	2.801115036010742188e+00	2.802278280258178711e+00	2.803699731826782227e+00	2.805828094482421875e+00	2.800550460815429688e+00	2.793085575103759766e+00	2.789719104766845703e+00	2.789413213729858398e+00	2.791712999343872070e+00	2.796079158782958984e+00	2.802146911621093750e+00	2.810271024703979492e+00	2.821739196777343750e+00	2.837916135787963867e+00	2.858266592025756836e+00	2.876171588897705078e+00	2.878746271133422852e+00	2.864109992980957031e+00	2.844610929489135742e+00	2.827524900436401367e+00	2.813936233520507812e+00	2.803644180297851562e+00	2.796513080596923828e+00	2.792459964752197266e+00	2.791014909744262695e+00	2.791272640228271484e+00	2.792594432830810547e+00	2.794550895690917969e+00	2.796409845352172852e+00	2.797756433486938477e+00	2.798619747161865234e+00	2.799157142639160156e+00	2.799495935440063477e+00	2.799658775329589844e+00	2.799822092056274414e+00	2.800052881240844727e+00	2.800186395645141602e+00	2.800069808959960938e+00	2.799078941345214844e+00	2.797354936599731445e+00	2.795933246612548828e+00	2.794665098190307617e+00	2.793262243270874023e+00	2.792708396911621094e+00	2.793645143508911133e+00
2.812534332275390625e+00	2.831010818481445312e+00	2.857938289642333984e+00	2.884748697280883789e+00	2.896612644195556641e+00	2.890989780426025391e+00	2.868037939071655273e+00	2.845578432083129883e+00	2.827324628829956055e+00	2.813726186752319336e+00	2.804479360580444336e+00	2.798839807510375977e+00	2.795869112014770508e+00	2.794618368148803711e+00	2.794423580169677734e+00	2.794871807098388672e+00	2.795654773712158203e+00	2.796518087387084961e+00	2.797225475311279297e+00	2.797474622726440430e+00	2.796956300735473633e+00	2.796068429946899414e+00	2.795446634292602539e+00	2.795082092285156250e+00	2.794735670089721680e+00	2.794546365737915039e+00	2.794860124588012695e+00	2.795729875564575195e+00	2.796839475631713867e+00	2.797476053237915039e+00	2.796652793884277344e+00	2.794341802597045898e+00	2.792315244674682617e+00	2.791606903076171875e+00	2.792386054992675781e+00	2.794508457183837891e+00	2.797709703445434570e+00	2.802159309387207031e+00	2.808785676956176758e+00	2.819501399993896484e+00	2.836002588272094727e+00	2.857858180999755859e+00	2.878150224685668945e+00	2.883340597152709961e+00	2.870138168334960938e+00	2.849699735641479492e+00	2.830206155776977539e+00	2.814332485198974609e+00	2.802790641784667969e+00	2.795449018478393555e+00	2.791795253753662109e+00	2.790969610214233398e+00	2.791961431503295898e+00	2.793990135192871094e+00	2.796471357345581055e+00	2.798826694488525391e+00	2.800689697265625000e+00	2.802311897277832031e+00	2.803753852844238281e+00	2.804811477661132812e+00	2.805295944213867188e+00	2.804985046386718750e+00	2.803742408752441406e+00	2.802041530609130859e+00	2.800319910049438477e+00	2.798589706420898438e+00	2.796777009963989258e+00	2.795005083084106445e+00	2.793626070022583008e+00	2.793493270874023438e+00	2.795650720596313477e+00	2.801408529281616211e+00
2.822309494018554688e+00	2.839271545410156250e+00	2.864343643188476562e+00	2.889316320419311523e+00	2.900348186492919922e+00	2.894762992858886719e+00	2.871275901794433594e+00	2.846878528594970703e+00	2.826855421066284180e+00	2.812340736389160156e+00	2.802922725677490234e+00	2.797749519348144531e+00	2.795858383178710938e+00	2.795955181121826172e+00	2.797037839889526367e+00	2.798685550689697266e+00	2.800472021102905273e+00	2.801690101623535156e+00	2.801614761352539062e+00	2.800305128097534180e+00	2.798786163330078125e+00	2.797770977020263672e+00	2.797159194946289062e+00	2.796544313430786133e+00	2.796082735061645508e+00	2.796363353729248047e+00	2.796973466873168945e+00	2.797266721725463867e+00	2.797385692596435547e+00	2.797575712203979492e+00	2.797808170318603516e+00	2.798097133636474609e+00	2.798504114151000977e+00	2.798849821090698242e+00	2.798831462860107422e+00	2.798411607742309570e+00	2.797709703445434570e+00	2.797909498214721680e+00	2.801393032073974609e+00	2.810051918029785156e+00	2.824912071228027344e+00	2.845438718795776367e+00	2.865745544433593750e+00	2.872749090194702148e+00	2.861852645874023438e+00	2.843475341796875000e+00	2.826306343078613281e+00	2.813403844833374023e+00	2.805211782455444336e+00	2.800932168960571289e+00	2.799119234085083008e+00	2.798677206039428711e+00	2.799246788024902344e+00	2.800078153610229492e+00	2.800509691238403320e+00	2.800576686859130859e+00	2.800621747970581055e+00	2.800885677337646484e+00	2.801415920257568359e+00	2.802341461181640625e+00	2.804009437561035156e+00	2.804741382598876953e+00	2.803578138351440430e+00	2.803331613540649414e+00	2.804083585739135742e+00	2.805494785308837891e+00	2.806773185729980469e+00	2.806758165359497070e+00	2.805786609649658203e+00	2.805823087692260742e+00	2.807863473892211914e+00	2.812572479248046875e+00
2.815674304962158203e+00	2.827417612075805664e+00	2.844211101531982422e+00	2.858170509338378906e+00	2.856718540191650391e+00	2.845348119735717773e+00	2.829997777938842773e+00	2.816148519515991211e+00	2.806448459625244141e+00	2.800893783569335938e+00	2.798526525497436523e+00	2.798231840133666992e+00	2.798822402954101562e+00	2.799748182296752930e+00	2.801109790802001953e+00	2.802865982055664062e+00	2.804895877838134766e+00	2.806791782379150391e+00	2.808000564575195312e+00	2.808219432830810547e+00	2.807324171066284180e+00	2.805631160736083984e+00	2.803763389587402344e+00	2.801983594894409180e+00	2.801092624664306641e+00	2.802140712738037109e+00	2.804578781127929688e+00	2.802980899810791016e+00	2.800278663635253906e+00	2.798903703689575195e+00	2.798397064208984375e+00	2.798881530761718750e+00	2.799949407577514648e+00	2.800564289093017578e+00	2.799742698669433594e+00	2.797289609909057617e+00	2.794223546981811523e+00	2.792414188385009766e+00	2.793736696243286133e+00	2.799632549285888672e+00	2.810887098312377930e+00	2.826770305633544922e+00	2.842531681060791016e+00	2.849133729934692383e+00	2.843263626098632812e+00	2.832304954528808594e+00	2.819694519042968750e+00	2.811364412307739258e+00	2.806764125823974609e+00	2.804102659225463867e+00	2.802827119827270508e+00	2.802244663238525391e+00	2.801697731018066406e+00	2.801001787185668945e+00	2.800312519073486328e+00	2.799774169921875000e+00	2.799299716949462891e+00	2.798678398132324219e+00	2.798027038574218750e+00	2.797923326492309570e+00	2.799026489257812500e+00	2.801368951797485352e+00	2.804548501968383789e+00	2.808179616928100586e+00	2.811161279678344727e+00	2.812543153762817383e+00	2.811812877655029297e+00	2.809116840362548828e+00	2.806222438812255859e+00	2.804631948471069336e+00	2.805223703384399414e+00	2.808657646179199219e+00
2.805693149566650391e+00	2.804379701614379883e+00	2.801728248596191406e+00	2.799407243728637695e+00	2.797962903976440430e+00	2.797201156616210938e+00	2.796824455261230469e+00	2.796687841415405273e+00	2.796787261962890625e+00	2.796902656555175781e+00	2.796824932098388672e+00	2.796461105346679688e+00	2.795924901962280273e+00	2.795496940612792969e+00	2.795658111572265625e+00	2.796836376190185547e+00	2.798814058303833008e+00	2.801011323928833008e+00	2.802967548370361328e+00	2.804332733154296875e+00	2.804961442947387695e+00	2.804742097854614258e+00	2.803606271743774414e+00	2.801775217056274414e+00	2.799611091613769531e+00	2.797760963439941406e+00	2.797254323959350586e+00	2.798659324645996094e+00	2.801296710968017578e+00	2.803647756576538086e+00	2.804005861282348633e+00	2.801435708999633789e+00	2.798342704772949219e+00	2.797221660614013672e+00	2.797433853149414062e+00	2.797759056091308594e+00	2.797110080718994141e+00	2.795035600662231445e+00	2.793017864227294922e+00	2.793913364410400391e+00	2.799737215042114258e+00	2.809989929199218750e+00	2.820282459259033203e+00	2.823355913162231445e+00	2.816567182540893555e+00	2.806423425674438477e+00	2.799650192260742188e+00	2.797751665115356445e+00	2.798923969268798828e+00	2.800944089889526367e+00	2.802542924880981445e+00	2.802799463272094727e+00	2.801461935043334961e+00	2.799419879913330078e+00	2.797510623931884766e+00	2.795696973800659180e+00	2.793864727020263672e+00	2.792425870895385742e+00	2.792156934738159180e+00	2.793512821197509766e+00	2.796214580535888672e+00	2.800052642822265625e+00	2.805013418197631836e+00	2.810024976730346680e+00	2.813159465789794922e+00	2.813031911849975586e+00	2.809777021408081055e+00	2.805284500122070312e+00	2.801884174346923828e+00	2.800956964492797852e+00	2.802357673645019531e+00	2.804616928100585938e+00
2.789814472198486328e+00	2.789423465728759766e+00	2.789469003677368164e+00	2.790472745895385742e+00	2.792240619659423828e+00	2.793701887130737305e+00	2.793576955795288086e+00	2.791933774948120117e+00	2.789848804473876953e+00	2.787757635116577148e+00	2.785555601119995117e+00	2.783244848251342773e+00	2.781320571899414062e+00	2.780340194702148438e+00	2.780520915985107422e+00	2.781755924224853516e+00	2.783644914627075195e+00	2.785917758941650391e+00	2.788703680038452148e+00	2.791892528533935547e+00	2.794738054275512695e+00	2.796118974685668945e+00	2.795323133468627930e+00	2.792511463165283203e+00	2.788814306259155273e+00	2.786007404327392578e+00	2.785436391830444336e+00	2.787383079528808594e+00	2.790745019912719727e+00	2.793617725372314453e+00	2.794049263000488281e+00	2.790443897247314453e+00	2.785390853881835938e+00	2.782219886779785156e+00	2.780694007873535156e+00	2.779872179031372070e+00	2.779302358627319336e+00	2.779116392135620117e+00	2.779803276062011719e+00	2.782232046127319336e+00	2.787123203277587891e+00	2.794075250625610352e+00	2.800446510314941406e+00	2.802151918411254883e+00	2.798515558242797852e+00	2.793402433395385742e+00	2.790289163589477539e+00	2.789819717407226562e+00	2.790805578231811523e+00	2.792182922363281250e+00	2.793199300765991211e+00	2.792892217636108398e+00	2.790868282318115234e+00	2.787891387939453125e+00	2.785107374191284180e+00	2.782976865768432617e+00	2.781348228454589844e+00	2.780100822448730469e+00	2.779739379882812500e+00	2.780987739562988281e+00	2.783960819244384766e+00	2.788240194320678711e+00	2.793360233306884766e+00	2.798150062561035156e+00	2.800951242446899414e+00	2.801014423370361328e+00	2.798846960067749023e+00	2.795631170272827148e+00	2.792684555053710938e+00	2.790848493576049805e+00	2.790143251419067383e+00	2.790015459060668945e+00
2.781237363815307617e+00	2.782037019729614258e+00	2.784481048583984375e+00	2.788378238677978516e+00	2.792594671249389648e+00	2.795159339904785156e+00	2.794583082199096680e+00	2.791308879852294922e+00	2.787050008773803711e+00	2.783175706863403320e+00	2.780148506164550781e+00	2.778172731399536133e+00	2.777145147323608398e+00	2.776775598526000977e+00	2.776854276657104492e+00	2.777182579040527344e+00	2.777517080307006836e+00	2.777801036834716797e+00	2.778297901153564453e+00	2.779301643371582031e+00	2.780548810958862305e+00	2.781233787536621094e+00	2.780751943588256836e+00	2.779330253601074219e+00	2.777957201004028320e+00	2.777644157409667969e+00	2.778757095336914062e+00	2.780982971191406250e+00	2.783636331558227539e+00	2.786116123199462891e+00	2.786628484725952148e+00	2.783397674560546875e+00	2.779345512390136719e+00	2.776341199874877930e+00	2.774499893188476562e+00	2.773917675018310547e+00	2.774782657623291016e+00	2.776919126510620117e+00	2.779680967330932617e+00	2.782418251037597656e+00	2.784901618957519531e+00	2.786926984786987305e+00	2.788561344146728516e+00	2.789955615997314453e+00	2.791222095489501953e+00	2.792633533477783203e+00	2.794312000274658203e+00	2.794860839843750000e+00	2.792847633361816406e+00	2.790647506713867188e+00	2.789048433303833008e+00	2.787734270095825195e+00	2.786336898803710938e+00	2.784656524658203125e+00	2.783209800720214844e+00	2.782742500305175781e+00	2.782993316650390625e+00	2.782546043395996094e+00	2.780870437622070312e+00	2.779595851898193359e+00	2.779762744903564453e+00	2.780671596527099609e+00	2.781849861145019531e+00	2.783588886260986328e+00	2.785787820816040039e+00	2.787919044494628906e+00	2.789510965347290039e+00	2.789010286331176758e+00	2.786758422851562500e+00	2.784749031066894531e+00	2.782969474792480469e+00	2.781659126281738281e+00
2.780398845672607422e+00	2.779317378997802734e+00	2.778302669525146484e+00	2.777045965194702148e+00	2.775555372238159180e+00	2.774113416671752930e+00	2.772977113723754883e+00	2.772687911987304688e+00	2.773500680923461914e+00	2.775170564651489258e+00	2.777595996856689453e+00	2.780538320541381836e+00	2.782619237899780273e+00	2.782322168350219727e+00	2.780432701110839844e+00	2.778595685958862305e+00	2.777438163757324219e+00	2.777234077453613281e+00	2.777709722518920898e+00	2.778097867965698242e+00	2.778078079223632812e+00	2.777772188186645508e+00	2.777674198150634766e+00	2.777979612350463867e+00	2.777883291244506836e+00	2.776528835296630859e+00	2.774107694625854492e+00	2.771543741226196289e+00	2.769814729690551758e+00	2.769265174865722656e+00	2.769626379013061523e+00	2.770452260971069336e+00	2.771504640579223633e+00	2.772769212722778320e+00	2.774029970169067383e+00	2.775002002716064453e+00	2.774849414825439453e+00	2.773296833038330078e+00	2.771524667739868164e+00	2.770362138748168945e+00	2.770126581192016602e+00	2.770750761032104492e+00	2.772022008895874023e+00	2.773891448974609375e+00	2.776410818099975586e+00	2.779946088790893555e+00	2.784918785095214844e+00	2.789938211441040039e+00	2.791093826293945312e+00	2.789241552352905273e+00	2.786127328872680664e+00	2.783290147781372070e+00	2.781034946441650391e+00	2.779413700103759766e+00	2.778031110763549805e+00	2.776653528213500977e+00	2.775899410247802734e+00	2.776243925094604492e+00	2.777587890625000000e+00	2.779347896575927734e+00	2.780423641204833984e+00	2.780096292495727539e+00	2.779454469680786133e+00	2.779486894607543945e+00	2.779888153076171875e+00	2.780166387557983398e+00	2.779776334762573242e+00	2.779217481613159180e+00	2.779316663742065430e+00	2.780158281326293945e+00	2.781011104583740234e+00	2.781134605407714844e+00
2.775208234786987305e+00	2.774201393127441406e+00	2.773421287536621094e+00	2.772497892379760742e+00	2.771610021591186523e+00	2.770785570144653320e+00	2.770061254501342773e+00	2.769952774047851562e+00	2.770567893981933594e+00	2.771596908569335938e+00	2.772842168807983398e+00	2.774419546127319336e+00	2.775963306427001953e+00	2.777109861373901367e+00	2.778035640716552734e+00	2.778316736221313477e+00	2.777500629425048828e+00	2.776035308837890625e+00	2.774494886398315430e+00	2.773101329803466797e+00	2.772037506103515625e+00	2.771181106567382812e+00	2.771003484725952148e+00	2.771677494049072266e+00	2.772753238677978516e+00	2.773548603057861328e+00	2.773317813873291016e+00	2.772087335586547852e+00	2.771225690841674805e+00	2.771363258361816406e+00	2.772367954254150391e+00	2.773766756057739258e+00	2.773392677307128906e+00	2.772649765014648438e+00	2.771362066268920898e+00	2.769960165023803711e+00	2.769586086273193359e+00	2.770205259323120117e+00	2.770891904830932617e+00	2.770735502243041992e+00	2.769688129425048828e+00	2.768467903137207031e+00	2.767612695693969727e+00	2.767529964447021484e+00	2.768512964248657227e+00	2.770581483840942383e+00	2.772941112518310547e+00	2.774347066879272461e+00	2.775216817855834961e+00	2.776284217834472656e+00	2.777271509170532227e+00	2.777441740036010742e+00	2.777163743972778320e+00	2.777536869049072266e+00	2.778065681457519531e+00	2.778226375579833984e+00	2.777895927429199219e+00	2.777333974838256836e+00	2.776677370071411133e+00	2.775498390197753906e+00	2.773646354675292969e+00	2.771931886672973633e+00	2.771199226379394531e+00	2.771558046340942383e+00	2.772308588027954102e+00	2.772921085357666016e+00	2.773504257202148438e+00	2.774215698242187500e+00	2.775090456008911133e+00	2.776292324066162109e+00	2.777410745620727539e+00	2.776736259460449219e+00
2.775167942047119141e+00	2.774727106094360352e+00	2.774478673934936523e+00	2.773865938186645508e+00	2.772625207901000977e+00	2.771370649337768555e+00	2.770724773406982422e+00	2.770473003387451172e+00	2.770317554473876953e+00	2.770414113998413086e+00	2.770996093750000000e+00	2.772018671035766602e+00	2.772983312606811523e+00	2.773493766784667969e+00	2.773759365081787109e+00	2.774041652679443359e+00	2.774063348770141602e+00	2.773036479949951172e+00	2.771508932113647461e+00	2.770867347717285156e+00	2.771538257598876953e+00	2.772737026214599609e+00	2.774244546890258789e+00	2.775866985321044922e+00	2.776691198348999023e+00	2.776061534881591797e+00	2.774202346801757812e+00	2.771289825439453125e+00	2.769061803817749023e+00	2.768167495727539062e+00	2.768616437911987305e+00	2.770422697067260742e+00	2.773318767547607422e+00	2.776415586471557617e+00	2.778361558914184570e+00	2.778788805007934570e+00	2.777335643768310547e+00	2.775442361831665039e+00	2.773639678955078125e+00	2.772166252136230469e+00	2.771161079406738281e+00	2.770211458206176758e+00	2.769211769104003906e+00	2.768851995468139648e+00	2.769714832305908203e+00	2.771831274032592773e+00	2.774211645126342773e+00	2.774838447570800781e+00	2.774451255798339844e+00	2.774017810821533203e+00	2.773737430572509766e+00	2.773895263671875000e+00	2.774669885635375977e+00	2.776063919067382812e+00	2.776780605316162109e+00	2.775885820388793945e+00	2.774813175201416016e+00	2.774361133575439453e+00	2.774438619613647461e+00	2.774443864822387695e+00	2.774117231369018555e+00	2.773208618164062500e+00	2.772102117538452148e+00	2.771280527114868164e+00	2.770769834518432617e+00	2.770631313323974609e+00	2.770625829696655273e+00	2.770785808563232422e+00	2.771525382995605469e+00	2.772915601730346680e+00	2.774581909179687500e+00	2.775414943695068359e+00
2.766541481018066406e+00	2.766826868057250977e+00	2.767931461334228516e+00	2.769153356552124023e+00	2.769590377807617188e+00	2.769428730010986328e+00	2.769075155258178711e+00	2.768525362014770508e+00	2.767875671386718750e+00	2.767492532730102539e+00	2.767511606216430664e+00	2.767877101898193359e+00	2.768545866012573242e+00	2.769494771957397461e+00	2.770300865173339844e+00	2.770485162734985352e+00	2.770263671875000000e+00	2.769826412200927734e+00	2.769757032394409180e+00	2.770278930664062500e+00	2.771306514739990234e+00	2.772365093231201172e+00	2.772732734680175781e+00	2.772454500198364258e+00	2.771860599517822266e+00	2.770604372024536133e+00	2.769128084182739258e+00	2.767850399017333984e+00	2.766840696334838867e+00	2.766127824783325195e+00	2.765941381454467773e+00	2.766605138778686523e+00	2.768561363220214844e+00	2.771995067596435547e+00	2.775888204574584961e+00	2.778812408447265625e+00	2.778869152069091797e+00	2.777071952819824219e+00	2.774867773056030273e+00	2.772529602050781250e+00	2.770562410354614258e+00	2.768957853317260742e+00	2.767673015594482422e+00	2.766901254653930664e+00	2.766706466674804688e+00	2.767094850540161133e+00	2.768157720565795898e+00	2.769854784011840820e+00	2.771464586257934570e+00	2.771273851394653320e+00	2.769997119903564453e+00	2.769017219543457031e+00	2.768577814102172852e+00	2.768762350082397461e+00	2.769325971603393555e+00	2.769552230834960938e+00	2.769330739974975586e+00	2.769243717193603516e+00	2.769356012344360352e+00	2.769466161727905273e+00	2.769702434539794922e+00	2.770074605941772461e+00	2.770282268524169922e+00	2.770319700241088867e+00	2.770615577697753906e+00	2.771209955215454102e+00	2.771427869796752930e+00	2.770825624465942383e+00	2.769772529602050781e+00	2.768766880035400391e+00	2.767964124679565430e+00	2.767124176025390625e+00
2.767269849777221680e+00	2.766307830810546875e+00	2.766578912734985352e+00	2.767823934555053711e+00	2.768845081329345703e+00	2.768626689910888672e+00	2.768149137496948242e+00	2.768246173858642578e+00	2.768630743026733398e+00	2.768604755401611328e+00	2.768491744995117188e+00	2.768841028213500977e+00	2.769599676132202148e+00	2.770330905914306641e+00	2.770644187927246094e+00	2.770585298538208008e+00	2.770394802093505859e+00	2.770119905471801758e+00	2.770139932632446289e+00	2.770794153213500977e+00	2.771876811981201172e+00	2.772387504577636719e+00	2.771576404571533203e+00	2.770210981369018555e+00	2.768857240676879883e+00	2.767604589462280273e+00	2.766753673553466797e+00	2.766418695449829102e+00	2.766410589218139648e+00	2.766446113586425781e+00	2.766360521316528320e+00	2.766189813613891602e+00	2.766262292861938477e+00	2.767071008682250977e+00	2.768717527389526367e+00	2.770755529403686523e+00	2.772405147552490234e+00	2.773048877716064453e+00	2.773107767105102539e+00	2.772319078445434570e+00	2.769238233566284180e+00	2.766177892684936523e+00	2.764661550521850586e+00	2.764407634735107422e+00	2.764882326126098633e+00	2.765798807144165039e+00	2.766947984695434570e+00	2.768105030059814453e+00	2.769450664520263672e+00	2.770985364913940430e+00	2.771484613418579102e+00	2.769707679748535156e+00	2.767475128173828125e+00	2.766073942184448242e+00	2.765800952911376953e+00	2.766887664794921875e+00	2.768438100814819336e+00	2.768229961395263672e+00	2.767207860946655273e+00	2.766591787338256836e+00	2.766493082046508789e+00	2.766767740249633789e+00	2.767324924468994141e+00	2.768326997756958008e+00	2.769470930099487305e+00	2.770430326461791992e+00	2.771019697189331055e+00	2.771232604980468750e+00	2.771250724792480469e+00	2.771475553512573242e+00	2.771337747573852539e+00	2.769327878952026367e+00
2.774068355560302734e+00	2.773306131362915039e+00	2.772400856018066406e+00	2.771966934204101562e+00	2.772292375564575195e+00	2.772646188735961914e+00	2.772158384323120117e+00	2.771066665649414062e+00	2.769943714141845703e+00	2.769323587417602539e+00	2.769536018371582031e+00	2.770862102508544922e+00	2.773443698883056641e+00	2.777294874191284180e+00	2.781764030456542969e+00	2.785305500030517578e+00	2.786430597305297852e+00	2.784629106521606445e+00	2.780714750289916992e+00	2.776242256164550781e+00	2.772638559341430664e+00	2.770742893218994141e+00	2.770777940750122070e+00	2.772280931472778320e+00	2.773992061614990234e+00	2.774540901184082031e+00	2.773700237274169922e+00	2.772553205490112305e+00	2.771967411041259766e+00	2.771777153015136719e+00	2.773046970367431641e+00	2.775924205780029297e+00	2.778407335281372070e+00	2.778964519500732422e+00	2.777678012847900391e+00	2.775067090988159180e+00	2.771507501602172852e+00	2.767821073532104492e+00	2.765106439590454102e+00	2.764003753662109375e+00	2.764422178268432617e+00	2.765983581542968750e+00	2.768205165863037109e+00	2.770267248153686523e+00	2.771593570709228516e+00	2.772552490234375000e+00	2.773259639739990234e+00	2.773427009582519531e+00	2.773345708847045898e+00	2.773297786712646484e+00	2.772890329360961914e+00	2.772189855575561523e+00	2.771935701370239258e+00	2.772681951522827148e+00	2.774084568023681641e+00	2.775726795196533203e+00	2.777939319610595703e+00	2.779616355895996094e+00	2.779701709747314453e+00	2.778140068054199219e+00	2.775395393371582031e+00	2.772449254989624023e+00	2.770123004913330078e+00	2.768853425979614258e+00	2.768470048904418945e+00	2.768494606018066406e+00	2.768564939498901367e+00	2.769150972366333008e+00	2.770631790161132812e+00	2.772474765777587891e+00	2.773783445358276367e+00	2.774270057678222656e+00
2.780203104019165039e+00	2.780561208724975586e+00	2.779331207275390625e+00	2.777801513671875000e+00	2.777027368545532227e+00	2.776794195175170898e+00	2.776483297348022461e+00	2.775535821914672852e+00	2.774743795394897461e+00	2.775357007980346680e+00	2.776259899139404297e+00	2.776343822479248047e+00	2.779786109924316406e+00	2.786218643188476562e+00	2.793297767639160156e+00	2.799203395843505859e+00	2.802241086959838867e+00	2.800031423568725586e+00	2.793725252151489258e+00	2.786282300949096680e+00	2.780000448226928711e+00	2.776362419128417969e+00	2.775672435760498047e+00	2.776851654052734375e+00	2.778084754943847656e+00	2.778142452239990234e+00	2.777433633804321289e+00	2.776923179626464844e+00	2.777333974838256836e+00	2.779235839843750000e+00	2.783236503601074219e+00	2.788908243179321289e+00	2.793290376663208008e+00	2.793101549148559570e+00	2.790066480636596680e+00	2.786272048950195312e+00	2.781770706176757812e+00	2.776899576187133789e+00	2.772806644439697266e+00	2.770484685897827148e+00	2.770234584808349609e+00	2.771633625030517578e+00	2.773967981338500977e+00	2.775854110717773438e+00	2.776556491851806641e+00	2.776599168777465820e+00	2.776292085647583008e+00	2.775939464569091797e+00	2.775853633880615234e+00	2.776193857192993164e+00	2.776926755905151367e+00	2.777951478958129883e+00	2.779447793960571289e+00	2.781753301620483398e+00	2.785031080245971680e+00	2.788932561874389648e+00	2.792603254318237305e+00	2.794196128845214844e+00	2.793085336685180664e+00	2.789815425872802734e+00	2.784753084182739258e+00	2.779758214950561523e+00	2.776510000228881836e+00	2.775447845458984375e+00	2.775492668151855469e+00	2.774529933929443359e+00	2.773268699645996094e+00	2.772572040557861328e+00	2.772958755493164062e+00	2.774386644363403320e+00	2.776358366012573242e+00	2.778489589691162109e+00
2.781422853469848633e+00	2.782276630401611328e+00	2.781859397888183594e+00	2.780750036239624023e+00	2.779962301254272461e+00	2.779639959335327148e+00	2.779491186141967773e+00	2.779011249542236328e+00	2.777716398239135742e+00	2.777028799057006836e+00	2.778132438659667969e+00	2.779684782028198242e+00	2.783632755279541016e+00	2.790396690368652344e+00	2.797911882400512695e+00	2.804604053497314453e+00	2.808598518371582031e+00	2.807221651077270508e+00	2.800915956497192383e+00	2.793017148971557617e+00	2.786281585693359375e+00	2.781769990921020508e+00	2.779466867446899414e+00	2.778720140457153320e+00	2.778568506240844727e+00	2.777956485748291016e+00	2.776681661605834961e+00	2.775521755218505859e+00	2.775456666946411133e+00	2.777099847793579102e+00	2.780490398406982422e+00	2.784971714019775391e+00	2.788416385650634766e+00	2.789115667343139648e+00	2.787977457046508789e+00	2.785749912261962891e+00	2.782011270523071289e+00	2.777831792831420898e+00	2.774554491043090820e+00	2.772506713867187500e+00	2.772143125534057617e+00	2.773354530334472656e+00	2.775411605834960938e+00	2.777043581008911133e+00	2.777130603790283203e+00	2.776626586914062500e+00	2.776226997375488281e+00	2.775769233703613281e+00	2.775232553482055664e+00	2.775100708007812500e+00	2.775695800781250000e+00	2.777113437652587891e+00	2.779366493225097656e+00	2.782451152801513672e+00	2.786714076995849609e+00	2.792408466339111328e+00	2.798315763473510742e+00	2.802136659622192383e+00	2.803387641906738281e+00	2.800937414169311523e+00	2.794447660446166992e+00	2.787376642227172852e+00	2.782512187957763672e+00	2.780039787292480469e+00	2.778751850128173828e+00	2.776884078979492188e+00	2.774610519409179688e+00	2.773171186447143555e+00	2.773110866546630859e+00	2.774495124816894531e+00	2.776866912841796875e+00	2.779427528381347656e+00
2.783483266830444336e+00	2.781829833984375000e+00	2.780294895172119141e+00	2.779412508010864258e+00	2.779411792755126953e+00	2.780156373977661133e+00	2.780799150466918945e+00	2.780588150024414062e+00	2.779875755310058594e+00	2.779685020446777344e+00	2.781156301498413086e+00	2.784608125686645508e+00	2.789650201797485352e+00	2.795924425125122070e+00	2.802661657333374023e+00	2.808434963226318359e+00	2.810684442520141602e+00	2.807210683822631836e+00	2.799135208129882812e+00	2.789820432662963867e+00	2.782255649566650391e+00	2.777979135513305664e+00	2.776997327804565430e+00	2.778032064437866211e+00	2.779117345809936523e+00	2.778998374938964844e+00	2.777758836746215820e+00	2.776243925094604492e+00	2.775713443756103516e+00	2.777160882949829102e+00	2.780650138854980469e+00	2.784951925277709961e+00	2.787960290908813477e+00	2.788011550903320312e+00	2.785862207412719727e+00	2.783050537109375000e+00	2.780343055725097656e+00	2.778035879135131836e+00	2.776347637176513672e+00	2.775532960891723633e+00	2.775691747665405273e+00	2.776539325714111328e+00	2.777536392211914062e+00	2.778177261352539062e+00	2.778423547744750977e+00	2.778503179550170898e+00	2.778490781784057617e+00	2.778518915176391602e+00	2.778711318969726562e+00	2.779083013534545898e+00	2.779757499694824219e+00	2.781075954437255859e+00	2.783281087875366211e+00	2.786250114440917969e+00	2.789873123168945312e+00	2.794579744338989258e+00	2.800562381744384766e+00	2.807166814804077148e+00	2.812563419342041016e+00	2.812565565109252930e+00	2.805214643478393555e+00	2.795944213867187500e+00	2.788524866104125977e+00	2.783668041229248047e+00	2.781076908111572266e+00	2.779495954513549805e+00	2.778889417648315430e+00	2.779342651367187500e+00	2.780715465545654297e+00	2.782539844512939453e+00	2.784006357192993164e+00	2.784394741058349609e+00
2.786956310272216797e+00	2.784972429275512695e+00	2.782814264297485352e+00	2.781282663345336914e+00	2.780763149261474609e+00	2.781085491180419922e+00	2.781512975692749023e+00	2.781098842620849609e+00	2.780089139938354492e+00	2.779836177825927734e+00	2.781610965728759766e+00	2.786090612411499023e+00	2.793127536773681641e+00	2.801562547683715820e+00	2.809503793716430664e+00	2.815050840377807617e+00	2.815879821777343750e+00	2.810298442840576172e+00	2.800204515457153320e+00	2.789832353591918945e+00	2.782215356826782227e+00	2.778450727462768555e+00	2.778195858001708984e+00	2.779857873916625977e+00	2.781500816345214844e+00	2.782098293304443359e+00	2.781289577484130859e+00	2.779572486877441406e+00	2.778721570968627930e+00	2.780271768569946289e+00	2.784037828445434570e+00	2.788144826889038086e+00	2.790133953094482422e+00	2.788964748382568359e+00	2.786032438278198242e+00	2.782326459884643555e+00	2.778707027435302734e+00	2.776283979415893555e+00	2.775221824645996094e+00	2.775161027908325195e+00	2.775791883468627930e+00	2.776625156402587891e+00	2.777314424514770508e+00	2.777992010116577148e+00	2.778926849365234375e+00	2.780129194259643555e+00	2.781400203704833984e+00	2.782665729522705078e+00	2.783198833465576172e+00	2.783015012741088867e+00	2.782947063446044922e+00	2.784104347229003906e+00	2.787169218063354492e+00	2.791625976562500000e+00	2.796446800231933594e+00	2.801850318908691406e+00	2.807549476623535156e+00	2.813151597976684570e+00	2.817146301269531250e+00	2.815585851669311523e+00	2.806753396987915039e+00	2.795970439910888672e+00	2.787556648254394531e+00	2.782088279724121094e+00	2.779129743576049805e+00	2.778200387954711914e+00	2.778803348541259766e+00	2.780417680740356445e+00	2.782644748687744141e+00	2.785108804702758789e+00	2.787107706069946289e+00	2.787840366363525391e+00
2.787957906723022461e+00	2.786626100540161133e+00	2.784594774246215820e+00	2.782726049423217773e+00	2.781565189361572266e+00	2.781021356582641602e+00	2.780499219894409180e+00	2.779583454132080078e+00	2.778540134429931641e+00	2.778390884399414062e+00	2.780409336090087891e+00	2.785028696060180664e+00	2.791489601135253906e+00	2.799038171768188477e+00	2.806414365768432617e+00	2.811832427978515625e+00	2.812819242477416992e+00	2.807671070098876953e+00	2.798183202743530273e+00	2.788754940032958984e+00	2.782460451126098633e+00	2.780200958251953125e+00	2.781165361404418945e+00	2.783116579055786133e+00	2.784278631210327148e+00	2.783779859542846680e+00	2.781557798385620117e+00	2.778616666793823242e+00	2.777023553848266602e+00	2.778774976730346680e+00	2.784445524215698242e+00	2.792232275009155273e+00	2.796559572219848633e+00	2.793980121612548828e+00	2.787863731384277344e+00	2.781706333160400391e+00	2.776927471160888672e+00	2.773970365524291992e+00	2.773146629333496094e+00	2.774410963058471680e+00	2.776837587356567383e+00	2.779058218002319336e+00	2.780134201049804688e+00	2.779615163803100586e+00	2.778287172317504883e+00	2.777185201644897461e+00	2.776773452758789062e+00	2.777068376541137695e+00	2.777792930603027344e+00	2.778637170791625977e+00	2.779704332351684570e+00	2.781351089477539062e+00	2.783987283706665039e+00	2.788096427917480469e+00	2.793662071228027344e+00	2.800122499465942383e+00	2.806934595108032227e+00	2.813549041748046875e+00	2.818323850631713867e+00	2.817000627517700195e+00	2.808534383773803711e+00	2.798711538314819336e+00	2.791471004486083984e+00	2.786676645278930664e+00	2.783281803131103516e+00	2.780918836593627930e+00	2.779641389846801758e+00	2.779591321945190430e+00	2.780833721160888672e+00	2.783119201660156250e+00	2.785738706588745117e+00	2.787656784057617188e+00
2.789077758789062500e+00	2.788488864898681641e+00	2.786715269088745117e+00	2.784363031387329102e+00	2.782113552093505859e+00	2.780252456665039062e+00	2.778638124465942383e+00	2.777250528335571289e+00	2.776261568069458008e+00	2.776259899139404297e+00	2.778118610382080078e+00	2.782436609268188477e+00	2.788875579833984375e+00	2.794623136520385742e+00	2.799252271652221680e+00	2.802460908889770508e+00	2.801923036575317383e+00	2.796991586685180664e+00	2.789489030838012695e+00	2.782390594482421875e+00	2.777897119522094727e+00	2.776932001113891602e+00	2.778786659240722656e+00	2.780376672744750977e+00	2.780833244323730469e+00	2.780209302902221680e+00	2.778495311737060547e+00	2.776122808456420898e+00	2.773734092712402344e+00	2.773426771163940430e+00	2.776375055313110352e+00	2.781442403793334961e+00	2.785795688629150391e+00	2.786273956298828125e+00	2.783267498016357422e+00	2.779307365417480469e+00	2.775472640991210938e+00	2.772332191467285156e+00	2.770543575286865234e+00	2.770249366760253906e+00	2.770863056182861328e+00	2.771907329559326172e+00	2.773319959640502930e+00	2.774697542190551758e+00	2.775412321090698242e+00	2.775085687637329102e+00	2.774029970169067383e+00	2.773145198822021484e+00	2.772841453552246094e+00	2.773276090621948242e+00	2.774294614791870117e+00	2.775668859481811523e+00	2.777477502822875977e+00	2.780179500579833984e+00	2.784137487411499023e+00	2.789470195770263672e+00	2.796065092086791992e+00	2.803266286849975586e+00	2.808405399322509766e+00	2.807079315185546875e+00	2.799449682235717773e+00	2.790905714035034180e+00	2.784727096557617188e+00	2.780885219573974609e+00	2.778464317321777344e+00	2.776842594146728516e+00	2.775921821594238281e+00	2.776149272918701172e+00	2.777947664260864258e+00	2.781108379364013672e+00	2.784820079803466797e+00	2.787824392318725586e+00
2.772854328155517578e+00	2.771239042282104492e+00	2.769735097885131836e+00	2.768410921096801758e+00	2.767589807510375977e+00	2.767271280288696289e+00	2.767198562622070312e+00	2.767329692840576172e+00	2.767631530761718750e+00	2.767838954925537109e+00	2.768043279647827148e+00	2.768682718276977539e+00	2.769895792007446289e+00	2.771445274353027344e+00	2.772669792175292969e+00	2.773000478744506836e+00	2.772901773452758789e+00	2.772619485855102539e+00	2.771941184997558594e+00	2.770976305007934570e+00	2.770128488540649414e+00	2.769819736480712891e+00	2.770437240600585938e+00	2.771717548370361328e+00	2.771531343460083008e+00	2.769368410110473633e+00	2.767672300338745117e+00	2.766970396041870117e+00	2.766043663024902344e+00	2.765455484390258789e+00	2.766208648681640625e+00	2.767812490463256836e+00	2.769122362136840820e+00	2.769593238830566406e+00	2.769387722015380859e+00	2.769136190414428711e+00	2.769316196441650391e+00	2.769537925720214844e+00	2.768606424331665039e+00	2.766589879989624023e+00	2.765146493911743164e+00	2.764837980270385742e+00	2.765477418899536133e+00	2.766684055328369141e+00	2.768444061279296875e+00	2.769805669784545898e+00	2.769648551940917969e+00	2.769598245620727539e+00	2.769896268844604492e+00	2.770257711410522461e+00	2.770507574081420898e+00	2.770486116409301758e+00	2.770002841949462891e+00	2.769016504287719727e+00	2.767856359481811523e+00	2.767264127731323242e+00	2.767721176147460938e+00	2.768900632858276367e+00	2.770220279693603516e+00	2.771582126617431641e+00	2.772879362106323242e+00	2.773903131484985352e+00	2.774845123291015625e+00	2.776104211807250977e+00	2.777658700942993164e+00	2.778456687927246094e+00	2.777397632598876953e+00	2.775439500808715820e+00	2.774138927459716797e+00	2.773870944976806641e+00	2.774173736572265625e+00	2.774042367935180664e+00
2.768136739730834961e+00	2.766101837158203125e+00	2.764573335647583008e+00	2.763803005218505859e+00	2.763850688934326172e+00	2.764581441879272461e+00	2.765756130218505859e+00	2.767124891281127930e+00	2.768211841583251953e+00	2.768161296844482422e+00	2.766629695892333984e+00	2.765830516815185547e+00	2.766370534896850586e+00	2.767625093460083008e+00	2.769045114517211914e+00	2.770627021789550781e+00	2.772262573242187500e+00	2.772578239440917969e+00	2.771450996398925781e+00	2.769959688186645508e+00	2.768574714660644531e+00	2.767783641815185547e+00	2.767819643020629883e+00	2.768323421478271484e+00	2.768558740615844727e+00	2.768334150314331055e+00	2.768680095672607422e+00	2.769294977188110352e+00	2.769220590591430664e+00	2.769581079483032227e+00	2.769895315170288086e+00	2.769465923309326172e+00	2.768448829650878906e+00	2.767750024795532227e+00	2.767751693725585938e+00	2.768247842788696289e+00	2.768912315368652344e+00	2.769351482391357422e+00	2.769121408462524414e+00	2.768288850784301758e+00	2.767525911331176758e+00	2.767389535903930664e+00	2.768321752548217773e+00	2.771187067031860352e+00	2.773126363754272461e+00	2.770644664764404297e+00	2.770191669464111328e+00	2.770740509033203125e+00	2.771507263183593750e+00	2.772158622741699219e+00	2.772671461105346680e+00	2.772922754287719727e+00	2.772667646408081055e+00	2.771775245666503906e+00	2.770520687103271484e+00	2.769297361373901367e+00	2.768039703369140625e+00	2.766876697540283203e+00	2.766374588012695312e+00	2.766691923141479492e+00	2.767388343811035156e+00	2.767796993255615234e+00	2.768488407135009766e+00	2.770552873611450195e+00	2.773369312286376953e+00	2.775849819183349609e+00	2.777364969253540039e+00	2.776131153106689453e+00	2.774544715881347656e+00	2.773386240005493164e+00	2.772042512893676758e+00	2.770212650299072266e+00
2.764144897460937500e+00	2.763614416122436523e+00	2.763592720031738281e+00	2.763959169387817383e+00	2.765146732330322266e+00	2.767608642578125000e+00	2.771095991134643555e+00	2.773748397827148438e+00	2.773264169692993164e+00	2.770484924316406250e+00	2.767187118530273438e+00	2.764991521835327148e+00	2.764520168304443359e+00	2.765441179275512695e+00	2.767205238342285156e+00	2.769337177276611328e+00	2.771188735961914062e+00	2.771793365478515625e+00	2.770664930343627930e+00	2.768744945526123047e+00	2.767159938812255859e+00	2.766045808792114258e+00	2.765308141708374023e+00	2.764954328536987305e+00	2.764869928359985352e+00	2.764867305755615234e+00	2.764658927917480469e+00	2.764901161193847656e+00	2.765972852706909180e+00	2.767349481582641602e+00	2.768524408340454102e+00	2.769374608993530273e+00	2.769902467727661133e+00	2.769903659820556641e+00	2.769183158874511719e+00	2.768214702606201172e+00	2.767573118209838867e+00	2.767298936843872070e+00	2.766973972320556641e+00	2.766549348831176758e+00	2.766425848007202148e+00	2.766870260238647461e+00	2.767643213272094727e+00	2.767904758453369141e+00	2.767615795135498047e+00	2.767323255538940430e+00	2.767277002334594727e+00	2.767442464828491211e+00	2.767723798751831055e+00	2.768176555633544922e+00	2.768501758575439453e+00	2.768304109573364258e+00	2.767668962478637695e+00	2.766931295394897461e+00	2.766499519348144531e+00	2.766513586044311523e+00	2.766470670700073242e+00	2.765954494476318359e+00	2.765219449996948242e+00	2.764851570129394531e+00	2.765352249145507812e+00	2.767027854919433594e+00	2.770089149475097656e+00	2.773933172225952148e+00	2.777507305145263672e+00	2.779471874237060547e+00	2.778657436370849609e+00	2.775942325592041016e+00	2.772794961929321289e+00	2.769963979721069336e+00	2.767467737197875977e+00	2.765436887741088867e+00
2.769804477691650391e+00	2.767939329147338867e+00	2.766451358795166016e+00	2.765823602676391602e+00	2.766620159149169922e+00	2.769391536712646484e+00	2.774268627166748047e+00	2.780163764953613281e+00	2.784148931503295898e+00	2.783246278762817383e+00	2.779155492782592773e+00	2.775079250335693359e+00	2.772441625595092773e+00	2.771750450134277344e+00	2.773156881332397461e+00	2.775199651718139648e+00	2.775501251220703125e+00	2.774266004562377930e+00	2.771795272827148438e+00	2.768864870071411133e+00	2.766523122787475586e+00	2.765182018280029297e+00	2.764812707901000977e+00	2.765002727508544922e+00	2.765286684036254883e+00	2.765719890594482422e+00	2.766631603240966797e+00	2.768026590347290039e+00	2.769658088684082031e+00	2.771314144134521484e+00	2.772280216217041016e+00	2.772278785705566406e+00	2.772457838058471680e+00	2.771349906921386719e+00	2.770376682281494141e+00	2.769934415817260742e+00	2.769765377044677734e+00	2.769432067871093750e+00	2.769017457962036133e+00	2.769135475158691406e+00	2.770062208175659180e+00	2.771548509597778320e+00	2.773034095764160156e+00	2.774105787277221680e+00	2.774398326873779297e+00	2.774007797241210938e+00	2.773306608200073242e+00	2.772946834564208984e+00	2.773455381393432617e+00	2.774429559707641602e+00	2.775090694427490234e+00	2.775020122528076172e+00	2.774426698684692383e+00	2.773873090744018555e+00	2.773656129837036133e+00	2.773478746414184570e+00	2.773019552230834961e+00	2.772238969802856445e+00	2.771329879760742188e+00	2.771109104156494141e+00	2.772391319274902344e+00	2.775384664535522461e+00	2.779729843139648438e+00	2.786247014999389648e+00	2.794274091720581055e+00	2.796779155731201172e+00	2.791787147521972656e+00	2.784429073333740234e+00	2.778819799423217773e+00	2.775455236434936523e+00	2.773335933685302734e+00	2.771583795547485352e+00
2.774507999420166016e+00	2.773939847946166992e+00	2.773872137069702148e+00	2.774207353591918945e+00	2.775320291519165039e+00	2.777680397033691406e+00	2.781547307968139648e+00	2.786407947540283203e+00	2.788924932479858398e+00	2.787219047546386719e+00	2.783616542816162109e+00	2.780991315841674805e+00	2.780872583389282227e+00	2.782714366912841797e+00	2.782031059265136719e+00	2.781608819961547852e+00	2.781323909759521484e+00	2.780088663101196289e+00	2.777909040451049805e+00	2.775524377822875977e+00	2.773535966873168945e+00	2.772144079208374023e+00	2.771367311477661133e+00	2.771230936050415039e+00	2.771774053573608398e+00	2.772730588912963867e+00	2.773699045181274414e+00	2.774622201919555664e+00	2.775647163391113281e+00	2.777061700820922852e+00	2.779592752456665039e+00	2.779577016830444336e+00	2.776878356933593750e+00	2.775261878967285156e+00	2.774044990539550781e+00	2.773847579956054688e+00	2.774998188018798828e+00	2.775277137756347656e+00	2.774446964263916016e+00	2.773844480514526367e+00	2.773810148239135742e+00	2.774384737014770508e+00	2.775496721267700195e+00	2.776882171630859375e+00	2.777732133865356445e+00	2.777510404586791992e+00	2.776634454727172852e+00	2.775885343551635742e+00	2.775635719299316406e+00	2.775831699371337891e+00	2.776101112365722656e+00	2.776207208633422852e+00	2.776042938232421875e+00	2.775916814804077148e+00	2.776172637939453125e+00	2.777000665664672852e+00	2.777932405471801758e+00	2.778130054473876953e+00	2.777804136276245117e+00	2.777704715728759766e+00	2.778335809707641602e+00	2.780131816864013672e+00	2.784059047698974609e+00	2.791621208190917969e+00	2.802498340606689453e+00	2.809168338775634766e+00	2.804390430450439453e+00	2.793845891952514648e+00	2.785418987274169922e+00	2.780468225479125977e+00	2.777651548385620117e+00	2.775761842727661133e+00
2.778275012969970703e+00	2.776852369308471680e+00	2.775997877120971680e+00	2.775526523590087891e+00	2.775931119918823242e+00	2.777710437774658203e+00	2.780610084533691406e+00	2.783948421478271484e+00	2.786427259445190430e+00	2.785930156707763672e+00	2.783001661300659180e+00	2.780173301696777344e+00	2.778748512268066406e+00	2.778605699539184570e+00	2.779407501220703125e+00	2.780587196350097656e+00	2.781188964843750000e+00	2.780387401580810547e+00	2.778216838836669922e+00	2.775541543960571289e+00	2.773389577865600586e+00	2.772333860397338867e+00	2.772200345993041992e+00	2.772289752960205078e+00	2.772717237472534180e+00	2.773755788803100586e+00	2.775066375732421875e+00	2.776316642761230469e+00	2.777570486068725586e+00	2.778839826583862305e+00	2.779621839523315430e+00	2.779145956039428711e+00	2.777228355407714844e+00	2.774568319320678711e+00	2.772198200225830078e+00	2.770847082138061523e+00	2.770465612411499023e+00	2.770576715469360352e+00	2.770966768264770508e+00	2.771837711334228516e+00	2.773496150970458984e+00	2.775914907455444336e+00	2.778508186340332031e+00	2.780191183090209961e+00	2.780247926712036133e+00	2.778757572174072266e+00	2.776596069335937500e+00	2.774848699569702148e+00	2.774027585983276367e+00	2.774082899093627930e+00	2.774724483489990234e+00	2.775154352188110352e+00	2.774631977081298828e+00	2.774348020553588867e+00	2.775011301040649414e+00	2.776427507400512695e+00	2.777929306030273438e+00	2.779009819030761719e+00	2.779633522033691406e+00	2.780225515365600586e+00	2.781575441360473633e+00	2.784593105316162109e+00	2.790343999862670898e+00	2.799970149993896484e+00	2.812733650207519531e+00	2.821694612503051758e+00	2.819376945495605469e+00	2.809291362762451172e+00	2.798819065093994141e+00	2.790497303009033203e+00	2.784513235092163086e+00	2.780632257461547852e+00
2.782650947570800781e+00	2.779840946197509766e+00	2.777712583541870117e+00	2.776630640029907227e+00	2.776892900466918945e+00	2.778398990631103516e+00	2.780917167663574219e+00	2.784052371978759766e+00	2.786430835723876953e+00	2.785971879959106445e+00	2.783038139343261719e+00	2.779989480972290039e+00	2.778162717819213867e+00	2.777615785598754883e+00	2.778138637542724609e+00	2.779256820678710938e+00	2.779966831207275391e+00	2.779521703720092773e+00	2.778222799301147461e+00	2.776889801025390625e+00	2.775992631912231445e+00	2.775599718093872070e+00	2.775951385498046875e+00	2.777417182922363281e+00	2.779465913772583008e+00	2.781173944473266602e+00	2.782548189163208008e+00	2.783643245697021484e+00	2.784460306167602539e+00	2.785169839859008789e+00	2.785351991653442383e+00	2.783982515335083008e+00	2.780844926834106445e+00	2.777304172515869141e+00	2.774810314178466797e+00	2.773998022079467773e+00	2.774766206741333008e+00	2.776652574539184570e+00	2.778767347335815430e+00	2.779698848724365234e+00	2.779793024063110352e+00	2.780263423919677734e+00	2.781139373779296875e+00	2.781821250915527344e+00	2.781714916229248047e+00	2.780781984329223633e+00	2.779484033584594727e+00	2.778141021728515625e+00	2.777188777923583984e+00	2.776755332946777344e+00	2.776572465896606445e+00	2.776525259017944336e+00	2.776982784271240234e+00	2.778501272201538086e+00	2.780144453048706055e+00	2.782274723052978516e+00	2.784979820251464844e+00	2.786134481430053711e+00	2.785886287689208984e+00	2.785618782043457031e+00	2.785280227661132812e+00	2.787500143051147461e+00	2.793223381042480469e+00	2.803081512451171875e+00	2.816293001174926758e+00	2.825655460357666016e+00	2.823201417922973633e+00	2.812901973724365234e+00	2.802752733230590820e+00	2.795299291610717773e+00	2.790022850036621094e+00	2.785996437072753906e+00
2.779623508453369141e+00	2.774893999099731445e+00	2.771544933319091797e+00	2.770149230957031250e+00	2.770626068115234375e+00	2.772383213043212891e+00	2.774291992187500000e+00	2.775464773178100586e+00	2.775942325592041016e+00	2.776100635528564453e+00	2.776286125183105469e+00	2.776829004287719727e+00	2.777826547622680664e+00	2.779127120971679688e+00	2.780416250228881836e+00	2.781232357025146484e+00	2.781078577041625977e+00	2.779726505279541016e+00	2.777480125427246094e+00	2.775000095367431641e+00	2.772811651229858398e+00	2.771429777145385742e+00	2.771352291107177734e+00	2.772799253463745117e+00	2.775443077087402344e+00	2.778430223464965820e+00	2.780928134918212891e+00	2.782752990722656250e+00	2.784722089767456055e+00	2.787526130676269531e+00	2.789828062057495117e+00	2.789397716522216797e+00	2.786055564880371094e+00	2.781500577926635742e+00	2.777364492416381836e+00	2.774358987808227539e+00	2.772073984146118164e+00	2.770153760910034180e+00	2.769225835800170898e+00	2.769246101379394531e+00	2.769712924957275391e+00	2.770533084869384766e+00	2.771765232086181641e+00	2.773136854171752930e+00	2.774534225463867188e+00	2.775819540023803711e+00	2.776916027069091797e+00	2.777959823608398438e+00	2.778754711151123047e+00	2.779038190841674805e+00	2.778787612915039062e+00	2.778172731399536133e+00	2.777501821517944336e+00	2.777029037475585938e+00	2.776984453201293945e+00	2.777309179306030273e+00	2.777427911758422852e+00	2.777334213256835938e+00	2.777587652206420898e+00	2.778387784957885742e+00	2.779904842376708984e+00	2.782856941223144531e+00	2.787858724594116211e+00	2.794462680816650391e+00	2.801725149154663086e+00	2.808019161224365234e+00	2.810116767883300781e+00	2.806791305541992188e+00	2.800836324691772461e+00	2.794887304306030273e+00	2.789528846740722656e+00	2.784622669219970703e+00
2.785030364990234375e+00	2.780387163162231445e+00	2.776746273040771484e+00	2.774512052536010742e+00	2.773559093475341797e+00	2.773467779159545898e+00	2.773624181747436523e+00	2.773637533187866211e+00	2.773582935333251953e+00	2.773792743682861328e+00	2.774555921554565430e+00	2.775841712951660156e+00	2.777234077453613281e+00	2.778277397155761719e+00	2.778923511505126953e+00	2.779316663742065430e+00	2.778888463973999023e+00	2.777013778686523438e+00	2.774621963500976562e+00	2.772665739059448242e+00	2.771573066711425781e+00	2.771577596664428711e+00	2.772878646850585938e+00	2.775642633438110352e+00	2.779171466827392578e+00	2.782315015792846680e+00	2.784257650375366211e+00	2.784956693649291992e+00	2.785925626754760742e+00	2.787919282913208008e+00	2.789564132690429688e+00	2.789221525192260742e+00	2.786628723144531250e+00	2.783599853515625000e+00	2.780872821807861328e+00	2.778204202651977539e+00	2.776417016983032227e+00	2.775118112564086914e+00	2.773862838745117188e+00	2.772945642471313477e+00	2.773055791854858398e+00	2.774152994155883789e+00	2.775241851806640625e+00	2.775845527648925781e+00	2.776317119598388672e+00	2.777437448501586914e+00	2.779088497161865234e+00	2.780669927597045898e+00	2.781512498855590820e+00	2.781361103057861328e+00	2.780569553375244141e+00	2.779708147048950195e+00	2.779169321060180664e+00	2.779104709625244141e+00	2.779213666915893555e+00	2.779104232788085938e+00	2.778980970382690430e+00	2.779409885406494141e+00	2.780556201934814453e+00	2.781520128250122070e+00	2.782459259033203125e+00	2.784429073333740234e+00	2.787918567657470703e+00	2.792821645736694336e+00	2.798480987548828125e+00	2.803770065307617188e+00	2.806855916976928711e+00	2.806327819824218750e+00	2.802837848663330078e+00	2.798619508743286133e+00	2.794372797012329102e+00	2.789845705032348633e+00
2.785749673843383789e+00	2.781518697738647461e+00	2.778240203857421875e+00	2.776692867279052734e+00	2.776933908462524414e+00	2.778104305267333984e+00	2.778640031814575195e+00	2.778251886367797852e+00	2.777493238449096680e+00	2.776915788650512695e+00	2.777061462402343750e+00	2.777815103530883789e+00	2.778594732284545898e+00	2.778997898101806641e+00	2.778944969177246094e+00	2.778101205825805664e+00	2.776371240615844727e+00	2.774559736251831055e+00	2.772973537445068359e+00	2.771799325942993164e+00	2.771291255950927734e+00	2.771889209747314453e+00	2.773945569992065430e+00	2.777370691299438477e+00	2.781567335128784180e+00	2.785326242446899414e+00	2.787771701812744141e+00	2.788727521896362305e+00	2.788941383361816406e+00	2.789717674255371094e+00	2.790333509445190430e+00	2.789052248001098633e+00	2.786469936370849609e+00	2.783919095993041992e+00	2.781278133392333984e+00	2.780107975006103516e+00	2.780146121978759766e+00	2.779661178588867188e+00	2.778396368026733398e+00	2.777243852615356445e+00	2.776937007904052734e+00	2.777199029922485352e+00	2.777170419692993164e+00	2.777327060699462891e+00	2.778453350067138672e+00	2.779956579208374023e+00	2.780369758605957031e+00	2.780220746994018555e+00	2.779673337936401367e+00	2.778867959976196289e+00	2.778141736984252930e+00	2.777788639068603516e+00	2.778003692626953125e+00	2.778900384902954102e+00	2.780032396316528320e+00	2.780391931533813477e+00	2.780294656753540039e+00	2.781025171279907227e+00	2.783120155334472656e+00	2.785144567489624023e+00	2.783661842346191406e+00	2.782850980758666992e+00	2.783870458602905273e+00	2.786642789840698242e+00	2.790738582611083984e+00	2.795097351074218750e+00	2.797800064086914062e+00	2.797507286071777344e+00	2.795542478561401367e+00	2.793967247009277344e+00	2.792389631271362305e+00	2.789663553237915039e+00
2.783387660980224609e+00	2.780524969100952148e+00	2.778539180755615234e+00	2.778083562850952148e+00	2.779217958450317383e+00	2.781074285507202148e+00	2.781870126724243164e+00	2.781063556671142578e+00	2.779872417449951172e+00	2.778903007507324219e+00	2.778515100479125977e+00	2.778663635253906250e+00	2.778791189193725586e+00	2.777985095977783203e+00	2.776412487030029297e+00	2.774818658828735352e+00	2.773436546325683594e+00	2.772630929946899414e+00	2.772379636764526367e+00	2.771912813186645508e+00	2.770684003829956055e+00	2.770006656646728516e+00	2.771131753921508789e+00	2.774368762969970703e+00	2.778866767883300781e+00	2.782681226730346680e+00	2.784323692321777344e+00	2.783412933349609375e+00	2.781405210494995117e+00	2.779750347137451172e+00	2.778539180755615234e+00	2.777283668518066406e+00	2.775843381881713867e+00	2.774686336517333984e+00	2.774435281753540039e+00	2.775141239166259766e+00	2.776127338409423828e+00	2.776514530181884766e+00	2.776187419891357422e+00	2.775725364685058594e+00	2.775784254074096680e+00	2.776573657989501953e+00	2.777724504470825195e+00	2.778464317321777344e+00	2.778820037841796875e+00	2.780052185058593750e+00	2.782528400421142578e+00	2.784498691558837891e+00	2.784184217453002930e+00	2.782104730606079102e+00	2.779140710830688477e+00	2.775887012481689453e+00	2.773337602615356445e+00	2.772037267684936523e+00	2.771995544433593750e+00	2.772580146789550781e+00	2.773257970809936523e+00	2.774439811706542969e+00	2.776093482971191406e+00	2.777401924133300781e+00	2.777822256088256836e+00	2.778142690658569336e+00	2.779384851455688477e+00	2.781731128692626953e+00	2.784568071365356445e+00	2.786753654479980469e+00	2.787368774414062500e+00	2.786845684051513672e+00	2.786487102508544922e+00	2.787112951278686523e+00	2.787376880645751953e+00	2.785999298095703125e+00
2.779452562332153320e+00	2.779087066650390625e+00	2.779469728469848633e+00	2.780521869659423828e+00	2.781620025634765625e+00	2.782031297683715820e+00	2.781246662139892578e+00	2.779349803924560547e+00	2.777211904525756836e+00	2.775891780853271484e+00	2.775837182998657227e+00	2.776948690414428711e+00	2.778504133224487305e+00	2.779629468917846680e+00	2.779989957809448242e+00	2.779142856597900391e+00	2.777356386184692383e+00	2.776083469390869141e+00	2.775804042816162109e+00	2.775939464569091797e+00	2.775435924530029297e+00	2.774168252944946289e+00	2.773297786712646484e+00	2.773776292800903320e+00	2.775497913360595703e+00	2.777372360229492188e+00	2.778105974197387695e+00	2.777568578720092773e+00	2.776183843612670898e+00	2.774300336837768555e+00	2.773172378540039062e+00	2.772957324981689453e+00	2.773164033889770508e+00	2.773482561111450195e+00	2.773879051208496094e+00	2.774253368377685547e+00	2.774466514587402344e+00	2.774690866470336914e+00	2.775160312652587891e+00	2.775000810623168945e+00	2.773322343826293945e+00	2.771423101425170898e+00	2.770865678787231445e+00	2.771837711334228516e+00	2.774023294448852539e+00	2.777531862258911133e+00	2.782284021377563477e+00	2.786239862442016602e+00	2.786769628524780273e+00	2.783820867538452148e+00	2.780082225799560547e+00	2.777177333831787109e+00	2.775353670120239258e+00	2.774596452713012695e+00	2.774965286254882812e+00	2.776581287384033203e+00	2.779466152191162109e+00	2.783134460449218750e+00	2.785944461822509766e+00	2.786548137664794922e+00	2.785287618637084961e+00	2.783330202102661133e+00	2.781872987747192383e+00	2.781280040740966797e+00	2.781205177307128906e+00	2.781156063079833984e+00	2.780980825424194336e+00	2.780846834182739258e+00	2.780793190002441406e+00	2.780759811401367188e+00	2.780530452728271484e+00	2.780045986175537109e+00
2.782719612121582031e+00	2.781674146652221680e+00	2.781023502349853516e+00	2.780586957931518555e+00	2.779479503631591797e+00	2.777550697326660156e+00	2.775544643402099609e+00	2.774160146713256836e+00	2.773742675781250000e+00	2.774477005004882812e+00	2.776319265365600586e+00	2.779004812240600586e+00	2.782106637954711914e+00	2.785103321075439453e+00	2.787572383880615234e+00	2.789128541946411133e+00	2.787402391433715820e+00	2.784065246582031250e+00	2.781280994415283203e+00	2.778984308242797852e+00	2.777114152908325195e+00	2.775959014892578125e+00	2.776012182235717773e+00	2.777165412902832031e+00	2.778482913970947266e+00	2.778759002685546875e+00	2.777781009674072266e+00	2.775720357894897461e+00	2.773082017898559570e+00	2.771659612655639648e+00	2.771892786026000977e+00	2.773643970489501953e+00	2.776700019836425781e+00	2.779490470886230469e+00	2.779684543609619141e+00	2.778355360031127930e+00	2.776310205459594727e+00	2.774193525314331055e+00	2.772929430007934570e+00	2.771954536437988281e+00	2.769793987274169922e+00	2.769016981124877930e+00	2.769734859466552734e+00	2.771229505538940430e+00	2.773115634918212891e+00	2.774936199188232422e+00	2.777255296707153320e+00	2.780406951904296875e+00	2.782803297042846680e+00	2.782846212387084961e+00	2.781252384185791016e+00	2.779228448867797852e+00	2.777854442596435547e+00	2.777934074401855469e+00	2.779837846755981445e+00	2.783656120300292969e+00	2.789439201354980469e+00	2.796445846557617188e+00	2.802870273590087891e+00	2.806333065032958984e+00	2.803708076477050781e+00	2.797906875610351562e+00	2.792791128158569336e+00	2.789145469665527344e+00	2.786707639694213867e+00	2.784962892532348633e+00	2.783627510070800781e+00	2.782700777053833008e+00	2.782431125640869141e+00	2.782896518707275391e+00	2.783504724502563477e+00	2.783491849899291992e+00
2.779014587402343750e+00	2.777569293975830078e+00	2.776711225509643555e+00	2.776418209075927734e+00	2.775882244110107422e+00	2.774448156356811523e+00	2.772588491439819336e+00	2.771243572235107422e+00	2.770936965942382812e+00	2.771870613098144531e+00	2.774169921875000000e+00	2.777677536010742188e+00	2.781800031661987305e+00	2.785772562026977539e+00	2.789074659347534180e+00	2.791282176971435547e+00	2.790683269500732422e+00	2.788010358810424805e+00	2.785212039947509766e+00	2.782166242599487305e+00	2.779062986373901367e+00	2.777104616165161133e+00	2.776762247085571289e+00	2.777442932128906250e+00	2.777909517288208008e+00	2.777411222457885742e+00	2.776176691055297852e+00	2.774055719375610352e+00	2.771299123764038086e+00	2.769931554794311523e+00	2.770768165588378906e+00	2.773419141769409180e+00	2.776836395263671875e+00	2.779544353485107422e+00	2.779904842376708984e+00	2.778152942657470703e+00	2.775260925292968750e+00	2.772235393524169922e+00	2.770372629165649414e+00	2.769689798355102539e+00	2.769413232803344727e+00	2.770082235336303711e+00	2.771931648254394531e+00	2.775387048721313477e+00	2.778150081634521484e+00	2.776246070861816406e+00	2.776285171508789062e+00	2.777802228927612305e+00	2.779790401458740234e+00	2.781226873397827148e+00	2.781045675277709961e+00	2.779873609542846680e+00	2.779124736785888672e+00	2.779546976089477539e+00	2.781449556350708008e+00	2.785079479217529297e+00	2.790319442749023438e+00	2.796258211135864258e+00	2.802392244338989258e+00	2.805953741073608398e+00	2.803349494934082031e+00	2.797582387924194336e+00	2.792574882507324219e+00	2.788794279098510742e+00	2.786019802093505859e+00	2.783870697021484375e+00	2.782131433486938477e+00	2.781054258346557617e+00	2.780732631683349609e+00	2.780792951583862305e+00	2.780786275863647461e+00	2.780273437500000000e+00
2.778326511383056641e+00	2.775613069534301758e+00	2.773592710494995117e+00	2.772753238677978516e+00	2.773030281066894531e+00	2.773750066757202148e+00	2.774066448211669922e+00	2.773796796798706055e+00	2.773733854293823242e+00	2.774762630462646484e+00	2.777104377746582031e+00	2.780409812927246094e+00	2.783782243728637695e+00	2.786634922027587891e+00	2.789205074310302734e+00	2.791676998138427734e+00	2.791694641113281250e+00	2.788466930389404297e+00	2.784677743911743164e+00	2.781262397766113281e+00	2.778774023056030273e+00	2.777635335922241211e+00	2.778019666671752930e+00	2.779317617416381836e+00	2.780373334884643555e+00	2.780251979827880859e+00	2.778595685958862305e+00	2.776091814041137695e+00	2.773869037628173828e+00	2.772891759872436523e+00	2.773623704910278320e+00	2.775730609893798828e+00	2.778363704681396484e+00	2.780382394790649414e+00	2.780399560928344727e+00	2.778771162033081055e+00	2.776273965835571289e+00	2.773591995239257812e+00	2.771512746810913086e+00	2.770418882369995117e+00	2.770301103591918945e+00	2.771143913269042969e+00	2.772776842117309570e+00	2.774307250976562500e+00	2.775018930435180664e+00	2.775063514709472656e+00	2.774850368499755859e+00	2.774786949157714844e+00	2.775131464004516602e+00	2.775864839553833008e+00	2.776941299438476562e+00	2.778445005416870117e+00	2.780425310134887695e+00	2.782664775848388672e+00	2.784869194030761719e+00	2.787180900573730469e+00	2.790224075317382812e+00	2.794445514678955078e+00	2.799318313598632812e+00	2.803344488143920898e+00	2.804194450378417969e+00	2.802357912063598633e+00	2.800064802169799805e+00	2.797610998153686523e+00	2.794750928878784180e+00	2.791875600814819336e+00	2.789390802383422852e+00	2.787312269210815430e+00	2.785666465759277344e+00	2.784391403198242188e+00	2.782952785491943359e+00	2.780933618545532227e+00
2.784065485000610352e+00	2.780878305435180664e+00	2.778275012969970703e+00	2.776792526245117188e+00	2.776276350021362305e+00	2.776323556900024414e+00	2.776580333709716797e+00	2.776950120925903320e+00	2.777265548706054688e+00	2.777504205703735352e+00	2.778581857681274414e+00	2.781298637390136719e+00	2.785018205642700195e+00	2.788745641708374023e+00	2.792344331741333008e+00	2.795152425765991211e+00	2.795724153518676758e+00	2.793237924575805664e+00	2.788586616516113281e+00	2.783355951309204102e+00	2.778794765472412109e+00	2.776063442230224609e+00	2.775924444198608398e+00	2.777889728546142578e+00	2.780184745788574219e+00	2.781132936477661133e+00	2.780673503875732422e+00	2.779671907424926758e+00	2.778277158737182617e+00	2.777393817901611328e+00	2.778493404388427734e+00	2.781232357025146484e+00	2.783087253570556641e+00	2.782881736755371094e+00	2.782037496566772461e+00	2.781301021575927734e+00	2.780382394790649414e+00	2.778513431549072266e+00	2.776498556137084961e+00	2.775755882263183594e+00	2.776169538497924805e+00	2.777224302291870117e+00	2.778695344924926758e+00	2.780129194259643555e+00	2.780794382095336914e+00	2.780085802078247070e+00	2.778874158859252930e+00	2.777514696121215820e+00	2.775723457336425781e+00	2.774578571319580078e+00	2.774521350860595703e+00	2.775463342666625977e+00	2.777338504791259766e+00	2.780157327651977539e+00	2.783546209335327148e+00	2.786808013916015625e+00	2.790166854858398438e+00	2.793699264526367188e+00	2.796751737594604492e+00	2.798537015914916992e+00	2.797966241836547852e+00	2.795748233795166016e+00	2.793948650360107422e+00	2.793107509613037109e+00	2.792726516723632812e+00	2.791896581649780273e+00	2.790191173553466797e+00	2.788610935211181641e+00	2.787500143051147461e+00	2.786955356597900391e+00	2.786835908889770508e+00	2.786338806152343750e+00
2.786427497863769531e+00	2.783827304840087891e+00	2.781709432601928711e+00	2.780729770660400391e+00	2.780504941940307617e+00	2.780292987823486328e+00	2.779774904251098633e+00	2.779315710067749023e+00	2.779131412506103516e+00	2.779201507568359375e+00	2.779834747314453125e+00	2.781013965606689453e+00	2.782478570938110352e+00	2.784142017364501953e+00	2.785848617553710938e+00	2.787328481674194336e+00	2.788213014602661133e+00	2.788011789321899414e+00	2.786334037780761719e+00	2.783758878707885742e+00	2.781233787536621094e+00	2.779627561569213867e+00	2.779586076736450195e+00	2.781011581420898438e+00	2.782853126525878906e+00	2.783928632736206055e+00	2.784024238586425781e+00	2.782681941986083984e+00	2.780702590942382812e+00	2.778594017028808594e+00	2.777158975601196289e+00	2.777000665664672852e+00	2.777349710464477539e+00	2.777675628662109375e+00	2.778286933898925781e+00	2.778991222381591797e+00	2.778823852539062500e+00	2.777004241943359375e+00	2.774622201919555664e+00	2.773203611373901367e+00	2.773269653320312500e+00	2.774629354476928711e+00	2.776412487030029297e+00	2.777862548828125000e+00	2.778913974761962891e+00	2.779099225997924805e+00	2.777957439422607422e+00	2.776439428329467773e+00	2.774412393569946289e+00	2.772812604904174805e+00	2.772309303283691406e+00	2.773080825805664062e+00	2.775131702423095703e+00	2.778040409088134766e+00	2.780977964401245117e+00	2.782974243164062500e+00	2.785028696060180664e+00	2.788710832595825195e+00	2.793431282043457031e+00	2.797807455062866211e+00	2.800555944442749023e+00	2.801449537277221680e+00	2.801543235778808594e+00	2.801414251327514648e+00	2.800076484680175781e+00	2.797127723693847656e+00	2.793939590454101562e+00	2.791427850723266602e+00	2.789665460586547852e+00	2.788776159286499023e+00	2.788587570190429688e+00	2.788146257400512695e+00
2.778211116790771484e+00	2.779055833816528320e+00	2.780649423599243164e+00	2.781893253326416016e+00	2.782573699951171875e+00	2.782442569732666016e+00	2.781238794326782227e+00	2.779387235641479492e+00	2.777304649353027344e+00	2.775572061538696289e+00	2.774174690246582031e+00	2.772779703140258789e+00	2.771777868270874023e+00	2.771316528320312500e+00	2.771408319473266602e+00	2.772262334823608398e+00	2.774100780487060547e+00	2.775928258895874023e+00	2.776573181152343750e+00	2.777291059494018555e+00	2.778229951858520508e+00	2.779014110565185547e+00	2.779286384582519531e+00	2.779338359832763672e+00	2.778623819351196289e+00	2.777156591415405273e+00	2.775691986083984375e+00	2.774753093719482422e+00	2.774305582046508789e+00	2.774050474166870117e+00	2.773698091506958008e+00	2.773094177246093750e+00	2.771977663040161133e+00	2.770419597625732422e+00	2.769504547119140625e+00	2.769866466522216797e+00	2.771106004714965820e+00	2.772464275360107422e+00	2.773657798767089844e+00	2.774937629699707031e+00	2.776526212692260742e+00	2.778060913085937500e+00	2.778616189956665039e+00	2.777842521667480469e+00	2.776398897171020508e+00	2.774919033050537109e+00	2.774093627929687500e+00	2.773782730102539062e+00	2.772582530975341797e+00	2.770928144454956055e+00	2.769994258880615234e+00	2.770155668258666992e+00	2.771299839019775391e+00	2.772384643554687500e+00	2.772601127624511719e+00	2.772397518157958984e+00	2.772111654281616211e+00	2.772498369216918945e+00	2.773626327514648438e+00	2.775125980377197266e+00	2.776794433593750000e+00	2.778443336486816406e+00	2.779665708541870117e+00	2.780144453048706055e+00	2.779985904693603516e+00	2.779155969619750977e+00	2.778320074081420898e+00	2.777990341186523438e+00	2.777832031250000000e+00	2.777675151824951172e+00	2.777784347534179688e+00	2.777956724166870117e+00
2.783379316329956055e+00	2.788505077362060547e+00	2.794801473617553711e+00	2.800930738449096680e+00	2.805151462554931641e+00	2.804976701736450195e+00	2.799598217010498047e+00	2.792074203491210938e+00	2.785426139831542969e+00	2.781020402908325195e+00	2.778796434402465820e+00	2.777592182159423828e+00	2.776751756668090820e+00	2.776343345642089844e+00	2.776388168334960938e+00	2.776978492736816406e+00	2.777907848358154297e+00	2.778821229934692383e+00	2.779226064682006836e+00	2.779099225997924805e+00	2.778625011444091797e+00	2.777724027633666992e+00	2.776462793350219727e+00	2.775230169296264648e+00	2.773586511611938477e+00	2.771933794021606445e+00	2.770857810974121094e+00	2.770618677139282227e+00	2.770699262619018555e+00	2.770545244216918945e+00	2.770553350448608398e+00	2.770933628082275391e+00	2.771498918533325195e+00	2.772068023681640625e+00	2.772746086120605469e+00	2.773769140243530273e+00	2.775228738784790039e+00	2.777014255523681641e+00	2.779239416122436523e+00	2.782531976699829102e+00	2.787562608718872070e+00	2.794486284255981445e+00	2.801581382751464844e+00	2.804565191268920898e+00	2.801867961883544922e+00	2.797090768814086914e+00	2.793005466461181641e+00	2.789969444274902344e+00	2.786736011505126953e+00	2.783020019531250000e+00	2.780066490173339844e+00	2.778185844421386719e+00	2.776901245117187500e+00	2.775470972061157227e+00	2.773920059204101562e+00	2.773126363754272461e+00	2.773349285125732422e+00	2.774058818817138672e+00	2.774965047836303711e+00	2.776213645935058594e+00	2.778048992156982422e+00	2.780312776565551758e+00	2.782071352005004883e+00	2.782709598541259766e+00	2.782252550125122070e+00	2.780806779861450195e+00	2.779149293899536133e+00	2.778095245361328125e+00	2.777731180191040039e+00	2.777765274047851562e+00	2.778393268585205078e+00	2.780077934265136719e+00
2.799344062805175781e+00	2.814885616302490234e+00	2.837027311325073242e+00	2.858197212219238281e+00	2.863042354583740234e+00	2.851404428482055664e+00	2.832870721817016602e+00	2.815521955490112305e+00	2.802587270736694336e+00	2.793997287750244141e+00	2.788438081741333008e+00	2.784906148910522461e+00	2.782748937606811523e+00	2.781662225723266602e+00	2.781795978546142578e+00	2.783002138137817383e+00	2.784582138061523438e+00	2.785644531250000000e+00	2.785682439804077148e+00	2.784336566925048828e+00	2.781877994537353516e+00	2.779299020767211914e+00	2.777504205703735352e+00	2.776667594909667969e+00	2.776260852813720703e+00	2.775995731353759766e+00	2.775856494903564453e+00	2.775695562362670898e+00	2.775446414947509766e+00	2.775567531585693359e+00	2.776598691940307617e+00	2.778498172760009766e+00	2.780760765075683594e+00	2.783003807067871094e+00	2.785243511199951172e+00	2.787710428237915039e+00	2.791090726852416992e+00	2.796279430389404297e+00	2.803808450698852539e+00	2.813749313354492188e+00	2.825866222381591797e+00	2.839416503906250000e+00	2.851597070693969727e+00	2.856976509094238281e+00	2.852843284606933594e+00	2.842462062835693359e+00	2.830126523971557617e+00	2.818591833114624023e+00	2.808878421783447266e+00	2.800849914550781250e+00	2.794121742248535156e+00	2.788367748260498047e+00	2.784108877182006836e+00	2.781587123870849609e+00	2.780439376831054688e+00	2.780227422714233398e+00	2.780468702316284180e+00	2.780962467193603516e+00	2.781348705291748047e+00	2.781577587127685547e+00	2.782212018966674805e+00	2.783172369003295898e+00	2.784190654754638672e+00	2.785041332244873047e+00	2.785577058792114258e+00	2.786052942276000977e+00	2.785616397857666016e+00	2.784511804580688477e+00	2.784060955047607422e+00	2.783821821212768555e+00	2.785234689712524414e+00	2.789985179901123047e+00
2.808409690856933594e+00	2.824036836624145508e+00	2.847443580627441406e+00	2.870948314666748047e+00	2.880897760391235352e+00	2.875037193298339844e+00	2.856697797775268555e+00	2.835355758666992188e+00	2.816916942596435547e+00	2.803774595260620117e+00	2.795495748519897461e+00	2.790822744369506836e+00	2.788617372512817383e+00	2.788071632385253906e+00	2.788594961166381836e+00	2.789757966995239258e+00	2.790785789489746094e+00	2.790805339813232422e+00	2.789811134338378906e+00	2.788369655609130859e+00	2.786856412887573242e+00	2.785631656646728516e+00	2.785013437271118164e+00	2.784828662872314453e+00	2.784806966781616211e+00	2.784649133682250977e+00	2.784517049789428711e+00	2.784585475921630859e+00	2.784545898437500000e+00	2.784467697143554688e+00	2.785014867782592773e+00	2.786389589309692383e+00	2.788288593292236328e+00	2.790230035781860352e+00	2.792032480239868164e+00	2.794152021408081055e+00	2.797329187393188477e+00	2.802912235260009766e+00	2.812212944030761719e+00	2.825721025466918945e+00	2.843014955520629883e+00	2.862263441085815430e+00	2.878643035888671875e+00	2.884647846221923828e+00	2.877918958663940430e+00	2.863580465316772461e+00	2.846834659576416016e+00	2.830768823623657227e+00	2.816881418228149414e+00	2.805917263031005859e+00	2.798382282257080078e+00	2.793651580810546875e+00	2.790682554244995117e+00	2.788808345794677734e+00	2.787198543548583984e+00	2.785945653915405273e+00	2.785561561584472656e+00	2.786206007003784180e+00	2.787803649902343750e+00	2.789931058883666992e+00	2.792306900024414062e+00	2.794662237167358398e+00	2.796773433685302734e+00	2.798789978027343750e+00	2.800535440444946289e+00	2.800843238830566406e+00	2.799293041229248047e+00	2.795961856842041016e+00	2.793261051177978516e+00	2.792832374572753906e+00	2.794541597366333008e+00	2.799246311187744141e+00
2.812284231185913086e+00	2.828149557113647461e+00	2.852267503738403320e+00	2.876248359680175781e+00	2.886814117431640625e+00	2.878707647323608398e+00	2.859214305877685547e+00	2.839053869247436523e+00	2.822176933288574219e+00	2.810128450393676758e+00	2.802269697189331055e+00	2.797466516494750977e+00	2.794776439666748047e+00	2.793658733367919922e+00	2.793865919113159180e+00	2.795027256011962891e+00	2.796542167663574219e+00	2.797721862792968750e+00	2.798177242279052734e+00	2.798045635223388672e+00	2.797363996505737305e+00	2.795847654342651367e+00	2.793282508850097656e+00	2.790549039840698242e+00	2.788946866989135742e+00	2.788528203964233398e+00	2.789582252502441406e+00	2.791020870208740234e+00	2.791741371154785156e+00	2.791837692260742188e+00	2.791972637176513672e+00	2.792745351791381836e+00	2.794169902801513672e+00	2.795625448226928711e+00	2.796580791473388672e+00	2.797453880310058594e+00	2.799807310104370117e+00	2.805582761764526367e+00	2.816168308258056641e+00	2.831965923309326172e+00	2.851922273635864258e+00	2.873073339462280273e+00	2.889514446258544922e+00	2.893805503845214844e+00	2.884470462799072266e+00	2.867196798324584961e+00	2.847977161407470703e+00	2.830838680267333984e+00	2.817837715148925781e+00	2.809081077575683594e+00	2.803233146667480469e+00	2.798563241958618164e+00	2.794519901275634766e+00	2.791856765747070312e+00	2.790926456451416016e+00	2.791287183761596680e+00	2.792195081710815430e+00	2.793264389038085938e+00	2.794823884963989258e+00	2.797674417495727539e+00	2.802433252334594727e+00	2.808620929718017578e+00	2.814859628677368164e+00	2.820432662963867188e+00	2.822972536087036133e+00	2.819195747375488281e+00	2.811932802200317383e+00	2.805228710174560547e+00	2.800890207290649414e+00	2.799413919448852539e+00	2.800399303436279297e+00	2.803945779800415039e+00
2.820858716964721680e+00	2.837784051895141602e+00	2.862468004226684570e+00	2.885447263717651367e+00	2.896158218383789062e+00	2.894474506378173828e+00	2.876656770706176758e+00	2.855349302291870117e+00	2.837011814117431641e+00	2.823618650436401367e+00	2.814682483673095703e+00	2.808708906173706055e+00	2.804918289184570312e+00	2.803274393081665039e+00	2.803504467010498047e+00	2.804742097854614258e+00	2.806381940841674805e+00	2.808065652847290039e+00	2.809588432312011719e+00	2.811078548431396484e+00	2.812609434127807617e+00	2.809705257415771484e+00	2.805361270904541016e+00	2.801861047744750977e+00	2.799838066101074219e+00	2.799537897109985352e+00	2.800691127777099609e+00	2.802623748779296875e+00	2.804214000701904297e+00	2.804712772369384766e+00	2.804301977157592773e+00	2.803698539733886719e+00	2.803634643554687500e+00	2.804140329360961914e+00	2.804867982864379883e+00	2.806270122528076172e+00	2.809983015060424805e+00	2.817933559417724609e+00	2.831337451934814453e+00	2.850589513778686523e+00	2.874801397323608398e+00	2.900947332382202148e+00	2.921798467636108398e+00	2.926443338394165039e+00	2.912454605102539062e+00	2.889256000518798828e+00	2.865127086639404297e+00	2.844218015670776367e+00	2.828280210494995117e+00	2.817290544509887695e+00	2.810159444808959961e+00	2.805462598800659180e+00	2.802205085754394531e+00	2.800393104553222656e+00	2.800305128097534180e+00	2.801664352416992188e+00	2.803699016571044922e+00	2.805823564529418945e+00	2.808284759521484375e+00	2.811668634414672852e+00	2.815555095672607422e+00	2.819480657577514648e+00	2.824401617050170898e+00	2.829554319381713867e+00	2.831305027008056641e+00	2.827208995819091797e+00	2.820102691650390625e+00	2.813269853591918945e+00	2.808192014694213867e+00	2.805633306503295898e+00	2.806326627731323242e+00	2.811011791229248047e+00
2.825175523757934570e+00	2.842220306396484375e+00	2.866988897323608398e+00	2.890130281448364258e+00	2.901340007781982422e+00	2.900201797485351562e+00	2.881598234176635742e+00	2.859853982925415039e+00	2.841609001159667969e+00	2.828020811080932617e+00	2.818110466003417969e+00	2.810858011245727539e+00	2.806447744369506836e+00	2.804915666580200195e+00	2.805590152740478516e+00	2.807330608367919922e+00	2.809268951416015625e+00	2.810996532440185547e+00	2.812237501144409180e+00	2.812814712524414062e+00	2.812577724456787109e+00	2.811297893524169922e+00	2.809086322784423828e+00	2.806774377822875977e+00	2.805368185043334961e+00	2.805259943008422852e+00	2.806252717971801758e+00	2.807849884033203125e+00	2.809343099594116211e+00	2.810414075851440430e+00	2.810562610626220703e+00	2.808804512023925781e+00	2.808199405670166016e+00	2.808690071105957031e+00	2.809527158737182617e+00	2.811131954193115234e+00	2.815174579620361328e+00	2.823487997055053711e+00	2.837161779403686523e+00	2.856565952301025391e+00	2.880786418914794922e+00	2.907139062881469727e+00	2.928526163101196289e+00	2.933637857437133789e+00	2.919485807418823242e+00	2.895639419555664062e+00	2.870847463607788086e+00	2.849387645721435547e+00	2.833107233047485352e+00	2.822156906127929688e+00	2.815298795700073242e+00	2.810644388198852539e+00	2.807151317596435547e+00	2.805078744888305664e+00	2.804766893386840820e+00	2.805971622467041016e+00	2.807857036590576172e+00	2.809378623962402344e+00	2.810371875762939453e+00	2.811899423599243164e+00	2.814736604690551758e+00	2.818089246749877930e+00	2.820669412612915039e+00	2.822664976119995117e+00	2.822739124298095703e+00	2.820064544677734375e+00	2.815522670745849609e+00	2.810911178588867188e+00	2.807874441146850586e+00	2.807271242141723633e+00	2.809428453445434570e+00	2.814942836761474609e+00
2.821215629577636719e+00	2.837115526199340820e+00	2.859743118286132812e+00	2.881767749786376953e+00	2.889561653137207031e+00	2.884030103683471680e+00	2.869513034820556641e+00	2.851751327514648438e+00	2.835845947265625000e+00	2.823772430419921875e+00	2.814662218093872070e+00	2.807666301727294922e+00	2.803289890289306641e+00	2.801611900329589844e+00	2.801989078521728516e+00	2.803514719009399414e+00	2.805516719818115234e+00	2.807526350021362305e+00	2.809178352355957031e+00	2.810108661651611328e+00	2.809921026229858398e+00	2.808465242385864258e+00	2.806094646453857422e+00	2.803848505020141602e+00	2.802633285522460938e+00	2.802597999572753906e+00	2.803601980209350586e+00	2.805427789688110352e+00	2.807797670364379883e+00	2.811001062393188477e+00	2.809048652648925781e+00	2.805917739868164062e+00	2.805238246917724609e+00	2.805568218231201172e+00	2.806174993515014648e+00	2.807384014129638672e+00	2.810637235641479492e+00	2.817812681198120117e+00	2.830169916152954102e+00	2.847926855087280273e+00	2.869927167892456055e+00	2.893785476684570312e+00	2.913444042205810547e+00	2.919164419174194336e+00	2.907846212387084961e+00	2.887061595916748047e+00	2.864429950714111328e+00	2.844301462173461914e+00	2.828803777694702148e+00	2.818193912506103516e+00	2.811480998992919922e+00	2.807092189788818359e+00	2.804018259048461914e+00	2.802181482315063477e+00	2.801779747009277344e+00	2.802641630172729492e+00	2.803853750228881836e+00	2.804810523986816406e+00	2.806003808975219727e+00	2.806840658187866211e+00	2.808143138885498047e+00	2.811526775360107422e+00	2.816102266311645508e+00	2.819779872894287109e+00	2.820443391799926758e+00	2.817425012588500977e+00	2.812162876129150391e+00	2.806878566741943359e+00	2.803426265716552734e+00	2.802812814712524414e+00	2.805335760116577148e+00	2.811186552047729492e+00
2.821143150329589844e+00	2.836720228195190430e+00	2.859326839447021484e+00	2.882340431213378906e+00	2.893379926681518555e+00	2.888848781585693359e+00	2.871106386184692383e+00	2.851889610290527344e+00	2.835328102111816406e+00	2.822890520095825195e+00	2.814101934432983398e+00	2.807943105697631836e+00	2.804131746292114258e+00	2.802689075469970703e+00	2.803103446960449219e+00	2.804704904556274414e+00	2.806859254837036133e+00	2.808904647827148438e+00	2.810310125350952148e+00	2.810804128646850586e+00	2.810335874557495117e+00	2.808843612670898438e+00	2.806640625000000000e+00	2.804559946060180664e+00	2.803270339965820312e+00	2.802938699722290039e+00	2.803392171859741211e+00	2.804341793060302734e+00	2.805280685424804688e+00	2.805741786956787109e+00	2.805880784988403320e+00	2.805250883102416992e+00	2.804949760437011719e+00	2.805537223815917969e+00	2.806188344955444336e+00	2.807078838348388672e+00	2.809884786605834961e+00	2.816639423370361328e+00	2.828592777252197266e+00	2.846173763275146484e+00	2.868628025054931641e+00	2.893187522888183594e+00	2.913293361663818359e+00	2.919116497039794922e+00	2.907638311386108398e+00	2.886744737625122070e+00	2.864315509796142578e+00	2.844596624374389648e+00	2.829534053802490234e+00	2.819322109222412109e+00	2.812682151794433594e+00	2.808121442794799805e+00	2.804664134979248047e+00	2.802289247512817383e+00	2.801126480102539062e+00	2.800884246826171875e+00	2.801073074340820312e+00	2.801374912261962891e+00	2.802004575729370117e+00	2.803647994995117188e+00	2.806742906570434570e+00	2.810803174972534180e+00	2.814953565597534180e+00	2.818097829818725586e+00	2.818731069564819336e+00	2.816308021545410156e+00	2.811877012252807617e+00	2.807336330413818359e+00	2.804431915283203125e+00	2.804047346115112305e+00	2.806322574615478516e+00	2.811626195907592773e+00
2.824333190917968750e+00	2.840271234512329102e+00	2.863373279571533203e+00	2.887179374694824219e+00	2.899920940399169922e+00	2.895500898361206055e+00	2.876603841781616211e+00	2.856454610824584961e+00	2.838920593261718750e+00	2.825924634933471680e+00	2.817359685897827148e+00	2.811822414398193359e+00	2.808104038238525391e+00	2.806447505950927734e+00	2.806900739669799805e+00	2.808596849441528320e+00	2.810750484466552734e+00	2.812977552413940430e+00	2.814825534820556641e+00	2.815564155578613281e+00	2.815005064010620117e+00	2.813468217849731445e+00	2.811476469039916992e+00	2.809729576110839844e+00	2.808511495590209961e+00	2.807805061340332031e+00	2.807658195495605469e+00	2.807929039001464844e+00	2.808214664459228516e+00	2.808277130126953125e+00	2.808262586593627930e+00	2.808346033096313477e+00	2.808775901794433594e+00	2.809363365173339844e+00	2.809876680374145508e+00	2.810940742492675781e+00	2.814268827438354492e+00	2.821877002716064453e+00	2.835019350051879883e+00	2.853886127471923828e+00	2.877376556396484375e+00	2.902496814727783203e+00	2.922627449035644531e+00	2.927911281585693359e+00	2.915453910827636719e+00	2.893398284912109375e+00	2.869779109954833984e+00	2.849088907241821289e+00	2.833366394042968750e+00	2.822742938995361328e+00	2.816042661666870117e+00	2.811620712280273438e+00	2.808413743972778320e+00	2.806187629699707031e+00	2.805128812789916992e+00	2.805176019668579102e+00	2.805952072143554688e+00	2.807061433792114258e+00	2.808417797088623047e+00	2.810262203216552734e+00	2.812830686569213867e+00	2.816022634506225586e+00	2.819265127182006836e+00	2.821542263031005859e+00	2.821750640869140625e+00	2.819522619247436523e+00	2.815643787384033203e+00	2.811659574508666992e+00	2.808959245681762695e+00	2.808198928833007812e+00	2.809889316558837891e+00	2.814835786819458008e+00
2.827970266342163086e+00	2.844439506530761719e+00	2.868084669113159180e+00	2.890064477920532227e+00	2.903460025787353516e+00	2.904932975769042969e+00	2.887191295623779297e+00	2.864830017089843750e+00	2.845244646072387695e+00	2.830312252044677734e+00	2.819913387298583984e+00	2.813213586807250977e+00	2.809605598449707031e+00	2.808674335479736328e+00	2.809688329696655273e+00	2.811555624008178711e+00	2.813557624816894531e+00	2.815362691879272461e+00	2.816783666610717773e+00	2.817724704742431641e+00	2.818001747131347656e+00	2.817105293273925781e+00	2.815269231796264648e+00	2.813246250152587891e+00	2.811716318130493164e+00	2.810978889465332031e+00	2.810824155807495117e+00	2.811052322387695312e+00	2.811398029327392578e+00	2.811625242233276367e+00	2.811797380447387695e+00	2.811993122100830078e+00	2.812318563461303711e+00	2.812674045562744141e+00	2.812869071960449219e+00	2.813647031784057617e+00	2.816766738891601562e+00	2.824237585067749023e+00	2.837440967559814453e+00	2.856717586517333984e+00	2.880872488021850586e+00	2.906572103500366211e+00	2.926740646362304688e+00	2.931527376174926758e+00	2.918705463409423828e+00	2.896553039550781250e+00	2.873031616210937500e+00	2.852574586868286133e+00	2.837382316589355469e+00	2.827253103256225586e+00	2.820087671279907227e+00	2.814591646194458008e+00	2.810595512390136719e+00	2.808313369750976562e+00	2.807737588882446289e+00	2.808451414108276367e+00	2.809669971466064453e+00	2.810693979263305664e+00	2.811528921127319336e+00	2.812788486480712891e+00	2.815011024475097656e+00	2.818236351013183594e+00	2.821951389312744141e+00	2.824899911880493164e+00	2.825601577758789062e+00	2.823519945144653320e+00	2.819544792175292969e+00	2.815392255783081055e+00	2.812568426132202148e+00	2.811805248260498047e+00	2.813504934310913086e+00	2.818365573883056641e+00
2.828093767166137695e+00	2.845218420028686523e+00	2.870066404342651367e+00	2.892252445220947266e+00	2.902879714965820312e+00	2.902430772781372070e+00	2.884066104888916016e+00	2.862831592559814453e+00	2.844274997711181641e+00	2.829731464385986328e+00	2.819277048110961914e+00	2.812441349029541016e+00	2.808693408966064453e+00	2.807467699050903320e+00	2.808049440383911133e+00	2.809694528579711914e+00	2.811873435974121094e+00	2.814044713973999023e+00	2.816058874130249023e+00	2.817837238311767578e+00	2.818984985351562500e+00	2.819179534912109375e+00	2.818529605865478516e+00	2.817847251892089844e+00	2.817987442016601562e+00	2.819029092788696289e+00	2.820358514785766602e+00	2.821286439895629883e+00	2.821223258972167969e+00	2.819778680801391602e+00	2.817591667175292969e+00	2.815693378448486328e+00	2.814502239227294922e+00	2.813728094100952148e+00	2.813035964965820312e+00	2.813103914260864258e+00	2.815498113632202148e+00	2.822067260742187500e+00	2.834218025207519531e+00	2.852542161941528320e+00	2.876289367675781250e+00	2.902510881423950195e+00	2.923751592636108398e+00	2.928734779357910156e+00	2.915043115615844727e+00	2.892196416854858398e+00	2.868566274642944336e+00	2.848355293273925781e+00	2.833586931228637695e+00	2.824379205703735352e+00	2.818644762039184570e+00	2.814181327819824219e+00	2.810821771621704102e+00	2.808889150619506836e+00	2.808298587799072266e+00	2.808546543121337891e+00	2.809253454208374023e+00	2.809842109680175781e+00	2.810129880905151367e+00	2.810762166976928711e+00	2.812622308731079102e+00	2.816069364547729492e+00	2.820268392562866211e+00	2.823348999023437500e+00	2.823876380920410156e+00	2.821573257446289062e+00	2.817551136016845703e+00	2.813615083694458008e+00	2.811134099960327148e+00	2.810649394989013672e+00	2.812724828720092773e+00	2.818063974380493164e+00
2.826102972030639648e+00	2.843125820159912109e+00	2.867446422576904297e+00	2.891170978546142578e+00	2.902517318725585938e+00	2.900561332702636719e+00	2.881756305694580078e+00	2.861270666122436523e+00	2.844145059585571289e+00	2.831188440322875977e+00	2.821801424026489258e+00	2.815058946609497070e+00	2.810301780700683594e+00	2.807803392410278320e+00	2.807320833206176758e+00	2.807980060577392578e+00	2.809133768081665039e+00	2.810573101043701172e+00	2.812187910079956055e+00	2.813814878463745117e+00	2.815130233764648438e+00	2.815841197967529297e+00	2.816173553466796875e+00	2.817029953002929688e+00	2.819347143173217773e+00	2.823108911514282227e+00	2.827034711837768555e+00	2.829387426376342773e+00	2.829307794570922852e+00	2.826873779296875000e+00	2.823139429092407227e+00	2.819538116455078125e+00	2.814997196197509766e+00	2.811209440231323242e+00	2.808338642120361328e+00	2.806303262710571289e+00	2.806302547454833984e+00	2.810166597366333008e+00	2.819531202316284180e+00	2.835538625717163086e+00	2.858191490173339844e+00	2.885032653808593750e+00	2.908304929733276367e+00	2.916307687759399414e+00	2.907795190811157227e+00	2.893599510192871094e+00	2.881234645843505859e+00	2.871905326843261719e+00	2.864319324493408203e+00	2.856870889663696289e+00	2.848031044006347656e+00	2.838402032852172852e+00	2.829660177230834961e+00	2.822761297225952148e+00	2.817946910858154297e+00	2.814876794815063477e+00	2.812812805175781250e+00	2.811123132705688477e+00	2.809737205505371094e+00	2.809222936630249023e+00	2.810470581054687500e+00	2.813757896423339844e+00	2.817899465560913086e+00	2.821108102798461914e+00	2.821896791458129883e+00	2.819550991058349609e+00	2.815208435058593750e+00	2.810623645782470703e+00	2.807390213012695312e+00	2.806674003601074219e+00	2.809187412261962891e+00	2.815389633178710938e+00
2.825783729553222656e+00	2.842843294143676758e+00	2.868158817291259766e+00	2.894297361373901367e+00	2.906032323837280273e+00	2.902588605880737305e+00	2.883694171905517578e+00	2.863065004348754883e+00	2.845684766769409180e+00	2.832329273223876953e+00	2.822423934936523438e+00	2.815201282501220703e+00	2.810428142547607422e+00	2.808056831359863281e+00	2.807835578918457031e+00	2.809078454971313477e+00	2.810896873474121094e+00	2.812715768814086914e+00	2.814167022705078125e+00	2.814977169036865234e+00	2.815177679061889648e+00	2.814767360687255859e+00	2.814025163650512695e+00	2.813881635665893555e+00	2.815177202224731445e+00	2.817837476730346680e+00	2.820849418640136719e+00	2.823026895523071289e+00	2.823760271072387695e+00	2.822865247726440430e+00	2.820557832717895508e+00	2.817675828933715820e+00	2.814559221267700195e+00	2.811810970306396484e+00	2.809403896331787109e+00	2.807657957077026367e+00	2.808061599731445312e+00	2.812661647796630859e+00	2.823160409927368164e+00	2.840246915817260742e+00	2.863304138183593750e+00	2.890402317047119141e+00	2.913812398910522461e+00	2.921433925628662109e+00	2.911670446395874023e+00	2.895558834075927734e+00	2.881402254104614258e+00	2.871540546417236328e+00	2.865564107894897461e+00	2.861585617065429688e+00	2.855578184127807617e+00	2.845843315124511719e+00	2.835678100585937500e+00	2.827627658843994141e+00	2.822294473648071289e+00	2.819176197052001953e+00	2.817113876342773438e+00	2.815316438674926758e+00	2.813883543014526367e+00	2.813211679458618164e+00	2.813897371292114258e+00	2.816545963287353516e+00	2.820653200149536133e+00	2.824256896972656250e+00	2.825043439865112305e+00	2.822467803955078125e+00	2.817670345306396484e+00	2.812550306320190430e+00	2.808888912200927734e+00	2.807878017425537109e+00	2.809994459152221680e+00	2.815539121627807617e+00
2.827870845794677734e+00	2.845336198806762695e+00	2.870070219039916992e+00	2.893916845321655273e+00	2.904751062393188477e+00	2.901529788970947266e+00	2.882775306701660156e+00	2.862829446792602539e+00	2.846019268035888672e+00	2.832783222198486328e+00	2.822712898254394531e+00	2.815258979797363281e+00	2.810308694839477539e+00	2.807899236679077148e+00	2.807726860046386719e+00	2.809105396270751953e+00	2.811157226562500000e+00	2.813035249710083008e+00	2.814234256744384766e+00	2.814674139022827148e+00	2.814366817474365234e+00	2.813128948211669922e+00	2.811061382293701172e+00	2.809004545211791992e+00	2.807905435562133789e+00	2.808103084564208984e+00	2.809362888336181641e+00	2.811166763305664062e+00	2.812750816345214844e+00	2.813200473785400391e+00	2.812118053436279297e+00	2.810576200485229492e+00	2.809768676757812500e+00	2.809293508529663086e+00	2.808554172515869141e+00	2.807904005050659180e+00	2.808917045593261719e+00	2.813705205917358398e+00	2.823944568634033203e+00	2.840714931488037109e+00	2.864093780517578125e+00	2.891687870025634766e+00	2.915672540664672852e+00	2.923366785049438477e+00	2.912307262420654297e+00	2.893699169158935547e+00	2.875956058502197266e+00	2.861362218856811523e+00	2.850039005279541016e+00	2.841513395309448242e+00	2.835002899169921875e+00	2.829534292221069336e+00	2.824708223342895508e+00	2.820937871932983398e+00	2.818490982055664062e+00	2.817007303237915039e+00	2.815696001052856445e+00	2.814242124557495117e+00	2.813122034072875977e+00	2.813026189804077148e+00	2.814484834671020508e+00	2.817667722702026367e+00	2.821792364120483398e+00	2.824979543685913086e+00	2.825333833694458008e+00	2.822122812271118164e+00	2.816736698150634766e+00	2.811215639114379883e+00	2.807497739791870117e+00	2.806935310363769531e+00	2.809949874877929688e+00	2.816668033599853516e+00
2.826380014419555664e+00	2.844379186630249023e+00	2.869576930999755859e+00	2.892470598220825195e+00	2.902583599090576172e+00	2.898220539093017578e+00	2.879809379577636719e+00	2.860470771789550781e+00	2.843995571136474609e+00	2.831220388412475586e+00	2.821596622467041016e+00	2.814445972442626953e+00	2.809542417526245117e+00	2.807013988494873047e+00	2.806664466857910156e+00	2.807791233062744141e+00	2.809536457061767578e+00	2.811208009719848633e+00	2.812503337860107422e+00	2.813274860382080078e+00	2.813225030899047852e+00	2.812029361724853516e+00	2.809867143630981445e+00	2.807649850845336914e+00	2.806360006332397461e+00	2.806408882141113281e+00	2.807651042938232422e+00	2.809585094451904297e+00	2.811347246170043945e+00	2.811914682388305664e+00	2.810804843902587891e+00	2.809090375900268555e+00	2.808249711990356445e+00	2.808068752288818359e+00	2.807818174362182617e+00	2.807640552520751953e+00	2.808797836303710938e+00	2.813137292861938477e+00	2.822658300399780273e+00	2.838925838470458984e+00	2.862098455429077148e+00	2.889663457870483398e+00	2.913651466369628906e+00	2.921515941619873047e+00	2.910542964935302734e+00	2.891401290893554688e+00	2.872648715972900391e+00	2.857282638549804688e+00	2.845764875411987305e+00	2.837630033493041992e+00	2.831842660903930664e+00	2.827006101608276367e+00	2.822529077529907227e+00	2.818710088729858398e+00	2.815990209579467773e+00	2.814327001571655273e+00	2.813217639923095703e+00	2.812159538269042969e+00	2.811195850372314453e+00	2.811017990112304688e+00	2.812411785125732422e+00	2.815687656402587891e+00	2.820189476013183594e+00	2.823999643325805664e+00	2.824951887130737305e+00	2.822357416152954102e+00	2.817351818084716797e+00	2.811928749084472656e+00	2.807833194732666016e+00	2.806462049484252930e+00	2.808691024780273438e+00	2.815043687820434570e+00
2.830391645431518555e+00	2.847480535507202148e+00	2.871321201324462891e+00	2.891867160797119141e+00	2.899971008300781250e+00	2.896440029144287109e+00	2.879609823226928711e+00	2.859792232513427734e+00	2.842228651046752930e+00	2.828423261642456055e+00	2.818238973617553711e+00	2.811238527297973633e+00	2.807177782058715820e+00	2.805706977844238281e+00	2.806234836578369141e+00	2.807915925979614258e+00	2.809917926788330078e+00	2.811760425567626953e+00	2.813266277313232422e+00	2.814292430877685547e+00	2.814609527587890625e+00	2.813992977142333984e+00	2.812674283981323242e+00	2.811379432678222656e+00	2.810442209243774414e+00	2.810101985931396484e+00	2.810689449310302734e+00	2.811901569366455078e+00	2.812632083892822266e+00	2.812152624130249023e+00	2.811127901077270508e+00	2.810539245605468750e+00	2.810804128646850586e+00	2.811607360839843750e+00	2.812588930130004883e+00	2.813975811004638672e+00	2.816870450973510742e+00	2.823305368423461914e+00	2.835039854049682617e+00	2.853003501892089844e+00	2.876793146133422852e+00	2.903598785400390625e+00	2.925648212432861328e+00	2.930825471878051758e+00	2.916428565979003906e+00	2.892714977264404297e+00	2.868345737457275391e+00	2.847551822662353516e+00	2.832222461700439453e+00	2.822365760803222656e+00	2.816740036010742188e+00	2.813644409179687500e+00	2.811488389968872070e+00	2.809519290924072266e+00	2.808275699615478516e+00	2.808282613754272461e+00	2.809114456176757812e+00	2.809942960739135742e+00	2.810562849044799805e+00	2.811504125595092773e+00	2.813435077667236328e+00	2.816716194152832031e+00	2.820984125137329102e+00	2.824796676635742188e+00	2.826157569885253906e+00	2.824101924896240234e+00	2.819622278213500977e+00	2.814741611480712891e+00	2.811542987823486328e+00	2.811013698577880859e+00	2.813542604446411133e+00	2.819690942764282227e+00
2.826472282409667969e+00	2.842753648757934570e+00	2.864553213119506836e+00	2.881988525390625000e+00	2.890438079833984375e+00	2.890420675277709961e+00	2.874937534332275391e+00	2.856167554855346680e+00	2.839771270751953125e+00	2.827100515365600586e+00	2.817853212356567383e+00	2.811343908309936523e+00	2.807313919067382812e+00	2.805647611618041992e+00	2.805966854095458984e+00	2.807600498199462891e+00	2.809606075286865234e+00	2.811067342758178711e+00	2.812075614929199219e+00	2.812922954559326172e+00	2.813425540924072266e+00	2.813156843185424805e+00	2.811945676803588867e+00	2.810032606124877930e+00	2.808203220367431641e+00	2.806994438171386719e+00	2.807068109512329102e+00	2.808301210403442383e+00	2.809850454330444336e+00	2.810744524002075195e+00	2.810119867324829102e+00	2.808719873428344727e+00	2.808380603790283203e+00	2.809061527252197266e+00	2.809926271438598633e+00	2.811210155487060547e+00	2.814465045928955078e+00	2.821608304977416992e+00	2.834159374237060547e+00	2.853032827377319336e+00	2.877732276916503906e+00	2.905212640762329102e+00	2.927378177642822266e+00	2.932283639907836914e+00	2.918211936950683594e+00	2.895069599151611328e+00	2.870923042297363281e+00	2.849870681762695312e+00	2.833950996398925781e+00	2.823441982269287109e+00	2.816946983337402344e+00	2.812374114990234375e+00	2.808686017990112305e+00	2.806216716766357422e+00	2.805410623550415039e+00	2.805988550186157227e+00	2.806992292404174805e+00	2.807585000991821289e+00	2.807979106903076172e+00	2.809042692184448242e+00	2.811424970626831055e+00	2.815192699432373047e+00	2.819668769836425781e+00	2.823271274566650391e+00	2.824039459228515625e+00	2.821337938308715820e+00	2.816485404968261719e+00	2.811503410339355469e+00	2.808158636093139648e+00	2.807473182678222656e+00	2.809954643249511719e+00	2.816045045852661133e+00
2.812369585037231445e+00	2.827158927917480469e+00	2.848739624023437500e+00	2.868289232254028320e+00	2.873649597167968750e+00	2.867902517318725586e+00	2.853669166564941406e+00	2.837975740432739258e+00	2.824290513992309570e+00	2.813435554504394531e+00	2.805603265762329102e+00	2.800326347351074219e+00	2.796830415725708008e+00	2.795051813125610352e+00	2.795166254043579102e+00	2.796553850173950195e+00	2.798173189163208008e+00	2.799255609512329102e+00	2.799609661102294922e+00	2.799341917037963867e+00	2.798514127731323242e+00	2.797338247299194336e+00	2.796103477478027344e+00	2.794912338256835938e+00	2.794117450714111328e+00	2.794057369232177734e+00	2.794630527496337891e+00	2.795524358749389648e+00	2.796510696411132812e+00	2.797278165817260742e+00	2.796937942504882812e+00	2.795650959014892578e+00	2.794993162155151367e+00	2.795568704605102539e+00	2.797307729721069336e+00	2.800364255905151367e+00	2.805237770080566406e+00	2.813004493713378906e+00	2.825039386749267578e+00	2.842122554779052734e+00	2.863831520080566406e+00	2.887883186340332031e+00	2.907964706420898438e+00	2.914023876190185547e+00	2.903285026550292969e+00	2.883302211761474609e+00	2.861160993576049805e+00	2.840866565704345703e+00	2.824521780014038086e+00	2.812831640243530273e+00	2.805436134338378906e+00	2.800961017608642578e+00	2.797913551330566406e+00	2.796075105667114258e+00	2.795339345932006836e+00	2.795277357101440430e+00	2.795479774475097656e+00	2.795616865158081055e+00	2.796038389205932617e+00	2.797435522079467773e+00	2.800009489059448242e+00	2.803233146667480469e+00	2.806237697601318359e+00	2.808087587356567383e+00	2.807810544967651367e+00	2.805174350738525391e+00	2.801552057266235352e+00	2.798312425613403320e+00	2.796147823333740234e+00	2.795999050140380859e+00	2.798342227935791016e+00	2.803447484970092773e+00
2.805077791213989258e+00	2.819806575775146484e+00	2.840653896331787109e+00	2.858721733093261719e+00	2.861526250839233398e+00	2.852822542190551758e+00	2.835271358489990234e+00	2.817548274993896484e+00	2.804556608200073242e+00	2.796200513839721680e+00	2.790322542190551758e+00	2.786212682723999023e+00	2.784101486206054688e+00	2.784002304077148438e+00	2.785694360733032227e+00	2.788555145263671875e+00	2.791627883911132812e+00	2.793721914291381836e+00	2.793820142745971680e+00	2.791719436645507812e+00	2.788561105728149414e+00	2.785805225372314453e+00	2.784085035324096680e+00	2.782715082168579102e+00	2.780995368957519531e+00	2.779873609542846680e+00	2.780153989791870117e+00	2.782130718231201172e+00	2.785247802734375000e+00	2.787635564804077148e+00	2.787171125411987305e+00	2.785207271575927734e+00	2.784168720245361328e+00	2.784235000610351562e+00	2.785195350646972656e+00	2.787408351898193359e+00	2.791291475296020508e+00	2.796803712844848633e+00	2.804612874984741211e+00	2.816006422042846680e+00	2.831139087677001953e+00	2.848674774169921875e+00	2.864684104919433594e+00	2.872152566909790039e+00	2.867307901382446289e+00	2.853940010070800781e+00	2.837901592254638672e+00	2.822960615158081055e+00	2.810679197311401367e+00	2.801307916641235352e+00	2.794636249542236328e+00	2.790305852890014648e+00	2.787763118743896484e+00	2.786345243453979492e+00	2.785602092742919922e+00	2.785409927368164062e+00	2.785564899444580078e+00	2.784985780715942383e+00	2.783692598342895508e+00	2.783240079879760742e+00	2.783975124359130859e+00	2.785619258880615234e+00	2.787541151046752930e+00	2.789102315902709961e+00	2.789689540863037109e+00	2.789158582687377930e+00	2.788280010223388672e+00	2.786667108535766602e+00	2.785371065139770508e+00	2.785960435867309570e+00	2.789122343063354492e+00	2.795320510864257812e+00
2.799102544784545898e+00	2.816262960433959961e+00	2.840990781784057617e+00	2.862221717834472656e+00	2.865833520889282227e+00	2.855154037475585938e+00	2.834968090057373047e+00	2.814652919769287109e+00	2.799246788024902344e+00	2.789251804351806641e+00	2.783819437026977539e+00	2.781695842742919922e+00	2.781342983245849609e+00	2.781718730926513672e+00	2.782757759094238281e+00	2.784659385681152344e+00	2.787312746047973633e+00	2.790765762329101562e+00	2.795193433761596680e+00	2.799351453781127930e+00	2.799937009811401367e+00	2.795722723007202148e+00	2.789088487625122070e+00	2.783546686172485352e+00	2.780705451965332031e+00	2.780184984207153320e+00	2.780737400054931641e+00	2.781416177749633789e+00	2.782149553298950195e+00	2.782635211944580078e+00	2.783033847808837891e+00	2.783897876739501953e+00	2.785054683685302734e+00	2.786015510559082031e+00	2.787032842636108398e+00	2.788957118988037109e+00	2.792209386825561523e+00	2.796643495559692383e+00	2.802492141723632812e+00	2.810004234313964844e+00	2.819334268569946289e+00	2.830853700637817383e+00	2.842754125595092773e+00	2.849059820175170898e+00	2.845491647720336914e+00	2.835353374481201172e+00	2.823279857635498047e+00	2.811875581741333008e+00	2.802432298660278320e+00	2.795384883880615234e+00	2.790589570999145508e+00	2.787449359893798828e+00	2.785342216491699219e+00	2.784068584442138672e+00	2.783763647079467773e+00	2.784605026245117188e+00	2.786281824111938477e+00	2.787811756134033203e+00	2.788247108459472656e+00	2.787541627883911133e+00	2.786111831665039062e+00	2.784987926483154297e+00	2.785120010375976562e+00	2.786512613296508789e+00	2.788673877716064453e+00	2.791146278381347656e+00	2.793082237243652344e+00	2.792345523834228516e+00	2.789185285568237305e+00	2.786626100540161133e+00	2.786273479461669922e+00	2.789777755737304688e+00
2.779321908950805664e+00	2.780649900436401367e+00	2.784379959106445312e+00	2.789388418197631836e+00	2.790870666503906250e+00	2.787948608398437500e+00	2.782699823379516602e+00	2.777830839157104492e+00	2.774643659591674805e+00	2.773588657379150391e+00	2.774675369262695312e+00	2.776973247528076172e+00	2.778846263885498047e+00	2.779350757598876953e+00	2.779085397720336914e+00	2.779253721237182617e+00	2.780311822891235352e+00	2.782951116561889648e+00	2.788099288940429688e+00	2.793877840042114258e+00	2.795661687850952148e+00	2.792691946029663086e+00	2.787826061248779297e+00	2.783700466156005859e+00	2.781784772872924805e+00	2.781367301940917969e+00	2.781889438629150391e+00	2.782240629196166992e+00	2.781595468521118164e+00	2.780999422073364258e+00	2.780965328216552734e+00	2.781461000442504883e+00	2.781947374343872070e+00	2.782419681549072266e+00	2.783632040023803711e+00	2.785676002502441406e+00	2.787253379821777344e+00	2.786878347396850586e+00	2.784923553466796875e+00	2.782396078109741211e+00	2.780101776123046875e+00	2.778788089752197266e+00	2.778251171112060547e+00	2.777981996536254883e+00	2.777809381484985352e+00	2.778682470321655273e+00	2.780452966690063477e+00	2.781613826751708984e+00	2.781888723373413086e+00	2.781471729278564453e+00	2.780423402786254883e+00	2.778893947601318359e+00	2.777135848999023438e+00	2.775658130645751953e+00	2.775206804275512695e+00	2.776391744613647461e+00	2.779124975204467773e+00	2.782327175140380859e+00	2.784475564956665039e+00	2.784891843795776367e+00	2.783753633499145508e+00	2.781654834747314453e+00	2.779919624328613281e+00	2.779628038406372070e+00	2.780724525451660156e+00	2.782321214675903320e+00	2.783195018768310547e+00	2.782692432403564453e+00	2.781335353851318359e+00	2.779870748519897461e+00	2.778990030288696289e+00	2.778931617736816406e+00
2.782431125640869141e+00	2.781629323959350586e+00	2.780967950820922852e+00	2.780492782592773438e+00	2.779922008514404297e+00	2.779107332229614258e+00	2.777884483337402344e+00	2.776357650756835938e+00	2.774952888488769531e+00	2.774111270904541016e+00	2.774145603179931641e+00	2.775124073028564453e+00	2.776772022247314453e+00	2.778616189956665039e+00	2.780074119567871094e+00	2.780312538146972656e+00	2.779939413070678711e+00	2.780328035354614258e+00	2.781422376632690430e+00	2.782385349273681641e+00	2.782574176788330078e+00	2.782120227813720703e+00	2.781013965606689453e+00	2.779254674911499023e+00	2.777164936065673828e+00	2.775404214859008789e+00	2.774630069732666016e+00	2.774478912353515625e+00	2.774548053741455078e+00	2.774336099624633789e+00	2.773823499679565430e+00	2.773969650268554688e+00	2.775105237960815430e+00	2.776564359664916992e+00	2.777967453002929688e+00	2.779060363769531250e+00	2.779311418533325195e+00	2.778511524200439453e+00	2.777182579040527344e+00	2.776229619979858398e+00	2.776323318481445312e+00	2.777345895767211914e+00	2.777650117874145508e+00	2.778373718261718750e+00	2.780431747436523438e+00	2.783696889877319336e+00	2.786764621734619141e+00	2.786966800689697266e+00	2.786786317825317383e+00	2.787420749664306641e+00	2.787206172943115234e+00	2.785419702529907227e+00	2.782656669616699219e+00	2.779592752456665039e+00	2.776973247528076172e+00	2.775600671768188477e+00	2.775983810424804688e+00	2.777749300003051758e+00	2.779508590698242188e+00	2.780418634414672852e+00	2.780732393264770508e+00	2.780755758285522461e+00	2.781005859375000000e+00	2.781824350357055664e+00	2.783103704452514648e+00	2.784106969833374023e+00	2.784374237060546875e+00	2.783785820007324219e+00	2.782754659652709961e+00	2.782097101211547852e+00	2.782213211059570312e+00	2.782615423202514648e+00
2.778236865997314453e+00	2.778798818588256836e+00	2.779498577117919922e+00	2.779320478439331055e+00	2.778477191925048828e+00	2.777809619903564453e+00	2.777301788330078125e+00	2.775893926620483398e+00	2.774479389190673828e+00	2.773860454559326172e+00	2.773887395858764648e+00	2.774237155914306641e+00	2.774769783020019531e+00	2.775511503219604492e+00	2.776524543762207031e+00	2.777864456176757812e+00	2.779491186141967773e+00	2.780596256256103516e+00	2.780846118927001953e+00	2.780777215957641602e+00	2.779673099517822266e+00	2.777997970581054688e+00	2.776236057281494141e+00	2.774672508239746094e+00	2.773258447647094727e+00	2.772205114364624023e+00	2.772149801254272461e+00	2.773490428924560547e+00	2.778920412063598633e+00	2.780234098434448242e+00	2.772002220153808594e+00	2.769992589950561523e+00	2.770680427551269531e+00	2.772597074508666992e+00	2.774418115615844727e+00	2.775608062744140625e+00	2.776084899902343750e+00	2.776024341583251953e+00	2.775158882141113281e+00	2.773309946060180664e+00	2.771800279617309570e+00	2.771191835403442383e+00	2.771456241607666016e+00	2.773467779159545898e+00	2.777462005615234375e+00	2.782369375228881836e+00	2.785934925079345703e+00	2.786044120788574219e+00	2.784865379333496094e+00	2.783702135086059570e+00	2.782363891601562500e+00	2.780772924423217773e+00	2.778939247131347656e+00	2.777213335037231445e+00	2.776158094406127930e+00	2.776092290878295898e+00	2.776855945587158203e+00	2.777465343475341797e+00	2.776756286621093750e+00	2.776153564453125000e+00	2.776486873626708984e+00	2.777372121810913086e+00	2.778615951538085938e+00	2.780053615570068359e+00	2.781384944915771484e+00	2.782413005828857422e+00	2.783143520355224609e+00	2.783200979232788086e+00	2.782088518142700195e+00	2.780274391174316406e+00	2.778826713562011719e+00	2.778182268142700195e+00
2.774146318435668945e+00	2.772916078567504883e+00	2.772423505783081055e+00	2.772100448608398438e+00	2.772928476333618164e+00	2.774773120880126953e+00	2.776676893234252930e+00	2.778127908706665039e+00	2.779546499252319336e+00	2.780165195465087891e+00	2.779252767562866211e+00	2.778465747833251953e+00	2.778696060180664062e+00	2.779891729354858398e+00	2.781541824340820312e+00	2.782953262329101562e+00	2.783568143844604492e+00	2.783538103103637695e+00	2.783193826675415039e+00	2.782100439071655273e+00	2.779545783996582031e+00	2.776279211044311523e+00	2.773568391799926758e+00	2.772123336791992188e+00	2.772063732147216797e+00	2.773032665252685547e+00	2.774338960647583008e+00	2.775135993957519531e+00	2.774762392044067383e+00	2.773272514343261719e+00	2.771667480468750000e+00	2.770938396453857422e+00	2.771306991577148438e+00	2.772434234619140625e+00	2.773783206939697266e+00	2.774866819381713867e+00	2.775279045104980469e+00	2.774744033813476562e+00	2.773269653320312500e+00	2.771011352539062500e+00	2.768871068954467773e+00	2.767711877822875977e+00	2.767822027206420898e+00	2.769024133682250977e+00	2.770906686782836914e+00	2.773140668869018555e+00	2.775589942932128906e+00	2.778004169464111328e+00	2.779922246932983398e+00	2.781275033950805664e+00	2.782215595245361328e+00	2.782418966293334961e+00	2.781542301177978516e+00	2.780282258987426758e+00	2.779548406600952148e+00	2.779565811157226562e+00	2.779935359954833984e+00	2.779900074005126953e+00	2.779159545898437500e+00	2.777916908264160156e+00	2.776906490325927734e+00	2.776975154876708984e+00	2.778120756149291992e+00	2.779605865478515625e+00	2.784139156341552734e+00	2.791124343872070312e+00	2.794228792190551758e+00	2.789976358413696289e+00	2.784282207489013672e+00	2.781269311904907227e+00	2.778903961181640625e+00	2.776352405548095703e+00
2.777153015136718750e+00	2.775050163269042969e+00	2.772954225540161133e+00	2.771051645278930664e+00	2.770014762878417969e+00	2.770764350891113281e+00	2.773298501968383789e+00	2.776725292205810547e+00	2.779728651046752930e+00	2.780656337738037109e+00	2.779587984085083008e+00	2.778581380844116211e+00	2.779130935668945312e+00	2.781399011611938477e+00	2.784915685653686523e+00	2.788779020309448242e+00	2.791574001312255859e+00	2.792022228240966797e+00	2.790141582489013672e+00	2.787065029144287109e+00	2.784112453460693359e+00	2.781732082366943359e+00	2.779796600341796875e+00	2.778644323348999023e+00	2.778864145278930664e+00	2.780012369155883789e+00	2.780841350555419922e+00	2.780522346496582031e+00	2.779341459274291992e+00	2.777960062026977539e+00	2.776905059814453125e+00	2.776562690734863281e+00	2.777022123336791992e+00	2.777826547622680664e+00	2.778377056121826172e+00	2.778603315353393555e+00	2.778409719467163086e+00	2.777619123458862305e+00	2.776417255401611328e+00	2.775456905364990234e+00	2.775072813034057617e+00	2.775223493576049805e+00	2.775727510452270508e+00	2.776184797286987305e+00	2.776367664337158203e+00	2.776345014572143555e+00	2.776672363281250000e+00	2.777623414993286133e+00	2.778928756713867188e+00	2.780386924743652344e+00	2.781666994094848633e+00	2.782391786575317383e+00	2.782228708267211914e+00	2.781315803527832031e+00	2.781089067459106445e+00	2.782145738601684570e+00	2.783364295959472656e+00	2.783588409423828125e+00	2.782571315765380859e+00	2.780590295791625977e+00	2.778785943984985352e+00	2.777965784072875977e+00	2.779097557067871094e+00	2.784712553024291992e+00	2.794735908508300781e+00	2.803309202194213867e+00	2.801053524017333984e+00	2.792013406753540039e+00	2.785485744476318359e+00	2.782055377960205078e+00	2.780339956283569336e+00	2.778992176055908203e+00
2.786417007446289062e+00	2.788247823715209961e+00	2.788455963134765625e+00	2.787624359130859375e+00	2.786918163299560547e+00	2.786712169647216797e+00	2.787094831466674805e+00	2.787867784500122070e+00	2.788120508193969727e+00	2.786282300949096680e+00	2.782396316528320312e+00	2.778607606887817383e+00	2.776704072952270508e+00	2.776986837387084961e+00	2.778859853744506836e+00	2.781224012374877930e+00	2.782816410064697266e+00	2.782896280288696289e+00	2.781620979309082031e+00	2.780132770538330078e+00	2.779634714126586914e+00	2.780166864395141602e+00	2.781162023544311523e+00	2.782390356063842773e+00	2.783662319183349609e+00	2.784240484237670898e+00	2.783827543258666992e+00	2.783151149749755859e+00	2.782650470733642578e+00	2.782068729400634766e+00	2.781119108200073242e+00	2.779947280883789062e+00	2.779158353805541992e+00	2.779314756393432617e+00	2.780541658401489258e+00	2.782552003860473633e+00	2.784962177276611328e+00	2.787942647933959961e+00	2.792426109313964844e+00	2.799187898635864258e+00	2.808027982711791992e+00	2.817671775817871094e+00	2.825296640396118164e+00	2.828273534774780273e+00	2.826195955276489258e+00	2.820410728454589844e+00	2.813057184219360352e+00	2.805599451065063477e+00	2.798770189285278320e+00	2.792865514755249023e+00	2.787737369537353516e+00	2.783028602600097656e+00	2.778897285461425781e+00	2.776106119155883789e+00	2.775371551513671875e+00	2.776844263076782227e+00	2.779012203216552734e+00	2.779831409454345703e+00	2.779991149902343750e+00	2.780093669891357422e+00	2.779862403869628906e+00	2.780025959014892578e+00	2.782794713973999023e+00	2.790012121200561523e+00	2.800988435745239258e+00	2.808712244033813477e+00	2.804740667343139648e+00	2.793264627456665039e+00	2.784277439117431641e+00	2.780311107635498047e+00	2.780652523040771484e+00	2.783466100692749023e+00
2.787327527999877930e+00	2.790583610534667969e+00	2.792088270187377930e+00	2.792626619338989258e+00	2.793299913406372070e+00	2.794286727905273438e+00	2.794652700424194336e+00	2.793789863586425781e+00	2.791825771331787109e+00	2.788365602493286133e+00	2.783637046813964844e+00	2.779240369796752930e+00	2.776468753814697266e+00	2.775642156600952148e+00	2.776109933853149414e+00	2.776658773422241211e+00	2.776711702346801758e+00	2.776408195495605469e+00	2.776264190673828125e+00	2.776635646820068359e+00	2.777562379837036133e+00	2.778737783432006836e+00	2.780139207839965820e+00	2.781862020492553711e+00	2.783396720886230469e+00	2.784352779388427734e+00	2.784811735153198242e+00	2.784895420074462891e+00	2.784536600112915039e+00	2.783661603927612305e+00	2.782505035400390625e+00	2.781611919403076172e+00	2.781485080718994141e+00	2.782228231430053711e+00	2.783698081970214844e+00	2.785694837570190430e+00	2.788132190704345703e+00	2.791500329971313477e+00	2.796254634857177734e+00	2.803190231323242188e+00	2.812269687652587891e+00	2.822362899780273438e+00	2.830984115600585938e+00	2.835088253021240234e+00	2.833882331848144531e+00	2.828328609466552734e+00	2.820329427719116211e+00	2.811878204345703125e+00	2.803967714309692383e+00	2.797060966491699219e+00	2.790990352630615234e+00	2.785402297973632812e+00	2.780355930328369141e+00	2.776265621185302734e+00	2.773922204971313477e+00	2.773730278015136719e+00	2.775433301925659180e+00	2.778155803680419922e+00	2.780643939971923828e+00	2.782213687896728516e+00	2.783225536346435547e+00	2.784523248672485352e+00	2.787371397018432617e+00	2.793303489685058594e+00	2.802206754684448242e+00	2.808264017105102539e+00	2.803829669952392578e+00	2.792616844177246094e+00	2.784043073654174805e+00	2.780200481414794922e+00	2.780345439910888672e+00	2.783243656158447266e+00
2.784437656402587891e+00	2.788084983825683594e+00	2.790538311004638672e+00	2.792845249176025391e+00	2.795431852340698242e+00	2.796950817108154297e+00	2.796644926071166992e+00	2.794693231582641602e+00	2.791352987289428711e+00	2.786875724792480469e+00	2.781990528106689453e+00	2.777940988540649414e+00	2.775620937347412109e+00	2.775101423263549805e+00	2.775593280792236328e+00	2.775918960571289062e+00	2.775687694549560547e+00	2.775019884109497070e+00	2.774191379547119141e+00	2.773639202117919922e+00	2.773885011672973633e+00	2.774982452392578125e+00	2.776792287826538086e+00	2.779119253158569336e+00	2.781710386276245117e+00	2.784414052963256836e+00	2.787011384963989258e+00	2.788598775863647461e+00	2.788426160812377930e+00	2.787154912948608398e+00	2.785871982574462891e+00	2.785301923751831055e+00	2.785936117172241211e+00	2.787756443023681641e+00	2.789863109588623047e+00	2.791289329528808594e+00	2.791890859603881836e+00	2.792654514312744141e+00	2.795255422592163086e+00	2.800715684890747070e+00	2.808779478073120117e+00	2.818423509597778320e+00	2.827263116836547852e+00	2.831560611724853516e+00	2.829590559005737305e+00	2.823323011398315430e+00	2.815471649169921875e+00	2.807447671890258789e+00	2.799938678741455078e+00	2.793238401412963867e+00	2.787715673446655273e+00	2.783292055130004883e+00	2.779328346252441406e+00	2.776080608367919922e+00	2.773802995681762695e+00	2.772349119186401367e+00	2.771799087524414062e+00	2.772171497344970703e+00	2.773392915725708008e+00	2.775318384170532227e+00	2.777410030364990234e+00	2.779443979263305664e+00	2.781846046447753906e+00	2.785085916519165039e+00	2.788937330245971680e+00	2.791080474853515625e+00	2.788223028182983398e+00	2.783152341842651367e+00	2.779400825500488281e+00	2.777549266815185547e+00	2.777891397476196289e+00	2.780490636825561523e+00
2.818181037902832031e+00	2.829430341720581055e+00	2.833257436752319336e+00	2.832852602005004883e+00	2.830939531326293945e+00	2.824605464935302734e+00	2.815388679504394531e+00	2.806570529937744141e+00	2.798795223236083984e+00	2.792725801467895508e+00	2.789125919342041016e+00	2.787976980209350586e+00	2.788456678390502930e+00	2.789598226547241211e+00	2.790925502777099609e+00	2.791686534881591797e+00	2.791172742843627930e+00	2.789634227752685547e+00	2.787864923477172852e+00	2.786579608917236328e+00	2.786026477813720703e+00	2.785943269729614258e+00	2.786305189132690430e+00	2.787239551544189453e+00	2.788569927215576172e+00	2.790423870086669922e+00	2.793655633926391602e+00	2.798763513565063477e+00	2.804313421249389648e+00	2.806274890899658203e+00	2.801913022994995117e+00	2.795917987823486328e+00	2.793175697326660156e+00	2.793764591217041016e+00	2.796110868453979492e+00	2.798519849777221680e+00	2.800519704818725586e+00	2.803253889083862305e+00	2.808501243591308594e+00	2.817672967910766602e+00	2.831419706344604492e+00	2.849489927291870117e+00	2.869728088378906250e+00	2.886177778244018555e+00	2.890549659729003906e+00	2.881802797317504883e+00	2.866391658782958984e+00	2.849039316177368164e+00	2.832396030426025391e+00	2.817972660064697266e+00	2.806797981262207031e+00	2.799056053161621094e+00	2.794275522232055664e+00	2.791178941726684570e+00	2.788833379745483398e+00	2.787519216537475586e+00	2.787770748138427734e+00	2.789537429809570312e+00	2.792345285415649414e+00	2.795528888702392578e+00	2.798139333724975586e+00	2.799239873886108398e+00	2.798606395721435547e+00	2.796473026275634766e+00	2.793226957321166992e+00	2.789587736129760742e+00	2.786468982696533203e+00	2.784686088562011719e+00	2.785109996795654297e+00	2.788536071777343750e+00	2.795250415802001953e+00	2.805302143096923828e+00
2.815933465957641602e+00	2.824778795242309570e+00	2.827919960021972656e+00	2.828172922134399414e+00	2.826409816741943359e+00	2.820884704589843750e+00	2.812910795211791992e+00	2.804522752761840820e+00	2.797233581542968750e+00	2.791770935058593750e+00	2.788332939147949219e+00	2.787008047103881836e+00	2.787463426589965820e+00	2.788879394531250000e+00	2.790284156799316406e+00	2.791027784347534180e+00	2.790968656539916992e+00	2.789969682693481445e+00	2.788447856903076172e+00	2.787362813949584961e+00	2.786936283111572266e+00	2.786796808242797852e+00	2.786993265151977539e+00	2.788150310516357422e+00	2.790559530258178711e+00	2.794191360473632812e+00	2.798797369003295898e+00	2.804545402526855469e+00	2.810890913009643555e+00	2.813267469406127930e+00	2.805932998657226562e+00	2.796843528747558594e+00	2.792682886123657227e+00	2.793043851852416992e+00	2.795886516571044922e+00	2.799100875854492188e+00	2.801856756210327148e+00	2.805251598358154297e+00	2.811123847961425781e+00	2.821081876754760742e+00	2.836011648178100586e+00	2.855418920516967773e+00	2.875936508178710938e+00	2.891283750534057617e+00	2.897580623626708984e+00	2.892598867416381836e+00	2.877848625183105469e+00	2.859028100967407227e+00	2.840459346771240234e+00	2.824112176895141602e+00	2.811427116394042969e+00	2.802936315536499023e+00	2.797679662704467773e+00	2.794025182723999023e+00	2.791229248046875000e+00	2.789683818817138672e+00	2.789778709411621094e+00	2.791208744049072266e+00	2.793276309967041016e+00	2.795452117919921875e+00	2.797253608703613281e+00	2.798193931579589844e+00	2.797964096069335938e+00	2.796440124511718750e+00	2.793942689895629883e+00	2.791103363037109375e+00	2.788491725921630859e+00	2.786749362945556641e+00	2.786843538284301758e+00	2.789778709411621094e+00	2.795944929122924805e+00	2.804960966110229492e+00
2.814248561859130859e+00	2.821796178817749023e+00	2.823761224746704102e+00	2.823243856430053711e+00	2.821357727050781250e+00	2.816563367843627930e+00	2.809753894805908203e+00	2.802457094192504883e+00	2.795682430267333984e+00	2.790374517440795898e+00	2.787154197692871094e+00	2.786002397537231445e+00	2.786435127258300781e+00	2.787689924240112305e+00	2.788983821868896484e+00	2.789909124374389648e+00	2.790496349334716797e+00	2.789804935455322266e+00	2.787746191024780273e+00	2.786132335662841797e+00	2.785350561141967773e+00	2.785242557525634766e+00	2.785858631134033203e+00	2.787536144256591797e+00	2.790326595306396484e+00	2.794186592102050781e+00	2.798854827880859375e+00	2.803756237030029297e+00	2.808530330657958984e+00	2.809705257415771484e+00	2.803217172622680664e+00	2.795423984527587891e+00	2.791515111923217773e+00	2.791721582412719727e+00	2.794571638107299805e+00	2.797971010208129883e+00	2.801123142242431641e+00	2.804813861846923828e+00	2.810553789138793945e+00	2.819891691207885742e+00	2.833700418472290039e+00	2.851730823516845703e+00	2.871684789657592773e+00	2.888060092926025391e+00	2.894974946975708008e+00	2.890223979949951172e+00	2.875204086303710938e+00	2.856599092483520508e+00	2.838603496551513672e+00	2.822766304016113281e+00	2.810274124145507812e+00	2.802009582519531250e+00	2.797763586044311523e+00	2.795237541198730469e+00	2.792708635330200195e+00	2.791077375411987305e+00	2.790317296981811523e+00	2.790550947189331055e+00	2.791797637939453125e+00	2.793731451034545898e+00	2.795622587203979492e+00	2.796584844589233398e+00	2.796219110488891602e+00	2.794669151306152344e+00	2.792253971099853516e+00	2.789471387863159180e+00	2.787035703659057617e+00	2.785753250122070312e+00	2.786541938781738281e+00	2.790078401565551758e+00	2.796237945556640625e+00	2.804502725601196289e+00
2.818552732467651367e+00	2.828858137130737305e+00	2.831742048263549805e+00	2.829086542129516602e+00	2.822323083877563477e+00	2.812584400177001953e+00	2.803612232208251953e+00	2.796931982040405273e+00	2.792350769042968750e+00	2.789350032806396484e+00	2.787331819534301758e+00	2.786163806915283203e+00	2.786147832870483398e+00	2.786986351013183594e+00	2.787795782089233398e+00	2.787974119186401367e+00	2.787394523620605469e+00	2.786189794540405273e+00	2.784807443618774414e+00	2.783837795257568359e+00	2.783534526824951172e+00	2.783795833587646484e+00	2.784723758697509766e+00	2.786504268646240234e+00	2.788853168487548828e+00	2.791598558425903320e+00	2.795509576797485352e+00	2.802165508270263672e+00	2.811937808990478516e+00	2.815567493438720703e+00	2.804668903350830078e+00	2.792262792587280273e+00	2.786397933959960938e+00	2.785308599472045898e+00	2.787030458450317383e+00	2.789863109588623047e+00	2.792917013168334961e+00	2.796398878097534180e+00	2.800939559936523438e+00	2.807601451873779297e+00	2.817876577377319336e+00	2.833113193511962891e+00	2.852971315383911133e+00	2.873659133911132812e+00	2.887209177017211914e+00	2.887819528579711914e+00	2.877923011779785156e+00	2.862069129943847656e+00	2.843582153320312500e+00	2.825513362884521484e+00	2.810543537139892578e+00	2.799700975418090820e+00	2.792739391326904297e+00	2.789044141769409180e+00	2.787686824798583984e+00	2.787559032440185547e+00	2.787920236587524414e+00	2.789013862609863281e+00	2.790973901748657227e+00	2.793138027191162109e+00	2.794377565383911133e+00	2.794234752655029297e+00	2.792896032333374023e+00	2.790877342224121094e+00	2.788448333740234375e+00	2.785962820053100586e+00	2.784033298492431641e+00	2.782015085220336914e+00	2.781914710998535156e+00	2.785591602325439453e+00	2.793382167816162109e+00	2.804981946945190430e+00
2.816136121749877930e+00	2.822399854660034180e+00	2.821363449096679688e+00	2.815078735351562500e+00	2.807620763778686523e+00	2.801616430282592773e+00	2.797732353210449219e+00	2.795657873153686523e+00	2.794472694396972656e+00	2.792930364608764648e+00	2.790907859802246094e+00	2.789745092391967773e+00	2.790118932723999023e+00	2.791117668151855469e+00	2.791867971420288086e+00	2.791829824447631836e+00	2.790681362152099609e+00	2.789026260375976562e+00	2.787803649902343750e+00	2.787480115890502930e+00	2.788203239440917969e+00	2.789909124374389648e+00	2.792634487152099609e+00	2.796130418777465820e+00	2.799808502197265625e+00	2.803977012634277344e+00	2.810267925262451172e+00	2.820060253143310547e+00	2.832211971282958984e+00	2.837105989456176758e+00	2.820026874542236328e+00	2.803601026535034180e+00	2.795165061950683594e+00	2.792230367660522461e+00	2.792569875717163086e+00	2.794322013854980469e+00	2.796519517898559570e+00	2.799367427825927734e+00	2.803540706634521484e+00	2.809541940689086914e+00	2.817864179611206055e+00	2.829561710357666016e+00	2.844956398010253906e+00	2.861735582351684570e+00	2.875111341476440430e+00	2.880711793899536133e+00	2.877861022949218750e+00	2.867427825927734375e+00	2.851575374603271484e+00	2.833777666091918945e+00	2.817769289016723633e+00	2.805647611618041992e+00	2.797779560089111328e+00	2.793390750885009766e+00	2.791280984878540039e+00	2.790203332901000977e+00	2.789907217025756836e+00	2.790762186050415039e+00	2.792300701141357422e+00	2.794012308120727539e+00	2.795346975326538086e+00	2.795839309692382812e+00	2.795292377471923828e+00	2.793711900711059570e+00	2.791316270828247070e+00	2.788980960845947266e+00	2.787275075912475586e+00	2.786604881286621094e+00	2.787664890289306641e+00	2.791077375411987305e+00	2.797220468521118164e+00	2.806133031845092773e+00
2.813308477401733398e+00	2.815496683120727539e+00	2.812006950378417969e+00	2.804912090301513672e+00	2.797559976577758789e+00	2.792630195617675781e+00	2.790410280227661133e+00	2.789752483367919922e+00	2.789608716964721680e+00	2.789528608322143555e+00	2.789654493331909180e+00	2.790418863296508789e+00	2.791557073593139648e+00	2.792376041412353516e+00	2.792617797851562500e+00	2.792279481887817383e+00	2.790979385375976562e+00	2.788578271865844727e+00	2.786325216293334961e+00	2.785663366317749023e+00	2.787067651748657227e+00	2.790366172790527344e+00	2.795173406600952148e+00	2.800824403762817383e+00	2.806393146514892578e+00	2.811745882034301758e+00	2.818110466003417969e+00	2.826873779296875000e+00	2.838212251663208008e+00	2.843686580657958984e+00	2.827610969543457031e+00	2.812360525131225586e+00	2.803352355957031250e+00	2.798650503158569336e+00	2.797301530838012695e+00	2.797430038452148438e+00	2.797742605209350586e+00	2.798411846160888672e+00	2.800186872482299805e+00	2.803380012512207031e+00	2.808364152908325195e+00	2.815645217895507812e+00	2.825114727020263672e+00	2.836078882217407227e+00	2.846528530120849609e+00	2.853073835372924805e+00	2.853798389434814453e+00	2.849081754684448242e+00	2.839940309524536133e+00	2.828014135360717773e+00	2.815921783447265625e+00	2.805968999862670898e+00	2.798935651779174805e+00	2.794045686721801758e+00	2.790480852127075195e+00	2.788335561752319336e+00	2.787836790084838867e+00	2.788700819015502930e+00	2.790271759033203125e+00	2.791948795318603516e+00	2.793078184127807617e+00	2.792994976043701172e+00	2.791767597198486328e+00	2.790238857269287109e+00	2.789504289627075195e+00	2.790339708328247070e+00	2.792591333389282227e+00	2.795137643814086914e+00	2.796934127807617188e+00	2.798521757125854492e+00	2.801644325256347656e+00	2.807209730148315430e+00
2.824740409851074219e+00	2.819879293441772461e+00	2.809091567993164062e+00	2.798056364059448242e+00	2.790128469467163086e+00	2.785742521286010742e+00	2.784056425094604492e+00	2.784019231796264648e+00	2.785227298736572266e+00	2.787875652313232422e+00	2.791765213012695312e+00	2.795366764068603516e+00	2.797423839569091797e+00	2.798124790191650391e+00	2.797544002532958984e+00	2.795891523361206055e+00	2.793639183044433594e+00	2.791354417800903320e+00	2.789535999298095703e+00	2.789046764373779297e+00	2.790718793869018555e+00	2.795274257659912109e+00	2.802984476089477539e+00	2.812428712844848633e+00	2.820928096771240234e+00	2.828203678131103516e+00	2.836778640747070312e+00	2.847103834152221680e+00	2.855122566223144531e+00	2.851511478424072266e+00	2.839019298553466797e+00	2.819147348403930664e+00	2.807303428649902344e+00	2.801477432250976562e+00	2.799759864807128906e+00	2.800064325332641602e+00	2.800245285034179688e+00	2.799335956573486328e+00	2.798407316207885742e+00	2.798735618591308594e+00	2.800724506378173828e+00	2.804982900619506836e+00	2.812742233276367188e+00	2.824637413024902344e+00	2.839468002319335938e+00	2.854291439056396484e+00	2.865473270416259766e+00	2.869784116744995117e+00	2.865662097930908203e+00	2.854248285293579102e+00	2.838864564895629883e+00	2.823815584182739258e+00	2.812132120132446289e+00	2.805024147033691406e+00	2.801757812500000000e+00	2.800692796707153320e+00	2.800288438796997070e+00	2.799908876419067383e+00	2.799588441848754883e+00	2.798758983612060547e+00	2.797216415405273438e+00	2.795485973358154297e+00	2.793729782104492188e+00	2.792181730270385742e+00	2.791908979415893555e+00	2.793692111968994141e+00	2.797280311584472656e+00	2.801784038543701172e+00	2.806365966796875000e+00	2.811492681503295898e+00	2.817149162292480469e+00	2.822435617446899414e+00
2.831499576568603516e+00	2.825472354888916016e+00	2.815161705017089844e+00	2.805548191070556641e+00	2.798185110092163086e+00	2.793155670166015625e+00	2.790239334106445312e+00	2.788813829421997070e+00	2.788874626159667969e+00	2.790947675704956055e+00	2.794813632965087891e+00	2.797997236251831055e+00	2.799862861633300781e+00	2.800290107727050781e+00	2.798718690872192383e+00	2.795684576034545898e+00	2.792238950729370117e+00	2.789171695709228516e+00	2.787002086639404297e+00	2.786255359649658203e+00	2.787395954132080078e+00	2.791086435317993164e+00	2.797871112823486328e+00	2.806504487991333008e+00	2.813851594924926758e+00	2.820326328277587891e+00	2.829027652740478516e+00	2.839924097061157227e+00	2.848845243453979492e+00	2.842490196228027344e+00	2.825848817825317383e+00	2.810676336288452148e+00	2.801550626754760742e+00	2.797989845275878906e+00	2.798513174057006836e+00	2.800889492034912109e+00	2.802168369293212891e+00	2.801971912384033203e+00	2.802179098129272461e+00	2.803815841674804688e+00	2.806792497634887695e+00	2.811867475509643555e+00	2.821248531341552734e+00	2.835737228393554688e+00	2.853854179382324219e+00	2.871785640716552734e+00	2.884781122207641602e+00	2.888844966888427734e+00	2.882756471633911133e+00	2.868498563766479492e+00	2.850220680236816406e+00	2.832461118698120117e+00	2.818329095840454102e+00	2.809029102325439453e+00	2.804189443588256836e+00	2.802354574203491211e+00	2.801681280136108398e+00	2.800923109054565430e+00	2.800261020660400391e+00	2.799869298934936523e+00	2.799304008483886719e+00	2.798345565795898438e+00	2.797032356262207031e+00	2.795085668563842773e+00	2.793944835662841797e+00	2.794512033462524414e+00	2.796532869338989258e+00	2.800348758697509766e+00	2.806418895721435547e+00	2.814357519149780273e+00	2.822874307632446289e+00	2.829796314239501953e+00
2.817830324172973633e+00	2.810914278030395508e+00	2.802532434463500977e+00	2.796159267425537109e+00	2.792998313903808594e+00	2.792559146881103516e+00	2.793267488479614258e+00	2.793214559555053711e+00	2.792289972305297852e+00	2.792237281799316406e+00	2.793718814849853516e+00	2.795900821685791016e+00	2.797138690948486328e+00	2.796316385269165039e+00	2.793927431106567383e+00	2.790927648544311523e+00	2.788062334060668945e+00	2.785897254943847656e+00	2.784739255905151367e+00	2.784829616546630859e+00	2.786680459976196289e+00	2.790984869003295898e+00	2.797774314880371094e+00	2.805458784103393555e+00	2.811287164688110352e+00	2.815267801284790039e+00	2.819660663604736328e+00	2.822065591812133789e+00	2.819923400878906250e+00	2.813868045806884766e+00	2.806151866912841797e+00	2.798700332641601562e+00	2.794232606887817383e+00	2.793180465698242188e+00	2.794884443283081055e+00	2.797817468643188477e+00	2.799919366836547852e+00	2.800344944000244141e+00	2.800198793411254883e+00	2.801072835922241211e+00	2.803858995437622070e+00	2.808748245239257812e+00	2.815686941146850586e+00	2.825134992599487305e+00	2.837229013442993164e+00	2.851042509078979492e+00	2.863894701004028320e+00	2.871995925903320312e+00	2.871554613113403320e+00	2.862225294113159180e+00	2.848111391067504883e+00	2.833770513534545898e+00	2.820805311203002930e+00	2.810760259628295898e+00	2.804130554199218750e+00	2.799599170684814453e+00	2.797268629074096680e+00	2.796489238739013672e+00	2.796540975570678711e+00	2.797060251235961914e+00	2.797369003295898438e+00	2.796513795852661133e+00	2.794523239135742188e+00	2.792633295059204102e+00	2.792096614837646484e+00	2.793410301208496094e+00	2.796412229537963867e+00	2.800751447677612305e+00	2.806818485260009766e+00	2.813898801803588867e+00	2.818441629409790039e+00	2.820285558700561523e+00
2.821223020553588867e+00	2.809515237808227539e+00	2.799267530441284180e+00	2.792881250381469727e+00	2.790701627731323242e+00	2.790767908096313477e+00	2.791141510009765625e+00	2.792618989944458008e+00	2.795489311218261719e+00	2.799268007278442383e+00	2.802959442138671875e+00	2.805444002151489258e+00	2.805752754211425781e+00	2.803595781326293945e+00	2.799783706665039062e+00	2.795661687850952148e+00	2.792317628860473633e+00	2.790110349655151367e+00	2.789002418518066406e+00	2.789281368255615234e+00	2.791709899902343750e+00	2.797268152236938477e+00	2.806466817855834961e+00	2.818701982498168945e+00	2.831109762191772461e+00	2.838485002517700195e+00	2.838279724121093750e+00	2.831319570541381836e+00	2.819749116897583008e+00	2.808811187744140625e+00	2.800684928894042969e+00	2.795314311981201172e+00	2.792574882507324219e+00	2.792578220367431641e+00	2.795315742492675781e+00	2.799919843673706055e+00	2.804538726806640625e+00	2.807551622390747070e+00	2.808582782745361328e+00	2.808330059051513672e+00	2.807986021041870117e+00	2.808760881423950195e+00	2.811962366104125977e+00	2.819329500198364258e+00	2.831405401229858398e+00	2.847347497940063477e+00	2.865345716476440430e+00	2.882272243499755859e+00	2.893802642822265625e+00	2.896173000335693359e+00	2.889086484909057617e+00	2.875572681427001953e+00	2.859572649002075195e+00	2.844331026077270508e+00	2.831782817840576172e+00	2.822571277618408203e+00	2.815832376480102539e+00	2.810765266418457031e+00	2.806897401809692383e+00	2.803784608840942383e+00	2.800905227661132812e+00	2.797990798950195312e+00	2.795211315155029297e+00	2.794116020202636719e+00	2.797024965286254883e+00	2.805336713790893555e+00	2.819107532501220703e+00	2.833055973052978516e+00	2.841337680816650391e+00	2.845285177230834961e+00	2.841088294982910156e+00	2.831950187683105469e+00
2.821395397186279297e+00	2.809625387191772461e+00	2.798948526382446289e+00	2.791694164276123047e+00	2.788281202316284180e+00	2.787726163864135742e+00	2.788940668106079102e+00	2.791415214538574219e+00	2.794879436492919922e+00	2.798740386962890625e+00	2.802107810974121094e+00	2.804006814956665039e+00	2.803694248199462891e+00	2.801189422607421875e+00	2.797459840774536133e+00	2.793786525726318359e+00	2.790938615798950195e+00	2.789102792739868164e+00	2.788325786590576172e+00	2.788881301879882812e+00	2.791441440582275391e+00	2.797031879425048828e+00	2.806298971176147461e+00	2.818473577499389648e+00	2.830277681350708008e+00	2.836925745010375977e+00	2.835642337799072266e+00	2.827109813690185547e+00	2.815790653228759766e+00	2.805777072906494141e+00	2.798219680786132812e+00	2.793197393417358398e+00	2.790905237197875977e+00	2.791481256484985352e+00	2.794600248336791992e+00	2.799257755279541016e+00	2.803820610046386719e+00	2.806781530380249023e+00	2.807682991027832031e+00	2.807362556457519531e+00	2.807240009307861328e+00	2.808487653732299805e+00	2.812018156051635742e+00	2.819186449050903320e+00	2.830929279327392578e+00	2.846737146377563477e+00	2.864799737930297852e+00	2.881860256195068359e+00	2.893784999847412109e+00	2.897162199020385742e+00	2.891163349151611328e+00	2.877403736114501953e+00	2.859712123870849609e+00	2.842522382736206055e+00	2.828709125518798828e+00	2.819224596023559570e+00	2.813359260559082031e+00	2.809476137161254883e+00	2.806229829788208008e+00	2.803267955780029297e+00	2.800346374511718750e+00	2.797096729278564453e+00	2.794229745864868164e+00	2.793774843215942383e+00	2.797628879547119141e+00	2.806933164596557617e+00	2.821686983108520508e+00	2.836472272872924805e+00	2.843194961547851562e+00	2.845603942871093750e+00	2.841199636459350586e+00	2.831974983215332031e+00
2.813274383544921875e+00	2.803966999053955078e+00	2.795096635818481445e+00	2.788682937622070312e+00	2.785390138626098633e+00	2.784606456756591797e+00	2.785618305206298828e+00	2.788028240203857422e+00	2.791418552398681641e+00	2.794995784759521484e+00	2.797934293746948242e+00	2.799655437469482422e+00	2.799724817276000977e+00	2.798161029815673828e+00	2.795681476593017578e+00	2.793196439743041992e+00	2.791096448898315430e+00	2.789372920989990234e+00	2.788146257400512695e+00	2.787833929061889648e+00	2.789294719696044922e+00	2.793396949768066406e+00	2.800581932067871094e+00	2.810205221176147461e+00	2.819314718246459961e+00	2.822945594787597656e+00	2.819777011871337891e+00	2.813470602035522461e+00	2.806615591049194336e+00	2.800507307052612305e+00	2.796356678009033203e+00	2.792451858520507812e+00	2.789617300033569336e+00	2.789646148681640625e+00	2.792079210281372070e+00	2.795904636383056641e+00	2.799792051315307617e+00	2.802690982818603516e+00	2.804089546203613281e+00	2.804490804672241211e+00	2.805223703384399414e+00	2.807177543640136719e+00	2.810766458511352539e+00	2.817149400711059570e+00	2.827551603317260742e+00	2.841456174850463867e+00	2.856539726257324219e+00	2.870393753051757812e+00	2.880810260772705078e+00	2.884651184082031250e+00	2.880892515182495117e+00	2.870547771453857422e+00	2.856066226959228516e+00	2.841094732284545898e+00	2.828117370605468750e+00	2.818709373474121094e+00	2.812535762786865234e+00	2.808242082595825195e+00	2.804702281951904297e+00	2.801503896713256836e+00	2.798182964324951172e+00	2.794562816619873047e+00	2.791763544082641602e+00	2.791595697402954102e+00	2.795566082000732422e+00	2.804771661758422852e+00	2.818435668945312500e+00	2.830713987350463867e+00	2.835294961929321289e+00	2.834597349166870117e+00	2.829531908035278320e+00	2.821635961532592773e+00
2.797116994857788086e+00	2.791977643966674805e+00	2.787477970123291016e+00	2.784508943557739258e+00	2.783294677734375000e+00	2.783580303192138672e+00	2.785272598266601562e+00	2.788056373596191406e+00	2.791225671768188477e+00	2.794105052947998047e+00	2.796236753463745117e+00	2.796842336654663086e+00	2.795079708099365234e+00	2.792063236236572266e+00	2.789414882659912109e+00	2.788218975067138672e+00	2.788764715194702148e+00	2.790394306182861328e+00	2.792302608489990234e+00	2.794549942016601562e+00	2.798251152038574219e+00	2.804591894149780273e+00	2.813210964202880859e+00	2.820143222808837891e+00	2.820293664932250977e+00	2.814862012863159180e+00	2.807493925094604492e+00	2.799539804458618164e+00	2.792294979095458984e+00	2.786926269531250000e+00	2.783870458602905273e+00	2.783217906951904297e+00	2.784815311431884766e+00	2.788143396377563477e+00	2.792473793029785156e+00	2.796706914901733398e+00	2.799341678619384766e+00	2.799647092819213867e+00	2.798622369766235352e+00	2.797618627548217773e+00	2.797369003295898438e+00	2.798367261886596680e+00	2.801382780075073242e+00	2.807294130325317383e+00	2.816521406173706055e+00	2.828926801681518555e+00	2.843763351440429688e+00	2.859449863433837891e+00	2.873290300369262695e+00	2.881782770156860352e+00	2.882423639297485352e+00	2.874847888946533203e+00	2.860215902328491211e+00	2.841839075088500977e+00	2.824218034744262695e+00	2.810441493988037109e+00	2.801004648208618164e+00	2.795609712600708008e+00	2.793364048004150391e+00	2.792459249496459961e+00	2.791082143783569336e+00	2.788492918014526367e+00	2.785641670227050781e+00	2.784747123718261719e+00	2.788229703903198242e+00	2.798306941986083984e+00	2.815522909164428711e+00	2.832289695739746094e+00	2.832959413528442383e+00	2.821178913116455078e+00	2.810316562652587891e+00	2.802706003189086914e+00
2.795618057250976562e+00	2.789936542510986328e+00	2.785914421081542969e+00	2.784410238265991211e+00	2.785478353500366211e+00	2.788722276687622070e+00	2.793410539627075195e+00	2.797167062759399414e+00	2.796478033065795898e+00	2.795373439788818359e+00	2.794706106185913086e+00	2.793862819671630859e+00	2.792401313781738281e+00	2.790309667587280273e+00	2.788367748260498047e+00	2.787443637847900391e+00	2.787840127944946289e+00	2.789358139038085938e+00	2.791860103607177734e+00	2.795683145523071289e+00	2.801307678222656250e+00	2.808938980102539062e+00	2.817091941833496094e+00	2.820888996124267578e+00	2.817246198654174805e+00	2.809715032577514648e+00	2.802262306213378906e+00	2.795586585998535156e+00	2.790268898010253906e+00	2.786980390548706055e+00	2.785762786865234375e+00	2.786449193954467773e+00	2.788743495941162109e+00	2.792201042175292969e+00	2.796255111694335938e+00	2.799970149993896484e+00	2.802148818969726562e+00	2.802537202835083008e+00	2.802391767501831055e+00	2.802865505218505859e+00	2.803664922714233398e+00	2.803955554962158203e+00	2.804573297500610352e+00	2.807617425918579102e+00	2.814584970474243164e+00	2.825598478317260742e+00	2.839988470077514648e+00	2.856576442718505859e+00	2.873007059097290039e+00	2.885364532470703125e+00	2.890201568603515625e+00	2.887152194976806641e+00	2.877608299255371094e+00	2.862131118774414062e+00	2.843036651611328125e+00	2.825610160827636719e+00	2.812704563140869141e+00	2.804270744323730469e+00	2.799295902252197266e+00	2.795678138732910156e+00	2.792420387268066406e+00	2.789082765579223633e+00	2.785830974578857422e+00	2.784233093261718750e+00	2.786069631576538086e+00	2.793565511703491211e+00	2.809402465820312500e+00	2.830028295516967773e+00	2.832690238952636719e+00	2.823504447937011719e+00	2.811563730239868164e+00	2.802321910858154297e+00
2.793912649154663086e+00	2.789057731628417969e+00	2.785589218139648438e+00	2.784345626831054688e+00	2.785437107086181641e+00	2.788418054580688477e+00	2.792585611343383789e+00	2.796154737472534180e+00	2.797324895858764648e+00	2.796796321868896484e+00	2.795717477798461914e+00	2.794179439544677734e+00	2.792217731475830078e+00	2.790363550186157227e+00	2.789184331893920898e+00	2.788831710815429688e+00	2.789324283599853516e+00	2.790799617767333984e+00	2.793457031250000000e+00	2.797518730163574219e+00	2.802914619445800781e+00	2.809140443801879883e+00	2.814702987670898438e+00	2.816398620605468750e+00	2.812146902084350586e+00	2.804527282714843750e+00	2.797144412994384766e+00	2.791338443756103516e+00	2.787407398223876953e+00	2.785472869873046875e+00	2.785343647003173828e+00	2.786819696426391602e+00	2.789781093597412109e+00	2.793903112411499023e+00	2.798344135284423828e+00	2.801917552947998047e+00	2.803704500198364258e+00	2.803620815277099609e+00	2.802923202514648438e+00	2.802943944931030273e+00	2.803540945053100586e+00	2.803720712661743164e+00	2.803723573684692383e+00	2.805601596832275391e+00	2.811172723770141602e+00	2.821095228195190430e+00	2.834880590438842773e+00	2.850990533828735352e+00	2.866922616958618164e+00	2.879435300827026367e+00	2.886119842529296875e+00	2.885777711868286133e+00	2.877514839172363281e+00	2.862508773803710938e+00	2.844369173049926758e+00	2.827565908432006836e+00	2.814331054687500000e+00	2.804898023605346680e+00	2.799216747283935547e+00	2.796216726303100586e+00	2.793976783752441406e+00	2.790721893310546875e+00	2.786646127700805664e+00	2.783401966094970703e+00	2.783042907714843750e+00	2.787634372711181641e+00	2.799207925796508789e+00	2.818297863006591797e+00	2.830394506454467773e+00	2.823412895202636719e+00	2.809988498687744141e+00	2.800197362899780273e+00
2.795351743698120117e+00	2.791943073272705078e+00	2.790164232254028320e+00	2.790157556533813477e+00	2.791407585144042969e+00	2.793373823165893555e+00	2.795691251754760742e+00	2.797521591186523438e+00	2.798066854476928711e+00	2.797655105590820312e+00	2.796617507934570312e+00	2.794786214828491211e+00	2.792813539505004883e+00	2.791917085647583008e+00	2.792531490325927734e+00	2.794382572174072266e+00	2.797346353530883789e+00	2.801718235015869141e+00	2.807268619537353516e+00	2.812905550003051758e+00	2.817864656448364258e+00	2.821945428848266602e+00	2.824081420898437500e+00	2.821843147277832031e+00	2.814006328582763672e+00	2.803917407989501953e+00	2.795485019683837891e+00	2.790289878845214844e+00	2.788319110870361328e+00	2.788877964019775391e+00	2.791193962097167969e+00	2.794321537017822266e+00	2.797670364379882812e+00	2.801004886627197266e+00	2.804188251495361328e+00	2.806871175765991211e+00	2.808152675628662109e+00	2.807500600814819336e+00	2.805584430694580078e+00	2.803546905517578125e+00	2.802114248275756836e+00	2.801072597503662109e+00	2.800180673599243164e+00	2.800026893615722656e+00	2.801495790481567383e+00	2.805891275405883789e+00	2.814573764801025391e+00	2.827812910079956055e+00	2.844479322433471680e+00	2.862475395202636719e+00	2.878812789916992188e+00	2.889405488967895508e+00	2.890007495880126953e+00	2.879787683486938477e+00	2.862573146820068359e+00	2.843828201293945312e+00	2.827566146850585938e+00	2.815563678741455078e+00	2.808048248291015625e+00	2.803622961044311523e+00	2.800340890884399414e+00	2.796797990798950195e+00	2.792757511138916016e+00	2.789531946182250977e+00	2.789174318313598633e+00	2.793680429458618164e+00	2.804880142211914062e+00	2.820916175842285156e+00	2.825627088546752930e+00	2.817111730575561523e+00	2.807721138000488281e+00	2.800376653671264648e+00
2.795161008834838867e+00	2.792037010192871094e+00	2.790870666503906250e+00	2.791157007217407227e+00	2.792554140090942383e+00	2.794335603713989258e+00	2.796256065368652344e+00	2.797869920730590820e+00	2.798301219940185547e+00	2.797605276107788086e+00	2.796120643615722656e+00	2.794288158416748047e+00	2.792763948440551758e+00	2.792214393615722656e+00	2.793007135391235352e+00	2.795019149780273438e+00	2.798100948333740234e+00	2.802432775497436523e+00	2.807878255844116211e+00	2.813529491424560547e+00	2.818596601486206055e+00	2.822904825210571289e+00	2.825274705886840820e+00	2.822815895080566406e+00	2.814694166183471680e+00	2.804572105407714844e+00	2.796052217483520508e+00	2.790531396865844727e+00	2.788059473037719727e+00	2.788122892379760742e+00	2.790029287338256836e+00	2.793093204498291016e+00	2.796670436859130859e+00	2.800230741500854492e+00	2.803400993347167969e+00	2.805833101272583008e+00	2.807056903839111328e+00	2.806868314743041992e+00	2.805583953857421875e+00	2.803924560546875000e+00	2.802858591079711914e+00	2.802581071853637695e+00	2.801949024200439453e+00	2.801229000091552734e+00	2.802360534667968750e+00	2.806815624237060547e+00	2.815717697143554688e+00	2.829314231872558594e+00	2.846538305282592773e+00	2.865131616592407227e+00	2.881709814071655273e+00	2.892056226730346680e+00	2.892162561416625977e+00	2.881583929061889648e+00	2.864496707916259766e+00	2.846009492874145508e+00	2.829832315444946289e+00	2.817444801330566406e+00	2.808834075927734375e+00	2.803473472595214844e+00	2.799445629119873047e+00	2.795271873474121094e+00	2.791196107864379883e+00	2.788616895675659180e+00	2.789456605911254883e+00	2.794846773147583008e+00	2.805720329284667969e+00	2.820542812347412109e+00	2.823884963989257812e+00	2.816131830215454102e+00	2.807213544845581055e+00	2.800178527832031250e+00
2.786578416824340820e+00	2.784536361694335938e+00	2.784231424331665039e+00	2.785267591476440430e+00	2.787309885025024414e+00	2.789878606796264648e+00	2.791776895523071289e+00	2.792282104492187500e+00	2.791627407073974609e+00	2.790389060974121094e+00	2.788979291915893555e+00	2.787744998931884766e+00	2.787209987640380859e+00	2.787942886352539062e+00	2.790123224258422852e+00	2.793363809585571289e+00	2.797328948974609375e+00	2.802127599716186523e+00	2.807502031326293945e+00	2.812222003936767578e+00	2.815495491027832031e+00	2.817515611648559570e+00	2.817601919174194336e+00	2.814264535903930664e+00	2.807539701461791992e+00	2.799867391586303711e+00	2.793592453002929688e+00	2.789557695388793945e+00	2.787781476974487305e+00	2.788164615631103516e+00	2.790216922760009766e+00	2.793121099472045898e+00	2.796136617660522461e+00	2.798632621765136719e+00	2.800068616867065430e+00	2.800171136856079102e+00	2.798898696899414062e+00	2.796746492385864258e+00	2.794595718383789062e+00	2.793407201766967773e+00	2.793459892272949219e+00	2.794054746627807617e+00	2.794653892517089844e+00	2.795291423797607422e+00	2.795960664749145508e+00	2.798671007156372070e+00	2.805227756500244141e+00	2.815989494323730469e+00	2.830292224884033203e+00	2.846810102462768555e+00	2.863481283187866211e+00	2.877178430557250977e+00	2.883268594741821289e+00	2.877728700637817383e+00	2.863160133361816406e+00	2.845174789428710938e+00	2.828577995300292969e+00	2.815738677978515625e+00	2.806981086730957031e+00	2.801322460174560547e+00	2.797132730484008789e+00	2.792861938476562500e+00	2.788654327392578125e+00	2.785777568817138672e+00	2.786109685897827148e+00	2.791553497314453125e+00	2.801425695419311523e+00	2.808624982833862305e+00	2.808296442031860352e+00	2.802397489547729492e+00	2.795767545700073242e+00	2.790412664413452148e+00
2.792136192321777344e+00	2.791242599487304688e+00	2.791473388671875000e+00	2.792695283889770508e+00	2.794289112091064453e+00	2.795634508132934570e+00	2.796371221542358398e+00	2.796206474304199219e+00	2.795066356658935547e+00	2.793414354324340820e+00	2.791828155517578125e+00	2.790959596633911133e+00	2.791463613510131836e+00	2.793751955032348633e+00	2.797996997833251953e+00	2.804285764694213867e+00	2.812514543533325195e+00	2.821753263473510742e+00	2.829433917999267578e+00	2.832770586013793945e+00	2.830687522888183594e+00	2.825046300888061523e+00	2.818869113922119141e+00	2.811942100524902344e+00	2.804243564605712891e+00	2.797371625900268555e+00	2.792872905731201172e+00	2.791409730911254883e+00	2.792505979537963867e+00	2.794991016387939453e+00	2.797715187072753906e+00	2.800493955612182617e+00	2.802802801132202148e+00	2.804171562194824219e+00	2.804792881011962891e+00	2.804984569549560547e+00	2.804401397705078125e+00	2.802478313446044922e+00	2.799622297286987305e+00	2.796898365020751953e+00	2.795083284378051758e+00	2.794571161270141602e+00	2.795655012130737305e+00	2.797918319702148438e+00	2.799274444580078125e+00	2.800923347473144531e+00	2.804970026016235352e+00	2.812875509262084961e+00	2.825048446655273438e+00	2.840846776962280273e+00	2.859113216400146484e+00	2.877833604812622070e+00	2.893308639526367188e+00	2.900503158569335938e+00	2.895625829696655273e+00	2.879801273345947266e+00	2.859533309936523438e+00	2.840667247772216797e+00	2.825802087783813477e+00	2.815172433853149414e+00	2.807640075683593750e+00	2.801710128784179688e+00	2.796505689620971680e+00	2.792325735092163086e+00	2.790214776992797852e+00	2.791213989257812500e+00	2.795361995697021484e+00	2.800435066223144531e+00	2.802278041839599609e+00	2.799936056137084961e+00	2.796476125717163086e+00	2.793895244598388672e+00
2.791743993759155273e+00	2.791380882263183594e+00	2.791772842407226562e+00	2.792693376541137695e+00	2.793842315673828125e+00	2.795044898986816406e+00	2.795877456665039062e+00	2.795724868774414062e+00	2.794590234756469727e+00	2.793095111846923828e+00	2.791800498962402344e+00	2.791146039962768555e+00	2.791558742523193359e+00	2.793517112731933594e+00	2.797415256500244141e+00	2.803373575210571289e+00	2.811318397521972656e+00	2.820437669754028320e+00	2.828186988830566406e+00	2.831810951232910156e+00	2.830337047576904297e+00	2.825361728668212891e+00	2.819628477096557617e+00	2.813203334808349609e+00	2.805540084838867188e+00	2.797957181930541992e+00	2.792377471923828125e+00	2.789774417877197266e+00	2.789913892745971680e+00	2.791843414306640625e+00	2.794664859771728516e+00	2.797937393188476562e+00	2.801012039184570312e+00	2.803317070007324219e+00	2.804839849472045898e+00	2.805624485015869141e+00	2.805056571960449219e+00	2.802666664123535156e+00	2.799199342727661133e+00	2.796048402786254883e+00	2.794192552566528320e+00	2.793936014175415039e+00	2.795053482055664062e+00	2.796975851058959961e+00	2.799529790878295898e+00	2.802961587905883789e+00	2.808122634887695312e+00	2.816415309906005859e+00	2.828541994094848633e+00	2.844100952148437500e+00	2.861864089965820312e+00	2.879759311676025391e+00	2.893978595733642578e+00	2.899210453033447266e+00	2.891868352890014648e+00	2.874427556991577148e+00	2.853903293609619141e+00	2.835630655288696289e+00	2.821749210357666016e+00	2.812192678451538086e+00	2.805587768554687500e+00	2.800202369689941406e+00	2.795235872268676758e+00	2.791256427764892578e+00	2.789354324340820312e+00	2.790535211563110352e+00	2.794637680053710938e+00	2.798891067504882812e+00	2.799770832061767578e+00	2.797425508499145508e+00	2.794641971588134766e+00	2.792796134948730469e+00
2.789382457733154297e+00	2.789235115051269531e+00	2.790251493453979492e+00	2.792315483093261719e+00	2.794112443923950195e+00	2.793624639511108398e+00	2.792202234268188477e+00	2.791058063507080078e+00	2.790160655975341797e+00	2.789432764053344727e+00	2.788894653320312500e+00	2.788679361343383789e+00	2.789017915725708008e+00	2.790382146835327148e+00	2.793379068374633789e+00	2.798114061355590820e+00	2.804350376129150391e+00	2.811425447463989258e+00	2.817640066146850586e+00	2.821215152740478516e+00	2.821247100830078125e+00	2.817955732345581055e+00	2.812367916107177734e+00	2.805368661880493164e+00	2.798406839370727539e+00	2.792750358581542969e+00	2.789255380630493164e+00	2.788259506225585938e+00	2.789056062698364258e+00	2.790904283523559570e+00	2.793312788009643555e+00	2.795605182647705078e+00	2.797281265258789062e+00	2.798434495925903320e+00	2.799461364746093750e+00	2.800516366958618164e+00	2.800903320312500000e+00	2.799815654754638672e+00	2.797583580017089844e+00	2.795097351074218750e+00	2.793155908584594727e+00	2.792344570159912109e+00	2.792776823043823242e+00	2.794109106063842773e+00	2.795632123947143555e+00	2.797149419784545898e+00	2.800297975540161133e+00	2.806837081909179688e+00	2.817122936248779297e+00	2.830397844314575195e+00	2.845270872116088867e+00	2.859789371490478516e+00	2.870895624160766602e+00	2.874882698059082031e+00	2.869820117950439453e+00	2.857390642166137695e+00	2.841945171356201172e+00	2.827646493911743164e+00	2.816386222839355469e+00	2.808010578155517578e+00	2.801491498947143555e+00	2.795991420745849609e+00	2.791471958160400391e+00	2.788571596145629883e+00	2.788309812545776367e+00	2.791414022445678711e+00	2.796723842620849609e+00	2.800118207931518555e+00	2.799159288406372070e+00	2.795777320861816406e+00	2.792484283447265625e+00	2.790420055389404297e+00
2.788629293441772461e+00	2.789394140243530273e+00	2.790417909622192383e+00	2.790989160537719727e+00	2.790302038192749023e+00	2.788864612579345703e+00	2.788000583648681641e+00	2.788002252578735352e+00	2.788442850112915039e+00	2.788862943649291992e+00	2.789348840713500977e+00	2.790256500244140625e+00	2.792490720748901367e+00	2.796909809112548828e+00	2.803479433059692383e+00	2.810673475265502930e+00	2.817251205444335938e+00	2.822270393371582031e+00	2.824210882186889648e+00	2.821939706802368164e+00	2.817004442214965820e+00	2.811020374298095703e+00	2.804390907287597656e+00	2.798103809356689453e+00	2.793505430221557617e+00	2.791076660156250000e+00	2.790451765060424805e+00	2.791193008422851562e+00	2.792916297912597656e+00	2.795062780380249023e+00	2.796933889389038086e+00	2.797928094863891602e+00	2.797610759735107422e+00	2.796297550201416016e+00	2.794894456863403320e+00	2.793945312500000000e+00	2.793200492858886719e+00	2.792258977890014648e+00	2.791713476181030273e+00	2.791544914245605469e+00	2.790192365646362305e+00	2.788251399993896484e+00	2.786570072174072266e+00	2.785994768142700195e+00	2.786779403686523438e+00	2.788888216018676758e+00	2.792631149291992188e+00	2.798652172088623047e+00	2.807646751403808594e+00	2.819882869720458984e+00	2.834688901901245117e+00	2.850557565689086914e+00	2.865844726562500000e+00	2.878118515014648438e+00	2.884210824966430664e+00	2.881932735443115234e+00	2.872113704681396484e+00	2.857861995697021484e+00	2.842093467712402344e+00	2.827141523361206055e+00	2.814576387405395508e+00	2.805259943008422852e+00	2.799571752548217773e+00	2.797687530517578125e+00	2.799250602722167969e+00	2.802183866500854492e+00	2.803016424179077148e+00	2.799973249435424805e+00	2.795333147048950195e+00	2.791585683822631836e+00	2.789367675781250000e+00	2.788507461547851562e+00
2.788955926895141602e+00	2.789289236068725586e+00	2.789771795272827148e+00	2.790038824081420898e+00	2.789863109588623047e+00	2.789516925811767578e+00	2.789388656616210938e+00	2.789739608764648438e+00	2.790364503860473633e+00	2.790833473205566406e+00	2.791383504867553711e+00	2.792886972427368164e+00	2.796351671218872070e+00	2.802289724349975586e+00	2.807819128036499023e+00	2.811457157135009766e+00	2.816570997238159180e+00	2.821753263473510742e+00	2.824234962463378906e+00	2.821875333786010742e+00	2.816145181655883789e+00	2.809382915496826172e+00	2.802574157714843750e+00	2.796996355056762695e+00	2.793536901473999023e+00	2.792156934738159180e+00	2.792108774185180664e+00	2.792770385742187500e+00	2.794205427169799805e+00	2.796243429183959961e+00	2.798190116882324219e+00	2.799042463302612305e+00	2.798386335372924805e+00	2.796784400939941406e+00	2.795221328735351562e+00	2.794175386428833008e+00	2.793358325958251953e+00	2.792347669601440430e+00	2.791270256042480469e+00	2.790243625640869141e+00	2.788907527923583984e+00	2.787254333496093750e+00	2.786104440689086914e+00	2.786312341690063477e+00	2.787860870361328125e+00	2.790542364120483398e+00	2.794684648513793945e+00	2.800780057907104492e+00	2.809208393096923828e+00	2.820774555206298828e+00	2.835655927658081055e+00	2.852751255035400391e+00	2.869479417800903320e+00	2.881868839263916016e+00	2.886378765106201172e+00	2.882240295410156250e+00	2.871729373931884766e+00	2.857901573181152344e+00	2.843048810958862305e+00	2.828740835189819336e+00	2.816209793090820312e+00	2.806390285491943359e+00	2.799943923950195312e+00	2.797382593154907227e+00	2.798820495605468750e+00	2.802320718765258789e+00	2.803453445434570312e+00	2.800502300262451172e+00	2.795873641967773438e+00	2.792202472686767578e+00	2.790021419525146484e+00	2.789075374603271484e+00
2.789967536926269531e+00	2.788459062576293945e+00	2.787173986434936523e+00	2.786563396453857422e+00	2.786834478378295898e+00	2.787583589553833008e+00	2.788287162780761719e+00	2.788926362991333008e+00	2.789445638656616211e+00	2.789845943450927734e+00	2.790867090225219727e+00	2.793607711791992188e+00	2.797556638717651367e+00	2.800518989562988281e+00	2.802309513092041016e+00	2.804371118545532227e+00	2.807983398437500000e+00	2.811702489852905273e+00	2.813325643539428711e+00	2.811194896697998047e+00	2.806219816207885742e+00	2.800963163375854492e+00	2.796870470046997070e+00	2.794282436370849609e+00	2.792983293533325195e+00	2.792542695999145508e+00	2.793242931365966797e+00	2.795032978057861328e+00	2.797151565551757812e+00	2.798499107360839844e+00	2.798433303833007812e+00	2.797363519668579102e+00	2.795772314071655273e+00	2.794472932815551758e+00	2.793990135192871094e+00	2.794173002243041992e+00	2.794201135635375977e+00	2.793082714080810547e+00	2.790729761123657227e+00	2.788089036941528320e+00	2.785976171493530273e+00	2.784614324569702148e+00	2.784224271774291992e+00	2.784914970397949219e+00	2.786582469940185547e+00	2.789299488067626953e+00	2.793136835098266602e+00	2.798067092895507812e+00	2.804846763610839844e+00	2.813952684402465820e+00	2.824987649917602539e+00	2.836967468261718750e+00	2.848479986190795898e+00	2.856786489486694336e+00	2.859451532363891602e+00	2.856580972671508789e+00	2.849952220916748047e+00	2.841245889663696289e+00	2.831497669219970703e+00	2.821349620819091797e+00	2.811669349670410156e+00	2.803578376770019531e+00	2.798075437545776367e+00	2.796094894409179688e+00	2.798063755035400391e+00	2.802353143692016602e+00	2.804490804672241211e+00	2.802220582962036133e+00	2.798138856887817383e+00	2.794925689697265625e+00	2.792860746383666992e+00	2.791390895843505859e+00
2.787768840789794922e+00	2.786606073379516602e+00	2.786056756973266602e+00	2.786150217056274414e+00	2.786793231964111328e+00	2.787697792053222656e+00	2.788419723510742188e+00	2.788556814193725586e+00	2.788208961486816406e+00	2.788263797760009766e+00	2.789971113204956055e+00	2.794746160507202148e+00	2.801660299301147461e+00	2.807125091552734375e+00	2.809093713760375977e+00	2.810050964355468750e+00	2.812089920043945312e+00	2.812209844589233398e+00	2.808505296707153320e+00	2.801820516586303711e+00	2.794472694396972656e+00	2.788632392883300781e+00	2.785224199295043945e+00	2.784166336059570312e+00	2.784847736358642578e+00	2.786659955978393555e+00	2.788355112075805664e+00	2.789680480957031250e+00	2.790546894073486328e+00	2.790842771530151367e+00	2.790397167205810547e+00	2.789118051528930664e+00	2.787247896194458008e+00	2.785298109054565430e+00	2.783833742141723633e+00	2.783164739608764648e+00	2.782997608184814453e+00	2.782629728317260742e+00	2.781749963760375977e+00	2.780638456344604492e+00	2.779765844345092773e+00	2.779457569122314453e+00	2.779884576797485352e+00	2.781075716018676758e+00	2.782822370529174805e+00	2.784841537475585938e+00	2.787513017654418945e+00	2.791707515716552734e+00	2.797789096832275391e+00	2.805654764175415039e+00	2.815222501754760742e+00	2.826361179351806641e+00	2.838132858276367188e+00	2.848375558853149414e+00	2.854122161865234375e+00	2.853363513946533203e+00	2.846871852874755859e+00	2.836957693099975586e+00	2.825557947158813477e+00	2.813840389251708984e+00	2.803014039993286133e+00	2.794481515884399414e+00	2.789356946945190430e+00	2.788024187088012695e+00	2.789850950241088867e+00	2.792836427688598633e+00	2.794823169708251953e+00	2.795177459716796875e+00	2.794275999069213867e+00	2.792829751968383789e+00	2.791138887405395508e+00	2.789372920989990234e+00
2.794427156448364258e+00	2.793957233428955078e+00	2.793403148651123047e+00	2.792693853378295898e+00	2.791793107986450195e+00	2.790940999984741211e+00	2.789611816406250000e+00	2.787858009338378906e+00	2.787193298339843750e+00	2.788455009460449219e+00	2.792389392852783203e+00	2.799630880355834961e+00	2.810070753097534180e+00	2.820883274078369141e+00	2.826684951782226562e+00	2.829220294952392578e+00	2.832158803939819336e+00	2.832447290420532227e+00	2.826567411422729492e+00	2.816743373870849609e+00	2.807284355163574219e+00	2.800001621246337891e+00	2.794875383377075195e+00	2.791815280914306641e+00	2.790895462036132812e+00	2.791604042053222656e+00	2.793206930160522461e+00	2.795435905456542969e+00	2.798264265060424805e+00	2.801365375518798828e+00	2.803910732269287109e+00	2.804337263107299805e+00	2.802201509475708008e+00	2.798794269561767578e+00	2.794635772705078125e+00	2.790956974029541016e+00	2.789049148559570312e+00	2.789171934127807617e+00	2.791141271591186523e+00	2.794069766998291016e+00	2.795651674270629883e+00	2.793768167495727539e+00	2.789079666137695312e+00	2.784671783447265625e+00	2.782776355743408203e+00	2.783933401107788086e+00	2.787712574005126953e+00	2.793235301971435547e+00	2.799987554550170898e+00	2.808451175689697266e+00	2.819797277450561523e+00	2.835148096084594727e+00	2.854373455047607422e+00	2.875085115432739258e+00	2.892050266265869141e+00	2.898787975311279297e+00	2.893187999725341797e+00	2.878871917724609375e+00	2.860772848129272461e+00	2.842412471771240234e+00	2.826069593429565430e+00	2.813116073608398438e+00	2.803998708724975586e+00	2.798317193984985352e+00	2.795163631439208984e+00	2.793670415878295898e+00	2.793204069137573242e+00	2.793121337890625000e+00	2.793193340301513672e+00	2.793530464172363281e+00	2.794018507003784180e+00	2.794450998306274414e+00
2.796707868576049805e+00	2.795649290084838867e+00	2.794546604156494141e+00	2.793657779693603516e+00	2.792519330978393555e+00	2.790678262710571289e+00	2.788204669952392578e+00	2.786080598831176758e+00	2.785400867462158203e+00	2.786927461624145508e+00	2.791136503219604492e+00	2.798241853713989258e+00	2.807821035385131836e+00	2.817542791366577148e+00	2.823468923568725586e+00	2.826753854751586914e+00	2.830498695373535156e+00	2.831586599349975586e+00	2.826455831527709961e+00	2.817246675491333008e+00	2.807982683181762695e+00	2.800549268722534180e+00	2.795309066772460938e+00	2.792250633239746094e+00	2.791224241256713867e+00	2.791898012161254883e+00	2.793697118759155273e+00	2.796208620071411133e+00	2.799217224121093750e+00	2.802148818969726562e+00	2.803953170776367188e+00	2.803923368453979492e+00	2.801924943923950195e+00	2.798496961593627930e+00	2.794638395309448242e+00	2.791538476943969727e+00	2.790089368820190430e+00	2.790452480316162109e+00	2.792562723159790039e+00	2.795439243316650391e+00	2.796367168426513672e+00	2.793514728546142578e+00	2.788601398468017578e+00	2.784621000289916992e+00	2.783325910568237305e+00	2.785114765167236328e+00	2.789518594741821289e+00	2.795732736587524414e+00	2.803053140640258789e+00	2.811941623687744141e+00	2.823858261108398438e+00	2.839928388595581055e+00	2.860139608383178711e+00	2.882146120071411133e+00	2.899914979934692383e+00	2.906806230545043945e+00	2.900391340255737305e+00	2.884739875793457031e+00	2.865426301956176758e+00	2.845863103866577148e+00	2.828405857086181641e+00	2.814720392227172852e+00	2.805455207824707031e+00	2.800183773040771484e+00	2.797717332839965820e+00	2.796624183654785156e+00	2.795653104782104492e+00	2.794717550277709961e+00	2.794589996337890625e+00	2.795410156250000000e+00	2.796441793441772461e+00	2.796977281570434570e+00
2.799067258834838867e+00	2.798769950866699219e+00	2.798202991485595703e+00	2.798520565032958984e+00	2.798947095870971680e+00	2.797683477401733398e+00	2.794134140014648438e+00	2.789221048355102539e+00	2.785019874572753906e+00	2.783067941665649414e+00	2.783927440643310547e+00	2.787465333938598633e+00	2.792617321014404297e+00	2.797642707824707031e+00	2.801747322082519531e+00	2.805611371994018555e+00	2.809371948242187500e+00	2.811260700225830078e+00	2.809365272521972656e+00	2.804636240005493164e+00	2.799279689788818359e+00	2.794519901275634766e+00	2.791183233261108398e+00	2.789882898330688477e+00	2.790366411209106445e+00	2.791610717773437500e+00	2.792648553848266602e+00	2.793168306350708008e+00	2.793524742126464844e+00	2.793800592422485352e+00	2.793567419052124023e+00	2.792412281036376953e+00	2.790282964706420898e+00	2.787506580352783203e+00	2.784748077392578125e+00	2.782780647277832031e+00	2.782151937484741211e+00	2.783238887786865234e+00	2.786389827728271484e+00	2.791363477706909180e+00	2.796328544616699219e+00	2.798048973083496094e+00	2.796105384826660156e+00	2.793834924697875977e+00	2.793574810028076172e+00	2.795846700668334961e+00	2.800170183181762695e+00	2.805132150650024414e+00	2.808732032775878906e+00	2.812512874603271484e+00	2.819180727005004883e+00	2.829744338989257812e+00	2.844540596008300781e+00	2.861961841583251953e+00	2.877852201461791992e+00	2.886171340942382812e+00	2.883819341659545898e+00	2.873027086257934570e+00	2.858044147491455078e+00	2.841899394989013672e+00	2.826319456100463867e+00	2.812896966934204102e+00	2.803007364273071289e+00	2.796971082687377930e+00	2.793664455413818359e+00	2.791651248931884766e+00	2.790391206741333008e+00	2.789954900741577148e+00	2.790632724761962891e+00	2.792830705642700195e+00	2.796081542968750000e+00	2.798220634460449219e+00
2.803204059600830078e+00	2.802558422088623047e+00	2.800540447235107422e+00	2.798296451568603516e+00	2.796160936355590820e+00	2.794116735458374023e+00	2.792277574539184570e+00	2.790909528732299805e+00	2.790310382843017578e+00	2.791128873825073242e+00	2.794256210327148438e+00	2.800132036209106445e+00	2.807946920394897461e+00	2.815318346023559570e+00	2.820475578308105469e+00	2.824688673019409180e+00	2.828465461730957031e+00	2.828340768814086914e+00	2.821961402893066406e+00	2.812876462936401367e+00	2.805257797241210938e+00	2.800172805786132812e+00	2.797326087951660156e+00	2.796417951583862305e+00	2.796838998794555664e+00	2.797656536102294922e+00	2.798380374908447266e+00	2.799002647399902344e+00	2.799415826797485352e+00	2.799311161041259766e+00	2.798297405242919922e+00	2.796197175979614258e+00	2.793434619903564453e+00	2.790805578231811523e+00	2.789034605026245117e+00	2.788523435592651367e+00	2.789488077163696289e+00	2.792251110076904297e+00	2.797334909439086914e+00	2.804537057876586914e+00	2.810194492340087891e+00	2.808623552322387695e+00	2.800977945327758789e+00	2.794008970260620117e+00	2.791632175445556641e+00	2.794126033782958984e+00	2.799992561340332031e+00	2.806029319763183594e+00	2.810077428817749023e+00	2.813579797744750977e+00	2.819327354431152344e+00	2.829572916030883789e+00	2.845386505126953125e+00	2.865865230560302734e+00	2.887698173522949219e+00	2.904872179031372070e+00	2.911155223846435547e+00	2.904233932495117188e+00	2.887472867965698242e+00	2.866745948791503906e+00	2.846304178237915039e+00	2.828504562377929688e+00	2.814656019210815430e+00	2.805379629135131836e+00	2.800206422805786133e+00	2.797685623168945312e+00	2.796238422393798828e+00	2.795161485671997070e+00	2.794864892959594727e+00	2.796026706695556641e+00	2.798653125762939453e+00	2.801620483398437500e+00
2.801097393035888672e+00	2.800951957702636719e+00	2.799514770507812500e+00	2.797550439834594727e+00	2.795239686965942383e+00	2.792889595031738281e+00	2.790941953659057617e+00	2.789778709411621094e+00	2.789861440658569336e+00	2.791671991348266602e+00	2.795706748962402344e+00	2.802236318588256836e+00	2.810334920883178711e+00	2.817545413970947266e+00	2.822390317916870117e+00	2.826333284378051758e+00	2.830067396163940430e+00	2.830588340759277344e+00	2.824756622314453125e+00	2.815213441848754883e+00	2.807003498077392578e+00	2.801806688308715820e+00	2.798964977264404297e+00	2.797726869583129883e+00	2.797731637954711914e+00	2.798271656036376953e+00	2.798794269561767578e+00	2.799113750457763672e+00	2.799413919448852539e+00	2.799483537673950195e+00	2.798744201660156250e+00	2.796877384185791016e+00	2.794020175933837891e+00	2.791449546813964844e+00	2.790140390396118164e+00	2.790368795394897461e+00	2.792051553726196289e+00	2.795252323150634766e+00	2.800462484359741211e+00	2.807313919067382812e+00	2.812109231948852539e+00	2.809232950210571289e+00	2.801275730133056641e+00	2.794743061065673828e+00	2.792115211486816406e+00	2.793979167938232422e+00	2.799427270889282227e+00	2.805346488952636719e+00	2.809294939041137695e+00	2.813026666641235352e+00	2.819148302078247070e+00	2.829792261123657227e+00	2.846094846725463867e+00	2.867141485214233398e+00	2.889719247817993164e+00	2.907941341400146484e+00	2.915153741836547852e+00	2.908500194549560547e+00	2.891179800033569336e+00	2.869242429733276367e+00	2.847464799880981445e+00	2.828535079956054688e+00	2.814043045043945312e+00	2.804863691329956055e+00	2.800379514694213867e+00	2.798738479614257812e+00	2.797906875610351562e+00	2.796829223632812500e+00	2.795835494995117188e+00	2.795812606811523438e+00	2.797207593917846680e+00	2.799476146697998047e+00
2.789438724517822266e+00	2.788338661193847656e+00	2.787537574768066406e+00	2.787249326705932617e+00	2.787159919738769531e+00	2.787017107009887695e+00	2.786623239517211914e+00	2.786274433135986328e+00	2.786919832229614258e+00	2.789374113082885742e+00	2.794132232666015625e+00	2.801140308380126953e+00	2.809273481369018555e+00	2.816286087036132812e+00	2.820607662200927734e+00	2.823818445205688477e+00	2.826730251312255859e+00	2.826411485671997070e+00	2.820716142654418945e+00	2.811226367950439453e+00	2.802689313888549805e+00	2.797240257263183594e+00	2.794506788253784180e+00	2.793569087982177734e+00	2.793505907058715820e+00	2.793450117111206055e+00	2.792927503585815430e+00	2.792365789413452148e+00	2.792202949523925781e+00	2.792198896408081055e+00	2.791754961013793945e+00	2.790638208389282227e+00	2.789563417434692383e+00	2.789300441741943359e+00	2.788672447204589844e+00	2.788431882858276367e+00	2.789659023284912109e+00	2.791705846786499023e+00	2.794163465499877930e+00	2.797000646591186523e+00	2.798077821731567383e+00	2.794616222381591797e+00	2.789001941680908203e+00	2.784204959869384766e+00	2.781648159027099609e+00	2.781935453414916992e+00	2.784912586212158203e+00	2.789811372756958008e+00	2.795728206634521484e+00	2.802501201629638672e+00	2.811099529266357422e+00	2.822866678237915039e+00	2.838425874710083008e+00	2.856727600097656250e+00	2.874773025512695312e+00	2.888468027114868164e+00	2.894263982772827148e+00	2.889347076416015625e+00	2.873303174972534180e+00	2.852511405944824219e+00	2.832778453826904297e+00	2.816267013549804688e+00	2.803892374038696289e+00	2.796211719512939453e+00	2.792606592178344727e+00	2.791540622711181641e+00	2.791229248046875000e+00	2.790671110153198242e+00	2.789982795715332031e+00	2.789683341979980469e+00	2.789926052093505859e+00	2.790071487426757812e+00
2.801403999328613281e+00	2.800210237503051758e+00	2.798262596130371094e+00	2.796009063720703125e+00	2.793839216232299805e+00	2.792106151580810547e+00	2.791072607040405273e+00	2.791250705718994141e+00	2.793254613876342773e+00	2.797758102416992188e+00	2.805522203445434570e+00	2.816710472106933594e+00	2.829661369323730469e+00	2.838302612304687500e+00	2.837041139602661133e+00	2.833884000778198242e+00	2.830978870391845703e+00	2.825674295425415039e+00	2.818186044692993164e+00	2.810976982116699219e+00	2.805680751800537109e+00	2.802275180816650391e+00	2.800290822982788086e+00	2.799577236175537109e+00	2.799819231033325195e+00	2.800189018249511719e+00	2.800425767898559570e+00	2.800680398941040039e+00	2.800794363021850586e+00	2.800506353378295898e+00	2.799485206604003906e+00	2.797826528549194336e+00	2.796353101730346680e+00	2.795775175094604492e+00	2.796089887619018555e+00	2.797790288925170898e+00	2.801083087921142578e+00	2.805302619934082031e+00	2.810840129852294922e+00	2.818028926849365234e+00	2.824050664901733398e+00	2.822836637496948242e+00	2.810002565383911133e+00	2.797502279281616211e+00	2.790082216262817383e+00	2.787482500076293945e+00	2.789042234420776367e+00	2.793448925018310547e+00	2.799072980880737305e+00	2.804957866668701172e+00	2.811748743057250977e+00	2.821187257766723633e+00	2.834896564483642578e+00	2.852975606918334961e+00	2.873308658599853516e+00	2.891457319259643555e+00	2.901716709136962891e+00	2.900244474411010742e+00	2.888236284255981445e+00	2.870176553726196289e+00	2.850478172302246094e+00	2.832300424575805664e+00	2.818055391311645508e+00	2.809202909469604492e+00	2.805388212203979492e+00	2.804401874542236328e+00	2.803623199462890625e+00	2.802095890045166016e+00	2.800602674484252930e+00	2.800030231475830078e+00	2.800532102584838867e+00	2.801372528076171875e+00
2.803567886352539062e+00	2.801814079284667969e+00	2.799540758132934570e+00	2.796860933303833008e+00	2.794487237930297852e+00	2.792907953262329102e+00	2.792121887207031250e+00	2.792705535888671875e+00	2.795231342315673828e+00	2.800101757049560547e+00	2.808005332946777344e+00	2.819444894790649414e+00	2.832923412322998047e+00	2.840473651885986328e+00	2.837414026260375977e+00	2.833443164825439453e+00	2.830049037933349609e+00	2.824683666229248047e+00	2.817634582519531250e+00	2.811090469360351562e+00	2.806200504302978516e+00	2.802434444427490234e+00	2.799631118774414062e+00	2.798380851745605469e+00	2.798683166503906250e+00	2.799884796142578125e+00	2.801415205001831055e+00	2.802794933319091797e+00	2.803471326828002930e+00	2.803004026412963867e+00	2.801121234893798828e+00	2.798084020614624023e+00	2.794910907745361328e+00	2.792866230010986328e+00	2.792855978012084961e+00	2.795179605484008789e+00	2.799389600753784180e+00	2.804763078689575195e+00	2.811462640762329102e+00	2.818680763244628906e+00	2.823812484741210938e+00	2.823883533477783203e+00	2.812357187271118164e+00	2.799316644668579102e+00	2.791315555572509766e+00	2.788573265075683594e+00	2.790101289749145508e+00	2.794517517089843750e+00	2.800374507904052734e+00	2.806846618652343750e+00	2.814157485961914062e+00	2.823777437210083008e+00	2.837700605392456055e+00	2.856210708618164062e+00	2.877128601074218750e+00	2.895975589752197266e+00	2.907200336456298828e+00	2.906824827194213867e+00	2.895796775817871094e+00	2.878174781799316406e+00	2.857827663421630859e+00	2.838422298431396484e+00	2.823268890380859375e+00	2.814199447631835938e+00	2.810661077499389648e+00	2.809864282608032227e+00	2.808682203292846680e+00	2.806261777877807617e+00	2.803992748260498047e+00	2.803088665008544922e+00	2.803522825241088867e+00	2.804113864898681641e+00
2.799946546554565430e+00	2.797529458999633789e+00	2.794577836990356445e+00	2.792199373245239258e+00	2.790935277938842773e+00	2.790416955947875977e+00	2.790767908096313477e+00	2.792675018310546875e+00	2.795910358428955078e+00	2.800179719924926758e+00	2.806159973144531250e+00	2.814187288284301758e+00	2.822717666625976562e+00	2.826985597610473633e+00	2.825354814529418945e+00	2.823860168457031250e+00	2.822295427322387695e+00	2.818264484405517578e+00	2.811936855316162109e+00	2.805470943450927734e+00	2.800591707229614258e+00	2.797444820404052734e+00	2.795768737792968750e+00	2.795477151870727539e+00	2.796050786972045898e+00	2.796991109848022461e+00	2.798165321350097656e+00	2.799329519271850586e+00	2.799947261810302734e+00	2.799398899078369141e+00	2.797399282455444336e+00	2.794306993484497070e+00	2.791179418563842773e+00	2.789359092712402344e+00	2.789891481399536133e+00	2.793049097061157227e+00	2.797840595245361328e+00	2.802530527114868164e+00	2.806757688522338867e+00	2.809829711914062500e+00	2.810146331787109375e+00	2.809193611145019531e+00	2.803225040435791016e+00	2.793744087219238281e+00	2.788259029388427734e+00	2.786822080612182617e+00	2.788729667663574219e+00	2.793031215667724609e+00	2.798503160476684570e+00	2.804381370544433594e+00	2.811431646347045898e+00	2.820976018905639648e+00	2.834023952484130859e+00	2.850440979003906250e+00	2.868215322494506836e+00	2.883846521377563477e+00	2.893502950668334961e+00	2.893643856048583984e+00	2.884148359298706055e+00	2.868849277496337891e+00	2.850798606872558594e+00	2.833214521408081055e+00	2.819610834121704102e+00	2.811873912811279297e+00	2.809321641921997070e+00	2.808686733245849609e+00	2.806535720825195312e+00	2.803127288818359375e+00	2.800421237945556641e+00	2.799436807632446289e+00	2.799963474273681641e+00	2.800681591033935547e+00
2.788826704025268555e+00	2.787993192672729492e+00	2.785777807235717773e+00	2.783477306365966797e+00	2.781792640686035156e+00	2.780910491943359375e+00	2.781437873840332031e+00	2.783760547637939453e+00	2.786847114562988281e+00	2.789604187011718750e+00	2.793115854263305664e+00	2.799427032470703125e+00	2.805088996887207031e+00	2.805500030517578125e+00	2.805810689926147461e+00	2.807192564010620117e+00	2.807787179946899414e+00	2.805486202239990234e+00	2.800423383712768555e+00	2.794864654541015625e+00	2.790886163711547852e+00	2.788976907730102539e+00	2.788386821746826172e+00	2.788612365722656250e+00	2.789420604705810547e+00	2.790294170379638672e+00	2.790894985198974609e+00	2.791241884231567383e+00	2.791372299194335938e+00	2.790876626968383789e+00	2.789248466491699219e+00	2.786596059799194336e+00	2.783712625503540039e+00	2.781700611114501953e+00	2.781561613082885742e+00	2.783463478088378906e+00	2.786293029785156250e+00	2.788683414459228516e+00	2.790587186813354492e+00	2.792116641998291016e+00	2.791858196258544922e+00	2.788838624954223633e+00	2.784647703170776367e+00	2.781053781509399414e+00	2.778797149658203125e+00	2.778311491012573242e+00	2.779920339584350586e+00	2.783447027206420898e+00	2.788277626037597656e+00	2.794011592864990234e+00	2.801069021224975586e+00	2.810604810714721680e+00	2.823685884475708008e+00	2.840393781661987305e+00	2.858667850494384766e+00	2.873537302017211914e+00	2.879566192626953125e+00	2.875460624694824219e+00	2.864242792129516602e+00	2.849473953247070312e+00	2.833525896072387695e+00	2.818665981292724609e+00	2.807661294937133789e+00	2.802566289901733398e+00	2.802941083908081055e+00	2.803649187088012695e+00	2.800109624862670898e+00	2.793799638748168945e+00	2.788551092147827148e+00	2.786096334457397461e+00	2.786236524581909180e+00	2.787752389907836914e+00
2.789248466491699219e+00	2.788184165954589844e+00	2.786869287490844727e+00	2.785821676254272461e+00	2.785354375839233398e+00	2.784955739974975586e+00	2.785663843154907227e+00	2.788267850875854492e+00	2.792492389678955078e+00	2.797003269195556641e+00	2.802435874938964844e+00	2.810652494430541992e+00	2.819466352462768555e+00	2.822267055511474609e+00	2.820885658264160156e+00	2.819475412368774414e+00	2.817543029785156250e+00	2.812826395034790039e+00	2.805470943450927734e+00	2.798227548599243164e+00	2.793195486068725586e+00	2.790782928466796875e+00	2.790335893630981445e+00	2.791050195693969727e+00	2.792569398880004883e+00	2.794317483901977539e+00	2.795613288879394531e+00	2.796336412429809570e+00	2.796389818191528320e+00	2.795312404632568359e+00	2.792743921279907227e+00	2.789163112640380859e+00	2.785716056823730469e+00	2.783468246459960938e+00	2.783175706863403320e+00	2.785140991210937500e+00	2.788527727127075195e+00	2.791781663894653320e+00	2.794160127639770508e+00	2.795628309249877930e+00	2.795125722885131836e+00	2.791780948638916016e+00	2.787135362625122070e+00	2.783167362213134766e+00	2.780668020248413086e+00	2.779797315597534180e+00	2.780656337738037109e+00	2.783275842666625977e+00	2.787460327148437500e+00	2.793195009231567383e+00	2.800920009613037109e+00	2.811509132385253906e+00	2.825864553451538086e+00	2.843733549118041992e+00	2.863183736801147461e+00	2.879979610443115234e+00	2.888362884521484375e+00	2.886846303939819336e+00	2.877849340438842773e+00	2.864042520523071289e+00	2.847584247589111328e+00	2.831310033798217773e+00	2.818608045578002930e+00	2.811949491500854492e+00	2.810240983963012695e+00	2.809584617614746094e+00	2.806521177291870117e+00	2.801063537597656250e+00	2.796017885208129883e+00	2.792574644088745117e+00	2.790832996368408203e+00	2.790056705474853516e+00
2.793507099151611328e+00	2.791991472244262695e+00	2.789986371994018555e+00	2.787268877029418945e+00	2.784769773483276367e+00	2.783386945724487305e+00	2.783188104629516602e+00	2.784148693084716797e+00	2.786728620529174805e+00	2.791852474212646484e+00	2.800820350646972656e+00	2.812789440155029297e+00	2.820485353469848633e+00	2.823254346847534180e+00	2.821366548538208008e+00	2.819595336914062500e+00	2.818192243576049805e+00	2.814590692520141602e+00	2.808004379272460938e+00	2.800357103347778320e+00	2.794631004333496094e+00	2.791439294815063477e+00	2.790172815322875977e+00	2.790476083755493164e+00	2.791982650756835938e+00	2.793851137161254883e+00	2.795162439346313477e+00	2.795677423477172852e+00	2.795681476593017578e+00	2.794831037521362305e+00	2.792694091796875000e+00	2.789649963378906250e+00	2.786560058593750000e+00	2.784418821334838867e+00	2.784172058105468750e+00	2.786232233047485352e+00	2.789813518524169922e+00	2.793377637863159180e+00	2.796902894973754883e+00	2.800692558288574219e+00	2.801449060440063477e+00	2.796239852905273438e+00	2.788838863372802734e+00	2.782787561416625977e+00	2.779371500015258789e+00	2.778895139694213867e+00	2.780838251113891602e+00	2.784377813339233398e+00	2.788827419281005859e+00	2.794181585311889648e+00	2.801224470138549805e+00	2.811229228973388672e+00	2.825231552124023438e+00	2.843108654022216797e+00	2.862994194030761719e+00	2.880575895309448242e+00	2.889985799789428711e+00	2.888271570205688477e+00	2.879017829895019531e+00	2.865521430969238281e+00	2.849294185638427734e+00	2.832471370697021484e+00	2.817885160446166992e+00	2.807253360748291016e+00	2.801073551177978516e+00	2.798550844192504883e+00	2.797273635864257812e+00	2.795577049255371094e+00	2.794098138809204102e+00	2.793479919433593750e+00	2.793750762939453125e+00	2.794124364852905273e+00
2.784670352935791016e+00	2.782213926315307617e+00	2.780393123626708984e+00	2.779723167419433594e+00	2.777895927429199219e+00	2.776291608810424805e+00	2.776268959045410156e+00	2.777577161788940430e+00	2.780086755752563477e+00	2.783684015274047852e+00	2.788151741027832031e+00	2.793534278869628906e+00	2.798977136611938477e+00	2.801917076110839844e+00	2.801452875137329102e+00	2.799939393997192383e+00	2.799983739852905273e+00	2.799279928207397461e+00	2.796255826950073242e+00	2.792695760726928711e+00	2.790139436721801758e+00	2.785765886306762695e+00	2.783566236495971680e+00	2.784155607223510742e+00	2.786357164382934570e+00	2.788738489151000977e+00	2.790429115295410156e+00	2.791240215301513672e+00	2.791087150573730469e+00	2.790259361267089844e+00	2.788692712783813477e+00	2.786031484603881836e+00	2.782640933990478516e+00	2.780036449432373047e+00	2.779492616653442383e+00	2.780548095703125000e+00	2.782350540161132812e+00	2.784466505050659180e+00	2.786927461624145508e+00	2.788755655288696289e+00	2.786685466766357422e+00	2.783016443252563477e+00	2.779959917068481445e+00	2.777934551239013672e+00	2.777154684066772461e+00	2.778233051300048828e+00	2.780604124069213867e+00	2.783603906631469727e+00	2.786661624908447266e+00	2.790288209915161133e+00	2.795513391494750977e+00	2.802831172943115234e+00	2.812338590621948242e+00	2.823224544525146484e+00	2.833676338195800781e+00	2.841893434524536133e+00	2.846774816513061523e+00	2.847426891326904297e+00	2.843581676483154297e+00	2.835520267486572266e+00	2.824943542480468750e+00	2.813658952713012695e+00	2.803145885467529297e+00	2.796525478363037109e+00	2.793704271316528320e+00	2.792791366577148438e+00	2.792240619659423828e+00	2.791239976882934570e+00	2.789812326431274414e+00	2.788440227508544922e+00	2.787353038787841797e+00	2.786369800567626953e+00
2.786844730377197266e+00	2.784630060195922852e+00	2.781849145889282227e+00	2.779484987258911133e+00	2.777777910232543945e+00	2.776696443557739258e+00	2.776353597640991211e+00	2.776963710784912109e+00	2.778931140899658203e+00	2.782642126083374023e+00	2.788075447082519531e+00	2.794977188110351562e+00	2.802376270294189453e+00	2.807414054870605469e+00	2.808906078338623047e+00	2.809345483779907227e+00	2.809462785720825195e+00	2.807385444641113281e+00	2.802468776702880859e+00	2.796560287475585938e+00	2.791476249694824219e+00	2.787991523742675781e+00	2.786382675170898438e+00	2.786653518676757812e+00	2.788041591644287109e+00	2.789344549179077148e+00	2.789804935455322266e+00	2.789623975753784180e+00	2.789215803146362305e+00	2.788332223892211914e+00	2.786587238311767578e+00	2.784106969833374023e+00	2.781629323959350586e+00	2.780217409133911133e+00	2.780513048171997070e+00	2.782207489013671875e+00	2.784210681915283203e+00	2.785346508026123047e+00	2.785704135894775391e+00	2.786860704421997070e+00	2.790276527404785156e+00	2.791942834854125977e+00	2.784021377563476562e+00	2.778673171997070312e+00	2.777172565460205078e+00	2.777768611907958984e+00	2.780244827270507812e+00	2.784240484237670898e+00	2.788991451263427734e+00	2.794366836547851562e+00	2.801227569580078125e+00	2.810613632202148438e+00	2.822928905487060547e+00	2.837711811065673828e+00	2.853462696075439453e+00	2.866161108016967773e+00	2.870120525360107422e+00	2.864574193954467773e+00	2.853945016860961914e+00	2.840793848037719727e+00	2.826147556304931641e+00	2.811792135238647461e+00	2.799845695495605469e+00	2.791691064834594727e+00	2.787435770034790039e+00	2.786405801773071289e+00	2.787512540817260742e+00	2.789088010787963867e+00	2.789476394653320312e+00	2.788668394088745117e+00	2.788008928298950195e+00	2.787750720977783203e+00
2.793686389923095703e+00	2.791593074798583984e+00	2.788949489593505859e+00	2.786500215530395508e+00	2.784404277801513672e+00	2.782649755477905273e+00	2.781351804733276367e+00	2.781157732009887695e+00	2.783147335052490234e+00	2.788162946701049805e+00	2.796378850936889648e+00	2.807908535003662109e+00	2.821624994277954102e+00	2.829185724258422852e+00	2.827769517898559570e+00	2.825434923171997070e+00	2.824497699737548828e+00	2.821852207183837891e+00	2.815070390701293945e+00	2.806301116943359375e+00	2.798861742019653320e+00	2.794221401214599609e+00	2.792277336120605469e+00	2.792479038238525391e+00	2.794145107269287109e+00	2.796084880828857422e+00	2.797251224517822266e+00	2.797385931015014648e+00	2.796675682067871094e+00	2.795072078704833984e+00	2.792482137680053711e+00	2.789365530014038086e+00	2.786606550216674805e+00	2.784975051879882812e+00	2.784965515136718750e+00	2.786629915237426758e+00	2.789033412933349609e+00	2.791060924530029297e+00	2.793233156204223633e+00	2.796468257904052734e+00	2.799548149108886719e+00	2.798175096511840820e+00	2.791247367858886719e+00	2.783979654312133789e+00	2.780081748962402344e+00	2.780126333236694336e+00	2.783107757568359375e+00	2.787808895111083984e+00	2.793153047561645508e+00	2.799103736877441406e+00	2.806869029998779297e+00	2.818163156509399414e+00	2.834231376647949219e+00	2.854585409164428711e+00	2.876109361648559570e+00	2.892442226409912109e+00	2.896748065948486328e+00	2.888758659362792969e+00	2.873533725738525391e+00	2.855157852172851562e+00	2.836085319519042969e+00	2.818860054016113281e+00	2.805655479431152344e+00	2.797147512435913086e+00	2.792433023452758789e+00	2.790223360061645508e+00	2.789447784423828125e+00	2.789478778839111328e+00	2.790180683135986328e+00	2.791455984115600586e+00	2.793041229248046875e+00	2.794162988662719727e+00
2.792178392410278320e+00	2.789946079254150391e+00	2.787448883056640625e+00	2.785234689712524414e+00	2.783254146575927734e+00	2.781464338302612305e+00	2.780074357986450195e+00	2.779645681381225586e+00	2.781054496765136719e+00	2.785249948501586914e+00	2.792913913726806641e+00	2.804063796997070312e+00	2.816894531250000000e+00	2.824069976806640625e+00	2.822638750076293945e+00	2.820470094680786133e+00	2.819561481475830078e+00	2.817197322845458984e+00	2.811478853225708008e+00	2.804069519042968750e+00	2.797621250152587891e+00	2.793310880661010742e+00	2.791244983673095703e+00	2.791243553161621094e+00	2.792776823043823242e+00	2.794771194458007812e+00	2.796334505081176758e+00	2.797122240066528320e+00	2.796951532363891602e+00	2.795612096786499023e+00	2.792887687683105469e+00	2.789307832717895508e+00	2.786040067672729492e+00	2.784094810485839844e+00	2.784162282943725586e+00	2.786259412765502930e+00	2.788709163665771484e+00	2.789609432220458984e+00	2.790386438369750977e+00	2.791889905929565430e+00	2.793203592300415039e+00	2.791589021682739258e+00	2.786631822586059570e+00	2.781575202941894531e+00	2.778678178787231445e+00	2.778847694396972656e+00	2.781764984130859375e+00	2.786444902420043945e+00	2.791995048522949219e+00	2.797998428344726562e+00	2.805169820785522461e+00	2.815636396408081055e+00	2.830631494522094727e+00	2.849311828613281250e+00	2.868464469909667969e+00	2.882521152496337891e+00	2.886400222778320312e+00	2.879691362380981445e+00	2.866143941879272461e+00	2.849682331085205078e+00	2.832647800445556641e+00	2.817093372344970703e+00	2.804850816726684570e+00	2.796636104583740234e+00	2.792039394378662109e+00	2.790135622024536133e+00	2.789672374725341797e+00	2.789533853530883789e+00	2.789574861526489258e+00	2.790410757064819336e+00	2.791958332061767578e+00	2.792957305908203125e+00
2.779796123504638672e+00	2.778330087661743164e+00	2.777395009994506836e+00	2.777310132980346680e+00	2.777752161026000977e+00	2.777886390686035156e+00	2.777518987655639648e+00	2.777595758438110352e+00	2.779105663299560547e+00	2.782701969146728516e+00	2.788366556167602539e+00	2.794649124145507812e+00	2.798607826232910156e+00	2.798012018203735352e+00	2.795163869857788086e+00	2.792334556579589844e+00	2.789894580841064453e+00	2.787654161453247070e+00	2.785500288009643555e+00	2.783870935440063477e+00	2.783337831497192383e+00	2.784162282943725586e+00	2.786115169525146484e+00	2.788549423217773438e+00	2.790741443634033203e+00	2.791861295700073242e+00	2.791842460632324219e+00	2.791548490524291992e+00	2.791547298431396484e+00	2.791727066040039062e+00	2.791579246520996094e+00	2.790538787841796875e+00	2.788581609725952148e+00	2.786674261093139648e+00	2.786291837692260742e+00	2.788054943084716797e+00	2.790609359741210938e+00	2.791691303253173828e+00	2.790845394134521484e+00	2.788486242294311523e+00	2.784334897994995117e+00	2.780427932739257812e+00	2.777117013931274414e+00	2.774985551834106445e+00	2.774388551712036133e+00	2.776049852371215820e+00	2.779823780059814453e+00	2.784600257873535156e+00	2.789403438568115234e+00	2.794214010238647461e+00	2.799711465835571289e+00	2.806624889373779297e+00	2.815314531326293945e+00	2.825517416000366211e+00	2.835982561111450195e+00	2.844566583633422852e+00	2.849308013916015625e+00	2.849800825119018555e+00	2.846311092376708984e+00	2.839624404907226562e+00	2.830423831939697266e+00	2.819486618041992188e+00	2.809103012084960938e+00	2.801163673400878906e+00	2.796139240264892578e+00	2.793369293212890625e+00	2.791387081146240234e+00	2.788774728775024414e+00	2.785619020462036133e+00	2.783142089843750000e+00	2.781821250915527344e+00	2.780993461608886719e+00
2.777976512908935547e+00	2.777424335479736328e+00	2.778625726699829102e+00	2.781067132949829102e+00	2.783761978149414062e+00	2.786020278930664062e+00	2.787301301956176758e+00	2.787441730499267578e+00	2.787092685699462891e+00	2.786683320999145508e+00	2.786577939987182617e+00	2.787066936492919922e+00	2.787202835083007812e+00	2.785957574844360352e+00	2.783542394638061523e+00	2.781137228012084961e+00	2.779761075973510742e+00	2.779713153839111328e+00	2.780629634857177734e+00	2.782496690750122070e+00	2.785662651062011719e+00	2.788800239562988281e+00	2.789889335632324219e+00	2.790549755096435547e+00	2.791160821914672852e+00	2.791074275970458984e+00	2.790517807006835938e+00	2.790455341339111328e+00	2.791318178176879883e+00	2.792463779449462891e+00	2.792753458023071289e+00	2.791704177856445312e+00	2.789700508117675781e+00	2.787970304489135742e+00	2.788178443908691406e+00	2.790365457534790039e+00	2.792442083358764648e+00	2.792610883712768555e+00	2.791469097137451172e+00	2.789685964584350586e+00	2.786177396774291992e+00	2.781672239303588867e+00	2.778158187866210938e+00	2.776414632797241211e+00	2.776561260223388672e+00	2.778542995452880859e+00	2.781973838806152344e+00	2.786168098449707031e+00	2.790126800537109375e+00	2.793124675750732422e+00	2.795788049697875977e+00	2.799279928207397461e+00	2.804137706756591797e+00	2.810519456863403320e+00	2.818255424499511719e+00	2.826777696609497070e+00	2.834604740142822266e+00	2.839604377746582031e+00	2.840955018997192383e+00	2.839653491973876953e+00	2.836254119873046875e+00	2.830555438995361328e+00	2.823572874069213867e+00	2.817038774490356445e+00	2.811287403106689453e+00	2.805667877197265625e+00	2.799570322036743164e+00	2.793305873870849609e+00	2.787686347961425781e+00	2.783589363098144531e+00	2.781018733978271484e+00	2.779317140579223633e+00
2.778641223907470703e+00	2.777734994888305664e+00	2.777807474136352539e+00	2.778847455978393555e+00	2.780220985412597656e+00	2.781710386276245117e+00	2.783232212066650391e+00	2.783875465393066406e+00	2.783531188964843750e+00	2.782990932464599609e+00	2.782973051071166992e+00	2.783784389495849609e+00	2.784787416458129883e+00	2.784940719604492188e+00	2.784175157546997070e+00	2.783417463302612305e+00	2.783360004425048828e+00	2.784180641174316406e+00	2.785641193389892578e+00	2.787560224533081055e+00	2.789888381958007812e+00	2.792390346527099609e+00	2.794688224792480469e+00	2.796398639678955078e+00	2.797146081924438477e+00	2.796809196472167969e+00	2.795526266098022461e+00	2.793524742126464844e+00	2.791233777999877930e+00	2.788925886154174805e+00	2.786255598068237305e+00	2.783252954483032227e+00	2.780891180038452148e+00	2.780171394348144531e+00	2.781344413757324219e+00	2.783547878265380859e+00	2.785444974899291992e+00	2.786192655563354492e+00	2.786370515823364258e+00	2.786076784133911133e+00	2.784689426422119141e+00	2.781885623931884766e+00	2.778440475463867188e+00	2.775749683380126953e+00	2.774701118469238281e+00	2.775609254837036133e+00	2.778307914733886719e+00	2.782042264938354492e+00	2.785431861877441406e+00	2.787775278091430664e+00	2.789725303649902344e+00	2.792934179306030273e+00	2.798310995101928711e+00	2.805778503417968750e+00	2.814944267272949219e+00	2.824900627136230469e+00	2.833940505981445312e+00	2.839728116989135742e+00	2.841156482696533203e+00	2.839478254318237305e+00	2.835453987121582031e+00	2.829165697097778320e+00	2.821484327316284180e+00	2.813373804092407227e+00	2.805507898330688477e+00	2.798647642135620117e+00	2.792998552322387695e+00	2.788428544998168945e+00	2.784970760345458984e+00	2.782710552215576172e+00	2.781260967254638672e+00	2.779944419860839844e+00
2.773198843002319336e+00	2.772511005401611328e+00	2.773226022720336914e+00	2.775267124176025391e+00	2.777519702911376953e+00	2.778519630432128906e+00	2.778270959854125977e+00	2.777131319046020508e+00	2.775243759155273438e+00	2.773464679718017578e+00	2.772708177566528320e+00	2.773240327835083008e+00	2.774598121643066406e+00	2.775881528854370117e+00	2.776753664016723633e+00	2.778034210205078125e+00	2.780395269393920898e+00	2.783731698989868164e+00	2.787693500518798828e+00	2.792153835296630859e+00	2.796685934066772461e+00	2.800027132034301758e+00	2.801707267761230469e+00	2.802461624145507812e+00	2.802292585372924805e+00	2.800925016403198242e+00	2.798584938049316406e+00	2.795808315277099609e+00	2.792854070663452148e+00	2.789224624633789062e+00	2.784206390380859375e+00	2.779622793197631836e+00	2.776773214340209961e+00	2.775473117828369141e+00	2.775208234786987305e+00	2.775204658508300781e+00	2.774572610855102539e+00	2.773869276046752930e+00	2.773934602737426758e+00	2.774340867996215820e+00	2.774536371231079102e+00	2.774814844131469727e+00	2.775163173675537109e+00	2.775132179260253906e+00	2.775142192840576172e+00	2.776114940643310547e+00	2.778457164764404297e+00	2.781599283218383789e+00	2.783684968948364258e+00	2.783965110778808594e+00	2.783204078674316406e+00	2.782573461532592773e+00	2.783442497253417969e+00	2.786457777023315430e+00	2.790934801101684570e+00	2.794934511184692383e+00	2.797498464584350586e+00	2.799740314483642578e+00	2.802176237106323242e+00	2.804539203643798828e+00	2.805753946304321289e+00	2.804975032806396484e+00	2.802536487579345703e+00	2.799295425415039062e+00	2.795901775360107422e+00	2.792800188064575195e+00	2.790210247039794922e+00	2.787411451339721680e+00	2.783905506134033203e+00	2.780287027359008789e+00	2.777249336242675781e+00	2.774872541427612305e+00
2.765457868576049805e+00	2.764859437942504883e+00	2.764902114868164062e+00	2.765692710876464844e+00	2.767521381378173828e+00	2.770422458648681641e+00	2.773905992507934570e+00	2.776067256927490234e+00	2.775184154510498047e+00	2.773046970367431641e+00	2.771093606948852539e+00	2.769670248031616211e+00	2.768742561340332031e+00	2.768337011337280273e+00	2.768609046936035156e+00	2.769718408584594727e+00	2.771744966506958008e+00	2.774687051773071289e+00	2.778519153594970703e+00	2.783085823059082031e+00	2.788053035736083984e+00	2.793019294738769531e+00	2.797414302825927734e+00	2.800357341766357422e+00	2.801105737686157227e+00	2.799843788146972656e+00	2.797206401824951172e+00	2.793423891067504883e+00	2.788470268249511719e+00	2.782943487167358398e+00	2.778610706329345703e+00	2.775828838348388672e+00	2.774112701416015625e+00	2.773351907730102539e+00	2.773188352584838867e+00	2.772831201553344727e+00	2.771912574768066406e+00	2.771025419235229492e+00	2.770851850509643555e+00	2.771268367767333984e+00	2.771368026733398438e+00	2.771136283874511719e+00	2.771724939346313477e+00	2.773340702056884766e+00	2.774833917617797852e+00	2.776595115661621094e+00	2.778853416442871094e+00	2.781276226043701172e+00	2.782476663589477539e+00	2.780934095382690430e+00	2.778261423110961914e+00	2.776536703109741211e+00	2.776240825653076172e+00	2.776903629302978516e+00	2.777769088745117188e+00	2.779162168502807617e+00	2.781673192977905273e+00	2.785379409790039062e+00	2.790187358856201172e+00	2.795486927032470703e+00	2.799939632415771484e+00	2.802021265029907227e+00	2.801304340362548828e+00	2.798166751861572266e+00	2.792448520660400391e+00	2.785612344741821289e+00	2.779971837997436523e+00	2.776108026504516602e+00	2.773468971252441406e+00	2.771210908889770508e+00	2.768936872482299805e+00	2.766870021820068359e+00
2.774448871612548828e+00	2.773483991622924805e+00	2.773030996322631836e+00	2.773391962051391602e+00	2.774558782577514648e+00	2.776312589645385742e+00	2.778477907180786133e+00	2.780617952346801758e+00	2.781923770904541016e+00	2.782091617584228516e+00	2.781564235687255859e+00	2.780879020690917969e+00	2.780093908309936523e+00	2.778930187225341797e+00	2.777480125427246094e+00	2.775980949401855469e+00	2.774758100509643555e+00	2.774240016937255859e+00	2.774649143218994141e+00	2.776112556457519531e+00	2.778467655181884766e+00	2.781156301498413086e+00	2.783550739288330078e+00	2.785334825515747070e+00	2.785960197448730469e+00	2.784978866577148438e+00	2.783066511154174805e+00	2.781097173690795898e+00	2.779506206512451172e+00	2.778822422027587891e+00	2.779623508453369141e+00	2.781895875930786133e+00	2.784897804260253906e+00	2.788024663925170898e+00	2.791292905807495117e+00	2.793596744537353516e+00	2.792614698410034180e+00	2.788108587265014648e+00	2.782692432403564453e+00	2.778445959091186523e+00	2.775839328765869141e+00	2.774707317352294922e+00	2.774906635284423828e+00	2.775445938110351562e+00	2.775507688522338867e+00	2.776102066040039062e+00	2.777767419815063477e+00	2.780017137527465820e+00	2.781942605972290039e+00	2.782232761383056641e+00	2.781593799591064453e+00	2.781534671783447266e+00	2.782640695571899414e+00	2.785132408142089844e+00	2.788695335388183594e+00	2.793867826461791992e+00	2.801160812377929688e+00	2.810162782669067383e+00	2.820041179656982422e+00	2.829769849777221680e+00	2.837605953216552734e+00	2.841150045394897461e+00	2.839113950729370117e+00	2.832454681396484375e+00	2.822379350662231445e+00	2.810222864151000977e+00	2.798754692077636719e+00	2.790019750595092773e+00	2.784209251403808594e+00	2.780480146408081055e+00	2.777772665023803711e+00	2.775802612304687500e+00
2.778607368469238281e+00	2.777349948883056641e+00	2.775918006896972656e+00	2.775372982025146484e+00	2.776301860809326172e+00	2.777809619903564453e+00	2.778818368911743164e+00	2.779543399810791016e+00	2.780136108398437500e+00	2.780939102172851562e+00	2.781852245330810547e+00	2.782147407531738281e+00	2.781583786010742188e+00	2.780504941940307617e+00	2.779295206069946289e+00	2.778288364410400391e+00	2.777691125869750977e+00	2.777615070343017578e+00	2.778461217880249023e+00	2.780258655548095703e+00	2.782632827758789062e+00	2.785259008407592773e+00	2.787854194641113281e+00	2.790076732635498047e+00	2.790907144546508789e+00	2.789796829223632812e+00	2.787673950195312500e+00	2.785731315612792969e+00	2.784361600875854492e+00	2.783449649810791016e+00	2.782750129699707031e+00	2.782614231109619141e+00	2.783379316329956055e+00	2.785213232040405273e+00	2.788943529129028320e+00	2.792934179306030273e+00	2.792593002319335938e+00	2.788465738296508789e+00	2.783013343811035156e+00	2.778250217437744141e+00	2.775196075439453125e+00	2.773843050003051758e+00	2.773526430130004883e+00	2.773609876632690430e+00	2.774548292160034180e+00	2.776410341262817383e+00	2.778709650039672852e+00	2.781080484390258789e+00	2.782797336578369141e+00	2.783473968505859375e+00	2.783796310424804688e+00	2.784539937973022461e+00	2.785683870315551758e+00	2.788170099258422852e+00	2.792591810226440430e+00	2.798697471618652344e+00	2.805552244186401367e+00	2.812164068222045898e+00	2.818166732788085938e+00	2.822984933853149414e+00	2.825589179992675781e+00	2.825282812118530273e+00	2.822129726409912109e+00	2.816802740097045898e+00	2.809783220291137695e+00	2.801607370376586914e+00	2.793900966644287109e+00	2.787863254547119141e+00	2.783843517303466797e+00	2.782010316848754883e+00	2.780893325805664062e+00	2.779529571533203125e+00
2.779952049255371094e+00	2.778949022293090820e+00	2.776692152023315430e+00	2.775045156478881836e+00	2.774554729461669922e+00	2.775002956390380859e+00	2.776235818862915039e+00	2.777795314788818359e+00	2.778953313827514648e+00	2.780404567718505859e+00	2.782181024551391602e+00	2.783533573150634766e+00	2.783824682235717773e+00	2.782812118530273438e+00	2.781054735183715820e+00	2.779594182968139648e+00	2.779154777526855469e+00	2.779770374298095703e+00	2.781072139739990234e+00	2.782541751861572266e+00	2.783172369003295898e+00	2.783957004547119141e+00	2.785221099853515625e+00	2.786202907562255859e+00	2.786324501037597656e+00	2.785607576370239258e+00	2.784713268280029297e+00	2.784223318099975586e+00	2.783935785293579102e+00	2.783842325210571289e+00	2.783431529998779297e+00	2.783326387405395508e+00	2.784046411514282227e+00	2.785413503646850586e+00	2.787538528442382812e+00	2.789766311645507812e+00	2.789249658584594727e+00	2.784557819366455078e+00	2.778400897979736328e+00	2.773693799972534180e+00	2.771275997161865234e+00	2.770567178726196289e+00	2.770950794219970703e+00	2.771965265274047852e+00	2.772665262222290039e+00	2.773880243301391602e+00	2.776106357574462891e+00	2.778679132461547852e+00	2.780649423599243164e+00	2.782019376754760742e+00	2.783335685729980469e+00	2.784797430038452148e+00	2.786543846130371094e+00	2.788936376571655273e+00	2.792285442352294922e+00	2.796341896057128906e+00	2.800600528717041016e+00	2.804947614669799805e+00	2.809247016906738281e+00	2.812598705291748047e+00	2.813935518264770508e+00	2.813153505325317383e+00	2.811116695404052734e+00	2.808703899383544922e+00	2.805074691772460938e+00	2.799265384674072266e+00	2.792755842208862305e+00	2.787111997604370117e+00	2.782559871673583984e+00	2.779562950134277344e+00	2.778626203536987305e+00	2.779280662536621094e+00
2.776448011398315430e+00	2.775589466094970703e+00	2.774876594543457031e+00	2.773259639739990234e+00	2.772335767745971680e+00	2.773405313491821289e+00	2.774903297424316406e+00	2.775543689727783203e+00	2.776494503021240234e+00	2.777725219726562500e+00	2.778575420379638672e+00	2.779269218444824219e+00	2.779793500900268555e+00	2.779816627502441406e+00	2.779651641845703125e+00	2.779739379882812500e+00	2.780374050140380859e+00	2.781496763229370117e+00	2.782552242279052734e+00	2.783078432083129883e+00	2.783336162567138672e+00	2.783844232559204102e+00	2.781095027923583984e+00	2.778310775756835938e+00	2.777231454849243164e+00	2.776888132095336914e+00	2.776968955993652344e+00	2.777643442153930664e+00	2.778693914413452148e+00	2.779829025268554688e+00	2.780952215194702148e+00	2.781953096389770508e+00	2.782268285751342773e+00	2.781883716583251953e+00	2.781424999237060547e+00	2.781060934066772461e+00	2.780152082443237305e+00	2.777983665466308594e+00	2.774847269058227539e+00	2.771866559982299805e+00	2.769708871841430664e+00	2.768555164337158203e+00	2.768521547317504883e+00	2.769168853759765625e+00	2.770372152328491211e+00	2.772676706314086914e+00	2.775756120681762695e+00	2.778356552124023438e+00	2.779952287673950195e+00	2.780814409255981445e+00	2.781197547912597656e+00	2.781211137771606445e+00	2.781043052673339844e+00	2.780895471572875977e+00	2.780849456787109375e+00	2.781010866165161133e+00	2.781533241271972656e+00	2.782645702362060547e+00	2.784431934356689453e+00	2.786411762237548828e+00	2.787857294082641602e+00	2.788660287857055664e+00	2.789364099502563477e+00	2.790199041366577148e+00	2.790457248687744141e+00	2.789191246032714844e+00	2.786367654800415039e+00	2.782866954803466797e+00	2.779980897903442383e+00	2.778292179107666016e+00	2.777364015579223633e+00	2.776867628097534180e+00
2.772414207458496094e+00	2.771844625473022461e+00	2.771579504013061523e+00	2.771608352661132812e+00	2.771821975708007812e+00	2.772421836853027344e+00	2.772869825363159180e+00	2.773414611816406250e+00	2.776192188262939453e+00	2.779386043548583984e+00	2.777885675430297852e+00	2.777249097824096680e+00	2.777650117874145508e+00	2.778337717056274414e+00	2.778806924819946289e+00	2.778693199157714844e+00	2.778562784194946289e+00	2.779008865356445312e+00	2.779734134674072266e+00	2.780181884765625000e+00	2.780588150024414062e+00	2.780708312988281250e+00	2.779873132705688477e+00	2.778887271881103516e+00	2.778050899505615234e+00	2.777043342590332031e+00	2.775732517242431641e+00	2.774484872817993164e+00	2.773544311523437500e+00	2.773236036300659180e+00	2.773703575134277344e+00	2.774820566177368164e+00	2.776303529739379883e+00	2.777471780776977539e+00	2.777993917465209961e+00	2.778281211853027344e+00	2.778171539306640625e+00	2.777082443237304688e+00	2.775074481964111328e+00	2.772740125656127930e+00	2.770524024963378906e+00	2.768794775009155273e+00	2.767973184585571289e+00	2.768248081207275391e+00	2.769509553909301758e+00	2.771642446517944336e+00	2.774411439895629883e+00	2.777121305465698242e+00	2.778886079788208008e+00	2.779530286788940430e+00	2.779641389846801758e+00	2.779812097549438477e+00	2.780307531356811523e+00	2.781067848205566406e+00	2.782067298889160156e+00	2.783273935317993164e+00	2.784409761428833008e+00	2.785256385803222656e+00	2.785926580429077148e+00	2.786625146865844727e+00	2.787326574325561523e+00	2.788213253021240234e+00	2.789810180664062500e+00	2.790601491928100586e+00	2.788346767425537109e+00	2.784675121307373047e+00	2.781248092651367188e+00	2.778670549392700195e+00	2.776642560958862305e+00	2.774979829788208008e+00	2.773810863494873047e+00	2.773049592971801758e+00
2.770961046218872070e+00	2.769517898559570312e+00	2.769279956817626953e+00	2.769613981246948242e+00	2.769986629486083984e+00	2.770877838134765625e+00	2.771908760070800781e+00	2.772717714309692383e+00	2.773379564285278320e+00	2.773314237594604492e+00	2.773252725601196289e+00	2.773985862731933594e+00	2.775144577026367188e+00	2.776363372802734375e+00	2.777846813201904297e+00	2.779149532318115234e+00	2.778795003890991211e+00	2.777597904205322266e+00	2.776582717895507812e+00	2.775876522064208984e+00	2.775563955307006836e+00	2.775791406631469727e+00	2.776150941848754883e+00	2.776306152343750000e+00	2.776331186294555664e+00	2.776182651519775391e+00	2.776283264160156250e+00	2.776052951812744141e+00	2.775333881378173828e+00	2.774697303771972656e+00	2.774657726287841797e+00	2.775488853454589844e+00	2.777097702026367188e+00	2.779391527175903320e+00	2.781194210052490234e+00	2.781360387802124023e+00	2.779888153076171875e+00	2.777373790740966797e+00	2.774974822998046875e+00	2.772740125656127930e+00	2.770569324493408203e+00	2.768962383270263672e+00	2.768517017364501953e+00	2.769493341445922852e+00	2.770843029022216797e+00	2.771726608276367188e+00	2.773243188858032227e+00	2.775369882583618164e+00	2.777184247970581055e+00	2.777995824813842773e+00	2.777448654174804688e+00	2.776006221771240234e+00	2.774562597274780273e+00	2.773614406585693359e+00	2.773363828659057617e+00	2.773675918579101562e+00	2.773962020874023438e+00	2.773882627487182617e+00	2.773864746093750000e+00	2.774448156356811523e+00	2.775847673416137695e+00	2.777774810791015625e+00	2.779653310775756836e+00	2.780932426452636719e+00	2.781542778015136719e+00	2.781548023223876953e+00	2.781025648117065430e+00	2.780033349990844727e+00	2.778523921966552734e+00	2.776718139648437500e+00	2.775003910064697266e+00	2.773163795471191406e+00
2.778577566146850586e+00	2.776567697525024414e+00	2.774435758590698242e+00	2.772952556610107422e+00	2.772672891616821289e+00	2.773574352264404297e+00	2.775156021118164062e+00	2.777883529663085938e+00	2.782325029373168945e+00	2.787296772003173828e+00	2.790009498596191406e+00	2.789008855819702148e+00	2.785587549209594727e+00	2.781798124313354492e+00	2.779308795928955078e+00	2.778921127319335938e+00	2.778856992721557617e+00	2.779107093811035156e+00	2.780798673629760742e+00	2.781858444213867188e+00	2.783960580825805664e+00	2.787210464477539062e+00	2.790694713592529297e+00	2.792872190475463867e+00	2.791779994964599609e+00	2.787687063217163086e+00	2.782882452011108398e+00	2.778825521469116211e+00	2.776181697845458984e+00	2.775322198867797852e+00	2.775879859924316406e+00	2.777890205383300781e+00	2.782754421234130859e+00	2.791234016418457031e+00	2.803424119949340820e+00	2.819519519805908203e+00	2.832747220993041992e+00	2.831850051879882812e+00	2.815528631210327148e+00	2.796560764312744141e+00	2.782953739166259766e+00	2.774476528167724609e+00	2.769942760467529297e+00	2.768451452255249023e+00	2.769140958786010742e+00	2.771382093429565430e+00	2.774935483932495117e+00	2.779075622558593750e+00	2.782557010650634766e+00	2.784893751144409180e+00	2.786060094833374023e+00	2.786590576171875000e+00	2.787509202957153320e+00	2.789806127548217773e+00	2.794213294982910156e+00	2.800594806671142578e+00	2.807796001434326172e+00	2.815389156341552734e+00	2.823708295822143555e+00	2.832013368606567383e+00	2.838186264038085938e+00	2.839433670043945312e+00	2.834615230560302734e+00	2.825672626495361328e+00	2.815211534500122070e+00	2.804678201675415039e+00	2.794999837875366211e+00	2.787032365798950195e+00	2.781490564346313477e+00	2.778751611709594727e+00	2.778614759445190430e+00	2.779401540756225586e+00
2.796263456344604492e+00	2.794548749923706055e+00	2.790484905242919922e+00	2.786136388778686523e+00	2.783221483230590820e+00	2.782233715057373047e+00	2.783461570739746094e+00	2.787071943283081055e+00	2.792843341827392578e+00	2.799447298049926758e+00	2.804000377655029297e+00	2.804773092269897461e+00	2.802316665649414062e+00	2.797715187072753906e+00	2.792723655700683594e+00	2.789194345474243164e+00	2.787482738494873047e+00	2.786699295043945312e+00	2.787662744522094727e+00	2.790361642837524414e+00	2.793865680694580078e+00	2.798755407333374023e+00	2.804765462875366211e+00	2.809978246688842773e+00	2.810255527496337891e+00	2.805799007415771484e+00	2.799456357955932617e+00	2.792862892150878906e+00	2.787456989288330078e+00	2.784280538558959961e+00	2.783999443054199219e+00	2.786843538284301758e+00	2.793223619461059570e+00	2.803888320922851562e+00	2.819104194641113281e+00	2.837169647216796875e+00	2.850210428237915039e+00	2.847586393356323242e+00	2.829073429107666016e+00	2.808952808380126953e+00	2.795035839080810547e+00	2.786389112472534180e+00	2.781371116638183594e+00	2.779246568679809570e+00	2.779636859893798828e+00	2.782073974609375000e+00	2.785853385925292969e+00	2.789913177490234375e+00	2.792961597442626953e+00	2.794108152389526367e+00	2.793459653854370117e+00	2.792371749877929688e+00	2.792894124984741211e+00	2.796421051025390625e+00	2.803631305694580078e+00	2.814669132232666016e+00	2.828941822052001953e+00	2.845311164855957031e+00	2.861654281616210938e+00	2.874678134918212891e+00	2.881385087966918945e+00	2.879132509231567383e+00	2.867737054824829102e+00	2.851010799407958984e+00	2.833426952362060547e+00	2.817241907119750977e+00	2.803818702697753906e+00	2.794389963150024414e+00	2.789363145828247070e+00	2.788616180419921875e+00	2.791465520858764648e+00	2.795333147048950195e+00
2.803089618682861328e+00	2.800536155700683594e+00	2.797389745712280273e+00	2.795519828796386719e+00	2.796708822250366211e+00	2.802511930465698242e+00	2.813511133193969727e+00	2.827896356582641602e+00	2.843127489089965820e+00	2.854900121688842773e+00	2.848331689834594727e+00	2.832525730133056641e+00	2.820068836212158203e+00	2.810212612152099609e+00	2.802307128906250000e+00	2.796937942504882812e+00	2.794458627700805664e+00	2.794300556182861328e+00	2.795424938201904297e+00	2.797848701477050781e+00	2.801865100860595703e+00	2.807268142700195312e+00	2.813005447387695312e+00	2.816880226135253906e+00	2.816784143447875977e+00	2.813047409057617188e+00	2.807353973388671875e+00	2.801575422286987305e+00	2.797201395034790039e+00	2.795025825500488281e+00	2.795262813568115234e+00	2.798122644424438477e+00	2.803971290588378906e+00	2.813422441482543945e+00	2.827197074890136719e+00	2.843809604644775391e+00	2.855387210845947266e+00	2.853433370590209961e+00	2.840398550033569336e+00	2.824825763702392578e+00	2.812317609786987305e+00	2.803040981292724609e+00	2.796256303787231445e+00	2.791903972625732422e+00	2.790233373641967773e+00	2.791128635406494141e+00	2.793909072875976562e+00	2.797604560852050781e+00	2.801199674606323242e+00	2.804025650024414062e+00	2.805936574935913086e+00	2.806978702545166016e+00	2.807906150817871094e+00	2.809876918792724609e+00	2.814318180084228516e+00	2.822887182235717773e+00	2.836567163467407227e+00	2.855082035064697266e+00	2.876203298568725586e+00	2.895923376083374023e+00	2.909332990646362305e+00	2.910461425781250000e+00	2.896711587905883789e+00	2.874881744384765625e+00	2.852033615112304688e+00	2.831998109817504883e+00	2.817071199417114258e+00	2.807885408401489258e+00	2.803779840469360352e+00	2.803078889846801758e+00	2.803680181503295898e+00	2.804008722305297852e+00
2.807137012481689453e+00	2.805400371551513672e+00	2.803483247756958008e+00	2.802646160125732422e+00	2.804316043853759766e+00	2.809971332550048828e+00	2.819924592971801758e+00	2.832162618637084961e+00	2.845151424407958984e+00	2.855675458908081055e+00	2.850660562515258789e+00	2.836477756500244141e+00	2.824845552444458008e+00	2.815879106521606445e+00	2.808954715728759766e+00	2.803912162780761719e+00	2.800433397293090820e+00	2.798889398574829102e+00	2.799453973770141602e+00	2.801875114440917969e+00	2.805787801742553711e+00	2.810810089111328125e+00	2.816012382507324219e+00	2.819493770599365234e+00	2.819465398788452148e+00	2.815811157226562500e+00	2.810295820236206055e+00	2.805016279220581055e+00	2.801270723342895508e+00	2.799638748168945312e+00	2.800408124923706055e+00	2.803795099258422852e+00	2.809826374053955078e+00	2.818742275238037109e+00	2.832292079925537109e+00	2.849479436874389648e+00	2.861704587936401367e+00	2.857800483703613281e+00	2.843011856079101562e+00	2.828591823577880859e+00	2.817477464675903320e+00	2.808954954147338867e+00	2.802427530288696289e+00	2.798305988311767578e+00	2.796676635742187500e+00	2.797237634658813477e+00	2.799423694610595703e+00	2.802364587783813477e+00	2.805186033248901367e+00	2.807357788085937500e+00	2.808921337127685547e+00	2.810252189636230469e+00	2.811707258224487305e+00	2.814186096191406250e+00	2.819382190704345703e+00	2.829077482223510742e+00	2.844251155853271484e+00	2.864625692367553711e+00	2.888202428817749023e+00	2.910898923873901367e+00	2.925350427627563477e+00	2.923670291900634766e+00	2.905463695526123047e+00	2.879983425140380859e+00	2.855426073074340820e+00	2.835968494415283203e+00	2.821646928787231445e+00	2.812275648117065430e+00	2.807867765426635742e+00	2.806750059127807617e+00	2.807049751281738281e+00	2.807569503784179688e+00
2.814049482345581055e+00	2.811803340911865234e+00	2.810427427291870117e+00	2.811443328857421875e+00	2.816046953201293945e+00	2.825992584228515625e+00	2.842596530914306641e+00	2.865219593048095703e+00	2.892449140548706055e+00	2.906007051467895508e+00	2.887748003005981445e+00	2.860802173614501953e+00	2.840295553207397461e+00	2.826168537139892578e+00	2.816719532012939453e+00	2.810982465744018555e+00	2.808026075363159180e+00	2.807215213775634766e+00	2.808457851409912109e+00	2.811723232269287109e+00	2.815872430801391602e+00	2.820361614227294922e+00	2.825237035751342773e+00	2.828717231750488281e+00	2.828602790832519531e+00	2.824688911437988281e+00	2.819013595581054688e+00	2.813865184783935547e+00	2.810509204864501953e+00	2.809069395065307617e+00	2.809637069702148438e+00	2.812596321105957031e+00	2.818185091018676758e+00	2.827788114547729492e+00	2.843253135681152344e+00	2.864085435867309570e+00	2.883584499359130859e+00	2.892649412155151367e+00	2.887055397033691406e+00	2.869924783706665039e+00	2.850083112716674805e+00	2.832762718200683594e+00	2.819986343383789062e+00	2.811764001846313477e+00	2.807379961013793945e+00	2.805947303771972656e+00	2.806633949279785156e+00	2.808706521987915039e+00	2.811552286148071289e+00	2.814806222915649414e+00	2.818428993225097656e+00	2.822026729583740234e+00	2.823713064193725586e+00	2.824006795883178711e+00	2.826521873474121094e+00	2.834056377410888672e+00	2.847972869873046875e+00	2.867949247360229492e+00	2.891700506210327148e+00	2.914666175842285156e+00	2.929901838302612305e+00	2.929867267608642578e+00	2.912935972213745117e+00	2.887518167495727539e+00	2.861899852752685547e+00	2.840832233428955078e+00	2.826663732528686523e+00	2.819822072982788086e+00	2.818066835403442383e+00	2.817613363265991211e+00	2.816912174224853516e+00	2.815842628479003906e+00
2.814412355422973633e+00	2.812057495117187500e+00	2.810326576232910156e+00	2.811058282852172852e+00	2.816019773483276367e+00	2.826583623886108398e+00	2.843457221984863281e+00	2.866254568099975586e+00	2.893013000488281250e+00	2.906634330749511719e+00	2.889362573623657227e+00	2.862129688262939453e+00	2.841182231903076172e+00	2.826703786849975586e+00	2.817015409469604492e+00	2.811554908752441406e+00	2.809588432312011719e+00	2.809924602508544922e+00	2.810805559158325195e+00	2.812181472778320312e+00	2.815562963485717773e+00	2.820328235626220703e+00	2.825463533401489258e+00	2.829228162765502930e+00	2.829448223114013672e+00	2.825721979141235352e+00	2.819992065429687500e+00	2.814525604248046875e+00	2.810803174972534180e+00	2.809466838836669922e+00	2.810274362564086914e+00	2.813117504119873047e+00	2.818752050399780273e+00	2.828576087951660156e+00	2.844007968902587891e+00	2.864440917968750000e+00	2.883513689041137695e+00	2.892981290817260742e+00	2.888184070587158203e+00	2.870306015014648438e+00	2.849968194961547852e+00	2.832609891891479492e+00	2.819780349731445312e+00	2.811407804489135742e+00	2.807024955749511719e+00	2.805898666381835938e+00	2.807026863098144531e+00	2.809453725814819336e+00	2.812465190887451172e+00	2.815608263015747070e+00	2.818577527999877930e+00	2.820885658264160156e+00	2.822182655334472656e+00	2.823261022567749023e+00	2.826359987258911133e+00	2.834203481674194336e+00	2.848471164703369141e+00	2.869076728820800781e+00	2.893690824508666992e+00	2.917297124862670898e+00	2.932398319244384766e+00	2.931735992431640625e+00	2.914168119430541992e+00	2.888160705566406250e+00	2.862230777740478516e+00	2.841053009033203125e+00	2.826670408248901367e+00	2.819107055664062500e+00	2.816697359085083008e+00	2.816724538803100586e+00	2.816800117492675781e+00	2.816092967987060547e+00
2.811672210693359375e+00	2.809481859207153320e+00	2.807564496994018555e+00	2.807854890823364258e+00	2.812400102615356445e+00	2.822876930236816406e+00	2.840118646621704102e+00	2.863303661346435547e+00	2.890418291091918945e+00	2.905367374420166016e+00	2.889051198959350586e+00	2.861380338668823242e+00	2.840005636215209961e+00	2.825276136398315430e+00	2.815310239791870117e+00	2.809554100036621094e+00	2.807445526123046875e+00	2.807251930236816406e+00	2.807928085327148438e+00	2.810240268707275391e+00	2.814063549041748047e+00	2.818942785263061523e+00	2.824158430099487305e+00	2.827970981597900391e+00	2.828278541564941406e+00	2.824565887451171875e+00	2.818649530410766602e+00	2.812856435775756836e+00	2.808672904968261719e+00	2.806891441345214844e+00	2.807851076126098633e+00	2.811410903930664062e+00	2.817740440368652344e+00	2.828150510787963867e+00	2.844348669052124023e+00	2.866149902343750000e+00	2.887164115905761719e+00	2.896488428115844727e+00	2.887487411499023438e+00	2.867798089981079102e+00	2.847175836563110352e+00	2.829725742340087891e+00	2.816635847091674805e+00	2.807874202728271484e+00	2.803221464157104492e+00	2.802158355712890625e+00	2.803693532943725586e+00	2.806572198867797852e+00	2.809669494628906250e+00	2.812520027160644531e+00	2.815116405487060547e+00	2.817365169525146484e+00	2.819056987762451172e+00	2.820730447769165039e+00	2.824267864227294922e+00	2.832160472869873047e+00	2.846329450607299805e+00	2.866844177246093750e+00	2.891319274902343750e+00	2.914600610733032227e+00	2.929084062576293945e+00	2.927970409393310547e+00	2.910271167755126953e+00	2.884389638900756836e+00	2.858650684356689453e+00	2.837574481964111328e+00	2.823051691055297852e+00	2.815109252929687500e+00	2.812402009963989258e+00	2.812525272369384766e+00	2.813139915466308594e+00	2.812983512878417969e+00
2.812581777572631836e+00	2.810077667236328125e+00	2.808036565780639648e+00	2.808386564254760742e+00	2.812839746475219727e+00	2.822987794876098633e+00	2.839954137802124023e+00	2.863773107528686523e+00	2.893433094024658203e+00	2.909708499908447266e+00	2.891298770904541016e+00	2.862999916076660156e+00	2.841651678085327148e+00	2.826825857162475586e+00	2.816649198532104492e+00	2.810321092605590820e+00	2.807021856307983398e+00	2.806056976318359375e+00	2.807162284851074219e+00	2.810152053833007812e+00	2.814613103866577148e+00	2.820090770721435547e+00	2.825708150863647461e+00	2.829785585403442383e+00	2.830359458923339844e+00	2.826695442199707031e+00	2.820709228515625000e+00	2.814704179763793945e+00	2.810088634490966797e+00	2.807938575744628906e+00	2.808866500854492188e+00	2.812567472457885742e+00	2.818698406219482422e+00	2.828907012939453125e+00	2.845139980316162109e+00	2.867060899734497070e+00	2.887904644012451172e+00	2.896714687347412109e+00	2.887986421585083008e+00	2.869025945663452148e+00	2.848553180694580078e+00	2.831206083297729492e+00	2.818468570709228516e+00	2.810172319412231445e+00	2.805875062942504883e+00	2.804755210876464844e+00	2.805747985839843750e+00	2.808105230331420898e+00	2.810987472534179688e+00	2.813882350921630859e+00	2.816749811172485352e+00	2.819432258605957031e+00	2.821456193923950195e+00	2.823127031326293945e+00	2.826534509658813477e+00	2.834586143493652344e+00	2.849096775054931641e+00	2.869945764541625977e+00	2.894657850265502930e+00	2.917622089385986328e+00	2.931252241134643555e+00	2.930316925048828125e+00	2.913143634796142578e+00	2.887248277664184570e+00	2.861191749572753906e+00	2.839723587036132812e+00	2.824775457382202148e+00	2.816384077072143555e+00	2.813309431076049805e+00	2.813318729400634766e+00	2.814057826995849609e+00	2.814020633697509766e+00
2.812502622604370117e+00	2.810180187225341797e+00	2.808366060256958008e+00	2.808858156204223633e+00	2.813315153121948242e+00	2.823327779769897461e+00	2.839904546737670898e+00	2.861731529235839844e+00	2.887706279754638672e+00	2.901876449584960938e+00	2.885010480880737305e+00	2.859322309494018555e+00	2.839392185211181641e+00	2.825683355331420898e+00	2.816534996032714844e+00	2.810912609100341797e+00	2.807942867279052734e+00	2.807069778442382812e+00	2.808091640472412109e+00	2.810844898223876953e+00	2.815166950225830078e+00	2.820726871490478516e+00	2.826654434204101562e+00	2.831148386001586914e+00	2.831748485565185547e+00	2.827915668487548828e+00	2.821520328521728516e+00	2.814856529235839844e+00	2.809583425521850586e+00	2.806869029998779297e+00	2.807461500167846680e+00	2.811391115188598633e+00	2.818489313125610352e+00	2.829394578933715820e+00	2.845575332641601562e+00	2.866500854492187500e+00	2.885059833526611328e+00	2.891603946685791016e+00	2.884103536605834961e+00	2.866406679153442383e+00	2.846714973449707031e+00	2.830521345138549805e+00	2.818760871887207031e+00	2.810735702514648438e+00	2.806429862976074219e+00	2.805270671844482422e+00	2.806228876113891602e+00	2.808317422866821289e+00	2.810773849487304688e+00	2.813352584838867188e+00	2.816061258316040039e+00	2.818778276443481445e+00	2.821211576461791992e+00	2.823776006698608398e+00	2.828460454940795898e+00	2.837924718856811523e+00	2.853870391845703125e+00	2.876409769058227539e+00	2.903213262557983398e+00	2.927547931671142578e+00	2.939062595367431641e+00	2.934530019760131836e+00	2.916314840316772461e+00	2.890645980834960938e+00	2.864551782608032227e+00	2.842379570007324219e+00	2.826369047164916992e+00	2.816974401473999023e+00	2.813167810440063477e+00	2.812839746475219727e+00	2.813631772994995117e+00	2.813795566558837891e+00
2.817110538482666016e+00	2.814400196075439453e+00	2.812454223632812500e+00	2.813193321228027344e+00	2.818305969238281250e+00	2.829158782958984375e+00	2.846641063690185547e+00	2.871011734008789062e+00	2.901372671127319336e+00	2.918410778045654297e+00	2.897939205169677734e+00	2.867737054824829102e+00	2.845624208450317383e+00	2.830665588378906250e+00	2.820531845092773438e+00	2.814472913742065430e+00	2.811785697937011719e+00	2.811319589614868164e+00	2.812417984008789062e+00	2.815050125122070312e+00	2.819079160690307617e+00	2.824209928512573242e+00	2.829562425613403320e+00	2.833355188369750977e+00	2.833663225173950195e+00	2.830105304718017578e+00	2.824297666549682617e+00	2.818451881408691406e+00	2.814000129699707031e+00	2.811701536178588867e+00	2.812038660049438477e+00	2.815260410308837891e+00	2.821885585784912109e+00	2.833030223846435547e+00	2.850118160247802734e+00	2.872983932495117188e+00	2.894700527191162109e+00	2.904166698455810547e+00	2.895704984664916992e+00	2.875311136245727539e+00	2.853739976882934570e+00	2.836527824401855469e+00	2.824493885040283203e+00	2.816488742828369141e+00	2.811642885208129883e+00	2.809592008590698242e+00	2.809958219528198242e+00	2.812083005905151367e+00	2.815186500549316406e+00	2.818648576736450195e+00	2.822024106979370117e+00	2.824910879135131836e+00	2.827020645141601562e+00	2.828855276107788086e+00	2.832582712173461914e+00	2.841162919998168945e+00	2.856508016586303711e+00	2.878736972808837891e+00	2.905503273010253906e+00	2.930372238159179688e+00	2.943227052688598633e+00	2.939368247985839844e+00	2.920543909072875977e+00	2.894332170486450195e+00	2.868278980255126953e+00	2.846775531768798828e+00	2.831629514694213867e+00	2.822818994522094727e+00	2.819404363632202148e+00	2.819058418273925781e+00	2.819390296936035156e+00	2.818947553634643555e+00
2.816960811614990234e+00	2.814700365066528320e+00	2.813336372375488281e+00	2.814833402633666992e+00	2.819926023483276367e+00	2.829538106918334961e+00	2.846140146255493164e+00	2.870495557785034180e+00	2.901846408843994141e+00	2.919584274291992188e+00	2.898231983184814453e+00	2.867941856384277344e+00	2.845803260803222656e+00	2.830523729324340820e+00	2.819943189620971680e+00	2.813438177108764648e+00	2.810418844223022461e+00	2.809933423995971680e+00	2.811277866363525391e+00	2.814251422882080078e+00	2.818792343139648438e+00	2.824703693389892578e+00	2.831065893173217773e+00	2.835000038146972656e+00	2.833864450454711914e+00	2.828942775726318359e+00	2.822242975234985352e+00	2.815930843353271484e+00	2.811439990997314453e+00	2.809503793716430664e+00	2.810365438461303711e+00	2.814023733139038086e+00	2.820686578750610352e+00	2.831404209136962891e+00	2.847845554351806641e+00	2.869701385498046875e+00	2.890377998352050781e+00	2.901199579238891602e+00	2.895714759826660156e+00	2.876355886459350586e+00	2.854640483856201172e+00	2.837385892868041992e+00	2.824900150299072266e+00	2.815782308578491211e+00	2.810192108154296875e+00	2.808119058609008789e+00	2.808819770812988281e+00	2.811331510543823242e+00	2.814727067947387695e+00	2.818304777145385742e+00	2.821606159210205078e+00	2.824211597442626953e+00	2.825910806655883789e+00	2.827296972274780273e+00	2.830484390258789062e+00	2.838311910629272461e+00	2.852502584457397461e+00	2.873021364212036133e+00	2.897810220718383789e+00	2.922011613845825195e+00	2.937369823455810547e+00	2.936038017272949219e+00	2.917974233627319336e+00	2.891961574554443359e+00	2.866084814071655273e+00	2.844785928726196289e+00	2.830056190490722656e+00	2.821963071823120117e+00	2.819000482559204102e+00	2.818740606307983398e+00	2.818999052047729492e+00	2.818537235260009766e+00
2.816835403442382812e+00	2.814407348632812500e+00	2.812707185745239258e+00	2.813710451126098633e+00	2.818646192550659180e+00	2.828895568847656250e+00	2.846233606338500977e+00	2.871359348297119141e+00	2.904196262359619141e+00	2.922834873199462891e+00	2.899623155593872070e+00	2.868356466293334961e+00	2.845512628555297852e+00	2.829777240753173828e+00	2.819084644317626953e+00	2.812649726867675781e+00	2.809719562530517578e+00	2.809285640716552734e+00	2.810633659362792969e+00	2.813420295715332031e+00	2.817507266998291016e+00	2.822771787643432617e+00	2.828533649444580078e+00	2.832794427871704102e+00	2.832694292068481445e+00	2.828387498855590820e+00	2.822212219238281250e+00	2.816198825836181641e+00	2.811647176742553711e+00	2.809409856796264648e+00	2.809947490692138672e+00	2.813347101211547852e+00	2.819749355316162109e+00	2.830246448516845703e+00	2.846500873565673828e+00	2.868143558502197266e+00	2.888868808746337891e+00	2.900764226913452148e+00	2.897325277328491211e+00	2.879105091094970703e+00	2.856947660446166992e+00	2.838644027709960938e+00	2.825299263000488281e+00	2.816415071487426758e+00	2.811253786087036133e+00	2.809182882308959961e+00	2.809495210647583008e+00	2.811424016952514648e+00	2.814248800277709961e+00	2.817364692687988281e+00	2.820357322692871094e+00	2.822897672653198242e+00	2.824592828750610352e+00	2.825746536254882812e+00	2.828472375869750977e+00	2.835890769958496094e+00	2.849961996078491211e+00	2.870567798614501953e+00	2.895764350891113281e+00	2.921029090881347656e+00	2.937313318252563477e+00	2.935627937316894531e+00	2.917342662811279297e+00	2.891349554061889648e+00	2.865617990493774414e+00	2.844603776931762695e+00	2.830174446105957031e+00	2.822091102600097656e+00	2.818820476531982422e+00	2.818317890167236328e+00	2.818577051162719727e+00	2.818300485610961914e+00
2.815115213394165039e+00	2.812501668930053711e+00	2.810965776443481445e+00	2.812248945236206055e+00	2.817729473114013672e+00	2.828399419784545898e+00	2.845233440399169922e+00	2.869402647018432617e+00	2.901536464691162109e+00	2.919420003890991211e+00	2.897210597991943359e+00	2.866480350494384766e+00	2.844019651412963867e+00	2.828957080841064453e+00	2.818987846374511719e+00	2.812938213348388672e+00	2.809851408004760742e+00	2.809088230133056641e+00	2.810215711593627930e+00	2.812802553176879883e+00	2.816476345062255859e+00	2.821402788162231445e+00	2.827304124832153320e+00	2.832180976867675781e+00	2.832773685455322266e+00	2.828587055206298828e+00	2.822351694107055664e+00	2.816171884536743164e+00	2.811011552810668945e+00	2.808325052261352539e+00	2.808870315551757812e+00	2.812499046325683594e+00	2.819169759750366211e+00	2.829950809478759766e+00	2.846217393875122070e+00	2.867418766021728516e+00	2.887842416763305664e+00	2.899049282073974609e+00	2.895751714706420898e+00	2.878618001937866211e+00	2.856890201568603516e+00	2.838099002838134766e+00	2.824198961257934570e+00	2.815028190612792969e+00	2.809987545013427734e+00	2.808247804641723633e+00	2.808895826339721680e+00	2.811092138290405273e+00	2.814097166061401367e+00	2.817374944686889648e+00	2.820346355438232422e+00	2.822808265686035156e+00	2.824417352676391602e+00	2.825182676315307617e+00	2.827378511428833008e+00	2.834266901016235352e+00	2.847688674926757812e+00	2.867442131042480469e+00	2.891041994094848633e+00	2.913382053375244141e+00	2.927594184875488281e+00	2.926916360855102539e+00	2.910065174102783203e+00	2.885228157043457031e+00	2.860494375228881836e+00	2.840423107147216797e+00	2.827127218246459961e+00	2.820667505264282227e+00	2.819006443023681641e+00	2.818843841552734375e+00	2.818501949310302734e+00	2.817317008972167969e+00
2.815430164337158203e+00	2.813151359558105469e+00	2.811946630477905273e+00	2.813491106033325195e+00	2.819055795669555664e+00	2.829343795776367188e+00	2.845471858978271484e+00	2.869122505187988281e+00	2.900810956954956055e+00	2.918946266174316406e+00	2.897775411605834961e+00	2.867335557937622070e+00	2.845150947570800781e+00	2.829946517944335938e+00	2.819287061691284180e+00	2.812661886215209961e+00	2.809395313262939453e+00	2.808552265167236328e+00	2.809629917144775391e+00	2.812472343444824219e+00	2.816795587539672852e+00	2.822255134582519531e+00	2.828324317932128906e+00	2.833010911941528320e+00	2.833068847656250000e+00	2.828360319137573242e+00	2.822020053863525391e+00	2.817180395126342773e+00	2.812904357910156250e+00	2.809110403060913086e+00	2.809432029724121094e+00	2.813111782073974609e+00	2.819682836532592773e+00	2.830113172531127930e+00	2.846071481704711914e+00	2.867242813110351562e+00	2.887579202651977539e+00	2.898667812347412109e+00	2.895447969436645508e+00	2.878225088119506836e+00	2.856657981872558594e+00	2.838616609573364258e+00	2.825598239898681641e+00	2.817150831222534180e+00	2.813338518142700195e+00	2.810637712478637695e+00	2.809475421905517578e+00	2.811022043228149414e+00	2.813909530639648438e+00	2.817131757736206055e+00	2.820092678070068359e+00	2.822486400604248047e+00	2.824042797088623047e+00	2.825170278549194336e+00	2.827893972396850586e+00	2.834963321685791016e+00	2.848014593124389648e+00	2.866890430450439453e+00	2.889335632324218750e+00	2.911117315292358398e+00	2.926137685775756836e+00	2.926947593688964844e+00	2.911458730697631836e+00	2.887719631195068359e+00	2.863393306732177734e+00	2.842738628387451172e+00	2.828283309936523438e+00	2.820499897003173828e+00	2.817902326583862305e+00	2.817845106124877930e+00	2.818001747131347656e+00	2.817265510559082031e+00
2.814688444137573242e+00	2.812938928604125977e+00	2.812358379364013672e+00	2.814661979675292969e+00	2.820524930953979492e+00	2.829427003860473633e+00	2.845057725906372070e+00	2.868861436843872070e+00	2.899434089660644531e+00	2.915721178054809570e+00	2.895099639892578125e+00	2.865441560745239258e+00	2.844081878662109375e+00	2.829353332519531250e+00	2.818840742111206055e+00	2.812284946441650391e+00	2.809129714965820312e+00	2.808508396148681641e+00	2.809869766235351562e+00	2.813102245330810547e+00	2.817992925643920898e+00	2.823352575302124023e+00	2.828336000442504883e+00	2.832207679748535156e+00	2.832290172576904297e+00	2.827923536300659180e+00	2.821740150451660156e+00	2.816337347030639648e+00	2.812081336975097656e+00	2.809136390686035156e+00	2.809396743774414062e+00	2.812895298004150391e+00	2.819508790969848633e+00	2.830024957656860352e+00	2.845611333847045898e+00	2.865933656692504883e+00	2.885230541229248047e+00	2.895489931106567383e+00	2.891801357269287109e+00	2.874714851379394531e+00	2.853939294815063477e+00	2.836607694625854492e+00	2.823734045028686523e+00	2.814925909042358398e+00	2.810245037078857422e+00	2.808878421783447266e+00	2.808946371078491211e+00	2.810587644577026367e+00	2.813459157943725586e+00	2.816816806793212891e+00	2.820240497589111328e+00	2.823319435119628906e+00	2.825523614883422852e+00	2.827163696289062500e+00	2.830295085906982422e+00	2.837652444839477539e+00	2.850770235061645508e+00	2.869513511657714844e+00	2.891825675964355469e+00	2.913305282592773438e+00	2.927224159240722656e+00	2.926587581634521484e+00	2.909913539886474609e+00	2.885020732879638672e+00	2.860005140304565430e+00	2.839611291885375977e+00	2.825939655303955078e+00	2.818903446197509766e+00	2.816690444946289062e+00	2.816620826721191406e+00	2.816713571548461914e+00	2.816133975982666016e+00
2.814403057098388672e+00	2.812474727630615234e+00	2.811408281326293945e+00	2.812564611434936523e+00	2.816734552383422852e+00	2.825922250747680664e+00	2.841954469680786133e+00	2.864903211593627930e+00	2.891905546188354492e+00	2.905914068222045898e+00	2.888070821762084961e+00	2.860502719879150391e+00	2.839708566665649414e+00	2.825069427490234375e+00	2.815017223358154297e+00	2.809131145477294922e+00	2.806889057159423828e+00	2.807338237762451172e+00	2.809671878814697266e+00	2.813492774963378906e+00	2.818208694458007812e+00	2.822922468185424805e+00	2.827318191528320312e+00	2.830312490463256836e+00	2.830260753631591797e+00	2.826441287994384766e+00	2.820275306701660156e+00	2.814189910888671875e+00	2.809594154357910156e+00	2.807128190994262695e+00	2.807222127914428711e+00	2.810319900512695312e+00	2.816992521286010742e+00	2.828094720840454102e+00	2.844467878341674805e+00	2.865077018737792969e+00	2.883436918258666992e+00	2.890496730804443359e+00	2.883629322052001953e+00	2.867294549942016602e+00	2.848546981811523438e+00	2.832291841506958008e+00	2.820159912109375000e+00	2.812005043029785156e+00	2.807551383972167969e+00	2.806409597396850586e+00	2.807731628417968750e+00	2.810424089431762695e+00	2.813631534576416016e+00	2.816411733627319336e+00	2.818481206893920898e+00	2.820482969284057617e+00	2.822280406951904297e+00	2.824097156524658203e+00	2.827745914459228516e+00	2.835826873779296875e+00	2.849942445755004883e+00	2.870040893554687500e+00	2.893885135650634766e+00	2.916419744491577148e+00	2.930653572082519531e+00	2.930160522460937500e+00	2.913611888885498047e+00	2.888504743576049805e+00	2.862688779830932617e+00	2.840944290161132812e+00	2.825670003890991211e+00	2.817210197448730469e+00	2.814244031906127930e+00	2.814365386962890625e+00	2.815300941467285156e+00	2.815571308135986328e+00
2.815368890762329102e+00	2.813290357589721680e+00	2.812020063400268555e+00	2.813153028488159180e+00	2.818267822265625000e+00	2.828742027282714844e+00	2.845291852951049805e+00	2.867866277694702148e+00	2.894701957702636719e+00	2.907133340835571289e+00	2.887000799179077148e+00	2.859663963317871094e+00	2.839715957641601562e+00	2.826179981231689453e+00	2.817284345626831055e+00	2.812222957611083984e+00	2.809992313385009766e+00	2.809506177902221680e+00	2.810425758361816406e+00	2.812977552413940430e+00	2.817342281341552734e+00	2.823500633239746094e+00	2.830762863159179688e+00	2.836637258529663086e+00	2.836641788482666016e+00	2.830632686614990234e+00	2.822689533233642578e+00	2.815624952316284180e+00	2.810857295989990234e+00	2.809051752090454102e+00	2.810265064239501953e+00	2.814034938812255859e+00	2.820231914520263672e+00	2.830057144165039062e+00	2.845100402832031250e+00	2.864521026611328125e+00	2.881679773330688477e+00	2.887835979461669922e+00	2.881755828857421875e+00	2.867069959640502930e+00	2.849258661270141602e+00	2.833845615386962891e+00	2.822372436523437500e+00	2.814424514770507812e+00	2.809627294540405273e+00	2.807715415954589844e+00	2.808164596557617188e+00	2.810235500335693359e+00	2.813166618347167969e+00	2.816423416137695312e+00	2.819741964340209961e+00	2.822791337966918945e+00	2.825008153915405273e+00	2.826486825942993164e+00	2.829209566116333008e+00	2.836382150650024414e+00	2.850240468978881836e+00	2.870922803878784180e+00	2.896064758300781250e+00	2.920333623886108398e+00	2.935660600662231445e+00	2.934829950332641602e+00	2.917276144027709961e+00	2.891417503356933594e+00	2.865620613098144531e+00	2.844835519790649414e+00	2.831089496612548828e+00	2.822984218597412109e+00	2.819244623184204102e+00	2.818151473999023438e+00	2.817745923995971680e+00	2.816961288452148438e+00
2.796924591064453125e+00	2.795873641967773438e+00	2.795553207397460938e+00	2.797097921371459961e+00	2.801044225692749023e+00	2.807014465332031250e+00	2.814000844955444336e+00	2.820449113845825195e+00	2.824805021286010742e+00	2.826650619506835938e+00	2.824516057968139648e+00	2.818852186203002930e+00	2.812048673629760742e+00	2.805375576019287109e+00	2.799807786941528320e+00	2.795863866806030273e+00	2.793340444564819336e+00	2.792031049728393555e+00	2.792338371276855469e+00	2.794885873794555664e+00	2.799737691879272461e+00	2.806393623352050781e+00	2.813874006271362305e+00	2.819700479507446289e+00	2.819620609283447266e+00	2.814000368118286133e+00	2.806769132614135742e+00	2.800115346908569336e+00	2.795330524444580078e+00	2.793363094329833984e+00	2.794412612915039062e+00	2.798068761825561523e+00	2.804312705993652344e+00	2.814434051513671875e+00	2.829906940460205078e+00	2.849288702011108398e+00	2.864302635192871094e+00	2.863732337951660156e+00	2.846385240554809570e+00	2.825599908828735352e+00	2.810584306716918945e+00	2.801581621170043945e+00	2.796494483947753906e+00	2.793686389923095703e+00	2.792503118515014648e+00	2.792776584625244141e+00	2.794083356857299805e+00	2.795798063278198242e+00	2.797579526901245117e+00	2.799260854721069336e+00	2.800693511962890625e+00	2.801924467086791992e+00	2.803496360778808594e+00	2.805993080139160156e+00	2.810774564743041992e+00	2.819738388061523438e+00	2.833964347839355469e+00	2.853170871734619141e+00	2.875391483306884766e+00	2.896386146545410156e+00	2.909647703170776367e+00	2.909599781036376953e+00	2.896034955978393555e+00	2.874382495880126953e+00	2.851465702056884766e+00	2.831993341445922852e+00	2.818130970001220703e+00	2.809185266494750977e+00	2.803599119186401367e+00	2.800509452819824219e+00	2.798860549926757812e+00	2.797878503799438477e+00
2.789619445800781250e+00	2.787718534469604492e+00	2.785341262817382812e+00	2.783874034881591797e+00	2.784272670745849609e+00	2.786584615707397461e+00	2.790388107299804688e+00	2.795490264892578125e+00	2.801772832870483398e+00	2.807223081588745117e+00	2.808887720108032227e+00	2.806561946868896484e+00	2.802403688430786133e+00	2.797560691833496094e+00	2.792551517486572266e+00	2.788099288940429688e+00	2.785366535186767578e+00	2.785055637359619141e+00	2.787135601043701172e+00	2.790441989898681641e+00	2.794234991073608398e+00	2.798958301544189453e+00	2.804450273513793945e+00	2.808697223663330078e+00	2.808207273483276367e+00	2.803053855895996094e+00	2.796456575393676758e+00	2.790636539459228516e+00	2.786415338516235352e+00	2.783799886703491211e+00	2.783238172531127930e+00	2.785843133926391602e+00	2.792468309402465820e+00	2.804074048995971680e+00	2.821142435073852539e+00	2.841626882553100586e+00	2.857063770294189453e+00	2.855748653411865234e+00	2.836678504943847656e+00	2.814278602600097656e+00	2.797684192657470703e+00	2.787233591079711914e+00	2.781557321548461914e+00	2.779232740402221680e+00	2.779074430465698242e+00	2.780375719070434570e+00	2.782877922058105469e+00	2.786092996597290039e+00	2.789228916168212891e+00	2.791620016098022461e+00	2.792994499206542969e+00	2.793703794479370117e+00	2.794524669647216797e+00	2.796750545501708984e+00	2.801732301712036133e+00	2.810292959213256836e+00	2.822610855102539062e+00	2.838594675064086914e+00	2.856415748596191406e+00	2.872344970703125000e+00	2.881815910339355469e+00	2.881058692932128906e+00	2.870062351226806641e+00	2.852865457534790039e+00	2.834267139434814453e+00	2.817844390869140625e+00	2.805644750595092773e+00	2.797764301300048828e+00	2.793136596679687500e+00	2.790792703628540039e+00	2.790140867233276367e+00	2.790229558944702148e+00
2.781348228454589844e+00	2.779713630676269531e+00	2.777121782302856445e+00	2.774967670440673828e+00	2.774206399917602539e+00	2.774362564086914062e+00	2.774017810821533203e+00	2.775298833847045898e+00	2.779040575027465820e+00	2.784588575363159180e+00	2.789451599121093750e+00	2.791351318359375000e+00	2.789914608001708984e+00	2.786141395568847656e+00	2.782152891159057617e+00	2.779792308807373047e+00	2.779037237167358398e+00	2.778575181961059570e+00	2.779895782470703125e+00	2.782788991928100586e+00	2.786385774612426758e+00	2.789577722549438477e+00	2.791712760925292969e+00	2.792281389236450195e+00	2.790580272674560547e+00	2.786798954010009766e+00	2.782258510589599609e+00	2.778218030929565430e+00	2.775130748748779297e+00	2.773016691207885742e+00	2.772215366363525391e+00	2.773759126663208008e+00	2.778705358505249023e+00	2.787909984588623047e+00	2.801648378372192383e+00	2.817660331726074219e+00	2.828434228897094727e+00	2.826172828674316406e+00	2.810194730758666992e+00	2.791610717773437500e+00	2.778843164443969727e+00	2.771586179733276367e+00	2.768433332443237305e+00	2.768313169479370117e+00	2.770246744155883789e+00	2.773225307464599609e+00	2.776612281799316406e+00	2.780066251754760742e+00	2.783056735992431641e+00	2.785143136978149414e+00	2.786106348037719727e+00	2.786333322525024414e+00	2.786969423294067383e+00	2.787979364395141602e+00	2.789940357208251953e+00	2.794309854507446289e+00	2.801384687423706055e+00	2.810700654983520508e+00	2.821427106857299805e+00	2.831740379333496094e+00	2.838402748107910156e+00	2.838252067565917969e+00	2.830987453460693359e+00	2.819478988647460938e+00	2.807002782821655273e+00	2.795912504196166992e+00	2.787568807601928711e+00	2.782261848449707031e+00	2.779885292053222656e+00	2.779906272888183594e+00	2.780673742294311523e+00	2.781398296356201172e+00
2.774020195007324219e+00	2.771738052368164062e+00	2.769999027252197266e+00	2.769144058227539062e+00	2.769178152084350586e+00	2.769784450531005859e+00	2.769692182540893555e+00	2.769461154937744141e+00	2.769945621490478516e+00	2.771319150924682617e+00	2.773600578308105469e+00	2.775773286819458008e+00	2.776714324951171875e+00	2.776626825332641602e+00	2.775872230529785156e+00	2.774974107742309570e+00	2.774341821670532227e+00	2.774047374725341797e+00	2.773913860321044922e+00	2.773620367050170898e+00	2.772928476333618164e+00	2.771774053573608398e+00	2.770617008209228516e+00	2.769802570343017578e+00	2.769227266311645508e+00	2.768788099288940430e+00	2.768127918243408203e+00	2.767181634902954102e+00	2.766108036041259766e+00	2.764972209930419922e+00	2.763861417770385742e+00	2.763119459152221680e+00	2.763425827026367188e+00	2.765041828155517578e+00	2.767598628997802734e+00	2.770231485366821289e+00	2.771682500839233398e+00	2.770966529846191406e+00	2.768507003784179688e+00	2.765604972839355469e+00	2.763206243515014648e+00	2.761920928955078125e+00	2.761811733245849609e+00	2.762475728988647461e+00	2.763558626174926758e+00	2.764968395233154297e+00	2.766693353652954102e+00	2.768486976623535156e+00	2.770028114318847656e+00	2.771460771560668945e+00	2.773025035858154297e+00	2.774451017379760742e+00	2.775251388549804688e+00	2.775487184524536133e+00	2.775192975997924805e+00	2.773883581161499023e+00	2.772595167160034180e+00	2.772272825241088867e+00	2.772859334945678711e+00	2.773736476898193359e+00	2.773977994918823242e+00	2.773022413253784180e+00	2.771108388900756836e+00	2.769169807434082031e+00	2.768263578414916992e+00	2.768847227096557617e+00	2.770344257354736328e+00	2.771948099136352539e+00	2.773655652999877930e+00	2.775227546691894531e+00	2.776152133941650391e+00	2.775831222534179688e+00
2.769725561141967773e+00	2.769114494323730469e+00	2.767988204956054688e+00	2.767211198806762695e+00	2.767269849777221680e+00	2.767837524414062500e+00	2.768416643142700195e+00	2.768856525421142578e+00	2.769229173660278320e+00	2.770303010940551758e+00	2.772213459014892578e+00	2.773694753646850586e+00	2.774088621139526367e+00	2.773979425430297852e+00	2.773594379425048828e+00	2.773270130157470703e+00	2.773394584655761719e+00	2.773903846740722656e+00	2.774386882781982422e+00	2.774525403976440430e+00	2.774333477020263672e+00	2.773726940155029297e+00	2.772554874420166016e+00	2.770956993103027344e+00	2.769177198410034180e+00	2.767264604568481445e+00	2.765492916107177734e+00	2.764040231704711914e+00	2.762676715850830078e+00	2.761539459228515625e+00	2.761159420013427734e+00	2.761863231658935547e+00	2.763420104980468750e+00	2.765479326248168945e+00	2.767903804779052734e+00	2.769743442535400391e+00	2.770080089569091797e+00	2.769258975982666016e+00	2.768075704574584961e+00	2.767007589340209961e+00	2.766149520874023438e+00	2.765512466430664062e+00	2.765180826187133789e+00	2.765194654464721680e+00	2.765490770339965820e+00	2.766191720962524414e+00	2.767603397369384766e+00	2.769542217254638672e+00	2.771374225616455078e+00	2.772766351699829102e+00	2.773910760879516602e+00	2.775104999542236328e+00	2.776189565658569336e+00	2.776329517364501953e+00	2.776349306106567383e+00	2.777084827423095703e+00	2.778427124023437500e+00	2.779958486557006836e+00	2.780767679214477539e+00	2.780879735946655273e+00	2.780693054199218750e+00	2.779783964157104492e+00	2.778053522109985352e+00	2.775714397430419922e+00	2.773105621337890625e+00	2.770926237106323242e+00	2.769644260406494141e+00	2.769430398941040039e+00	2.769472360610961914e+00	2.768750190734863281e+00	2.768603086471557617e+00	2.769307851791381836e+00
2.769716501235961914e+00	2.768589258193969727e+00	2.767799139022827148e+00	2.767362833023071289e+00	2.766896724700927734e+00	2.766519546508789062e+00	2.766681671142578125e+00	2.767532348632812500e+00	2.768840074539184570e+00	2.770168781280517578e+00	2.771102190017700195e+00	2.771311521530151367e+00	2.770633220672607422e+00	2.769643545150756836e+00	2.769107818603515625e+00	2.769340276718139648e+00	2.770120620727539062e+00	2.771029949188232422e+00	2.772026538848876953e+00	2.772786378860473633e+00	2.772137165069580078e+00	2.771872997283935547e+00	2.772392034530639648e+00	2.772699594497680664e+00	2.772042274475097656e+00	2.770762443542480469e+00	2.769558191299438477e+00	2.768608808517456055e+00	2.767514228820800781e+00	2.766621589660644531e+00	2.766804933547973633e+00	2.767223119735717773e+00	2.766661405563354492e+00	2.766842365264892578e+00	2.767995357513427734e+00	2.769460201263427734e+00	2.770485877990722656e+00	2.770869731903076172e+00	2.770843505859375000e+00	2.770052433013916016e+00	2.769167661666870117e+00	2.768774986267089844e+00	2.768393516540527344e+00	2.768117427825927734e+00	2.768113136291503906e+00	2.768623828887939453e+00	2.769910573959350586e+00	2.772025346755981445e+00	2.774340152740478516e+00	2.775835514068603516e+00	2.776622533798217773e+00	2.777275085449218750e+00	2.778022527694702148e+00	2.778796434402465820e+00	2.779350996017456055e+00	2.779843807220458984e+00	2.780163764953613281e+00	2.780170679092407227e+00	2.780499458312988281e+00	2.781212806701660156e+00	2.781664133071899414e+00	2.781276464462280273e+00	2.780095100402832031e+00	2.778277635574340820e+00	2.776221275329589844e+00	2.774433612823486328e+00	2.773415327072143555e+00	2.773289442062377930e+00	2.772862434387207031e+00	2.771967411041259766e+00	2.771285295486450195e+00	2.770662307739257812e+00
2.768490076065063477e+00	2.768413782119750977e+00	2.769404649734497070e+00	2.770494937896728516e+00	2.770553112030029297e+00	2.769849061965942383e+00	2.769310474395751953e+00	2.769442796707153320e+00	2.770250797271728516e+00	2.771372556686401367e+00	2.772212266921997070e+00	2.772362470626831055e+00	2.771916627883911133e+00	2.771131992340087891e+00	2.770370006561279297e+00	2.770194292068481445e+00	2.771093368530273438e+00	2.773099422454833984e+00	2.775315523147583008e+00	2.775463819503784180e+00	2.773445129394531250e+00	2.771650314331054688e+00	2.770462512969970703e+00	2.769692659378051758e+00	2.769441127777099609e+00	2.769365787506103516e+00	2.769034624099731445e+00	2.768486261367797852e+00	2.767988920211791992e+00	2.767584562301635742e+00	2.767111063003540039e+00	2.766669750213623047e+00	2.766571283340454102e+00	2.766797780990600586e+00	2.767256736755371094e+00	2.768104314804077148e+00	2.769258499145507812e+00	2.770162820816040039e+00	2.770426988601684570e+00	2.770034551620483398e+00	2.768929004669189453e+00	2.767637491226196289e+00	2.766492128372192383e+00	2.766143083572387695e+00	2.766837835311889648e+00	2.768227338790893555e+00	2.769939184188842773e+00	2.771843433380126953e+00	2.773670911788940430e+00	2.774975776672363281e+00	2.775703668594360352e+00	2.776144504547119141e+00	2.776807785034179688e+00	2.777872800827026367e+00	2.778382062911987305e+00	2.778145313262939453e+00	2.777920007705688477e+00	2.777574062347412109e+00	2.777865886688232422e+00	2.778188228607177734e+00	2.777735948562622070e+00	2.776656627655029297e+00	2.775553464889526367e+00	2.774734973907470703e+00	2.774435281753540039e+00	2.774645090103149414e+00	2.774898290634155273e+00	2.774732589721679688e+00	2.773900270462036133e+00	2.772423982620239258e+00	2.770778894424438477e+00	2.769425630569458008e+00
2.770813465118408203e+00	2.769481182098388672e+00	2.769056558609008789e+00	2.768571615219116211e+00	2.768130779266357422e+00	2.768201112747192383e+00	2.768793106079101562e+00	2.769850492477416992e+00	2.771339654922485352e+00	2.773067235946655273e+00	2.774615526199340820e+00	2.775528669357299805e+00	2.775447845458984375e+00	2.774491786956787109e+00	2.773347854614257812e+00	2.772792100906372070e+00	2.773243427276611328e+00	2.774559736251831055e+00	2.775824069976806641e+00	2.775931835174560547e+00	2.775351285934448242e+00	2.774611234664916992e+00	2.774009704589843750e+00	2.773636579513549805e+00	2.773508310317993164e+00	2.773445606231689453e+00	2.773024320602416992e+00	2.771956920623779297e+00	2.770741939544677734e+00	2.770103454589843750e+00	2.770117282867431641e+00	2.770438194274902344e+00	2.770853519439697266e+00	2.771340131759643555e+00	2.772057771682739258e+00	2.773327112197875977e+00	2.774995565414428711e+00	2.775751590728759766e+00	2.774555444717407227e+00	2.772404909133911133e+00	2.770733356475830078e+00	2.768942356109619141e+00	2.767245531082153320e+00	2.766679286956787109e+00	2.767134904861450195e+00	2.768529176712036133e+00	2.770506143569946289e+00	2.772745132446289062e+00	2.774867057800292969e+00	2.776538133621215820e+00	2.777701139450073242e+00	2.778653621673583984e+00	2.779617786407470703e+00	2.780393600463867188e+00	2.781300783157348633e+00	2.782887935638427734e+00	2.785050630569458008e+00	2.787242889404296875e+00	2.789913654327392578e+00	2.792895793914794922e+00	2.795226335525512695e+00	2.796053171157836914e+00	2.794755458831787109e+00	2.792468547821044922e+00	2.790260553359985352e+00	2.788064479827880859e+00	2.785621166229248047e+00	2.783169269561767578e+00	2.780844449996948242e+00	2.778668642044067383e+00	2.776032686233520508e+00	2.773134469985961914e+00
2.774326562881469727e+00	2.772158145904541016e+00	2.771163463592529297e+00	2.771309614181518555e+00	2.772272825241088867e+00	2.773606300354003906e+00	2.774780511856079102e+00	2.775974035263061523e+00	2.777915954589843750e+00	2.780561923980712891e+00	2.783052444458007812e+00	2.784479141235351562e+00	2.784611701965332031e+00	2.783935070037841797e+00	2.782785892486572266e+00	2.781314373016357422e+00	2.780016183853149414e+00	2.779262542724609375e+00	2.779042720794677734e+00	2.779048442840576172e+00	2.779023647308349609e+00	2.779052495956420898e+00	2.779227972030639648e+00	2.779386997222900391e+00	2.779294252395629883e+00	2.778681755065917969e+00	2.777437925338745117e+00	2.776139497756958008e+00	2.775640249252319336e+00	2.776262760162353516e+00	2.777528524398803711e+00	2.778531074523925781e+00	2.778920412063598633e+00	2.779285669326782227e+00	2.780357599258422852e+00	2.782111883163452148e+00	2.783363819122314453e+00	2.782593965530395508e+00	2.779832601547241211e+00	2.776350736618041992e+00	2.773979425430297852e+00	2.773496866226196289e+00	2.773292541503906250e+00	2.772511720657348633e+00	2.771826267242431641e+00	2.771888256072998047e+00	2.773294687271118164e+00	2.775947570800781250e+00	2.779205322265625000e+00	2.782321691513061523e+00	2.785172939300537109e+00	2.788417339324951172e+00	2.791601657867431641e+00	2.793680191040039062e+00	2.795806407928466797e+00	2.798766613006591797e+00	2.802655696868896484e+00	2.806807518005371094e+00	2.810471534729003906e+00	2.813298225402832031e+00	2.814540624618530273e+00	2.813765287399291992e+00	2.811483860015869141e+00	2.808669090270996094e+00	2.805121660232543945e+00	2.800154685974121094e+00	2.794841766357421875e+00	2.790669441223144531e+00	2.787466287612915039e+00	2.784007310867309570e+00	2.780400753021240234e+00	2.777197122573852539e+00
2.776711225509643555e+00	2.774446249008178711e+00	2.773830652236938477e+00	2.776288986206054688e+00	2.780494213104248047e+00	2.780281305313110352e+00	2.777407646179199219e+00	2.776014566421508789e+00	2.776660680770874023e+00	2.778859615325927734e+00	2.781527757644653320e+00	2.783369302749633789e+00	2.783877134323120117e+00	2.783433914184570312e+00	2.782466411590576172e+00	2.781146287918090820e+00	2.779951095581054688e+00	2.779257059097290039e+00	2.778856992721557617e+00	2.778334617614746094e+00	2.778255939483642578e+00	2.779179096221923828e+00	2.780514240264892578e+00	2.780692100524902344e+00	2.780117988586425781e+00	2.779082059860229492e+00	2.777509212493896484e+00	2.775897741317749023e+00	2.774943113327026367e+00	2.774999141693115234e+00	2.775987863540649414e+00	2.777675390243530273e+00	2.779353380203247070e+00	2.780347824096679688e+00	2.781009674072265625e+00	2.781609535217285156e+00	2.781578779220581055e+00	2.780003309249877930e+00	2.776846408843994141e+00	2.773140192031860352e+00	2.770295381546020508e+00	2.769001245498657227e+00	2.769094944000244141e+00	2.769154310226440430e+00	2.769016742706298828e+00	2.770126104354858398e+00	2.772665023803710938e+00	2.776171207427978516e+00	2.779788970947265625e+00	2.782852649688720703e+00	2.785459518432617188e+00	2.788000583648681641e+00	2.790475845336914062e+00	2.792701959609985352e+00	2.794821262359619141e+00	2.797287464141845703e+00	2.800428390502929688e+00	2.804199695587158203e+00	2.808084964752197266e+00	2.811030864715576172e+00	2.812015056610107422e+00	2.811195373535156250e+00	2.809593677520751953e+00	2.807816267013549805e+00	2.804816007614135742e+00	2.800010204315185547e+00	2.794690608978271484e+00	2.790161371231079102e+00	2.786963939666748047e+00	2.784455060958862305e+00	2.781962633132934570e+00	2.779405593872070312e+00
2.783225774765014648e+00	2.782118320465087891e+00	2.781743049621582031e+00	2.782769680023193359e+00	2.786267518997192383e+00	2.794240713119506836e+00	2.806351661682128906e+00	2.804954767227172852e+00	2.805882453918457031e+00	2.809072732925415039e+00	2.801473855972290039e+00	2.794040441513061523e+00	2.789476156234741211e+00	2.786644458770751953e+00	2.784700155258178711e+00	2.783574581146240234e+00	2.783607482910156250e+00	2.784844160079956055e+00	2.787041902542114258e+00	2.789749383926391602e+00	2.792509794235229492e+00	2.794879913330078125e+00	2.796024084091186523e+00	2.794909954071044922e+00	2.791811704635620117e+00	2.788251876831054688e+00	2.785524845123291016e+00	2.784233093261718750e+00	2.784468650817871094e+00	2.785976171493530273e+00	2.788656234741210938e+00	2.792480707168579102e+00	2.797578096389770508e+00	2.804091215133666992e+00	2.812141656875610352e+00	2.819776773452758789e+00	2.818909406661987305e+00	2.807451963424682617e+00	2.794467210769653320e+00	2.784404277801513672e+00	2.777880907058715820e+00	2.774454593658447266e+00	2.773574590682983398e+00	2.774623155593872070e+00	2.776936531066894531e+00	2.779933691024780273e+00	2.783060789108276367e+00	2.785786390304565430e+00	2.787953853607177734e+00	2.789500951766967773e+00	2.790335893630981445e+00	2.790807962417602539e+00	2.791811943054199219e+00	2.794048547744750977e+00	2.797785282135009766e+00	2.803317546844482422e+00	2.811228752136230469e+00	2.822170495986938477e+00	2.835891723632812500e+00	2.850647926330566406e+00	2.863776683807373047e+00	2.872553348541259766e+00	2.874031305313110352e+00	2.866211175918579102e+00	2.851656913757324219e+00	2.834669589996337891e+00	2.818417072296142578e+00	2.805092573165893555e+00	2.795825481414794922e+00	2.790194749832153320e+00	2.786875009536743164e+00	2.784752130508422852e+00
2.793900251388549805e+00	2.791697025299072266e+00	2.790045261383056641e+00	2.789918661117553711e+00	2.793063402175903320e+00	2.801472663879394531e+00	2.815227746963500977e+00	2.825443983078002930e+00	2.823875904083251953e+00	2.818013906478881836e+00	2.809740066528320312e+00	2.801347017288208008e+00	2.795079231262207031e+00	2.790856838226318359e+00	2.788023710250854492e+00	2.786541700363159180e+00	2.786746978759765625e+00	2.788786649703979492e+00	2.792226552963256836e+00	2.795710325241088867e+00	2.797512292861938477e+00	2.799191713333129883e+00	2.800208568572998047e+00	2.799904108047485352e+00	2.798392772674560547e+00	2.796355009078979492e+00	2.794840574264526367e+00	2.794728517532348633e+00	2.796298027038574219e+00	2.799309253692626953e+00	2.803160429000854492e+00	2.807125806808471680e+00	2.810862064361572266e+00	2.815559864044189453e+00	2.822281599044799805e+00	2.828434228897094727e+00	2.828256845474243164e+00	2.820716857910156250e+00	2.811382770538330078e+00	2.803053855895996094e+00	2.795954465866088867e+00	2.790478229522705078e+00	2.787184476852416992e+00	2.786117553710937500e+00	2.786911964416503906e+00	2.788983583450317383e+00	2.791662931442260742e+00	2.794372320175170898e+00	2.796720743179321289e+00	2.798263549804687500e+00	2.798702716827392578e+00	2.798825740814208984e+00	2.799775600433349609e+00	2.802219867706298828e+00	2.806587696075439453e+00	2.813403606414794922e+00	2.823063611984252930e+00	2.835680246353149414e+00	2.851097345352172852e+00	2.868398666381835938e+00	2.884556770324707031e+00	2.894847393035888672e+00	2.896178245544433594e+00	2.888950824737548828e+00	2.876342058181762695e+00	2.860009431838989258e+00	2.842275619506835938e+00	2.826195001602172852e+00	2.813320636749267578e+00	2.804591894149780273e+00	2.799416780471801758e+00	2.796285629272460938e+00
2.794725418090820312e+00	2.791741371154785156e+00	2.789261579513549805e+00	2.788798809051513672e+00	2.792033433914184570e+00	2.800394535064697266e+00	2.814060449600219727e+00	2.825885057449340820e+00	2.826309680938720703e+00	2.820772647857666016e+00	2.811624288558959961e+00	2.802212476730346680e+00	2.795017719268798828e+00	2.790298223495483398e+00	2.787803173065185547e+00	2.787030220031738281e+00	2.787492513656616211e+00	2.789185285568237305e+00	2.791715621948242188e+00	2.794102907180786133e+00	2.796439647674560547e+00	2.798797369003295898e+00	2.800509214401245117e+00	2.800865650177001953e+00	2.799724578857421875e+00	2.797724723815917969e+00	2.795947074890136719e+00	2.795279741287231445e+00	2.796148777008056641e+00	2.798843145370483398e+00	2.803421974182128906e+00	2.808555364608764648e+00	2.813172578811645508e+00	2.818385601043701172e+00	2.825267314910888672e+00	2.831485033035278320e+00	2.831176280975341797e+00	2.823222875595092773e+00	2.813565015792846680e+00	2.805028200149536133e+00	2.797687053680419922e+00	2.792254686355590820e+00	2.789044141769409180e+00	2.787833929061889648e+00	2.788286209106445312e+00	2.790044307708740234e+00	2.792622089385986328e+00	2.795484781265258789e+00	2.798113107681274414e+00	2.799854040145874023e+00	2.800442218780517578e+00	2.800946474075317383e+00	2.802147388458251953e+00	2.804112434387207031e+00	2.807680845260620117e+00	2.813914537429809570e+00	2.823364019393920898e+00	2.836212158203125000e+00	2.852032661437988281e+00	2.869568347930908203e+00	2.886233568191528320e+00	2.897499084472656250e+00	2.899390220642089844e+00	2.892279624938964844e+00	2.879354953765869141e+00	2.862498998641967773e+00	2.844118833541870117e+00	2.827731370925903320e+00	2.815533876419067383e+00	2.807296752929687500e+00	2.801695585250854492e+00	2.797809839248657227e+00
2.793390750885009766e+00	2.790876150131225586e+00	2.788568735122680664e+00	2.787427902221679688e+00	2.788693189620971680e+00	2.793021678924560547e+00	2.800527095794677734e+00	2.808531284332275391e+00	2.810210466384887695e+00	2.804882526397705078e+00	2.797759294509887695e+00	2.791877269744873047e+00	2.787818193435668945e+00	2.785388708114624023e+00	2.784522056579589844e+00	2.785038948059082031e+00	2.786574840545654297e+00	2.788809299468994141e+00	2.791305780410766602e+00	2.792917013168334961e+00	2.793186664581298828e+00	2.793206214904785156e+00	2.793279409408569336e+00	2.793313026428222656e+00	2.793388843536376953e+00	2.793854475021362305e+00	2.795143604278564453e+00	2.797464370727539062e+00	2.801033020019531250e+00	2.806111335754394531e+00	2.812566280364990234e+00	2.818747997283935547e+00	2.820905923843383789e+00	2.818134546279907227e+00	2.814321756362915039e+00	2.811179876327514648e+00	2.806316137313842773e+00	2.799949884414672852e+00	2.794702291488647461e+00	2.791743040084838867e+00	2.790570735931396484e+00	2.790076255798339844e+00	2.790071249008178711e+00	2.790696620941162109e+00	2.791882991790771484e+00	2.793185234069824219e+00	2.794463396072387695e+00	2.795869588851928711e+00	2.796936273574829102e+00	2.796834945678710938e+00	2.795757055282592773e+00	2.794788837432861328e+00	2.795042991638183594e+00	2.796715974807739258e+00	2.800030469894409180e+00	2.805629014968872070e+00	2.813875675201416016e+00	2.824752330780029297e+00	2.837661027908325195e+00	2.851481437683105469e+00	2.864366292953491211e+00	2.874430418014526367e+00	2.880621910095214844e+00	2.883049964904785156e+00	2.880739927291870117e+00	2.870734691619873047e+00	2.854097843170166016e+00	2.835823297500610352e+00	2.819876909255981445e+00	2.808375120162963867e+00	2.801088809967041016e+00	2.796481609344482422e+00
2.794155359268188477e+00	2.792632818222045898e+00	2.790898799896240234e+00	2.789125442504882812e+00	2.788816213607788086e+00	2.791175842285156250e+00	2.796564102172851562e+00	2.803898096084594727e+00	2.809486865997314453e+00	2.808296203613281250e+00	2.801289319992065430e+00	2.794605731964111328e+00	2.790164470672607422e+00	2.787834882736206055e+00	2.787428617477416992e+00	2.788663625717163086e+00	2.790972948074340820e+00	2.793640613555908203e+00	2.795931100845336914e+00	2.797299861907958984e+00	2.797712087631225586e+00	2.797530174255371094e+00	2.796970605850219727e+00	2.796168565750122070e+00	2.795421838760375977e+00	2.795153141021728516e+00	2.795762300491333008e+00	2.797759294509887695e+00	2.801550626754760742e+00	2.807247400283813477e+00	2.814506769180297852e+00	2.821245431900024414e+00	2.824111938476562500e+00	2.822783946990966797e+00	2.820196866989135742e+00	2.816733598709106445e+00	2.809354782104492188e+00	2.800186634063720703e+00	2.793196678161621094e+00	2.789202213287353516e+00	2.787691593170166016e+00	2.787936687469482422e+00	2.789136409759521484e+00	2.790832042694091797e+00	2.792536258697509766e+00	2.793679475784301758e+00	2.794381618499755859e+00	2.794899702072143555e+00	2.794936418533325195e+00	2.794390916824340820e+00	2.793631076812744141e+00	2.793337583541870117e+00	2.793723583221435547e+00	2.794769525527954102e+00	2.797380924224853516e+00	2.802535057067871094e+00	2.810578584671020508e+00	2.821572780609130859e+00	2.835418224334716797e+00	2.851824045181274414e+00	2.868984937667846680e+00	2.884101629257202148e+00	2.894941329956054688e+00	2.899137258529663086e+00	2.895487308502197266e+00	2.883399486541748047e+00	2.864464759826660156e+00	2.843606710433959961e+00	2.824651479721069336e+00	2.810597658157348633e+00	2.801602602005004883e+00	2.796579599380493164e+00
2.795296192169189453e+00	2.793144941329956055e+00	2.790886402130126953e+00	2.789324283599853516e+00	2.789664506912231445e+00	2.792793512344360352e+00	2.799110651016235352e+00	2.807308435440063477e+00	2.812705993652343750e+00	2.810842752456665039e+00	2.803376913070678711e+00	2.796208143234252930e+00	2.791511774063110352e+00	2.789145946502685547e+00	2.788762331008911133e+00	2.790004968643188477e+00	2.792337417602539062e+00	2.794998645782470703e+00	2.797009706497192383e+00	2.797802448272705078e+00	2.797837972640991211e+00	2.797681331634521484e+00	2.797496557235717773e+00	2.797053813934326172e+00	2.796374320983886719e+00	2.795912504196166992e+00	2.796125411987304688e+00	2.797694206237792969e+00	2.801335334777832031e+00	2.807311773300170898e+00	2.814893007278442383e+00	2.821529865264892578e+00	2.823952913284301758e+00	2.822147369384765625e+00	2.819255828857421875e+00	2.815764188766479492e+00	2.808906078338623047e+00	2.800262451171875000e+00	2.793509244918823242e+00	2.789862394332885742e+00	2.788673162460327148e+00	2.788744211196899414e+00	2.789631843566894531e+00	2.791143655776977539e+00	2.792678833007812500e+00	2.793657779693603516e+00	2.794084787368774414e+00	2.794276475906372070e+00	2.794111490249633789e+00	2.793373584747314453e+00	2.792625188827514648e+00	2.792593717575073242e+00	2.793549776077270508e+00	2.795588016510009766e+00	2.798973321914672852e+00	2.804153203964233398e+00	2.811744928359985352e+00	2.821873188018798828e+00	2.834979772567749023e+00	2.851052284240722656e+00	2.868205070495605469e+00	2.883438110351562500e+00	2.894287109375000000e+00	2.898937702178955078e+00	2.896735668182373047e+00	2.885087966918945312e+00	2.865197896957397461e+00	2.843238592147827148e+00	2.824283838272094727e+00	2.810529232025146484e+00	2.802105188369750977e+00	2.797734022140502930e+00
2.798133611679077148e+00	2.793996810913085938e+00	2.790507316589355469e+00	2.788164377212524414e+00	2.787592172622680664e+00	2.789079666137695312e+00	2.792860984802246094e+00	2.797770738601684570e+00	2.800634860992431641e+00	2.799688816070556641e+00	2.796242713928222656e+00	2.793151140213012695e+00	2.791612148284912109e+00	2.791650056838989258e+00	2.792972803115844727e+00	2.795175075531005859e+00	2.797651290893554688e+00	2.799824953079223633e+00	2.801087617874145508e+00	2.800528287887573242e+00	2.798583030700683594e+00	2.796360969543457031e+00	2.794517278671264648e+00	2.793446779251098633e+00	2.793547630310058594e+00	2.795207500457763672e+00	2.798767089843750000e+00	2.804429531097412109e+00	2.812014102935791016e+00	2.819800615310668945e+00	2.825053691864013672e+00	2.824939727783203125e+00	2.819325208663940430e+00	2.812888860702514648e+00	2.808862209320068359e+00	2.805627107620239258e+00	2.800059795379638672e+00	2.793499946594238281e+00	2.788821697235107422e+00	2.786615848541259766e+00	2.786435365676879883e+00	2.787961483001708984e+00	2.790703773498535156e+00	2.793726682662963867e+00	2.795981168746948242e+00	2.796948432922363281e+00	2.796970367431640625e+00	2.796566009521484375e+00	2.795814037322998047e+00	2.795434713363647461e+00	2.795057535171508789e+00	2.794041395187377930e+00	2.793672084808349609e+00	2.794442176818847656e+00	2.797133445739746094e+00	2.801604986190795898e+00	2.806985616683959961e+00	2.813669681549072266e+00	2.822913646697998047e+00	2.835533380508422852e+00	2.851119518280029297e+00	2.867725133895874023e+00	2.882934570312500000e+00	2.895344257354736328e+00	2.904548406600952148e+00	2.904661655426025391e+00	2.891820669174194336e+00	2.871061563491821289e+00	2.848757266998291016e+00	2.829024553298950195e+00	2.813961982727050781e+00	2.804084539413452148e+00
2.804280996322631836e+00	2.799145460128784180e+00	2.795057058334350586e+00	2.791867733001708984e+00	2.790091037750244141e+00	2.790312767028808594e+00	2.792704343795776367e+00	2.796272993087768555e+00	2.798542022705078125e+00	2.797755479812622070e+00	2.795298576354980469e+00	2.793327808380126953e+00	2.792535066604614258e+00	2.792853832244873047e+00	2.794140815734863281e+00	2.795988559722900391e+00	2.797782421112060547e+00	2.799043893814086914e+00	2.799395322799682617e+00	2.798429727554321289e+00	2.796401023864746094e+00	2.794287681579589844e+00	2.792991161346435547e+00	2.793092489242553711e+00	2.794820070266723633e+00	2.798353433609008789e+00	2.803915977478027344e+00	2.811278820037841797e+00	2.819954156875610352e+00	2.828461408615112305e+00	2.833234786987304688e+00	2.830717563629150391e+00	2.822873353958129883e+00	2.814918518066406250e+00	2.809456825256347656e+00	2.804929256439208984e+00	2.799450635910034180e+00	2.794328451156616211e+00	2.790806531906127930e+00	2.788927555084228516e+00	2.788758516311645508e+00	2.790365934371948242e+00	2.793582916259765625e+00	2.797504901885986328e+00	2.800837755203247070e+00	2.802570343017578125e+00	2.802883386611938477e+00	2.802020311355590820e+00	2.799106597900390625e+00	2.795926809310913086e+00	2.793831586837768555e+00	2.792726039886474609e+00	2.792481184005737305e+00	2.793282270431518555e+00	2.795337677001953125e+00	2.798659801483154297e+00	2.802930831909179688e+00	2.808006286621093750e+00	2.814733505249023438e+00	2.824159860610961914e+00	2.836880683898925781e+00	2.852145910263061523e+00	2.868632555007934570e+00	2.885452032089233398e+00	2.900633335113525391e+00	2.907696962356567383e+00	2.900849580764770508e+00	2.882471323013305664e+00	2.859853029251098633e+00	2.839068651199340820e+00	2.822884559631347656e+00	2.811647415161132812e+00
2.803429126739501953e+00	2.797974824905395508e+00	2.793465137481689453e+00	2.790313720703125000e+00	2.789025545120239258e+00	2.789770364761352539e+00	2.792139291763305664e+00	2.794850111007690430e+00	2.796027421951293945e+00	2.794796466827392578e+00	2.792591094970703125e+00	2.791310548782348633e+00	2.791461229324340820e+00	2.792573213577270508e+00	2.793994188308715820e+00	2.795480728149414062e+00	2.796767711639404297e+00	2.797351598739624023e+00	2.796902894973754883e+00	2.795446872711181641e+00	2.793532133102416992e+00	2.791919469833374023e+00	2.791281461715698242e+00	2.792160272598266602e+00	2.794887781143188477e+00	2.799350261688232422e+00	2.805046558380126953e+00	2.811610460281372070e+00	2.819108009338378906e+00	2.826172828674316406e+00	2.829906702041625977e+00	2.827520608901977539e+00	2.820515871047973633e+00	2.812990903854370117e+00	2.807041406631469727e+00	2.801732778549194336e+00	2.795888900756835938e+00	2.790822505950927734e+00	2.787662744522094727e+00	2.786261081695556641e+00	2.786680221557617188e+00	2.788860321044921875e+00	2.792338132858276367e+00	2.796338796615600586e+00	2.799813032150268555e+00	2.801595449447631836e+00	2.801162481307983398e+00	2.799060344696044922e+00	2.796252250671386719e+00	2.793590545654296875e+00	2.791792631149291992e+00	2.791161537170410156e+00	2.791656970977783203e+00	2.793191909790039062e+00	2.795431375503540039e+00	2.797472000122070312e+00	2.800317049026489258e+00	2.804901123046875000e+00	2.811556100845336914e+00	2.820913553237915039e+00	2.833271265029907227e+00	2.848004579544067383e+00	2.863906383514404297e+00	2.879889249801635742e+00	2.894038915634155273e+00	2.900882720947265625e+00	2.894994735717773438e+00	2.878008365631103516e+00	2.856669187545776367e+00	2.836905002593994141e+00	2.821475505828857422e+00	2.810682535171508789e+00
2.791519641876220703e+00	2.786610603332519531e+00	2.783927917480468750e+00	2.782918453216552734e+00	2.782549381256103516e+00	2.782603979110717773e+00	2.783192634582519531e+00	2.783741950988769531e+00	2.783694744110107422e+00	2.783048152923583984e+00	2.782586336135864258e+00	2.783174514770507812e+00	2.785040140151977539e+00	2.787216186523437500e+00	2.788248300552368164e+00	2.788587808609008789e+00	2.788304805755615234e+00	2.787338256835937500e+00	2.785748481750488281e+00	2.783684968948364258e+00	2.781702995300292969e+00	2.780558347702026367e+00	2.780469179153442383e+00	2.781272888183593750e+00	2.782953023910522461e+00	2.785376548767089844e+00	2.789155721664428711e+00	2.795517921447753906e+00	2.805044889450073242e+00	2.816501140594482422e+00	2.823962926864624023e+00	2.820032596588134766e+00	2.809106826782226562e+00	2.799047470092773438e+00	2.792269706726074219e+00	2.787475585937500000e+00	2.783178567886352539e+00	2.779812335968017578e+00	2.778230667114257812e+00	2.778204679489135742e+00	2.778852701187133789e+00	2.780045509338378906e+00	2.781949996948242188e+00	2.784068107604980469e+00	2.785644769668579102e+00	2.786065101623535156e+00	2.785536766052246094e+00	2.784836053848266602e+00	2.784257888793945312e+00	2.783704757690429688e+00	2.783733367919921875e+00	2.784453630447387695e+00	2.785444259643554688e+00	2.786322355270385742e+00	2.786927700042724609e+00	2.787587642669677734e+00	2.788633346557617188e+00	2.790187358856201172e+00	2.792482852935791016e+00	2.795810222625732422e+00	2.800474166870117188e+00	2.806839227676391602e+00	2.815524578094482422e+00	2.827165126800537109e+00	2.841352224349975586e+00	2.854762315750122070e+00	2.860279798507690430e+00	2.853453636169433594e+00	2.838683128356933594e+00	2.822737932205200195e+00	2.809184312820434570e+00	2.798906326293945312e+00
2.807650327682495117e+00	2.804805994033813477e+00	2.802728652954101562e+00	2.800769329071044922e+00	2.798862218856811523e+00	2.796916007995605469e+00	2.794872045516967773e+00	2.793081521987915039e+00	2.791269063949584961e+00	2.789013624191284180e+00	2.787158966064453125e+00	2.786515712738037109e+00	2.787300109863281250e+00	2.789031744003295898e+00	2.790699958801269531e+00	2.791513204574584961e+00	2.791169166564941406e+00	2.789425134658813477e+00	2.786639451980590820e+00	2.783763170242309570e+00	2.781714439392089844e+00	2.780951261520385742e+00	2.781413793563842773e+00	2.782747268676757812e+00	2.784681081771850586e+00	2.787190675735473633e+00	2.790814399719238281e+00	2.796855211257934570e+00	2.806044816970825195e+00	2.816342353820800781e+00	2.822469949722290039e+00	2.820244789123535156e+00	2.812600374221801758e+00	2.804478883743286133e+00	2.797594547271728516e+00	2.792040586471557617e+00	2.787547826766967773e+00	2.784428119659423828e+00	2.783148288726806641e+00	2.783756971359252930e+00	2.785665512084960938e+00	2.787944078445434570e+00	2.790667295455932617e+00	2.793190717697143555e+00	2.794679641723632812e+00	2.794896125793457031e+00	2.794180870056152344e+00	2.792872428894042969e+00	2.791137456893920898e+00	2.789565563201904297e+00	2.788844108581542969e+00	2.788751602172851562e+00	2.788215160369873047e+00	2.786887168884277344e+00	2.785810708999633789e+00	2.785949945449829102e+00	2.787590980529785156e+00	2.790753126144409180e+00	2.795338153839111328e+00	2.801145315170288086e+00	2.808097124099731445e+00	2.816203832626342773e+00	2.825587749481201172e+00	2.836701393127441406e+00	2.849698066711425781e+00	2.861934661865234375e+00	2.866794824600219727e+00	2.860423803329467773e+00	2.846995830535888672e+00	2.832761764526367188e+00	2.820946931838989258e+00	2.812643766403198242e+00
2.808093309402465820e+00	2.806609153747558594e+00	2.805468559265136719e+00	2.803225994110107422e+00	2.800984621047973633e+00	2.799327611923217773e+00	2.797798395156860352e+00	2.796302795410156250e+00	2.794370174407958984e+00	2.791729688644409180e+00	2.789527893066406250e+00	2.788473844528198242e+00	2.788752555847167969e+00	2.789891004562377930e+00	2.790850639343261719e+00	2.790841579437255859e+00	2.789765596389770508e+00	2.787760019302368164e+00	2.785278320312500000e+00	2.783158540725708008e+00	2.782130241394042969e+00	2.781885623931884766e+00	2.781592607498168945e+00	2.781690120697021484e+00	2.782569169998168945e+00	2.784702777862548828e+00	2.788994312286376953e+00	2.796132802963256836e+00	2.805845499038696289e+00	2.815720081329345703e+00	2.820889234542846680e+00	2.818163156509399414e+00	2.810501098632812500e+00	2.803045988082885742e+00	2.797357320785522461e+00	2.792635440826416016e+00	2.788270235061645508e+00	2.784704685211181641e+00	2.782825946807861328e+00	2.783169269561767578e+00	2.785525798797607422e+00	2.788690567016601562e+00	2.791743278503417969e+00	2.794185400009155273e+00	2.795478105545043945e+00	2.795307397842407227e+00	2.793913364410400391e+00	2.792069435119628906e+00	2.790191173553466797e+00	2.788564205169677734e+00	2.787379026412963867e+00	2.786317586898803711e+00	2.784977197647094727e+00	2.783623218536376953e+00	2.783039569854736328e+00	2.783780574798583984e+00	2.785910367965698242e+00	2.789338350296020508e+00	2.794005155563354492e+00	2.799780368804931641e+00	2.806464195251464844e+00	2.814069747924804688e+00	2.823091030120849609e+00	2.834253549575805664e+00	2.847402811050415039e+00	2.859533548355102539e+00	2.864111185073852539e+00	2.857250213623046875e+00	2.843163728713989258e+00	2.828876495361328125e+00	2.818132400512695312e+00	2.811472415924072266e+00
2.805468559265136719e+00	2.805356740951538086e+00	2.805000305175781250e+00	2.805126428604125977e+00	2.805773496627807617e+00	2.806308269500732422e+00	2.805741786956787109e+00	2.803697347640991211e+00	2.800562858581542969e+00	2.796338081359863281e+00	2.791532993316650391e+00	2.787484884262084961e+00	2.784802913665771484e+00	2.783063888549804688e+00	2.781577348709106445e+00	2.779914617538452148e+00	2.778083562850952148e+00	2.776175737380981445e+00	2.774255990982055664e+00	2.772756576538085938e+00	2.772074222564697266e+00	2.772088527679443359e+00	2.772944450378417969e+00	2.774552106857299805e+00	2.776327848434448242e+00	2.778248071670532227e+00	2.781263828277587891e+00	2.786392211914062500e+00	2.793145418167114258e+00	2.798705816268920898e+00	2.800121307373046875e+00	2.797174692153930664e+00	2.792535781860351562e+00	2.789032697677612305e+00	2.787584543228149414e+00	2.787385702133178711e+00	2.786996364593505859e+00	2.786083936691284180e+00	2.785452604293823242e+00	2.785670518875122070e+00	2.786524295806884766e+00	2.787610292434692383e+00	2.788721561431884766e+00	2.789788246154785156e+00	2.790617704391479492e+00	2.790772438049316406e+00	2.790336608886718750e+00	2.789792299270629883e+00	2.789059877395629883e+00	2.788001537322998047e+00	2.786788463592529297e+00	2.785632133483886719e+00	2.784623622894287109e+00	2.783927440643310547e+00	2.783817052841186523e+00	2.783950090408325195e+00	2.784090518951416016e+00	2.784854412078857422e+00	2.786540746688842773e+00	2.789637565612792969e+00	2.794069766998291016e+00	2.799118280410766602e+00	2.804318666458129883e+00	2.809812307357788086e+00	2.816145658493041992e+00	2.822628021240234375e+00	2.826626300811767578e+00	2.825338602066040039e+00	2.819435119628906250e+00	2.812370061874389648e+00	2.807470798492431641e+00	2.805592536926269531e+00
2.805978536605834961e+00	2.803477525711059570e+00	2.801629304885864258e+00	2.801418781280517578e+00	2.802853345870971680e+00	2.804453611373901367e+00	2.804670572280883789e+00	2.803215026855468750e+00	2.800517320632934570e+00	2.796853065490722656e+00	2.792656898498535156e+00	2.788822412490844727e+00	2.785943984985351562e+00	2.783846378326416016e+00	2.782208204269409180e+00	2.780844449996948242e+00	2.779538869857788086e+00	2.778076648712158203e+00	2.776520729064941406e+00	2.775117874145507812e+00	2.773836851119995117e+00	2.772666215896606445e+00	2.772471666336059570e+00	2.774139642715454102e+00	2.777205228805541992e+00	2.780271053314208984e+00	2.783156633377075195e+00	2.786595821380615234e+00	2.789835929870605469e+00	2.791033983230590820e+00	2.789280891418457031e+00	2.785137176513671875e+00	2.780673503875732422e+00	2.777966499328613281e+00	2.777762413024902344e+00	2.779463052749633789e+00	2.781773090362548828e+00	2.783636331558227539e+00	2.784695625305175781e+00	2.785800695419311523e+00	2.787835597991943359e+00	2.790298223495483398e+00	2.791996240615844727e+00	2.792222499847412109e+00	2.791245698928833008e+00	2.789589643478393555e+00	2.787444353103637695e+00	2.785146713256835938e+00	2.782970190048217773e+00	2.781144142150878906e+00	2.780097007751464844e+00	2.780076026916503906e+00	2.780851125717163086e+00	2.781632900238037109e+00	2.782085418701171875e+00	2.782991409301757812e+00	2.784598350524902344e+00	2.786490440368652344e+00	2.788658142089843750e+00	2.791454315185546875e+00	2.794647216796875000e+00	2.798471212387084961e+00	2.803513765335083008e+00	2.810608863830566406e+00	2.819293022155761719e+00	2.827179193496704102e+00	2.831538677215576172e+00	2.830551147460937500e+00	2.825158834457397461e+00	2.818428993225097656e+00	2.812690258026123047e+00	2.808751344680786133e+00
2.803540945053100586e+00	2.799318075180053711e+00	2.795971155166625977e+00	2.794578313827514648e+00	2.795045375823974609e+00	2.795748233795166016e+00	2.795093774795532227e+00	2.793284177780151367e+00	2.791237592697143555e+00	2.789477825164794922e+00	2.788134098052978516e+00	2.787131786346435547e+00	2.786302089691162109e+00	2.785467147827148438e+00	2.784313678741455078e+00	2.782340288162231445e+00	2.779701471328735352e+00	2.777083158493041992e+00	2.774903297424316406e+00	2.773288965225219727e+00	2.772210121154785156e+00	2.771601915359497070e+00	2.771614313125610352e+00	2.772497415542602539e+00	2.774294376373291016e+00	2.776700019836425781e+00	2.779358625411987305e+00	2.782450199127197266e+00	2.785513162612915039e+00	2.787045955657958984e+00	2.785841464996337891e+00	2.782232999801635742e+00	2.778026103973388672e+00	2.775226593017578125e+00	2.774913072586059570e+00	2.776725053787231445e+00	2.779517173767089844e+00	2.782411575317382812e+00	2.784415006637573242e+00	2.785170316696166992e+00	2.786036729812622070e+00	2.787612676620483398e+00	2.789219617843627930e+00	2.789619684219360352e+00	2.788677215576171875e+00	2.787393093109130859e+00	2.786107301712036133e+00	2.784575223922729492e+00	2.782963991165161133e+00	2.781605243682861328e+00	2.780743122100830078e+00	2.780295372009277344e+00	2.779889822006225586e+00	2.779681921005249023e+00	2.780288934707641602e+00	2.781965017318725586e+00	2.784295082092285156e+00	2.787026882171630859e+00	2.790315866470336914e+00	2.793642282485961914e+00	2.796144008636474609e+00	2.798609256744384766e+00	2.802873134613037109e+00	2.810014724731445312e+00	2.819268703460693359e+00	2.828085422515869141e+00	2.833715677261352539e+00	2.834360837936401367e+00	2.829831600189208984e+00	2.822073459625244141e+00	2.814246654510498047e+00	2.808227539062500000e+00
2.820697307586669922e+00	2.817175149917602539e+00	2.814978837966918945e+00	2.814328432083129883e+00	2.814332246780395508e+00	2.813889026641845703e+00	2.812555789947509766e+00	2.810243368148803711e+00	2.807002067565917969e+00	2.803336858749389648e+00	2.799691915512084961e+00	2.796145915985107422e+00	2.792486906051635742e+00	2.788754463195800781e+00	2.785273551940917969e+00	2.782080888748168945e+00	2.779166460037231445e+00	2.776782989501953125e+00	2.775196552276611328e+00	2.774324655532836914e+00	2.773828029632568359e+00	2.774082899093627930e+00	2.775585889816284180e+00	2.778368949890136719e+00	2.781947374343872070e+00	2.785554647445678711e+00	2.789091825485229492e+00	2.792765855789184570e+00	2.796059131622314453e+00	2.797553062438964844e+00	2.795395374298095703e+00	2.790017604827880859e+00	2.784403800964355469e+00	2.780930995941162109e+00	2.780483007431030273e+00	2.782325983047485352e+00	2.785013914108276367e+00	2.787343263626098633e+00	2.788783550262451172e+00	2.789904594421386719e+00	2.790980339050292969e+00	2.791617870330810547e+00	2.791570425033569336e+00	2.790883302688598633e+00	2.789716958999633789e+00	2.788188695907592773e+00	2.786631822586059570e+00	2.785495042800903320e+00	2.784929752349853516e+00	2.784847021102905273e+00	2.785233736038208008e+00	2.786036729812622070e+00	2.786756038665771484e+00	2.786715269088745117e+00	2.785600185394287109e+00	2.783698320388793945e+00	2.782377004623413086e+00	2.782848119735717773e+00	2.785442590713500977e+00	2.789496183395385742e+00	2.793947219848632812e+00	2.798383235931396484e+00	2.803620576858520508e+00	2.811586380004882812e+00	2.824504852294921875e+00	2.840905189514160156e+00	2.853751659393310547e+00	2.858299732208251953e+00	2.853154659271240234e+00	2.843034029006958008e+00	2.833027362823486328e+00	2.825585842132568359e+00
2.818296194076538086e+00	2.816098451614379883e+00	2.814320802688598633e+00	2.813478946685791016e+00	2.813400983810424805e+00	2.813476800918579102e+00	2.813071012496948242e+00	2.811597585678100586e+00	2.808372259140014648e+00	2.803645133972167969e+00	2.798917055130004883e+00	2.794758081436157227e+00	2.791173219680786133e+00	2.788140058517456055e+00	2.785619497299194336e+00	2.783691644668579102e+00	2.781839370727539062e+00	2.779252767562866211e+00	2.776870012283325195e+00	2.775231838226318359e+00	2.774307489395141602e+00	2.774737596511840820e+00	2.776979446411132812e+00	2.780495643615722656e+00	2.784300327301025391e+00	2.787835359573364258e+00	2.791165113449096680e+00	2.794088602066040039e+00	2.795904397964477539e+00	2.795721054077148438e+00	2.792876958847045898e+00	2.788336277008056641e+00	2.784228801727294922e+00	2.782271623611450195e+00	2.782769680023193359e+00	2.784671306610107422e+00	2.786743879318237305e+00	2.788551807403564453e+00	2.790087223052978516e+00	2.791747093200683594e+00	2.794282436370849609e+00	2.797365903854370117e+00	2.799813508987426758e+00	2.800299882888793945e+00	2.798956155776977539e+00	2.796497583389282227e+00	2.793580293655395508e+00	2.790852546691894531e+00	2.788620471954345703e+00	2.786817550659179688e+00	2.785191774368286133e+00	2.783918380737304688e+00	2.783199310302734375e+00	2.782933950424194336e+00	2.782471656799316406e+00	2.781693458557128906e+00	2.781659126281738281e+00	2.782844781875610352e+00	2.785403013229370117e+00	2.789016485214233398e+00	2.793089866638183594e+00	2.797399997711181641e+00	2.802680730819702148e+00	2.810141086578369141e+00	2.820778131484985352e+00	2.834486007690429688e+00	2.847166061401367188e+00	2.850342988967895508e+00	2.843595981597900391e+00	2.834023237228393555e+00	2.825994491577148438e+00	2.821035146713256836e+00
2.820539474487304688e+00	2.815909624099731445e+00	2.812040090560913086e+00	2.809647560119628906e+00	2.808651447296142578e+00	2.809129476547241211e+00	2.810460567474365234e+00	2.810013771057128906e+00	2.806687831878662109e+00	2.802313327789306641e+00	2.798264980316162109e+00	2.795136690139770508e+00	2.793162822723388672e+00	2.790724754333496094e+00	2.785720825195312500e+00	2.781545162200927734e+00	2.778118610382080078e+00	2.775362253189086914e+00	2.773678541183471680e+00	2.773455619812011719e+00	2.774558544158935547e+00	2.776828050613403320e+00	2.779956340789794922e+00	2.782983303070068359e+00	2.785233497619628906e+00	2.786812067031860352e+00	2.788547754287719727e+00	2.790975570678710938e+00	2.793433904647827148e+00	2.794313192367553711e+00	2.791645765304565430e+00	2.786933183670043945e+00	2.783021450042724609e+00	2.780902147293090820e+00	2.780799150466918945e+00	2.782379388809204102e+00	2.784513235092163086e+00	2.786433935165405273e+00	2.788291931152343750e+00	2.790469646453857422e+00	2.792799472808837891e+00	2.794472932815551758e+00	2.794955492019653320e+00	2.794214487075805664e+00	2.792599916458129883e+00	2.790809631347656250e+00	2.789375543594360352e+00	2.788486719131469727e+00	2.788223028182983398e+00	2.788044929504394531e+00	2.787313699722290039e+00	2.786530733108520508e+00	2.786441802978515625e+00	2.785851001739501953e+00	2.784021854400634766e+00	2.782440185546875000e+00	2.781957864761352539e+00	2.782869815826416016e+00	2.785216569900512695e+00	2.788854122161865234e+00	2.793159961700439453e+00	2.797574520111083984e+00	2.802509546279907227e+00	2.808940172195434570e+00	2.817423582077026367e+00	2.827391386032104492e+00	2.836373805999755859e+00	2.840590953826904297e+00	2.838958978652954102e+00	2.834099292755126953e+00	2.828839063644409180e+00	2.824577093124389648e+00
2.809992790222167969e+00	2.804056644439697266e+00	2.797223567962646484e+00	2.792364597320556641e+00	2.790839433670043945e+00	2.792449474334716797e+00	2.796012163162231445e+00	2.798549413681030273e+00	2.797633171081542969e+00	2.794386625289916992e+00	2.790654182434082031e+00	2.787749767303466797e+00	2.785524129867553711e+00	2.783302783966064453e+00	2.780605316162109375e+00	2.777637720108032227e+00	2.774766921997070312e+00	2.772422790527343750e+00	2.771128654479980469e+00	2.771158933639526367e+00	2.772154808044433594e+00	2.773634910583496094e+00	2.775640726089477539e+00	2.778178691864013672e+00	2.781025886535644531e+00	2.784250974655151367e+00	2.788299798965454102e+00	2.792970418930053711e+00	2.796472072601318359e+00	2.796372652053833008e+00	2.791668653488159180e+00	2.785230159759521484e+00	2.779922008514404297e+00	2.776904344558715820e+00	2.776331901550292969e+00	2.777625560760498047e+00	2.779677391052246094e+00	2.781685113906860352e+00	2.783581256866455078e+00	2.785470962524414062e+00	2.786930084228515625e+00	2.787155389785766602e+00	2.786288022994995117e+00	2.785310983657836914e+00	2.784505605697631836e+00	2.783848524093627930e+00	2.783485174179077148e+00	2.783060073852539062e+00	2.782043218612670898e+00	2.780691623687744141e+00	2.779724359512329102e+00	2.779741764068603516e+00	2.780769109725952148e+00	2.782068490982055664e+00	2.781260967254638672e+00	2.779044628143310547e+00	2.777588605880737305e+00	2.777286052703857422e+00	2.778398275375366211e+00	2.780954360961914062e+00	2.784609317779541016e+00	2.789160251617431641e+00	2.794600963592529297e+00	2.800687789916992188e+00	2.807721853256225586e+00	2.816150426864624023e+00	2.824345827102661133e+00	2.829162597656250000e+00	2.829264163970947266e+00	2.825757980346679688e+00	2.820509910583496094e+00	2.815044403076171875e+00
2.812102079391479492e+00	2.805407524108886719e+00	2.797928333282470703e+00	2.792251586914062500e+00	2.789929151535034180e+00	2.790824651718139648e+00	2.793759822845458984e+00	2.795945167541503906e+00	2.794407367706298828e+00	2.790624618530273438e+00	2.786997556686401367e+00	2.784669160842895508e+00	2.783507347106933594e+00	2.782764196395874023e+00	2.781481742858886719e+00	2.778579950332641602e+00	2.774976491928100586e+00	2.771763086318969727e+00	2.769538402557373047e+00	2.768725395202636719e+00	2.769307136535644531e+00	2.770889997482299805e+00	2.773348093032836914e+00	2.776676177978515625e+00	2.780139684677124023e+00	2.783099412918090820e+00	2.786123991012573242e+00	2.789665460586547852e+00	2.792264223098754883e+00	2.791644096374511719e+00	2.787627935409545898e+00	2.782551050186157227e+00	2.778757095336914062e+00	2.776876926422119141e+00	2.777059078216552734e+00	2.779001235961914062e+00	2.781784057617187500e+00	2.784428596496582031e+00	2.786174535751342773e+00	2.787215709686279297e+00	2.787923812866210938e+00	2.787789583206176758e+00	2.786507129669189453e+00	2.784716129302978516e+00	2.783288955688476562e+00	2.782801866531372070e+00	2.783210754394531250e+00	2.783544540405273438e+00	2.783103704452514648e+00	2.782492399215698242e+00	2.782638072967529297e+00	2.782839775085449219e+00	2.781908035278320312e+00	2.780713319778442383e+00	2.779775857925415039e+00	2.779023885726928711e+00	2.778693675994873047e+00	2.779293775558471680e+00	2.780893087387084961e+00	2.783227443695068359e+00	2.786000967025756836e+00	2.789026260375976562e+00	2.792711734771728516e+00	2.798384666442871094e+00	2.806712865829467773e+00	2.816500902175903320e+00	2.825520038604736328e+00	2.831478595733642578e+00	2.832880973815917969e+00	2.830111980438232422e+00	2.824501752853393555e+00	2.818055391311645508e+00
2.801475286483764648e+00	2.795208454132080078e+00	2.789138793945312500e+00	2.784554958343505859e+00	2.781689882278442383e+00	2.780459165573120117e+00	2.780493974685668945e+00	2.780967712402343750e+00	2.781109333038330078e+00	2.780841350555419922e+00	2.780552148818969727e+00	2.780584573745727539e+00	2.780629158020019531e+00	2.779951095581054688e+00	2.778587579727172852e+00	2.776968479156494141e+00	2.775259256362915039e+00	2.773466348648071289e+00	2.771829605102539062e+00	2.770753860473632812e+00	2.770615816116333008e+00	2.771880388259887695e+00	2.774870872497558594e+00	2.779297113418579102e+00	2.783629179000854492e+00	2.786198616027832031e+00	2.786794185638427734e+00	2.786319017410278320e+00	2.785088300704956055e+00	2.783060550689697266e+00	2.780375003814697266e+00	2.777395725250244141e+00	2.774724483489990234e+00	2.772900342941284180e+00	2.772525548934936523e+00	2.773496150970458984e+00	2.774955272674560547e+00	2.776077032089233398e+00	2.776458978652954102e+00	2.776499986648559570e+00	2.776845932006835938e+00	2.777780532836914062e+00	2.778722524642944336e+00	2.778922557830810547e+00	2.779222011566162109e+00	2.780188560485839844e+00	2.781296730041503906e+00	2.781828641891479492e+00	2.781820774078369141e+00	2.781646490097045898e+00	2.781096935272216797e+00	2.779709577560424805e+00	2.777768611907958984e+00	2.775716304779052734e+00	2.773871898651123047e+00	2.772525787353515625e+00	2.771875619888305664e+00	2.772223472595214844e+00	2.773774623870849609e+00	2.775824785232543945e+00	2.777305841445922852e+00	2.777937173843383789e+00	2.778772354125976562e+00	2.781441211700439453e+00	2.786726951599121094e+00	2.793928861618041992e+00	2.801208972930908203e+00	2.806888103485107422e+00	2.810320854187011719e+00	2.811159849166870117e+00	2.809089660644531250e+00	2.805866479873657227e+00
2.806508064270019531e+00	2.803747415542602539e+00	2.800445318222045898e+00	2.797901630401611328e+00	2.796880245208740234e+00	2.797045230865478516e+00	2.797507047653198242e+00	2.797073364257812500e+00	2.795231580734252930e+00	2.792407035827636719e+00	2.789325475692749023e+00	2.786458969116210938e+00	2.783597230911254883e+00	2.780383586883544922e+00	2.777160882949829102e+00	2.774413824081420898e+00	2.772295236587524414e+00	2.770826816558837891e+00	2.770198583602905273e+00	2.770605325698852539e+00	2.771862030029296875e+00	2.773643493652343750e+00	2.776310920715332031e+00	2.780339717864990234e+00	2.785027503967285156e+00	2.788500547409057617e+00	2.789612293243408203e+00	2.788865089416503906e+00	2.786887168884277344e+00	2.783850193023681641e+00	2.779984712600708008e+00	2.776201248168945312e+00	2.773813009262084961e+00	2.773731946945190430e+00	2.775732040405273438e+00	2.778425693511962891e+00	2.781052827835083008e+00	2.783634662628173828e+00	2.785963296890258789e+00	2.788034200668334961e+00	2.790233135223388672e+00	2.792291879653930664e+00	2.792610168457031250e+00	2.790451288223266602e+00	2.787263154983520508e+00	2.784489154815673828e+00	2.782481670379638672e+00	2.780970335006713867e+00	2.779669284820556641e+00	2.778418064117431641e+00	2.777039766311645508e+00	2.775584936141967773e+00	2.774241685867309570e+00	2.773283720016479492e+00	2.772840023040771484e+00	2.773003578186035156e+00	2.774020433425903320e+00	2.775911569595336914e+00	2.778100967407226562e+00	2.780009508132934570e+00	2.781485557556152344e+00	2.782792806625366211e+00	2.784286260604858398e+00	2.786462068557739258e+00	2.789940357208251953e+00	2.795099020004272461e+00	2.801380395889282227e+00	2.807572841644287109e+00	2.811561346054077148e+00	2.812070846557617188e+00	2.810599327087402344e+00	2.808643102645874023e+00
2.807120084762573242e+00	2.804107427597045898e+00	2.801081418991088867e+00	2.798815488815307617e+00	2.798042535781860352e+00	2.798515319824218750e+00	2.798892498016357422e+00	2.798011541366577148e+00	2.795651435852050781e+00	2.792375326156616211e+00	2.789062500000000000e+00	2.786291122436523438e+00	2.784057140350341797e+00	2.782058715820312500e+00	2.780186891555786133e+00	2.778375864028930664e+00	2.776366233825683594e+00	2.774079561233520508e+00	2.772065401077270508e+00	2.770987987518310547e+00	2.771072387695312500e+00	2.772388219833374023e+00	2.774841547012329102e+00	2.778473138809204102e+00	2.782744884490966797e+00	2.786159992218017578e+00	2.787685155868530273e+00	2.787568092346191406e+00	2.786166667938232422e+00	2.783603429794311523e+00	2.780422925949096680e+00	2.777595520019531250e+00	2.776392459869384766e+00	2.777634620666503906e+00	2.780391216278076172e+00	2.782776117324829102e+00	2.784897089004516602e+00	2.786864042282104492e+00	2.788623094558715820e+00	2.790385246276855469e+00	2.792237758636474609e+00	2.793822765350341797e+00	2.794111967086791992e+00	2.792052507400512695e+00	2.788255453109741211e+00	2.784570217132568359e+00	2.781768321990966797e+00	2.779679536819458008e+00	2.778369665145874023e+00	2.777879953384399414e+00	2.777387380599975586e+00	2.775689840316772461e+00	2.773455142974853516e+00	2.771374464035034180e+00	2.770289421081542969e+00	2.770726442337036133e+00	2.772459745407104492e+00	2.775078773498535156e+00	2.778080701828002930e+00	2.780488729476928711e+00	2.781425476074218750e+00	2.781338214874267578e+00	2.782286405563354492e+00	2.785993814468383789e+00	2.792765378952026367e+00	2.801364660263061523e+00	2.809324264526367188e+00	2.814390659332275391e+00	2.816052675247192383e+00	2.814994573593139648e+00	2.812409400939941406e+00	2.809782505035400391e+00
2.808720827102661133e+00	2.804952144622802734e+00	2.801450014114379883e+00	2.799400806427001953e+00	2.799175262451171875e+00	2.799871444702148438e+00	2.800072669982910156e+00	2.798760175704956055e+00	2.795634269714355469e+00	2.791372537612915039e+00	2.786965370178222656e+00	2.783355951309204102e+00	2.780662536621093750e+00	2.778516054153442383e+00	2.776708602905273438e+00	2.775031089782714844e+00	2.772976398468017578e+00	2.770941734313964844e+00	2.769656419754028320e+00	2.769222021102905273e+00	2.769736528396606445e+00	2.771381378173828125e+00	2.774086952209472656e+00	2.777476310729980469e+00	2.780759096145629883e+00	2.782682418823242188e+00	2.782518386840820312e+00	2.781661272048950195e+00	2.781247377395629883e+00	2.780775070190429688e+00	2.779252290725708008e+00	2.776769876480102539e+00	2.774716615676879883e+00	2.774351119995117188e+00	2.775661706924438477e+00	2.778158664703369141e+00	2.781342267990112305e+00	2.784872770309448242e+00	2.788465023040771484e+00	2.791736841201782227e+00	2.794169187545776367e+00	2.795427560806274414e+00	2.795300483703613281e+00	2.792920827865600586e+00	2.789116859436035156e+00	2.786125183105468750e+00	2.784620761871337891e+00	2.783765792846679688e+00	2.782926797866821289e+00	2.781844139099121094e+00	2.779932498931884766e+00	2.776619434356689453e+00	2.773037195205688477e+00	2.770719528198242188e+00	2.770530939102172852e+00	2.772679805755615234e+00	2.775992393493652344e+00	2.777995824813842773e+00	2.779535531997680664e+00	2.781490564346313477e+00	2.784402847290039062e+00	2.786913156509399414e+00	2.789317607879638672e+00	2.794635534286499023e+00	2.801990270614624023e+00	2.810469388961791992e+00	2.817433357238769531e+00	2.819788455963134766e+00	2.818790197372436523e+00	2.816687345504760742e+00	2.814244270324707031e+00	2.811726808547973633e+00
2.785397052764892578e+00	2.783715724945068359e+00	2.782446622848510742e+00	2.782178401947021484e+00	2.783149957656860352e+00	2.783740043640136719e+00	2.783981800079345703e+00	2.783684492111206055e+00	2.782793045043945312e+00	2.780845403671264648e+00	2.777924060821533203e+00	2.775510311126708984e+00	2.773847579956054688e+00	2.772550344467163086e+00	2.771138429641723633e+00	2.769775390625000000e+00	2.768898963928222656e+00	2.768679380416870117e+00	2.768995761871337891e+00	2.770055532455444336e+00	2.772089242935180664e+00	2.774264812469482422e+00	2.776214599609375000e+00	2.777941703796386719e+00	2.778630495071411133e+00	2.778829336166381836e+00	2.779045581817626953e+00	2.779417514801025391e+00	2.779950857162475586e+00	2.779715299606323242e+00	2.777460813522338867e+00	2.773710727691650391e+00	2.770321130752563477e+00	2.768536806106567383e+00	2.768490552902221680e+00	2.769564867019653320e+00	2.771143674850463867e+00	2.773022651672363281e+00	2.775207042694091797e+00	2.778111696243286133e+00	2.782088756561279297e+00	2.786691427230834961e+00	2.789842367172241211e+00	2.788713693618774414e+00	2.784599542617797852e+00	2.780990839004516602e+00	2.779162883758544922e+00	2.778544425964355469e+00	2.778125524520874023e+00	2.777600288391113281e+00	2.777023077011108398e+00	2.775804758071899414e+00	2.774209499359130859e+00	2.773219823837280273e+00	2.773325204849243164e+00	2.774570941925048828e+00	2.776334762573242188e+00	2.777322530746459961e+00	2.777973413467407227e+00	2.779295444488525391e+00	2.781224727630615234e+00	2.783236503601074219e+00	2.785278081893920898e+00	2.787676095962524414e+00	2.790919303894042969e+00	2.795203685760498047e+00	2.797995567321777344e+00	2.798180103302001953e+00	2.796116352081298828e+00	2.793109178543090820e+00	2.790067195892333984e+00	2.787454605102539062e+00
2.793208122253417969e+00	2.789924621582031250e+00	2.787119865417480469e+00	2.785084486007690430e+00	2.783970594406127930e+00	2.783537387847900391e+00	2.783199071884155273e+00	2.782162666320800781e+00	2.780261993408203125e+00	2.778239011764526367e+00	2.776882171630859375e+00	2.776367187500000000e+00	2.776220560073852539e+00	2.775774002075195312e+00	2.774868965148925781e+00	2.773940563201904297e+00	2.773386955261230469e+00	2.773277521133422852e+00	2.773450613021850586e+00	2.773738145828247070e+00	2.774034261703491211e+00	2.774051427841186523e+00	2.773827314376831055e+00	2.773960828781127930e+00	2.774373531341552734e+00	2.774543523788452148e+00	2.774412393569946289e+00	2.774375200271606445e+00	2.774444818496704102e+00	2.773897647857666016e+00	2.772141456604003906e+00	2.769943237304687500e+00	2.768579483032226562e+00	2.768618345260620117e+00	2.769729137420654297e+00	2.771164417266845703e+00	2.772347450256347656e+00	2.773165941238403320e+00	2.774060726165771484e+00	2.775677680969238281e+00	2.778443574905395508e+00	2.781963586807250977e+00	2.784350872039794922e+00	2.783409118652343750e+00	2.780662775039672852e+00	2.779074430465698242e+00	2.779806613922119141e+00	2.781826972961425781e+00	2.782924890518188477e+00	2.782319307327270508e+00	2.780759572982788086e+00	2.779108762741088867e+00	2.777528762817382812e+00	2.775607109069824219e+00	2.774080514907836914e+00	2.773372411727905273e+00	2.773204326629638672e+00	2.773704051971435547e+00	2.774815559387207031e+00	2.776132822036743164e+00	2.777513742446899414e+00	2.778738260269165039e+00	2.779873132705688477e+00	2.781535387039184570e+00	2.784286022186279297e+00	2.787941694259643555e+00	2.791382312774658203e+00	2.793665647506713867e+00	2.794700384140014648e+00	2.794331312179565430e+00	2.794180393218994141e+00	2.794770479202270508e+00
2.781476974487304688e+00	2.779800415039062500e+00	2.778334617614746094e+00	2.777466773986816406e+00	2.777359247207641602e+00	2.778073072433471680e+00	2.778900384902954102e+00	2.779324054718017578e+00	2.779904365539550781e+00	2.779509782791137695e+00	2.778136253356933594e+00	2.777330398559570312e+00	2.777156591415405273e+00	2.777351617813110352e+00	2.777702569961547852e+00	2.778205633163452148e+00	2.778976202011108398e+00	2.779948949813842773e+00	2.780739307403564453e+00	2.780806064605712891e+00	2.779837131500244141e+00	2.778093099594116211e+00	2.775941610336303711e+00	2.773671388626098633e+00	2.771654367446899414e+00	2.770198106765747070e+00	2.769431829452514648e+00	2.769121885299682617e+00	2.768894195556640625e+00	2.768439531326293945e+00	2.767742633819580078e+00	2.767146587371826172e+00	2.767130613327026367e+00	2.767885923385620117e+00	2.769173860549926758e+00	2.770507335662841797e+00	2.771472692489624023e+00	2.771894931793212891e+00	2.771907567977905273e+00	2.771587133407592773e+00	2.771118164062500000e+00	2.770769119262695312e+00	2.770370483398437500e+00	2.769661664962768555e+00	2.768928527832031250e+00	2.769150257110595703e+00	2.770807504653930664e+00	2.773338079452514648e+00	2.775754451751708984e+00	2.777206659317016602e+00	2.777416229248046875e+00	2.776682376861572266e+00	2.775257825851440430e+00	2.773838281631469727e+00	2.773021697998046875e+00	2.772522926330566406e+00	2.772393465042114258e+00	2.772963047027587891e+00	2.773393630981445312e+00	2.773210287094116211e+00	2.773154020309448242e+00	2.774074316024780273e+00	2.776240825653076172e+00	2.779194831848144531e+00	2.780963182449340820e+00	2.781717300415039062e+00	2.782878398895263672e+00	2.783756732940673828e+00	2.784117698669433594e+00	2.783952474594116211e+00	2.783419609069824219e+00	2.782672643661499023e+00
2.774781703948974609e+00	2.772343873977661133e+00	2.770659446716308594e+00	2.770170927047729492e+00	2.770996809005737305e+00	2.772701501846313477e+00	2.774366617202758789e+00	2.775263071060180664e+00	2.775681972503662109e+00	2.775796413421630859e+00	2.775481939315795898e+00	2.775086164474487305e+00	2.775013923645019531e+00	2.775162458419799805e+00	2.775232315063476562e+00	2.775235414505004883e+00	2.775402069091796875e+00	2.775851726531982422e+00	2.776429176330566406e+00	2.776724338531494141e+00	2.776231765747070312e+00	2.774608135223388672e+00	2.772151947021484375e+00	2.769881725311279297e+00	2.768648624420166016e+00	2.768645524978637695e+00	2.769530296325683594e+00	2.770580768585205078e+00	2.771092891693115234e+00	2.770704746246337891e+00	2.769571065902709961e+00	2.768357992172241211e+00	2.767812967300415039e+00	2.768159627914428711e+00	2.769209146499633789e+00	2.770624160766601562e+00	2.771914482116699219e+00	2.772593021392822266e+00	2.772533178329467773e+00	2.771686077117919922e+00	2.770075798034667969e+00	2.768913984298706055e+00	2.768640518188476562e+00	2.768731355667114258e+00	2.768418788909912109e+00	2.768387317657470703e+00	2.769599199295043945e+00	2.771991252899169922e+00	2.774555444717407227e+00	2.776393175125122070e+00	2.777143239974975586e+00	2.776535987854003906e+00	2.775269269943237305e+00	2.774136543273925781e+00	2.773391485214233398e+00	2.773705959320068359e+00	2.775169849395751953e+00	2.776244401931762695e+00	2.775882005691528320e+00	2.775430202484130859e+00	2.775609016418457031e+00	2.776939392089843750e+00	2.779544830322265625e+00	2.782135009765625000e+00	2.783502101898193359e+00	2.784112215042114258e+00	2.784281492233276367e+00	2.783741474151611328e+00	2.782595157623291016e+00	2.781177043914794922e+00	2.779497385025024414e+00	2.777345418930053711e+00
2.778780937194824219e+00	2.777405023574829102e+00	2.776822805404663086e+00	2.776897668838500977e+00	2.777730941772460938e+00	2.778845071792602539e+00	2.779455900192260742e+00	2.779490947723388672e+00	2.779827117919921875e+00	2.780784368515014648e+00	2.780735731124877930e+00	2.779366493225097656e+00	2.778006076812744141e+00	2.776880025863647461e+00	2.775899887084960938e+00	2.775119543075561523e+00	2.774735927581787109e+00	2.774805545806884766e+00	2.775012493133544922e+00	2.774851083755493164e+00	2.774005889892578125e+00	2.772506475448608398e+00	2.770779371261596680e+00	2.769332647323608398e+00	2.768644571304321289e+00	2.768976449966430664e+00	2.770023345947265625e+00	2.770958662033081055e+00	2.771095752716064453e+00	2.770592927932739258e+00	2.769773483276367188e+00	2.768749237060546875e+00	2.767935514450073242e+00	2.767903327941894531e+00	2.768804788589477539e+00	2.770264863967895508e+00	2.771716356277465820e+00	2.772869586944580078e+00	2.773860931396484375e+00	2.774782180786132812e+00	2.775313138961791992e+00	2.775248289108276367e+00	2.775740146636962891e+00	2.776836156845092773e+00	2.777450323104858398e+00	2.777980327606201172e+00	2.779258489608764648e+00	2.780962467193603516e+00	2.782611608505249023e+00	2.783959865570068359e+00	2.784727334976196289e+00	2.784550428390502930e+00	2.783249139785766602e+00	2.780961990356445312e+00	2.778479337692260742e+00	2.777170181274414062e+00	2.777688026428222656e+00	2.778931856155395508e+00	2.778954744338989258e+00	2.778835058212280273e+00	2.779528379440307617e+00	2.780952453613281250e+00	2.783126115798950195e+00	2.785541057586669922e+00	2.787211894989013672e+00	2.788753986358642578e+00	2.790178775787353516e+00	2.790161132812500000e+00	2.788637161254882812e+00	2.786380290985107422e+00	2.783666849136352539e+00	2.780961036682128906e+00
2.788948059082031250e+00	2.786515712738037109e+00	2.784250020980834961e+00	2.782335519790649414e+00	2.781372308731079102e+00	2.781273603439331055e+00	2.781090736389160156e+00	2.780330657958984375e+00	2.779877424240112305e+00	2.780354499816894531e+00	2.780831098556518555e+00	2.780345916748046875e+00	2.779013395309448242e+00	2.777251958847045898e+00	2.775336980819702148e+00	2.773571729660034180e+00	2.772429466247558594e+00	2.772025823593139648e+00	2.771974802017211914e+00	2.771828651428222656e+00	2.771455287933349609e+00	2.771336793899536133e+00	2.772085666656494141e+00	2.773802280426025391e+00	2.775971889495849609e+00	2.777499675750732422e+00	2.777485847473144531e+00	2.776268005371093750e+00	2.774880409240722656e+00	2.773703575134277344e+00	2.772356986999511719e+00	2.770652294158935547e+00	2.769024848937988281e+00	2.768327951431274414e+00	2.769044399261474609e+00	2.770794868469238281e+00	2.772583961486816406e+00	2.773354053497314453e+00	2.773079633712768555e+00	2.772619962692260742e+00	2.772530078887939453e+00	2.772971391677856445e+00	2.774059534072875977e+00	2.775549411773681641e+00	2.777563095092773438e+00	2.780198335647583008e+00	2.783219814300537109e+00	2.785897731781005859e+00	2.787011384963989258e+00	2.786976814270019531e+00	2.787081241607666016e+00	2.786900043487548828e+00	2.784635543823242188e+00	2.781831741333007812e+00	2.779340505599975586e+00	2.777384757995605469e+00	2.776344299316406250e+00	2.776497364044189453e+00	2.777659177780151367e+00	2.779174566268920898e+00	2.780180931091308594e+00	2.780547142028808594e+00	2.781218051910400391e+00	2.783346176147460938e+00	2.787358283996582031e+00	2.792230606079101562e+00	2.796149015426635742e+00	2.798034906387329102e+00	2.798111200332641602e+00	2.796732664108276367e+00	2.793748617172241211e+00	2.791191816329956055e+00
2.785268545150756836e+00	2.783305644989013672e+00	2.782624006271362305e+00	2.782288074493408203e+00	2.781855583190917969e+00	2.781598567962646484e+00	2.781515121459960938e+00	2.781616449356079102e+00	2.781977415084838867e+00	2.782396078109741211e+00	2.782322168350219727e+00	2.781509637832641602e+00	2.780066013336181641e+00	2.778305053710937500e+00	2.776526451110839844e+00	2.775070905685424805e+00	2.774303674697875977e+00	2.774237394332885742e+00	2.774403333663940430e+00	2.774009943008422852e+00	2.772757530212402344e+00	2.772052764892578125e+00	2.772927999496459961e+00	2.775397062301635742e+00	2.778700351715087891e+00	2.781267642974853516e+00	2.781584739685058594e+00	2.780352115631103516e+00	2.779029846191406250e+00	2.777571201324462891e+00	2.775721073150634766e+00	2.773384332656860352e+00	2.771135091781616211e+00	2.769850730895996094e+00	2.769968271255493164e+00	2.771223068237304688e+00	2.772634506225585938e+00	2.773093461990356445e+00	2.772739171981811523e+00	2.772484779357910156e+00	2.772774934768676758e+00	2.773558378219604492e+00	2.774645328521728516e+00	2.775943517684936523e+00	2.777390956878662109e+00	2.778537988662719727e+00	2.779271841049194336e+00	2.779733180999755859e+00	2.779731512069702148e+00	2.779676198959350586e+00	2.779786109924316406e+00	2.779817342758178711e+00	2.779506444931030273e+00	2.778743267059326172e+00	2.777521371841430664e+00	2.776071071624755859e+00	2.775042772293090820e+00	2.775113344192504883e+00	2.776298046112060547e+00	2.777740478515625000e+00	2.778395175933837891e+00	2.778244495391845703e+00	2.778843879699707031e+00	2.781667947769165039e+00	2.786999940872192383e+00	2.793379306793212891e+00	2.797477006912231445e+00	2.798581838607788086e+00	2.796755075454711914e+00	2.793511390686035156e+00	2.790358781814575195e+00	2.787711620330810547e+00
2.774052381515502930e+00	2.772573471069335938e+00	2.771108388900756836e+00	2.770376920700073242e+00	2.770626068115234375e+00	2.771363735198974609e+00	2.772233247756958008e+00	2.773268222808837891e+00	2.774199485778808594e+00	2.774377346038818359e+00	2.774051666259765625e+00	2.773855686187744141e+00	2.774198293685913086e+00	2.775007247924804688e+00	2.775295734405517578e+00	2.774334907531738281e+00	2.772851705551147461e+00	2.770552396774291992e+00	2.768215179443359375e+00	2.766777515411376953e+00	2.766439437866210938e+00	2.767169952392578125e+00	2.768813371658325195e+00	2.770886898040771484e+00	2.772784471511840820e+00	2.773962974548339844e+00	2.773571014404296875e+00	2.772816181182861328e+00	2.772049188613891602e+00	2.771192312240600586e+00	2.770532846450805664e+00	2.770527839660644531e+00	2.771588802337646484e+00	2.774108886718750000e+00	2.777982473373413086e+00	2.777677059173583984e+00	2.776448726654052734e+00	2.775428056716918945e+00	2.774068355560302734e+00	2.772315025329589844e+00	2.770671844482421875e+00	2.769610643386840820e+00	2.769289255142211914e+00	2.769756078720092773e+00	2.771050453186035156e+00	2.773059844970703125e+00	2.775102615356445312e+00	2.775516986846923828e+00	2.774839639663696289e+00	2.773881673812866211e+00	2.773171186447143555e+00	2.773188114166259766e+00	2.774008274078369141e+00	2.774367570877075195e+00	2.773257255554199219e+00	2.772051095962524414e+00	2.771218538284301758e+00	2.770861625671386719e+00	2.771019935607910156e+00	2.771422863006591797e+00	2.771637678146362305e+00	2.771471500396728516e+00	2.770888328552246094e+00	2.770208120346069336e+00	2.770237445831298828e+00	2.771198511123657227e+00	2.772729873657226562e+00	2.774470567703247070e+00	2.775953292846679688e+00	2.776534557342529297e+00	2.776171922683715820e+00	2.775262355804443359e+00
2.771018743515014648e+00	2.771152257919311523e+00	2.771889448165893555e+00	2.773140668869018555e+00	2.774509668350219727e+00	2.774839401245117188e+00	2.774493694305419922e+00	2.774626016616821289e+00	2.775688409805297852e+00	2.776869058609008789e+00	2.777199983596801758e+00	2.777301549911499023e+00	2.777493476867675781e+00	2.777606487274169922e+00	2.777558565139770508e+00	2.777142763137817383e+00	2.775854587554931641e+00	2.774464368820190430e+00	2.773777961730957031e+00	2.773668766021728516e+00	2.772974014282226562e+00	2.770686149597167969e+00	2.768664360046386719e+00	2.767558574676513672e+00	2.766602277755737305e+00	2.767089366912841797e+00	2.768650054931640625e+00	2.770342111587524414e+00	2.771515369415283203e+00	2.771942853927612305e+00	2.771681547164916992e+00	2.771179676055908203e+00	2.771192073822021484e+00	2.771950960159301758e+00	2.771897315979003906e+00	2.770612716674804688e+00	2.770612239837646484e+00	2.771440505981445312e+00	2.771920204162597656e+00	2.771766901016235352e+00	2.771258115768432617e+00	2.770727634429931641e+00	2.770681381225585938e+00	2.771206617355346680e+00	2.771987676620483398e+00	2.772811412811279297e+00	2.773569345474243164e+00	2.774153947830200195e+00	2.774502038955688477e+00	2.774723052978515625e+00	2.774889230728149414e+00	2.774794578552246094e+00	2.774609565734863281e+00	2.774741649627685547e+00	2.775003671646118164e+00	2.775218248367309570e+00	2.774897575378417969e+00	2.773919343948364258e+00	2.772688865661621094e+00	2.771442890167236328e+00	2.770739316940307617e+00	2.771172285079956055e+00	2.772334575653076172e+00	2.772902011871337891e+00	2.773421764373779297e+00	2.774196624755859375e+00	2.774677276611328125e+00	2.774761438369750977e+00	2.774590730667114258e+00	2.774057149887084961e+00	2.773040533065795898e+00	2.771811008453369141e+00
2.770139455795288086e+00	2.771031141281127930e+00	2.772641181945800781e+00	2.774950265884399414e+00	2.776313543319702148e+00	2.774797916412353516e+00	2.772028446197509766e+00	2.770051956176757812e+00	2.769709825515747070e+00	2.770865201950073242e+00	2.772711515426635742e+00	2.773810386657714844e+00	2.773790121078491211e+00	2.773330926895141602e+00	2.772928714752197266e+00	2.772915601730346680e+00	2.773676872253417969e+00	2.775339603424072266e+00	2.777524232864379883e+00	2.779349327087402344e+00	2.779617547988891602e+00	2.778479576110839844e+00	2.777610540390014648e+00	2.776290416717529297e+00	2.775714874267578125e+00	2.776174545288085938e+00	2.777138471603393555e+00	2.778378009796142578e+00	2.779337406158447266e+00	2.779842138290405273e+00	2.779927015304565430e+00	2.779370546340942383e+00	2.778182506561279297e+00	2.776587486267089844e+00	2.774870157241821289e+00	2.773436307907104492e+00	2.772881746292114258e+00	2.773404121398925781e+00	2.774272441864013672e+00	2.774503231048583984e+00	2.773723840713500977e+00	2.772193193435668945e+00	2.770652770996093750e+00	2.769749402999877930e+00	2.769535541534423828e+00	2.769539594650268555e+00	2.769959211349487305e+00	2.771119356155395508e+00	2.772551774978637695e+00	2.773331642150878906e+00	2.773173093795776367e+00	2.772843122482299805e+00	2.772996902465820312e+00	2.773891925811767578e+00	2.775372743606567383e+00	2.776627302169799805e+00	2.776895999908447266e+00	2.775703907012939453e+00	2.773311138153076172e+00	2.770653247833251953e+00	2.768721818923950195e+00	2.768049716949462891e+00	2.768562316894531250e+00	2.770049095153808594e+00	2.772049188613891602e+00	2.773816823959350586e+00	2.774706840515136719e+00	2.774570941925048828e+00	2.773808240890502930e+00	2.772603034973144531e+00	2.771182537078857422e+00	2.770193815231323242e+00
2.774965763092041016e+00	2.777253389358520508e+00	2.783617258071899414e+00	2.793366670608520508e+00	2.802396535873413086e+00	2.804062604904174805e+00	2.797619104385375977e+00	2.789072751998901367e+00	2.782296657562255859e+00	2.778054237365722656e+00	2.776305913925170898e+00	2.775870084762573242e+00	2.775297880172729492e+00	2.774610280990600586e+00	2.774316072463989258e+00	2.774595737457275391e+00	2.775198221206665039e+00	2.776381731033325195e+00	2.778542995452880859e+00	2.781303882598876953e+00	2.783062219619750977e+00	2.782909870147705078e+00	2.782502412796020508e+00	2.783477544784545898e+00	2.786191463470458984e+00	2.790319919586181641e+00	2.794494152069091797e+00	2.798007488250732422e+00	2.801440238952636719e+00	2.803436040878295898e+00	2.802735805511474609e+00	2.799513339996337891e+00	2.794881343841552734e+00	2.789751529693603516e+00	2.784873485565185547e+00	2.781380414962768555e+00	2.779969930648803711e+00	2.780420064926147461e+00	2.781765699386596680e+00	2.783197164535522461e+00	2.784727573394775391e+00	2.786618709564208984e+00	2.788687705993652344e+00	2.790661573410034180e+00	2.791916608810424805e+00	2.791593551635742188e+00	2.789647340774536133e+00	2.786728143692016602e+00	2.783952474594116211e+00	2.781831264495849609e+00	2.779259443283081055e+00	2.776568651199340820e+00	2.775466203689575195e+00	2.776594161987304688e+00	2.778993606567382812e+00	2.780457735061645508e+00	2.780834913253784180e+00	2.780411958694458008e+00	2.778799295425415039e+00	2.776629924774169922e+00	2.775079727172851562e+00	2.774838924407958984e+00	2.776054859161376953e+00	2.778746128082275391e+00	2.782889127731323242e+00	2.787903785705566406e+00	2.791314601898193359e+00	2.790540218353271484e+00	2.786911964416503906e+00	2.782675743103027344e+00	2.778772830963134766e+00	2.775888681411743164e+00
2.772807121276855469e+00	2.775154829025268555e+00	2.781368732452392578e+00	2.790776968002319336e+00	2.799664258956909180e+00	2.801561117172241211e+00	2.795080661773681641e+00	2.785907268524169922e+00	2.778465509414672852e+00	2.773710250854492188e+00	2.771048784255981445e+00	2.769735336303710938e+00	2.769046545028686523e+00	2.768728494644165039e+00	2.769060134887695312e+00	2.770106077194213867e+00	2.771831035614013672e+00	2.773824930191040039e+00	2.775676488876342773e+00	2.777443408966064453e+00	2.778350114822387695e+00	2.778488159179687500e+00	2.779011487960815430e+00	2.780955076217651367e+00	2.784553766250610352e+00	2.789306640625000000e+00	2.794571876525878906e+00	2.799789190292358398e+00	2.803926229476928711e+00	2.805444240570068359e+00	2.803461551666259766e+00	2.798601388931274414e+00	2.792552232742309570e+00	2.786799669265747070e+00	2.781959295272827148e+00	2.778626918792724609e+00	2.777371406555175781e+00	2.777807474136352539e+00	2.778775930404663086e+00	2.779939889907836914e+00	2.781644344329833984e+00	2.784047365188598633e+00	2.786821603775024414e+00	2.789590835571289062e+00	2.791532754898071289e+00	2.791470289230346680e+00	2.789334297180175781e+00	2.786630392074584961e+00	2.785615682601928711e+00	2.786716699600219727e+00	2.780541419982910156e+00	2.776407241821289062e+00	2.774614810943603516e+00	2.774739980697631836e+00	2.776498794555664062e+00	2.778811216354370117e+00	2.779861927032470703e+00	2.778998851776123047e+00	2.776723146438598633e+00	2.773958683013916016e+00	2.771787643432617188e+00	2.771152496337890625e+00	2.772480487823486328e+00	2.775608777999877930e+00	2.780010938644409180e+00	2.784848451614379883e+00	2.788491964340209961e+00	2.788965225219726562e+00	2.786172151565551758e+00	2.781691312789916992e+00	2.777122497558593750e+00	2.773791551589965820e+00
2.771664857864379883e+00	2.774662017822265625e+00	2.780260562896728516e+00	2.788079977035522461e+00	2.795612096786499023e+00	2.797367811203002930e+00	2.792066812515258789e+00	2.784903526306152344e+00	2.779614448547363281e+00	2.776651620864868164e+00	2.775191068649291992e+00	2.774684429168701172e+00	2.774742603302001953e+00	2.774981975555419922e+00	2.775289773941040039e+00	2.775670051574707031e+00	2.776030302047729492e+00	2.776158809661865234e+00	2.775987148284912109e+00	2.775150537490844727e+00	2.774005651473999023e+00	2.773161649703979492e+00	2.772679328918457031e+00	2.772430419921875000e+00	2.772116661071777344e+00	2.771326541900634766e+00	2.770380735397338867e+00	2.770359277725219727e+00	2.771520137786865234e+00	2.773164987564086914e+00	2.774540662765502930e+00	2.775239706039428711e+00	2.775332212448120117e+00	2.775092601776123047e+00	2.774523258209228516e+00	2.773610591888427734e+00	2.773012876510620117e+00	2.772816419601440430e+00	2.772871732711791992e+00	2.774106740951538086e+00	2.777321815490722656e+00	2.782399892807006836e+00	2.787913799285888672e+00	2.792364597320556641e+00	2.794730424880981445e+00	2.794549226760864258e+00	2.792217969894409180e+00	2.788681983947753906e+00	2.784938812255859375e+00	2.781347513198852539e+00	2.778016805648803711e+00	2.775284767150878906e+00	2.773534774780273438e+00	2.773003101348876953e+00	2.773231029510498047e+00	2.773043155670166016e+00	2.772298574447631836e+00	2.771688938140869141e+00	2.771537065505981445e+00	2.772096395492553711e+00	2.773189067840576172e+00	2.774369478225708008e+00	2.775553703308105469e+00	2.777027606964111328e+00	2.778752803802490234e+00	2.780030488967895508e+00	2.780244112014770508e+00	2.779213190078735352e+00	2.777143478393554688e+00	2.774577617645263672e+00	2.772274494171142578e+00	2.771054983139038086e+00
2.771075248718261719e+00	2.769852876663208008e+00	2.768790721893310547e+00	2.768402576446533203e+00	2.768649101257324219e+00	2.769410848617553711e+00	2.770564317703247070e+00	2.772020101547241211e+00	2.773604154586791992e+00	2.774637460708618164e+00	2.774504661560058594e+00	2.773606538772583008e+00	2.772616624832153320e+00	2.771655559539794922e+00	2.770702600479125977e+00	2.769990205764770508e+00	2.769701719284057617e+00	2.769660711288452148e+00	2.769477605819702148e+00	2.768625974655151367e+00	2.767012596130371094e+00	2.765340328216552734e+00	2.764069080352783203e+00	2.763386249542236328e+00	2.763270139694213867e+00	2.763383865356445312e+00	2.763482570648193359e+00	2.763682126998901367e+00	2.764024257659912109e+00	2.764235734939575195e+00	2.764218568801879883e+00	2.764212131500244141e+00	2.764470338821411133e+00	2.765253782272338867e+00	2.766698122024536133e+00	2.768383026123046875e+00	2.769456624984741211e+00	2.769530296325683594e+00	2.768922090530395508e+00	2.768165349960327148e+00	2.767741441726684570e+00	2.767928361892700195e+00	2.768581390380859375e+00	2.769259929656982422e+00	2.769807100296020508e+00	2.770558834075927734e+00	2.771675825119018555e+00	2.772611379623413086e+00	2.773050069808959961e+00	2.773340463638305664e+00	2.773065805435180664e+00	2.771994829177856445e+00	2.770402193069458008e+00	2.768817424774169922e+00	2.767599582672119141e+00	2.766680002212524414e+00	2.766137838363647461e+00	2.766384601593017578e+00	2.767346620559692383e+00	2.768683433532714844e+00	2.770031690597534180e+00	2.770920991897583008e+00	2.771703243255615234e+00	2.773205995559692383e+00	2.775313138961791992e+00	2.777008533477783203e+00	2.777353286743164062e+00	2.776116609573364258e+00	2.774124622344970703e+00	2.772472620010375977e+00	2.771669864654541016e+00	2.771479845046997070e+00
2.772316455841064453e+00	2.772294521331787109e+00	2.769063711166381836e+00	2.767166852951049805e+00	2.766519069671630859e+00	2.767196416854858398e+00	2.769140958786010742e+00	2.771146297454833984e+00	2.772524833679199219e+00	2.773801803588867188e+00	2.774552822113037109e+00	2.774337768554687500e+00	2.773360967636108398e+00	2.772009849548339844e+00	2.770567655563354492e+00	2.769436836242675781e+00	2.768964290618896484e+00	2.769113779067993164e+00	2.769520759582519531e+00	2.769722938537597656e+00	2.769374370574951172e+00	2.768680334091186523e+00	2.768147945404052734e+00	2.768038272857666016e+00	2.767999649047851562e+00	2.767574071884155273e+00	2.766803979873657227e+00	2.765712976455688477e+00	2.764480829238891602e+00	2.763463973999023438e+00	2.762864112854003906e+00	2.762766361236572266e+00	2.763345718383789062e+00	2.764795541763305664e+00	2.767042398452758789e+00	2.769539356231689453e+00	2.771396636962890625e+00	2.771993637084960938e+00	2.771759748458862305e+00	2.771476507186889648e+00	2.771668195724487305e+00	2.772516012191772461e+00	2.773838996887207031e+00	2.774971246719360352e+00	2.775369405746459961e+00	2.775686025619506836e+00	2.776410341262817383e+00	2.776880025863647461e+00	2.776388883590698242e+00	2.775294542312622070e+00	2.774014949798583984e+00	2.772561550140380859e+00	2.770828962326049805e+00	2.768964767456054688e+00	2.767341375350952148e+00	2.766233921051025391e+00	2.765847206115722656e+00	2.766404867172241211e+00	2.767865657806396484e+00	2.769778013229370117e+00	2.771427631378173828e+00	2.772515296936035156e+00	2.773569345474243164e+00	2.774946212768554688e+00	2.776389360427856445e+00	2.777233123779296875e+00	2.776803493499755859e+00	2.775134563446044922e+00	2.773037195205688477e+00	2.771337985992431641e+00	2.770525932312011719e+00	2.770750045776367188e+00
2.769290685653686523e+00	2.769534111022949219e+00	2.770281553268432617e+00	2.770982265472412109e+00	2.770648717880249023e+00	2.770745992660522461e+00	2.771319866180419922e+00	2.771863937377929688e+00	2.772787570953369141e+00	2.774239063262939453e+00	2.775777816772460938e+00	2.776190042495727539e+00	2.775541782379150391e+00	2.774685859680175781e+00	2.774051904678344727e+00	2.773728847503662109e+00	2.773478269577026367e+00	2.773205518722534180e+00	2.772756338119506836e+00	2.772290468215942383e+00	2.772136211395263672e+00	2.772730588912963867e+00	2.774311542510986328e+00	2.775233745574951172e+00	2.774063587188720703e+00	2.772274971008300781e+00	2.770415067672729492e+00	2.768687486648559570e+00	2.767473697662353516e+00	2.767000436782836914e+00	2.767028093338012695e+00	2.767358541488647461e+00	2.768200397491455078e+00	2.769743442535400391e+00	2.771721839904785156e+00	2.773633718490600586e+00	2.775163650512695312e+00	2.775862932205200195e+00	2.775428295135498047e+00	2.774122714996337891e+00	2.772601366043090820e+00	2.771351099014282227e+00	2.770473241806030273e+00	2.769979476928710938e+00	2.770006656646728516e+00	2.770700216293334961e+00	2.771859645843505859e+00	2.772693872451782227e+00	2.772715330123901367e+00	2.772186994552612305e+00	2.771399736404418945e+00	2.770486354827880859e+00	2.769615650177001953e+00	2.769001483917236328e+00	2.768784046173095703e+00	2.768886327743530273e+00	2.769187688827514648e+00	2.769816398620605469e+00	2.770735263824462891e+00	2.771792650222778320e+00	2.772569179534912109e+00	2.772817850112915039e+00	2.772612810134887695e+00	2.772161245346069336e+00	2.772147417068481445e+00	2.772075653076171875e+00	2.771441936492919922e+00	2.770570278167724609e+00	2.769925355911254883e+00	2.769628047943115234e+00	2.769520282745361328e+00	2.769345760345458984e+00
2.771850347518920898e+00	2.769649744033813477e+00	2.768498420715332031e+00	2.768061637878417969e+00	2.768312215805053711e+00	2.769120454788208008e+00	2.770389795303344727e+00	2.772003889083862305e+00	2.773827552795410156e+00	2.775362253189086914e+00	2.775913476943969727e+00	2.776572465896606445e+00	2.777739763259887695e+00	2.778817415237426758e+00	2.779404878616333008e+00	2.779928445816040039e+00	2.780337810516357422e+00	2.779746770858764648e+00	2.778157711029052734e+00	2.776363134384155273e+00	2.774879693984985352e+00	2.773594379425048828e+00	2.772599697113037109e+00	2.772600412368774414e+00	2.773694038391113281e+00	2.775060176849365234e+00	2.775970220565795898e+00	2.776371240615844727e+00	2.777231216430664062e+00	2.778749942779541016e+00	2.779768943786621094e+00	2.779302358627319336e+00	2.777637958526611328e+00	2.775886535644531250e+00	2.774842739105224609e+00	2.774476051330566406e+00	2.774304389953613281e+00	2.774057149887084961e+00	2.773288488388061523e+00	2.771741390228271484e+00	2.770313024520874023e+00	2.769651174545288086e+00	2.769845485687255859e+00	2.770713090896606445e+00	2.772108316421508789e+00	2.773653507232666016e+00	2.774117946624755859e+00	2.773472070693969727e+00	2.772366762161254883e+00	2.771372795104980469e+00	2.770689010620117188e+00	2.770417690277099609e+00	2.770415544509887695e+00	2.770386695861816406e+00	2.770346879959106445e+00	2.770663976669311523e+00	2.771914482116699219e+00	2.774688005447387695e+00	2.778553247451782227e+00	2.782071590423583984e+00	2.786322832107543945e+00	2.792728424072265625e+00	2.801903724670410156e+00	2.813006877899169922e+00	2.823378086090087891e+00	2.828742742538452148e+00	2.824326753616333008e+00	2.812425374984741211e+00	2.799295186996459961e+00	2.788512468338012695e+00	2.780690193176269531e+00	2.775364875793457031e+00
2.776592731475830078e+00	2.773740291595458984e+00	2.771854639053344727e+00	2.770454883575439453e+00	2.769939661026000977e+00	2.770689010620117188e+00	2.772400379180908203e+00	2.774495124816894531e+00	2.776654720306396484e+00	2.779240131378173828e+00	2.781343460083007812e+00	2.780942201614379883e+00	2.781363248825073242e+00	2.782306194305419922e+00	2.782754659652709961e+00	2.783112287521362305e+00	2.783314943313598633e+00	2.782575368881225586e+00	2.781269311904907227e+00	2.779659032821655273e+00	2.777569770812988281e+00	2.775941848754882812e+00	2.775252819061279297e+00	2.775708198547363281e+00	2.776895999908447266e+00	2.778315544128417969e+00	2.779787302017211914e+00	2.781148195266723633e+00	2.783802747726440430e+00	2.787673473358154297e+00	2.790744543075561523e+00	2.790344715118408203e+00	2.786497116088867188e+00	2.782015562057495117e+00	2.778776168823242188e+00	2.776835918426513672e+00	2.775348901748657227e+00	2.773847579956054688e+00	2.772699356079101562e+00	2.772305965423583984e+00	2.772722244262695312e+00	2.773933887481689453e+00	2.775770664215087891e+00	2.777741432189941406e+00	2.779240369796752930e+00	2.779579401016235352e+00	2.778772830963134766e+00	2.777834892272949219e+00	2.776861906051635742e+00	2.775867223739624023e+00	2.775101900100708008e+00	2.774554967880249023e+00	2.773882627487182617e+00	2.772790193557739258e+00	2.771576166152954102e+00	2.770971775054931641e+00	2.771600008010864258e+00	2.773916006088256836e+00	2.777772188186645508e+00	2.782356500625610352e+00	2.787726163864135742e+00	2.795495271682739258e+00	2.806942462921142578e+00	2.820726156234741211e+00	2.833911657333374023e+00	2.842818260192871094e+00	2.840940713882446289e+00	2.827866077423095703e+00	2.811347961425781250e+00	2.797297716140747070e+00	2.787393808364868164e+00	2.780917167663574219e+00
2.775993347167968750e+00	2.772192716598510742e+00	2.770228862762451172e+00	2.769807338714599609e+00	2.770492315292358398e+00	2.771649122238159180e+00	2.773035764694213867e+00	2.774790763854980469e+00	2.777006626129150391e+00	2.779616117477416992e+00	2.781353473663330078e+00	2.781129360198974609e+00	2.781355619430541992e+00	2.781533718109130859e+00	2.780804157257080078e+00	2.780582904815673828e+00	2.781093835830688477e+00	2.780332326889038086e+00	2.777934789657592773e+00	2.775768518447875977e+00	2.774149179458618164e+00	2.772986412048339844e+00	2.772509574890136719e+00	2.772869348526000977e+00	2.773877859115600586e+00	2.775053501129150391e+00	2.776542186737060547e+00	2.779205799102783203e+00	2.782981395721435547e+00	2.787189006805419922e+00	2.790284872055053711e+00	2.789669990539550781e+00	2.785439252853393555e+00	2.780251502990722656e+00	2.775945663452148438e+00	2.773079156875610352e+00	2.771401405334472656e+00	2.770439624786376953e+00	2.770112752914428711e+00	2.770457029342651367e+00	2.771553277969360352e+00	2.773268699645996094e+00	2.775265216827392578e+00	2.777497529983520508e+00	2.779755353927612305e+00	2.781149864196777344e+00	2.781152248382568359e+00	2.780547142028808594e+00	2.779949426651000977e+00	2.779488563537597656e+00	2.778839826583862305e+00	2.777477502822875977e+00	2.775438308715820312e+00	2.772922754287719727e+00	2.770426988601684570e+00	2.768866300582885742e+00	2.768767118453979492e+00	2.770183801651000977e+00	2.772986650466918945e+00	2.777442455291748047e+00	2.784074783325195312e+00	2.793826341629028320e+00	2.806286811828613281e+00	2.820023536682128906e+00	2.834878683090209961e+00	2.844195842742919922e+00	2.842001676559448242e+00	2.829329490661621094e+00	2.813527107238769531e+00	2.800033569335937500e+00	2.789884567260742188e+00	2.781936168670654297e+00
2.776002645492553711e+00	2.771819353103637695e+00	2.769304752349853516e+00	2.768329143524169922e+00	2.768693923950195312e+00	2.769784688949584961e+00	2.770893335342407227e+00	2.771562814712524414e+00	2.772003650665283203e+00	2.772336006164550781e+00	2.772609710693359375e+00	2.773241758346557617e+00	2.774834394454956055e+00	2.777517080307006836e+00	2.779886007308959961e+00	2.780323266983032227e+00	2.781016588211059570e+00	2.780077457427978516e+00	2.777208566665649414e+00	2.775053024291992188e+00	2.773416042327880859e+00	2.771837234497070312e+00	2.770304918289184570e+00	2.769155025482177734e+00	2.768810033798217773e+00	2.769646644592285156e+00	2.771876573562622070e+00	2.774751663208007812e+00	2.776964426040649414e+00	2.779391527175903320e+00	2.781662225723266602e+00	2.782395362854003906e+00	2.781598806381225586e+00	2.780041933059692383e+00	2.776766777038574219e+00	2.773667812347412109e+00	2.772541999816894531e+00	2.772349596023559570e+00	2.771621227264404297e+00	2.770764827728271484e+00	2.770736694335937500e+00	2.771381139755249023e+00	2.772366046905517578e+00	2.773719310760498047e+00	2.775466918945312500e+00	2.776764631271362305e+00	2.776866436004638672e+00	2.776463270187377930e+00	2.776280879974365234e+00	2.776431798934936523e+00	2.776647806167602539e+00	2.775968551635742188e+00	2.774008750915527344e+00	2.771737575531005859e+00	2.769901037216186523e+00	2.768732309341430664e+00	2.768514633178710938e+00	2.769439458847045898e+00	2.771349191665649414e+00	2.774157047271728516e+00	2.778431415557861328e+00	2.785182952880859375e+00	2.795141458511352539e+00	2.808053970336914062e+00	2.821641921997070312e+00	2.830648183822631836e+00	2.829502105712890625e+00	2.819095134735107422e+00	2.806077718734741211e+00	2.794939994812011719e+00	2.787070751190185547e+00	2.781711101531982422e+00
2.776046752929687500e+00	2.775505304336547852e+00	2.774978399276733398e+00	2.774458169937133789e+00	2.774302482604980469e+00	2.773936271667480469e+00	2.772288322448730469e+00	2.770316839218139648e+00	2.769200801849365234e+00	2.769009828567504883e+00	2.769506454467773438e+00	2.770532131195068359e+00	2.772021532058715820e+00	2.773721456527709961e+00	2.775070905685424805e+00	2.775800943374633789e+00	2.776289224624633789e+00	2.776867866516113281e+00	2.777318000793457031e+00	2.777595043182373047e+00	2.777450561523437500e+00	2.776179075241088867e+00	2.773972034454345703e+00	2.771634101867675781e+00	2.769824504852294922e+00	2.768883705139160156e+00	2.768699884414672852e+00	2.768854379653930664e+00	2.769590854644775391e+00	2.770405769348144531e+00	2.770775079727172852e+00	2.770955324172973633e+00	2.771400451660156250e+00	2.771811008453369141e+00	2.770974159240722656e+00	2.769164800643920898e+00	2.767229318618774414e+00	2.765661239624023438e+00	2.764604568481445312e+00	2.764384508132934570e+00	2.765207290649414062e+00	2.766820907592773438e+00	2.768972396850585938e+00	2.771519184112548828e+00	2.773896217346191406e+00	2.775393247604370117e+00	2.776130199432373047e+00	2.776587724685668945e+00	2.776879549026489258e+00	2.777039289474487305e+00	2.777156591415405273e+00	2.776762723922729492e+00	2.775480508804321289e+00	2.773924827575683594e+00	2.772209882736206055e+00	2.770417451858520508e+00	2.769192695617675781e+00	2.769177913665771484e+00	2.770531654357910156e+00	2.773099184036254883e+00	2.777008056640625000e+00	2.782654047012329102e+00	2.790085554122924805e+00	2.798757791519165039e+00	2.807769775390625000e+00	2.815737009048461914e+00	2.818771362304687500e+00	2.813246488571166992e+00	2.802263259887695312e+00	2.791275978088378906e+00	2.783043384552001953e+00	2.778112411499023438e+00
2.774749279022216797e+00	2.773529529571533203e+00	2.773597955703735352e+00	2.773793697357177734e+00	2.773289203643798828e+00	2.771694183349609375e+00	2.769495010375976562e+00	2.767680168151855469e+00	2.767014741897583008e+00	2.767591953277587891e+00	2.769043445587158203e+00	2.770844459533691406e+00	2.772421360015869141e+00	2.773432493209838867e+00	2.774123668670654297e+00	2.774799108505249023e+00	2.775425910949707031e+00	2.775978088378906250e+00	2.776562213897705078e+00	2.777079582214355469e+00	2.777187585830688477e+00	2.776337862014770508e+00	2.774408578872680664e+00	2.771772146224975586e+00	2.769224405288696289e+00	2.767672538757324219e+00	2.767305612564086914e+00	2.767791509628295898e+00	2.768883228302001953e+00	2.770071029663085938e+00	2.770168304443359375e+00	2.769279956817626953e+00	2.768647193908691406e+00	2.767997503280639648e+00	2.767227411270141602e+00	2.766933679580688477e+00	2.767264842987060547e+00	2.767957210540771484e+00	2.768661975860595703e+00	2.769311666488647461e+00	2.769915342330932617e+00	2.770737886428833008e+00	2.772158861160278320e+00	2.774076938629150391e+00	2.776063203811645508e+00	2.778172969818115234e+00	2.780318975448608398e+00	2.782144308090209961e+00	2.783222675323486328e+00	2.783197164535522461e+00	2.782057046890258789e+00	2.780223846435546875e+00	2.778227329254150391e+00	2.776491403579711914e+00	2.775307655334472656e+00	2.774638414382934570e+00	2.774289369583129883e+00	2.774516344070434570e+00	2.775426149368286133e+00	2.777105569839477539e+00	2.780169486999511719e+00	2.785159111022949219e+00	2.792075157165527344e+00	2.800218820571899414e+00	2.808714151382446289e+00	2.815967559814453125e+00	2.817867517471313477e+00	2.811552286148071289e+00	2.801366567611694336e+00	2.791621208190917969e+00	2.783736467361450195e+00	2.778107881546020508e+00
2.772289037704467773e+00	2.770204067230224609e+00	2.769508838653564453e+00	2.770043134689331055e+00	2.770645856857299805e+00	2.770300626754760742e+00	2.768970489501953125e+00	2.767608880996704102e+00	2.767218828201293945e+00	2.767833232879638672e+00	2.768846035003662109e+00	2.770213127136230469e+00	2.771813869476318359e+00	2.773215532302856445e+00	2.774409294128417969e+00	2.775481224060058594e+00	2.776374816894531250e+00	2.777131319046020508e+00	2.777805805206298828e+00	2.778338670730590820e+00	2.778321504592895508e+00	2.777220010757446289e+00	2.775284051895141602e+00	2.773193359375000000e+00	2.771244049072265625e+00	2.769502162933349609e+00	2.768267393112182617e+00	2.767789363861083984e+00	2.768123149871826172e+00	2.769163370132446289e+00	2.770290851593017578e+00	2.770221233367919922e+00	2.768829584121704102e+00	2.767670869827270508e+00	2.767194986343383789e+00	2.767485380172729492e+00	2.768393039703369141e+00	2.769731760025024414e+00	2.770916223526000977e+00	2.770488739013671875e+00	2.769060134887695312e+00	2.768205881118774414e+00	2.768122434616088867e+00	2.768505334854125977e+00	2.768959522247314453e+00	2.769733905792236328e+00	2.771000623703002930e+00	2.772528409957885742e+00	2.773915052413940430e+00	2.774978399276733398e+00	2.775758266448974609e+00	2.776203155517578125e+00	2.776416063308715820e+00	2.776566028594970703e+00	2.776020050048828125e+00	2.774737834930419922e+00	2.774122953414916992e+00	2.774729490280151367e+00	2.775650739669799805e+00	2.776544094085693359e+00	2.778009176254272461e+00	2.780096530914306641e+00	2.782610654830932617e+00	2.785538196563720703e+00	2.789083957672119141e+00	2.792877674102783203e+00	2.794381141662597656e+00	2.791766881942749023e+00	2.787180423736572266e+00	2.782733917236328125e+00	2.778776645660400391e+00	2.775281429290771484e+00
2.767199993133544922e+00	2.766149520874023438e+00	2.766028165817260742e+00	2.766340732574462891e+00	2.766611337661743164e+00	2.766928672790527344e+00	2.767095327377319336e+00	2.766826152801513672e+00	2.766732454299926758e+00	2.767457485198974609e+00	2.769042253494262695e+00	2.771153926849365234e+00	2.773343563079833984e+00	2.775030374526977539e+00	2.775645971298217773e+00	2.775348424911499023e+00	2.774827241897583008e+00	2.774479866027832031e+00	2.774410247802734375e+00	2.774508476257324219e+00	2.774232625961303711e+00	2.773112058639526367e+00	2.771457433700561523e+00	2.769999027252197266e+00	2.769103288650512695e+00	2.768033504486083984e+00	2.767055511474609375e+00	2.766528844833374023e+00	2.766195297241210938e+00	2.766038894653320312e+00	2.766109466552734375e+00	2.766199111938476562e+00	2.766555070877075195e+00	2.767621994018554688e+00	2.769113779067993164e+00	2.770436048507690430e+00	2.771419525146484375e+00	2.771795034408569336e+00	2.771467208862304688e+00	2.770989894866943359e+00	2.770375728607177734e+00	2.769643306732177734e+00	2.769129753112792969e+00	2.769044637680053711e+00	2.769498825073242188e+00	2.770617485046386719e+00	2.772326946258544922e+00	2.774408340454101562e+00	2.776440143585205078e+00	2.777827024459838867e+00	2.778239011764526367e+00	2.777311563491821289e+00	2.775651931762695312e+00	2.774055719375610352e+00	2.773176670074462891e+00	2.773480653762817383e+00	2.775019645690917969e+00	2.776925325393676758e+00	2.777749776840209961e+00	2.777210712432861328e+00	2.776138782501220703e+00	2.774947404861450195e+00	2.773975849151611328e+00	2.773682355880737305e+00	2.774133920669555664e+00	2.774718761444091797e+00	2.774489879608154297e+00	2.773404121398925781e+00	2.772394657135009766e+00	2.771739721298217773e+00	2.770808458328247070e+00	2.769043684005737305e+00
2.806764841079711914e+00	2.801516294479370117e+00	2.794978618621826172e+00	2.788597106933593750e+00	2.782491445541381836e+00	2.777135372161865234e+00	2.773303508758544922e+00	2.771216154098510742e+00	2.770741939544677734e+00	2.771599054336547852e+00	2.773425579071044922e+00	2.775667667388916016e+00	2.777419328689575195e+00	2.777625560760498047e+00	2.776500463485717773e+00	2.775125265121459961e+00	2.775011777877807617e+00	2.776467323303222656e+00	2.779437303543090820e+00	2.784484624862670898e+00	2.791853666305541992e+00	2.801908493041992188e+00	2.813444614410400391e+00	2.818807125091552734e+00	2.810927867889404297e+00	2.795701503753662109e+00	2.782175302505493164e+00	2.773155212402343750e+00	2.768387794494628906e+00	2.767124891281127930e+00	2.768666744232177734e+00	2.771913528442382812e+00	2.775573492050170898e+00	2.779092550277709961e+00	2.782318115234375000e+00	2.784092426300048828e+00	2.783961057662963867e+00	2.782225847244262695e+00	2.779911279678344727e+00	2.778170347213745117e+00	2.777268171310424805e+00	2.776860713958740234e+00	2.776217937469482422e+00	2.775156974792480469e+00	2.774820804595947266e+00	2.776118040084838867e+00	2.779358148574829102e+00	2.784312725067138672e+00	2.790082931518554688e+00	2.794759511947631836e+00	2.796455383300781250e+00	2.794368267059326172e+00	2.789108991622924805e+00	2.782760620117187500e+00	2.777230501174926758e+00	2.773560762405395508e+00	2.772068738937377930e+00	2.772393941879272461e+00	2.774065494537353516e+00	2.776668548583984375e+00	2.779371500015258789e+00	2.781471729278564453e+00	2.783103704452514648e+00	2.784799337387084961e+00	2.787063360214233398e+00	2.790122032165527344e+00	2.793786525726318359e+00	2.797624588012695312e+00	2.801215648651123047e+00	2.804364681243896484e+00	2.807137966156005859e+00	2.808588981628417969e+00
2.849366188049316406e+00	2.840230703353881836e+00	2.827075719833374023e+00	2.813324689865112305e+00	2.801246404647827148e+00	2.791867494583129883e+00	2.785369157791137695e+00	2.781540870666503906e+00	2.780146598815917969e+00	2.780951499938964844e+00	2.783384799957275391e+00	2.786187887191772461e+00	2.787918806076049805e+00	2.787631273269653320e+00	2.785594940185546875e+00	2.783027648925781250e+00	2.780886888504028320e+00	2.780408620834350586e+00	2.782354116439819336e+00	2.787408113479614258e+00	2.796398639678955078e+00	2.810005664825439453e+00	2.826112985610961914e+00	2.836552143096923828e+00	2.833287954330444336e+00	2.820039510726928711e+00	2.805683612823486328e+00	2.794139385223388672e+00	2.786201715469360352e+00	2.782024383544921875e+00	2.781540870666503906e+00	2.784432888031005859e+00	2.788769960403442383e+00	2.791710138320922852e+00	2.795580625534057617e+00	2.799663305282592773e+00	2.802273273468017578e+00	2.801978111267089844e+00	2.799313545227050781e+00	2.795665740966796875e+00	2.791815757751464844e+00	2.788180828094482422e+00	2.785037279129028320e+00	2.783049821853637695e+00	2.783141613006591797e+00	2.785776376724243164e+00	2.790715932846069336e+00	2.796895503997802734e+00	2.802531719207763672e+00	2.805647611618041992e+00	2.804829597473144531e+00	2.800248384475708008e+00	2.793524503707885742e+00	2.787175655364990234e+00	2.782793045043945312e+00	2.780690670013427734e+00	2.780506849288940430e+00	2.781797647476196289e+00	2.784139156341552734e+00	2.786916017532348633e+00	2.789214849472045898e+00	2.790434122085571289e+00	2.790952920913696289e+00	2.792107820510864258e+00	2.795323610305786133e+00	2.801260709762573242e+00	2.809702873229980469e+00	2.819894552230834961e+00	2.830634832382202148e+00	2.840562582015991211e+00	2.848271369934082031e+00	2.851877927780151367e+00
2.870927333831787109e+00	2.856635570526123047e+00	2.839100599288940430e+00	2.822571039199829102e+00	2.809638500213623047e+00	2.801114082336425781e+00	2.796422004699707031e+00	2.794330120086669922e+00	2.793123245239257812e+00	2.792612075805664062e+00	2.793209075927734375e+00	2.794173479080200195e+00	2.795380353927612305e+00	2.794777870178222656e+00	2.792815685272216797e+00	2.791466236114501953e+00	2.790626764297485352e+00	2.791300773620605469e+00	2.794939279556274414e+00	2.802278757095336914e+00	2.812950611114501953e+00	2.825302839279174805e+00	2.836574554443359375e+00	2.841992378234863281e+00	2.836440324783325195e+00	2.823552846908569336e+00	2.811153650283813477e+00	2.802164077758789062e+00	2.796926021575927734e+00	2.795261383056640625e+00	2.796082735061645508e+00	2.797151327133178711e+00	2.797879695892333984e+00	2.798995494842529297e+00	2.800676345825195312e+00	2.802773475646972656e+00	2.804281711578369141e+00	2.804094314575195312e+00	2.802123546600341797e+00	2.799045801162719727e+00	2.795854806900024414e+00	2.793279647827148438e+00	2.791390895843505859e+00	2.790208816528320312e+00	2.790159940719604492e+00	2.791913747787475586e+00	2.796205043792724609e+00	2.803203821182250977e+00	2.812072038650512695e+00	2.822310686111450195e+00	2.835277557373046875e+00	2.851769208908081055e+00	2.866353273391723633e+00	2.870106220245361328e+00	2.841827392578125000e+00	2.812547683715820312e+00	2.797389507293701172e+00	2.791259288787841797e+00	2.790539026260375977e+00	2.792586326599121094e+00	2.795574665069580078e+00	2.798675298690795898e+00	2.801320075988769531e+00	2.803802251815795898e+00	2.807332754135131836e+00	2.813385248184204102e+00	2.822841405868530273e+00	2.835336685180664062e+00	2.849525213241577148e+00	2.863666057586669922e+00	2.874378919601440430e+00	2.877458095550537109e+00
2.890867948532104492e+00	2.874239921569824219e+00	2.854110956192016602e+00	2.834964752197265625e+00	2.819570302963256836e+00	2.808966398239135742e+00	2.802640676498413086e+00	2.799474239349365234e+00	2.798310279846191406e+00	2.798131942749023438e+00	2.798439502716064453e+00	2.798910617828369141e+00	2.798956155776977539e+00	2.798068523406982422e+00	2.796865940093994141e+00	2.798233985900878906e+00	2.798008203506469727e+00	2.796118497848510742e+00	2.799268245697021484e+00	2.806473493576049805e+00	2.816742181777954102e+00	2.828764200210571289e+00	2.840859174728393555e+00	2.847775220870971680e+00	2.843242168426513672e+00	2.830697536468505859e+00	2.818262338638305664e+00	2.808702945709228516e+00	2.802256107330322266e+00	2.799192428588867188e+00	2.798313617706298828e+00	2.798015832901000977e+00	2.799278736114501953e+00	2.802305698394775391e+00	2.804582118988037109e+00	2.806833028793334961e+00	2.808286428451538086e+00	2.807876110076904297e+00	2.805749177932739258e+00	2.802770376205444336e+00	2.799846172332763672e+00	2.797513008117675781e+00	2.795727729797363281e+00	2.794502973556518555e+00	2.794383287429809570e+00	2.796048402786254883e+00	2.800055742263793945e+00	2.806571960449218750e+00	2.815220594406127930e+00	2.825551748275756836e+00	2.838177204132080078e+00	2.854392051696777344e+00	2.869069814682006836e+00	2.872809410095214844e+00	2.847019672393798828e+00	2.818384885787963867e+00	2.803553342819213867e+00	2.797114133834838867e+00	2.795595169067382812e+00	2.797224283218383789e+00	2.800338745117187500e+00	2.803437709808349609e+00	2.806013345718383789e+00	2.808295726776123047e+00	2.811383962631225586e+00	2.817300319671630859e+00	2.827724218368530273e+00	2.843031883239746094e+00	2.862100601196289062e+00	2.881407499313354492e+00	2.895076751708984375e+00	2.898710489273071289e+00
2.901696443557739258e+00	2.884027957916259766e+00	2.862214803695678711e+00	2.841594457626342773e+00	2.825485467910766602e+00	2.815063953399658203e+00	2.809650421142578125e+00	2.807274103164672852e+00	2.806152105331420898e+00	2.805424451828002930e+00	2.804726600646972656e+00	2.803837776184082031e+00	2.802407264709472656e+00	2.800423622131347656e+00	2.798531532287597656e+00	2.797731876373291016e+00	2.799073696136474609e+00	2.803461313247680664e+00	2.811530828475952148e+00	2.823976993560791016e+00	2.841706275939941406e+00	2.862619876861572266e+00	2.877436399459838867e+00	2.876399517059326172e+00	2.861834049224853516e+00	2.843025684356689453e+00	2.827377319335937500e+00	2.816380023956298828e+00	2.809367895126342773e+00	2.805617570877075195e+00	2.803784370422363281e+00	2.802689313888549805e+00	2.802497386932373047e+00	2.804175376892089844e+00	2.807934522628784180e+00	2.811923503875732422e+00	2.814168214797973633e+00	2.814251899719238281e+00	2.812305450439453125e+00	2.809244155883789062e+00	2.806163311004638672e+00	2.803716897964477539e+00	2.801995754241943359e+00	2.800749301910400391e+00	2.800341367721557617e+00	2.801830291748046875e+00	2.806473970413208008e+00	2.815306425094604492e+00	2.828855276107788086e+00	2.848052024841308594e+00	2.873445272445678711e+00	2.895659923553466797e+00	2.900891065597534180e+00	2.895260810852050781e+00	2.869282960891723633e+00	2.835447549819946289e+00	2.814940929412841797e+00	2.804922580718994141e+00	2.801906585693359375e+00	2.803392887115478516e+00	2.806741714477539062e+00	2.810204505920410156e+00	2.813368797302246094e+00	2.816102266311645508e+00	2.819375038146972656e+00	2.825050115585327148e+00	2.835072994232177734e+00	2.850171566009521484e+00	2.869168996810913086e+00	2.888982295989990234e+00	2.904345273971557617e+00	2.909350872039794922e+00
2.897621393203735352e+00	2.880209684371948242e+00	2.859073877334594727e+00	2.839362382888793945e+00	2.824168682098388672e+00	2.814533472061157227e+00	2.809530258178710938e+00	2.806828975677490234e+00	2.805023431777954102e+00	2.803747892379760742e+00	2.802822351455688477e+00	2.801975488662719727e+00	2.800866127014160156e+00	2.799397945404052734e+00	2.797827005386352539e+00	2.796635150909423828e+00	2.796702861785888672e+00	2.799272060394287109e+00	2.805737257003784180e+00	2.817525863647460938e+00	2.835577726364135742e+00	2.857932090759277344e+00	2.873636245727539062e+00	2.872272491455078125e+00	2.859064817428588867e+00	2.841425180435180664e+00	2.825882911682128906e+00	2.814774990081787109e+00	2.807685613632202148e+00	2.803953647613525391e+00	2.802287578582763672e+00	2.801456689834594727e+00	2.801639080047607422e+00	2.803855657577514648e+00	2.808176755905151367e+00	2.812333583831787109e+00	2.814514875411987305e+00	2.814532518386840820e+00	2.812197923660278320e+00	2.808187484741210938e+00	2.803855657577514648e+00	2.800365209579467773e+00	2.798175096511840820e+00	2.797235488891601562e+00	2.797654151916503906e+00	2.799975395202636719e+00	2.805079936981201172e+00	2.813818931579589844e+00	2.826734781265258789e+00	2.844996213912963867e+00	2.870046615600585938e+00	2.891923189163208008e+00	2.896469116210937500e+00	2.892017364501953125e+00	2.872211694717407227e+00	2.836764574050903320e+00	2.814695835113525391e+00	2.803784608840942383e+00	2.800214052200317383e+00	2.801246404647827148e+00	2.804585933685302734e+00	2.808294534683227539e+00	2.811361074447631836e+00	2.814021587371826172e+00	2.817382097244262695e+00	2.823201417922973633e+00	2.833132743835449219e+00	2.847691774368286133e+00	2.866027832031250000e+00	2.885342597961425781e+00	2.900354623794555664e+00	2.905219793319702148e+00
2.880078315734863281e+00	2.865005254745483398e+00	2.846423149108886719e+00	2.829072713851928711e+00	2.815740346908569336e+00	2.807214260101318359e+00	2.802775859832763672e+00	2.800837755203247070e+00	2.799899816513061523e+00	2.799180984497070312e+00	2.798464298248291016e+00	2.797568321228027344e+00	2.796305656433105469e+00	2.794999361038208008e+00	2.794434785842895508e+00	2.794722795486450195e+00	2.795444011688232422e+00	2.797277212142944336e+00	2.802626371383666992e+00	2.813300609588623047e+00	2.830012083053588867e+00	2.851264476776123047e+00	2.867276191711425781e+00	2.867188692092895508e+00	2.853990554809570312e+00	2.836034536361694336e+00	2.820513963699340820e+00	2.809195518493652344e+00	2.801950693130493164e+00	2.798475742340087891e+00	2.797678232192993164e+00	2.798259258270263672e+00	2.799539566040039062e+00	2.801419258117675781e+00	2.804206848144531250e+00	2.807550191879272461e+00	2.810092926025390625e+00	2.810482978820800781e+00	2.808429002761840820e+00	2.804339647293090820e+00	2.799243211746215820e+00	2.794925451278686523e+00	2.792447090148925781e+00	2.791887283325195312e+00	2.793052673339843750e+00	2.796069145202636719e+00	2.801611661911010742e+00	2.810506105422973633e+00	2.823269605636596680e+00	2.840686082839965820e+00	2.862453460693359375e+00	2.880431413650512695e+00	2.887922048568725586e+00	2.886259555816650391e+00	2.868235588073730469e+00	2.831796169281005859e+00	2.809566020965576172e+00	2.799361705780029297e+00	2.796050786972045898e+00	2.796993494033813477e+00	2.800019502639770508e+00	2.803628206253051758e+00	2.807015657424926758e+00	2.810222387313842773e+00	2.814111232757568359e+00	2.819646835327148438e+00	2.827372312545776367e+00	2.838615655899047852e+00	2.853411674499511719e+00	2.869410753250122070e+00	2.882129192352294922e+00	2.886486053466796875e+00
2.884211301803588867e+00	2.868546485900878906e+00	2.849845170974731445e+00	2.832452297210693359e+00	2.818763971328735352e+00	2.809479713439941406e+00	2.804223060607910156e+00	2.802038669586181641e+00	2.801691055297851562e+00	2.801434040069580078e+00	2.800287008285522461e+00	2.798989534378051758e+00	2.797643899917602539e+00	2.796271562576293945e+00	2.795315742492675781e+00	2.795248985290527344e+00	2.796908378601074219e+00	2.801217555999755859e+00	2.809249639511108398e+00	2.822415590286254883e+00	2.841249704360961914e+00	2.862808704376220703e+00	2.876014947891235352e+00	2.872764110565185547e+00	2.857564687728881836e+00	2.838530778884887695e+00	2.822349786758422852e+00	2.810559988021850586e+00	2.803075075149536133e+00	2.799638509750366211e+00	2.798943758010864258e+00	2.799358367919921875e+00	2.800288677215576172e+00	2.802095174789428711e+00	2.805065631866455078e+00	2.808506488800048828e+00	2.811424493789672852e+00	2.812693834304809570e+00	2.811444282531738281e+00	2.808327674865722656e+00	2.804332494735717773e+00	2.800204277038574219e+00	2.796954870223999023e+00	2.795542716979980469e+00	2.796224355697631836e+00	2.799171686172485352e+00	2.804979085922241211e+00	2.814541101455688477e+00	2.828551292419433594e+00	2.848177909851074219e+00	2.874122858047485352e+00	2.893855571746826172e+00	2.891423702239990234e+00	2.883780956268310547e+00	2.862918376922607422e+00	2.830610513687133789e+00	2.811932563781738281e+00	2.803282499313354492e+00	2.800273895263671875e+00	2.800668001174926758e+00	2.803283929824829102e+00	2.807059526443481445e+00	2.811089277267456055e+00	2.815087318420410156e+00	2.819470167160034180e+00	2.825116157531738281e+00	2.833197832107543945e+00	2.844615697860717773e+00	2.859395265579223633e+00	2.875816345214843750e+00	2.888790607452392578e+00	2.892007827758789062e+00
2.889337062835693359e+00	2.871493339538574219e+00	2.851298332214355469e+00	2.832686185836791992e+00	2.817701339721679688e+00	2.806836843490600586e+00	2.799950838088989258e+00	2.796389341354370117e+00	2.795153856277465820e+00	2.795204401016235352e+00	2.795527458190917969e+00	2.795603275299072266e+00	2.795132637023925781e+00	2.793984413146972656e+00	2.792564153671264648e+00	2.791793346405029297e+00	2.792800426483154297e+00	2.796646833419799805e+00	2.804431200027465820e+00	2.817309379577636719e+00	2.835720777511596680e+00	2.856314897537231445e+00	2.867198944091796875e+00	2.862172126770019531e+00	2.848443984985351562e+00	2.832211017608642578e+00	2.818269014358520508e+00	2.807707071304321289e+00	2.800583124160766602e+00	2.796841382980346680e+00	2.795541763305664062e+00	2.795487403869628906e+00	2.796363592147827148e+00	2.798593282699584961e+00	2.802362442016601562e+00	2.806838512420654297e+00	2.810347795486450195e+00	2.811457872390747070e+00	2.809876918792724609e+00	2.806283235549926758e+00	2.801868915557861328e+00	2.797880411148071289e+00	2.795147895812988281e+00	2.794030427932739258e+00	2.794574737548828125e+00	2.796886682510375977e+00	2.801874399185180664e+00	2.810762643814086914e+00	2.824479579925537109e+00	2.844415187835693359e+00	2.868030309677124023e+00	2.883544206619262695e+00	2.871896028518676758e+00	2.857745170593261719e+00	2.842448949813842773e+00	2.819410800933837891e+00	2.805037260055541992e+00	2.798297405242919922e+00	2.796314239501953125e+00	2.797264575958251953e+00	2.799992084503173828e+00	2.803612709045410156e+00	2.807316541671752930e+00	2.810829162597656250e+00	2.815229177474975586e+00	2.822273492813110352e+00	2.832970142364501953e+00	2.847761869430541992e+00	2.865948200225830078e+00	2.884511709213256836e+00	2.897641181945800781e+00	2.899560451507568359e+00
2.902183055877685547e+00	2.882810354232788086e+00	2.860836505889892578e+00	2.840981721878051758e+00	2.825864791870117188e+00	2.815941333770751953e+00	2.810406923294067383e+00	2.807878017425537109e+00	2.806999444961547852e+00	2.806881904602050781e+00	2.806910753250122070e+00	2.806504249572753906e+00	2.805266857147216797e+00	2.803360939025878906e+00	2.801562547683715820e+00	2.800875902175903320e+00	2.802229166030883789e+00	2.806474685668945312e+00	2.814725637435913086e+00	2.828335523605346680e+00	2.848049163818359375e+00	2.871342658996582031e+00	2.886594772338867188e+00	2.883764743804931641e+00	2.867310285568237305e+00	2.846887588500976562e+00	2.830207824707031250e+00	2.818759441375732422e+00	2.811819791793823242e+00	2.808526515960693359e+00	2.807443380355834961e+00	2.807187318801879883e+00	2.807431459426879883e+00	2.808952569961547852e+00	2.812341451644897461e+00	2.816869258880615234e+00	2.820852756500244141e+00	2.822549343109130859e+00	2.821312904357910156e+00	2.817682504653930664e+00	2.812669038772583008e+00	2.807858467102050781e+00	2.804444313049316406e+00	2.802789926528930664e+00	2.802945137023925781e+00	2.805182933807373047e+00	2.810400724411010742e+00	2.819900512695312500e+00	2.834997177124023438e+00	2.856021165847778320e+00	2.884028911590576172e+00	2.909188747406005859e+00	2.911576509475708008e+00	2.904704093933105469e+00	2.876404762268066406e+00	2.840299606323242188e+00	2.819433689117431641e+00	2.808577775955200195e+00	2.804604768753051758e+00	2.805495262145996094e+00	2.809093713760375977e+00	2.813437461853027344e+00	2.817107439041137695e+00	2.819736719131469727e+00	2.822789907455444336e+00	2.828810214996337891e+00	2.839855909347534180e+00	2.856415987014770508e+00	2.876415014266967773e+00	2.896428346633911133e+00	2.910826206207275391e+00	2.913064718246459961e+00
2.899953842163085938e+00	2.882767200469970703e+00	2.861667871475219727e+00	2.842050075531005859e+00	2.827051401138305664e+00	2.817559242248535156e+00	2.812714815139770508e+00	2.810654401779174805e+00	2.809793710708618164e+00	2.809352159500122070e+00	2.809024810791015625e+00	2.808468580245971680e+00	2.806779146194458008e+00	2.804213285446166992e+00	2.801778316497802734e+00	2.800346374511718750e+00	2.800975561141967773e+00	2.804863691329956055e+00	2.813290596008300781e+00	2.827383041381835938e+00	2.847408056259155273e+00	2.870493412017822266e+00	2.885523319244384766e+00	2.883375406265258789e+00	2.868110895156860352e+00	2.848839998245239258e+00	2.833036899566650391e+00	2.821880817413330078e+00	2.814719676971435547e+00	2.811054706573486328e+00	2.809523344039916992e+00	2.808502674102783203e+00	2.807830810546875000e+00	2.808876276016235352e+00	2.812404155731201172e+00	2.817512989044189453e+00	2.822202444076538086e+00	2.824368000030517578e+00	2.822096824645996094e+00	2.817357301712036133e+00	2.812463283538818359e+00	2.808414459228515625e+00	2.805805921554565430e+00	2.804860115051269531e+00	2.805500268936157227e+00	2.807646751403808594e+00	2.812136411666870117e+00	2.820588588714599609e+00	2.834297657012939453e+00	2.854987621307373047e+00	2.883900642395019531e+00	2.909111738204956055e+00	2.914650917053222656e+00	2.913326740264892578e+00	2.884449720382690430e+00	2.842422008514404297e+00	2.819501161575317383e+00	2.808577060699462891e+00	2.804938793182373047e+00	2.805897951126098633e+00	2.809311389923095703e+00	2.813325881958007812e+00	2.816583156585693359e+00	2.818572282791137695e+00	2.820587873458862305e+00	2.825249195098876953e+00	2.834701538085937500e+00	2.849466800689697266e+00	2.868183135986328125e+00	2.887568950653076172e+00	2.902536869049072266e+00	2.907465219497680664e+00
2.900286912918090820e+00	2.885077714920043945e+00	2.865886926651000977e+00	2.847412347793579102e+00	2.832622528076171875e+00	2.822623729705810547e+00	2.817088365554809570e+00	2.814437627792358398e+00	2.813008785247802734e+00	2.812084197998046875e+00	2.811506748199462891e+00	2.810779094696044922e+00	2.808537483215332031e+00	2.805237770080566406e+00	2.802402973175048828e+00	2.800917148590087891e+00	2.801670074462890625e+00	2.805838823318481445e+00	2.814695358276367188e+00	2.829176425933837891e+00	2.849183082580566406e+00	2.871889591217041016e+00	2.886868476867675781e+00	2.884229421615600586e+00	2.868548154830932617e+00	2.849205493927001953e+00	2.833242893218994141e+00	2.822114467620849609e+00	2.815317392349243164e+00	2.812031745910644531e+00	2.810550689697265625e+00	2.809492111206054688e+00	2.809142112731933594e+00	2.810654401779174805e+00	2.814369916915893555e+00	2.819021224975585938e+00	2.822783708572387695e+00	2.824283838272094727e+00	2.822625637054443359e+00	2.818369626998901367e+00	2.813462257385253906e+00	2.809365034103393555e+00	2.806684017181396484e+00	2.805584669113159180e+00	2.806081533432006836e+00	2.808338880538940430e+00	2.813164472579956055e+00	2.821917057037353516e+00	2.835829257965087891e+00	2.856698989868164062e+00	2.886107206344604492e+00	2.911731243133544922e+00	2.917171239852905273e+00	2.917439460754394531e+00	2.896469831466674805e+00	2.851273059844970703e+00	2.823457241058349609e+00	2.810272216796875000e+00	2.805931091308593750e+00	2.806807756423950195e+00	2.810309648513793945e+00	2.814331293106079102e+00	2.817494630813598633e+00	2.819385528564453125e+00	2.821150302886962891e+00	2.825412034988403320e+00	2.834515094757080078e+00	2.849169492721557617e+00	2.868123292922973633e+00	2.887869358062744141e+00	2.902330160140991211e+00	2.906862497329711914e+00
2.897432327270507812e+00	2.881586313247680664e+00	2.862479448318481445e+00	2.845027923583984375e+00	2.831602573394775391e+00	2.822462797164916992e+00	2.817170619964599609e+00	2.814393281936645508e+00	2.812809467315673828e+00	2.811780691146850586e+00	2.811026811599731445e+00	2.810133695602416992e+00	2.808428525924682617e+00	2.805688619613647461e+00	2.802636623382568359e+00	2.800579071044921875e+00	2.800875902175903320e+00	2.804858922958374023e+00	2.813936710357666016e+00	2.829138517379760742e+00	2.850274801254272461e+00	2.874341964721679688e+00	2.889740705490112305e+00	2.885896205902099609e+00	2.869575023651123047e+00	2.849988937377929688e+00	2.833876609802246094e+00	2.822650432586669922e+00	2.815823554992675781e+00	2.812727689743041992e+00	2.811705112457275391e+00	2.810992002487182617e+00	2.810472726821899414e+00	2.811297416687011719e+00	2.814191579818725586e+00	2.818274497985839844e+00	2.821923971176147461e+00	2.823578357696533203e+00	2.822121143341064453e+00	2.817970752716064453e+00	2.813048362731933594e+00	2.808831691741943359e+00	2.805979728698730469e+00	2.804697513580322266e+00	2.804981231689453125e+00	2.807174205780029297e+00	2.812216997146606445e+00	2.821372270584106445e+00	2.835826873779296875e+00	2.857645273208618164e+00	2.889241933822631836e+00	2.916967391967773438e+00	2.919062376022338867e+00	2.917520046234130859e+00	2.899358987808227539e+00	2.855247974395751953e+00	2.826435089111328125e+00	2.812730312347412109e+00	2.808092832565307617e+00	2.808322668075561523e+00	2.810887336730957031e+00	2.814213275909423828e+00	2.817037820816040039e+00	2.818762540817260742e+00	2.820374727249145508e+00	2.824356555938720703e+00	2.833024263381958008e+00	2.847069263458251953e+00	2.865250587463378906e+00	2.884454965591430664e+00	2.899430274963378906e+00	2.904401779174804688e+00
2.895263433456420898e+00	2.878830194473266602e+00	2.859330892562866211e+00	2.841318130493164062e+00	2.827151775360107422e+00	2.817710161209106445e+00	2.812561035156250000e+00	2.810158729553222656e+00	2.809089899063110352e+00	2.808647155761718750e+00	2.808440446853637695e+00	2.807995796203613281e+00	2.806763648986816406e+00	2.804610967636108398e+00	2.802151918411254883e+00	2.800478935241699219e+00	2.800818443298339844e+00	2.804559230804443359e+00	2.813208341598510742e+00	2.828031539916992188e+00	2.849257230758666992e+00	2.873948574066162109e+00	2.889759540557861328e+00	2.885960340499877930e+00	2.869518756866455078e+00	2.849543809890747070e+00	2.832865953445434570e+00	2.821079015731811523e+00	2.813770055770874023e+00	2.810305833816528320e+00	2.809074401855468750e+00	2.808344602584838867e+00	2.807991743087768555e+00	2.809113264083862305e+00	2.812474489212036133e+00	2.817401409149169922e+00	2.821737766265869141e+00	2.823241233825683594e+00	2.821298360824584961e+00	2.816931962966918945e+00	2.811940193176269531e+00	2.807594299316406250e+00	2.804618597030639648e+00	2.803280591964721680e+00	2.803667068481445312e+00	2.806147336959838867e+00	2.811605691909790039e+00	2.821230173110961914e+00	2.836088657379150391e+00	2.858198642730712891e+00	2.890193700790405273e+00	2.918663024902343750e+00	2.919786930084228516e+00	2.918730497360229492e+00	2.900397539138793945e+00	2.855179548263549805e+00	2.826395988464355469e+00	2.812770366668701172e+00	2.808182239532470703e+00	2.808341503143310547e+00	2.810381650924682617e+00	2.813232660293579102e+00	2.815829515457153320e+00	2.817749023437500000e+00	2.819895267486572266e+00	2.824484109878540039e+00	2.833527803421020508e+00	2.847510337829589844e+00	2.865293741226196289e+00	2.883997440338134766e+00	2.898492574691772461e+00	2.902921676635742188e+00
2.892714977264404297e+00	2.876910924911499023e+00	2.857572793960571289e+00	2.839400529861450195e+00	2.825110912322998047e+00	2.815735578536987305e+00	2.810827493667602539e+00	2.808873414993286133e+00	2.808345079421997070e+00	2.808268308639526367e+00	2.808000087738037109e+00	2.806998014450073242e+00	2.805083036422729492e+00	2.802607774734497070e+00	2.800308942794799805e+00	2.799123287200927734e+00	2.800112009048461914e+00	2.804450273513793945e+00	2.813266277313232422e+00	2.827438831329345703e+00	2.847604751586914062e+00	2.871789455413818359e+00	2.887370824813842773e+00	2.883867740631103516e+00	2.868034601211547852e+00	2.848472356796264648e+00	2.832108736038208008e+00	2.820437908172607422e+00	2.813010931015014648e+00	2.809361696243286133e+00	2.808032989501953125e+00	2.807292938232421875e+00	2.806953907012939453e+00	2.807982206344604492e+00	2.810941457748413086e+00	2.815162897109985352e+00	2.818969964981079102e+00	2.820664882659912109e+00	2.819295883178710938e+00	2.815400838851928711e+00	2.810853958129882812e+00	2.807175159454345703e+00	2.804854631423950195e+00	2.803667068481445312e+00	2.803738117218017578e+00	2.805832624435424805e+00	2.810924053192138672e+00	2.820129156112670898e+00	2.834633111953735352e+00	2.856554985046386719e+00	2.888375997543334961e+00	2.917270660400390625e+00	2.916226148605346680e+00	2.912740230560302734e+00	2.891491651535034180e+00	2.848872184753417969e+00	2.822440147399902344e+00	2.809787273406982422e+00	2.805480718612670898e+00	2.806079149246215820e+00	2.809031009674072266e+00	2.812496185302734375e+00	2.815137863159179688e+00	2.816683053970336914e+00	2.818320989608764648e+00	2.822324991226196289e+00	2.830830812454223633e+00	2.844523906707763672e+00	2.862321376800537109e+00	2.881066799163818359e+00	2.895386219024658203e+00	2.899815559387207031e+00
2.891876220703125000e+00	2.875484466552734375e+00	2.855633735656738281e+00	2.837277412414550781e+00	2.823209762573242188e+00	2.814407825469970703e+00	2.810122966766357422e+00	2.808147668838500977e+00	2.807056903839111328e+00	2.806465864181518555e+00	2.805900335311889648e+00	2.804855108261108398e+00	2.803066730499267578e+00	2.800734043121337891e+00	2.798526763916015625e+00	2.797410488128662109e+00	2.798482418060302734e+00	2.802825212478637695e+00	2.811593294143676758e+00	2.825644254684448242e+00	2.844530105590820312e+00	2.865155696868896484e+00	2.878840208053588867e+00	2.878690481185913086e+00	2.865452766418457031e+00	2.846434593200683594e+00	2.830065727233886719e+00	2.817960977554321289e+00	2.810070514678955078e+00	2.805934906005859375e+00	2.804168701171875000e+00	2.803333044052124023e+00	2.803378105163574219e+00	2.805171966552734375e+00	2.808966398239135742e+00	2.813632488250732422e+00	2.817173480987548828e+00	2.818144798278808594e+00	2.816562175750732422e+00	2.813178539276123047e+00	2.808980226516723633e+00	2.805510520935058594e+00	2.803545236587524414e+00	2.802958250045776367e+00	2.803316593170166016e+00	2.805056333541870117e+00	2.809628963470458984e+00	2.818346023559570312e+00	2.831854820251464844e+00	2.851017236709594727e+00	2.876304626464843750e+00	2.899775505065917969e+00	2.906870603561401367e+00	2.904539108276367188e+00	2.880640506744384766e+00	2.838721275329589844e+00	2.816197156906127930e+00	2.805953741073608398e+00	2.802520990371704102e+00	2.803470373153686523e+00	2.806579589843750000e+00	2.809793949127197266e+00	2.812018394470214844e+00	2.813310146331787109e+00	2.814923286437988281e+00	2.819035053253173828e+00	2.827676296234130859e+00	2.841630458831787109e+00	2.859883069992065430e+00	2.879268407821655273e+00	2.894228935241699219e+00	2.899091005325317383e+00
2.891628742218017578e+00	2.875173330307006836e+00	2.855467319488525391e+00	2.837136983871459961e+00	2.822924137115478516e+00	2.813709735870361328e+00	2.808840990066528320e+00	2.806546449661254883e+00	2.805200815200805664e+00	2.804168462753295898e+00	2.803233861923217773e+00	2.802165031433105469e+00	2.800631046295166016e+00	2.798590421676635742e+00	2.796584367752075195e+00	2.795533657073974609e+00	2.796430587768554688e+00	2.800306320190429688e+00	2.808349609375000000e+00	2.821724891662597656e+00	2.841114997863769531e+00	2.864440202713012695e+00	2.878015279769897461e+00	2.873302936553955078e+00	2.858622074127197266e+00	2.840460062026977539e+00	2.825132846832275391e+00	2.814727306365966797e+00	2.808862924575805664e+00	2.806391477584838867e+00	2.805285930633544922e+00	2.803965806961059570e+00	2.802863597869873047e+00	2.803531885147094727e+00	2.806697130203247070e+00	2.811485290527343750e+00	2.816017866134643555e+00	2.818284034729003906e+00	2.816586971282958984e+00	2.811580419540405273e+00	2.806016683578491211e+00	2.801819801330566406e+00	2.799597978591918945e+00	2.799308061599731445e+00	2.800666809082031250e+00	2.803416252136230469e+00	2.807994365692138672e+00	2.815897703170776367e+00	2.828707456588745117e+00	2.848200798034667969e+00	2.875966310501098633e+00	2.900115728378295898e+00	2.904946804046630859e+00	2.906181097030639648e+00	2.886578559875488281e+00	2.846392393112182617e+00	2.820522785186767578e+00	2.806561231613159180e+00	2.801069736480712891e+00	2.801041364669799805e+00	2.803960084915161133e+00	2.807662487030029297e+00	2.810794830322265625e+00	2.812923431396484375e+00	2.814856529235839844e+00	2.818830013275146484e+00	2.827185630798339844e+00	2.840877771377563477e+00	2.859040737152099609e+00	2.878653287887573242e+00	2.894087314605712891e+00	2.899105310440063477e+00
2.867203950881958008e+00	2.855453252792358398e+00	2.841479539871215820e+00	2.828090429306030273e+00	2.816350936889648438e+00	2.806778907775878906e+00	2.799727678298950195e+00	2.794780731201171875e+00	2.790947198867797852e+00	2.788516998291015625e+00	2.787505865097045898e+00	2.787192344665527344e+00	2.786832094192504883e+00	2.786258459091186523e+00	2.785871267318725586e+00	2.785727977752685547e+00	2.785599708557128906e+00	2.786255598068237305e+00	2.789211273193359375e+00	2.795675039291381836e+00	2.806485176086425781e+00	2.821670055389404297e+00	2.837752342224121094e+00	2.845143079757690430e+00	2.837288618087768555e+00	2.820926904678344727e+00	2.806241512298583984e+00	2.796839237213134766e+00	2.791913509368896484e+00	2.789681196212768555e+00	2.788818120956420898e+00	2.788507699966430664e+00	2.789172410964965820e+00	2.791814327239990234e+00	2.796544790267944336e+00	2.802544832229614258e+00	2.808374166488647461e+00	2.811924457550048828e+00	2.810593366622924805e+00	2.804894447326660156e+00	2.798292160034179688e+00	2.792896032333374023e+00	2.789424419403076172e+00	2.788148880004882812e+00	2.789047002792358398e+00	2.791635751724243164e+00	2.795280694961547852e+00	2.799954652786254883e+00	2.805607795715332031e+00	2.811157703399658203e+00	2.814750432968139648e+00	2.814752817153930664e+00	2.812358856201171875e+00	2.811033010482788086e+00	2.811329126358032227e+00	2.807849407196044922e+00	2.801574468612670898e+00	2.795991897583007812e+00	2.792643070220947266e+00	2.792011737823486328e+00	2.793340444564819336e+00	2.795375823974609375e+00	2.797576904296875000e+00	2.800157546997070312e+00	2.803872108459472656e+00	2.809780120849609375e+00	2.818750619888305664e+00	2.831007480621337891e+00	2.845546007156372070e+00	2.859909534454345703e+00	2.870148181915283203e+00	2.872789382934570312e+00
2.843977928161621094e+00	2.836411952972412109e+00	2.826780796051025391e+00	2.817590475082397461e+00	2.809458971023559570e+00	2.802125692367553711e+00	2.795839309692382812e+00	2.791132688522338867e+00	2.788281917572021484e+00	2.786337614059448242e+00	2.784101963043212891e+00	2.781961441040039062e+00	2.780108451843261719e+00	2.778352499008178711e+00	2.776863336563110352e+00	2.776020288467407227e+00	2.776109695434570312e+00	2.777394056320190430e+00	2.780675888061523438e+00	2.787315845489501953e+00	2.798649549484252930e+00	2.814929485321044922e+00	2.832324504852294922e+00	2.840555906295776367e+00	2.832616329193115234e+00	2.815470457077026367e+00	2.799712181091308594e+00	2.789309501647949219e+00	2.783731222152709961e+00	2.781303882598876953e+00	2.780520915985107422e+00	2.780523061752319336e+00	2.781820774078369141e+00	2.785255193710327148e+00	2.790507555007934570e+00	2.796296834945678711e+00	2.801061391830444336e+00	2.803404569625854492e+00	2.801982402801513672e+00	2.797896385192871094e+00	2.793907642364501953e+00	2.790842056274414062e+00	2.789022445678710938e+00	2.789084196090698242e+00	2.790697336196899414e+00	2.793207883834838867e+00	2.796510457992553711e+00	2.800892829895019531e+00	2.805969476699829102e+00	2.810174465179443359e+00	2.811522960662841797e+00	2.808624505996704102e+00	2.802989959716796875e+00	2.798086643218994141e+00	2.794469833374023438e+00	2.790137052536010742e+00	2.785651683807373047e+00	2.782909154891967773e+00	2.782478332519531250e+00	2.784333944320678711e+00	2.787821292877197266e+00	2.791641235351562500e+00	2.794893026351928711e+00	2.797802686691284180e+00	2.801306486129760742e+00	2.805804252624511719e+00	2.811568021774291992e+00	2.818721532821655273e+00	2.826889038085937500e+00	2.835437297821044922e+00	2.842796802520751953e+00	2.846341609954833984e+00
2.808694362640380859e+00	2.806028127670288086e+00	2.801718473434448242e+00	2.797791481018066406e+00	2.794384241104125977e+00	2.791195869445800781e+00	2.788272619247436523e+00	2.785704374313354492e+00	2.783739805221557617e+00	2.782125473022460938e+00	2.779290676116943359e+00	2.777184009552001953e+00	2.775768756866455078e+00	2.774446964263916016e+00	2.773173809051513672e+00	2.772203922271728516e+00	2.771823406219482422e+00	2.772312164306640625e+00	2.774145603179931641e+00	2.777936697006225586e+00	2.784310579299926758e+00	2.793970346450805664e+00	2.807226419448852539e+00	2.820380926132202148e+00	2.818761825561523438e+00	2.806159734725952148e+00	2.793339490890502930e+00	2.784219026565551758e+00	2.778732061386108398e+00	2.775778293609619141e+00	2.774496078491210938e+00	2.774400949478149414e+00	2.775389194488525391e+00	2.777724504470825195e+00	2.781453132629394531e+00	2.785609245300292969e+00	2.788572788238525391e+00	2.789662361145019531e+00	2.789302587509155273e+00	2.788534879684448242e+00	2.788670539855957031e+00	2.789918184280395508e+00	2.790409088134765625e+00	2.789748907089233398e+00	2.790166378021240234e+00	2.792327165603637695e+00	2.795656681060791016e+00	2.799215555191040039e+00	2.801565647125244141e+00	2.801382064819335938e+00	2.798474788665771484e+00	2.793763160705566406e+00	2.788737297058105469e+00	2.784461975097656250e+00	2.781236648559570312e+00	2.779273748397827148e+00	2.778439044952392578e+00	2.778417348861694336e+00	2.779425144195556641e+00	2.781199693679809570e+00	2.782907724380493164e+00	2.783999919891357422e+00	2.784792900085449219e+00	2.784887790679931641e+00	2.784056425094604492e+00	2.784122943878173828e+00	2.785454988479614258e+00	2.787994623184204102e+00	2.791806221008300781e+00	2.796777963638305664e+00	2.802446603775024414e+00	2.807283878326416016e+00
2.781890392303466797e+00	2.785891532897949219e+00	2.792479753494262695e+00	2.803125858306884766e+00	2.812698125839233398e+00	2.811440467834472656e+00	2.799450635910034180e+00	2.787735700607299805e+00	2.780081033706665039e+00	2.775873422622680664e+00	2.774328708648681641e+00	2.774323940277099609e+00	2.774373531341552734e+00	2.774347782135009766e+00	2.774453401565551758e+00	2.774708271026611328e+00	2.775453090667724609e+00	2.776649236679077148e+00	2.778038263320922852e+00	2.779813289642333984e+00	2.782605409622192383e+00	2.786677360534667969e+00	2.790462017059326172e+00	2.790444374084472656e+00	2.785992860794067383e+00	2.779920816421508789e+00	2.774946451187133789e+00	2.772086143493652344e+00	2.771143198013305664e+00	2.771613836288452148e+00	2.772731065750122070e+00	2.773740053176879883e+00	2.774492740631103516e+00	2.775373220443725586e+00	2.776772499084472656e+00	2.778548955917358398e+00	2.779855251312255859e+00	2.779962778091430664e+00	2.779353857040405273e+00	2.779211521148681641e+00	2.780274391174316406e+00	2.782562494277954102e+00	2.785579204559326172e+00	2.788384199142456055e+00	2.790326118469238281e+00	2.790684700012207031e+00	2.790308475494384766e+00	2.790578365325927734e+00	2.791264057159423828e+00	2.791265726089477539e+00	2.789713621139526367e+00	2.786911249160766602e+00	2.784223079681396484e+00	2.782255172729492188e+00	2.780945062637329102e+00	2.779933214187622070e+00	2.778854370117187500e+00	2.777809619903564453e+00	2.777142047882080078e+00	2.777115583419799805e+00	2.777516603469848633e+00	2.777637720108032227e+00	2.777010679244995117e+00	2.775911092758178711e+00	2.774852037429809570e+00	2.774096488952636719e+00	2.773657321929931641e+00	2.773339986801147461e+00	2.772969961166381836e+00	2.773072481155395508e+00	2.774737834930419922e+00	2.778100013732910156e+00
2.785999059677124023e+00	2.792693138122558594e+00	2.806859016418457031e+00	2.831514596939086914e+00	2.857096195220947266e+00	2.873974561691284180e+00	2.826388120651245117e+00	2.801586627960205078e+00	2.787750720977783203e+00	2.781312227249145508e+00	2.779705047607421875e+00	2.780822038650512695e+00	2.782391309738159180e+00	2.783050775527954102e+00	2.782652378082275391e+00	2.781340360641479492e+00	2.779736757278442383e+00	2.778563976287841797e+00	2.778589725494384766e+00	2.780305147171020508e+00	2.783777952194213867e+00	2.788744449615478516e+00	2.789958477020263672e+00	2.785094499588012695e+00	2.778728961944580078e+00	2.774280309677124023e+00	2.772397041320800781e+00	2.772708415985107422e+00	2.774455070495605469e+00	2.776627779006958008e+00	2.778263092041015625e+00	2.778698205947875977e+00	2.778127670288085938e+00	2.777397632598876953e+00	2.777371644973754883e+00	2.778249979019165039e+00	2.779282331466674805e+00	2.779431581497192383e+00	2.778619766235351562e+00	2.777797698974609375e+00	2.777891159057617188e+00	2.779269456863403320e+00	2.781651973724365234e+00	2.784195184707641602e+00	2.786068677902221680e+00	2.786840915679931641e+00	2.786173105239868164e+00	2.784266471862792969e+00	2.782031774520874023e+00	2.780084133148193359e+00	2.778844356536865234e+00	2.778657436370849609e+00	2.779396057128906250e+00	2.780290365219116211e+00	2.780872583389282227e+00	2.781121730804443359e+00	2.780799388885498047e+00	2.780010700225830078e+00	2.779541969299316406e+00	2.779619693756103516e+00	2.779729127883911133e+00	2.779566526412963867e+00	2.779059171676635742e+00	2.778482913970947266e+00	2.778258800506591797e+00	2.778662919998168945e+00	2.779860496520996094e+00	2.781334400177001953e+00	2.781944513320922852e+00	2.781943321228027344e+00	2.782006978988647461e+00	2.783031225204467773e+00
2.779198408126831055e+00	2.786715507507324219e+00	2.800791501998901367e+00	2.823715448379516602e+00	2.846348762512207031e+00	2.843429088592529297e+00	2.817901372909545898e+00	2.797700405120849609e+00	2.785096883773803711e+00	2.778294086456298828e+00	2.775679111480712891e+00	2.775903940200805664e+00	2.777510881423950195e+00	2.778741359710693359e+00	2.778480052947998047e+00	2.777182340621948242e+00	2.776471614837646484e+00	2.777490854263305664e+00	2.780562877655029297e+00	2.785757064819335938e+00	2.792756795883178711e+00	2.799472332000732422e+00	2.800997257232666016e+00	2.795257329940795898e+00	2.786324739456176758e+00	2.778895139694213867e+00	2.774874448776245117e+00	2.774507045745849609e+00	2.776651620864868164e+00	2.779374361038208008e+00	2.780919075012207031e+00	2.780732393264770508e+00	2.779484272003173828e+00	2.778029680252075195e+00	2.777043819427490234e+00	2.776705741882324219e+00	2.776710748672485352e+00	2.776692390441894531e+00	2.776695013046264648e+00	2.777580022811889648e+00	2.780482530593872070e+00	2.786041498184204102e+00	2.792836666107177734e+00	2.796254396438598633e+00	2.794782400131225586e+00	2.792773723602294922e+00	2.792272567749023438e+00	2.793227434158325195e+00	2.795243740081787109e+00	2.796898365020751953e+00	2.795897960662841797e+00	2.792544841766357422e+00	2.789492845535278320e+00	2.787552595138549805e+00	2.785740852355957031e+00	2.784100055694580078e+00	2.782529354095458984e+00	2.780842065811157227e+00	2.779717445373535156e+00	2.779640674591064453e+00	2.780225515365600586e+00	2.780799865722656250e+00	2.781013965606689453e+00	2.781043767929077148e+00	2.781116247177124023e+00	2.781168937683105469e+00	2.780979394912719727e+00	2.780149459838867188e+00	2.778621912002563477e+00	2.776792526245117188e+00	2.775475978851318359e+00	2.775902748107910156e+00
2.784482955932617188e+00	2.789515018463134766e+00	2.796188831329345703e+00	2.804125308990478516e+00	2.806024789810180664e+00	2.798601627349853516e+00	2.790324211120605469e+00	2.782939910888671875e+00	2.777246713638305664e+00	2.773772478103637695e+00	2.772173404693603516e+00	2.771753072738647461e+00	2.771906614303588867e+00	2.772087574005126953e+00	2.771937847137451172e+00	2.772007703781127930e+00	2.773491859436035156e+00	2.776929140090942383e+00	2.782122850418090820e+00	2.788493394851684570e+00	2.794673204421997070e+00	2.798700094223022461e+00	2.798333406448364258e+00	2.793276548385620117e+00	2.786306858062744141e+00	2.780580520629882812e+00	2.777273416519165039e+00	2.776238918304443359e+00	2.776355504989624023e+00	2.776792049407958984e+00	2.777074337005615234e+00	2.776337146759033203e+00	2.774966001510620117e+00	2.773901462554931641e+00	2.773467779159545898e+00	2.773330688476562500e+00	2.773025989532470703e+00	2.772435426712036133e+00	2.772002696990966797e+00	2.773149251937866211e+00	2.777212619781494141e+00	2.784910202026367188e+00	2.794248819351196289e+00	2.798987388610839844e+00	2.798284530639648438e+00	2.797108173370361328e+00	2.797826528549194336e+00	2.801241636276245117e+00	2.806555747985839844e+00	2.811453819274902344e+00	2.811758041381835938e+00	2.806298971176147461e+00	2.798527240753173828e+00	2.791331529617309570e+00	2.785530567169189453e+00	2.781707525253295898e+00	2.779472351074218750e+00	2.778337478637695312e+00	2.778062105178833008e+00	2.778350353240966797e+00	2.778874635696411133e+00	2.779477357864379883e+00	2.780189990997314453e+00	2.780955791473388672e+00	2.781743288040161133e+00	2.782312631607055664e+00	2.782215833663940430e+00	2.781308174133300781e+00	2.779871702194213867e+00	2.778622388839721680e+00	2.778673887252807617e+00	2.780751228332519531e+00
2.791614055633544922e+00	2.796543121337890625e+00	2.800485372543334961e+00	2.802990674972534180e+00	2.803583860397338867e+00	2.801820516586303711e+00	2.797672510147094727e+00	2.792113304138183594e+00	2.787077665328979492e+00	2.783797025680541992e+00	2.781660795211791992e+00	2.779174566268920898e+00	2.776519775390625000e+00	2.774236202239990234e+00	2.772678852081298828e+00	2.772132873535156250e+00	2.772919654846191406e+00	2.775210618972778320e+00	2.779238462448120117e+00	2.784746646881103516e+00	2.790144681930541992e+00	2.793396949768066406e+00	2.793320178985595703e+00	2.790127277374267578e+00	2.785614252090454102e+00	2.781381607055664062e+00	2.778052806854248047e+00	2.775965452194213867e+00	2.774810314178466797e+00	2.774287462234497070e+00	2.773696184158325195e+00	2.772920846939086914e+00	2.772658348083496094e+00	2.773414611816406250e+00	2.774860858917236328e+00	2.776076316833496094e+00	2.777044296264648438e+00	2.778124094009399414e+00	2.779250621795654297e+00	2.781405687332153320e+00	2.786420106887817383e+00	2.795886754989624023e+00	2.808081150054931641e+00	2.815186738967895508e+00	2.813102245330810547e+00	2.807483196258544922e+00	2.804344654083251953e+00	2.805065155029296875e+00	2.808319807052612305e+00	2.811170101165771484e+00	2.809795141220092773e+00	2.803849935531616211e+00	2.796691417694091797e+00	2.790923118591308594e+00	2.786946296691894531e+00	2.783851861953735352e+00	2.781191110610961914e+00	2.779340744018554688e+00	2.778544187545776367e+00	2.778468847274780273e+00	2.778758049011230469e+00	2.779720544815063477e+00	2.781244993209838867e+00	2.782733440399169922e+00	2.783841609954833984e+00	2.784622669219970703e+00	2.784780263900756836e+00	2.784021139144897461e+00	2.782994747161865234e+00	2.782675504684448242e+00	2.783868789672851562e+00	2.786978483200073242e+00
2.812485694885253906e+00	2.821988821029663086e+00	2.833612680435180664e+00	2.847446441650390625e+00	2.855273962020874023e+00	2.849613189697265625e+00	2.835733175277709961e+00	2.820714235305786133e+00	2.808137655258178711e+00	2.798608541488647461e+00	2.791384220123291016e+00	2.785926103591918945e+00	2.782150030136108398e+00	2.779494047164916992e+00	2.777236461639404297e+00	2.775323390960693359e+00	2.774475574493408203e+00	2.775502681732177734e+00	2.778800249099731445e+00	2.784143209457397461e+00	2.790428400039672852e+00	2.795679330825805664e+00	2.797688722610473633e+00	2.795470237731933594e+00	2.790197849273681641e+00	2.784379243850708008e+00	2.780131816864013672e+00	2.778244018554687500e+00	2.778084278106689453e+00	2.778450012207031250e+00	2.778500556945800781e+00	2.778494119644165039e+00	2.779114484786987305e+00	2.780727863311767578e+00	2.783202886581420898e+00	2.785822391510009766e+00	2.787786006927490234e+00	2.788870096206665039e+00	2.789712905883789062e+00	2.791311979293823242e+00	2.794841766357421875e+00	2.801468372344970703e+00	2.809992551803588867e+00	2.815227031707763672e+00	2.812964916229248047e+00	2.808025121688842773e+00	2.805275201797485352e+00	2.804414510726928711e+00	2.804333209991455078e+00	2.803749084472656250e+00	2.800818443298339844e+00	2.796330690383911133e+00	2.792755603790283203e+00	2.791318893432617188e+00	2.791543960571289062e+00	2.791757822036743164e+00	2.790522575378417969e+00	2.788109064102172852e+00	2.785749435424804688e+00	2.784304618835449219e+00	2.783802747726440430e+00	2.783849239349365234e+00	2.784139394760131836e+00	2.784527778625488281e+00	2.785187482833862305e+00	2.786440610885620117e+00	2.788351774215698242e+00	2.790614128112792969e+00	2.792815446853637695e+00	2.795156240463256836e+00	2.798791408538818359e+00	2.804601430892944336e+00
2.813248634338378906e+00	2.821879863739013672e+00	2.833891630172729492e+00	2.850545883178710938e+00	2.859610795974731445e+00	2.852727174758911133e+00	2.837901115417480469e+00	2.822833538055419922e+00	2.810107707977294922e+00	2.799775838851928711e+00	2.792116880416870117e+00	2.787239313125610352e+00	2.784584283828735352e+00	2.782682418823242188e+00	2.779732704162597656e+00	2.776213645935058594e+00	2.773542881011962891e+00	2.772583007812500000e+00	2.773667812347412109e+00	2.776943445205688477e+00	2.782039880752563477e+00	2.787403583526611328e+00	2.791137695312500000e+00	2.792507171630859375e+00	2.791237831115722656e+00	2.787076473236083984e+00	2.782360315322875977e+00	2.779225587844848633e+00	2.777744293212890625e+00	2.777167081832885742e+00	2.776955127716064453e+00	2.777070045471191406e+00	2.777887821197509766e+00	2.779742717742919922e+00	2.782476902008056641e+00	2.785541772842407227e+00	2.788398981094360352e+00	2.790825605392456055e+00	2.793279170989990234e+00	2.796603202819824219e+00	2.801542758941650391e+00	2.808366060256958008e+00	2.815607309341430664e+00	2.818011522293090820e+00	2.812789678573608398e+00	2.805393934249877930e+00	2.800471305847167969e+00	2.797559738159179688e+00	2.794947624206542969e+00	2.791786909103393555e+00	2.788601636886596680e+00	2.786357641220092773e+00	2.785654544830322266e+00	2.786721706390380859e+00	2.789208650588989258e+00	2.791619539260864258e+00	2.792251110076904297e+00	2.790983676910400391e+00	2.788997888565063477e+00	2.787197828292846680e+00	2.785537958145141602e+00	2.783847093582153320e+00	2.782384157180786133e+00	2.781796932220458984e+00	2.782665252685546875e+00	2.785151243209838867e+00	2.788602590560913086e+00	2.791390419006347656e+00	2.793847799301147461e+00	2.796690940856933594e+00	2.800604343414306641e+00	2.806198358535766602e+00
2.789452791213989258e+00	2.797363519668579102e+00	2.809357881546020508e+00	2.826026678085327148e+00	2.838859081268310547e+00	2.826463460922241211e+00	2.810678958892822266e+00	2.797940731048583984e+00	2.788506984710693359e+00	2.782500267028808594e+00	2.779250144958496094e+00	2.777901887893676758e+00	2.777528762817382812e+00	2.777227401733398438e+00	2.776664972305297852e+00	2.775762319564819336e+00	2.775144815444946289e+00	2.775783538818359375e+00	2.777856588363647461e+00	2.781033992767333984e+00	2.785194396972656250e+00	2.789989233016967773e+00	2.792834281921386719e+00	2.790708065032958984e+00	2.785439729690551758e+00	2.780560970306396484e+00	2.778050899505615234e+00	2.777521848678588867e+00	2.777455806732177734e+00	2.777822017669677734e+00	2.778042554855346680e+00	2.777865171432495117e+00	2.778016805648803711e+00	2.778614759445190430e+00	2.779293775558471680e+00	2.779982328414916992e+00	2.780877113342285156e+00	2.781927824020385742e+00	2.782859325408935547e+00	2.783913373947143555e+00	2.786698102951049805e+00	2.792098522186279297e+00	2.798341989517211914e+00	2.801668643951416016e+00	2.801820516586303711e+00	2.801689624786376953e+00	2.802644491195678711e+00	2.804906845092773438e+00	2.808081865310668945e+00	2.808466672897338867e+00	2.803406000137329102e+00	2.796970367431640625e+00	2.792153120040893555e+00	2.789497613906860352e+00	2.788277864456176758e+00	2.787654161453247070e+00	2.787125110626220703e+00	2.785592079162597656e+00	2.782784938812255859e+00	2.780251741409301758e+00	2.779024600982666016e+00	2.779166460037231445e+00	2.779893636703491211e+00	2.780567169189453125e+00	2.781569719314575195e+00	2.782860040664672852e+00	2.783698558807373047e+00	2.783664464950561523e+00	2.782886028289794922e+00	2.782085180282592773e+00	2.782309532165527344e+00	2.784564018249511719e+00
2.840971469879150391e+00	2.843251228332519531e+00	2.841585636138916016e+00	2.837423086166381836e+00	2.832203865051269531e+00	2.826564788818359375e+00	2.819481372833251953e+00	2.811133384704589844e+00	2.802914619445800781e+00	2.795731544494628906e+00	2.790109395980834961e+00	2.785903215408325195e+00	2.782616853713989258e+00	2.779924869537353516e+00	2.778054714202880859e+00	2.777431488037109375e+00	2.777875900268554688e+00	2.778529882431030273e+00	2.780844926834106445e+00	2.786492824554443359e+00	2.794965028762817383e+00	2.803217649459838867e+00	2.806294918060302734e+00	2.802999734878540039e+00	2.796216487884521484e+00	2.789188861846923828e+00	2.784325122833251953e+00	2.782180070877075195e+00	2.782121658325195312e+00	2.783293724060058594e+00	2.783427238464355469e+00	2.782443046569824219e+00	2.783379554748535156e+00	2.786585807800292969e+00	2.790348529815673828e+00	2.792751073837280273e+00	2.793891429901123047e+00	2.793800592422485352e+00	2.792680025100708008e+00	2.791857957839965820e+00	2.792313814163208008e+00	2.792436361312866211e+00	2.792632818222045898e+00	2.793584108352661133e+00	2.794398784637451172e+00	2.795966863632202148e+00	2.798996448516845703e+00	2.803568601608276367e+00	2.808622360229492188e+00	2.811400175094604492e+00	2.809565305709838867e+00	2.804153203964233398e+00	2.797945022583007812e+00	2.793545961380004883e+00	2.791593551635742188e+00	2.790886878967285156e+00	2.789120912551879883e+00	2.787076473236083984e+00	2.786268234252929688e+00	2.786532163619995117e+00	2.787973880767822266e+00	2.789868831634521484e+00	2.791328907012939453e+00	2.791846513748168945e+00	2.791869640350341797e+00	2.792548418045043945e+00	2.794993162155151367e+00	2.799803256988525391e+00	2.806606531143188477e+00	2.814817190170288086e+00	2.824290990829467773e+00	2.833971261978149414e+00
2.835425138473510742e+00	2.839105606079101562e+00	2.840101003646850586e+00	2.838922023773193359e+00	2.835046052932739258e+00	2.828057289123535156e+00	2.818803548812866211e+00	2.809148550033569336e+00	2.800718069076538086e+00	2.794134616851806641e+00	2.789425373077392578e+00	2.786059141159057617e+00	2.783134698867797852e+00	2.780106067657470703e+00	2.777395009994506836e+00	2.776049852371215820e+00	2.776883363723754883e+00	2.780193328857421875e+00	2.786428689956665039e+00	2.795349359512329102e+00	2.803934812545776367e+00	2.805709600448608398e+00	2.802178621292114258e+00	2.798374652862548828e+00	2.794091463088989258e+00	2.789564609527587891e+00	2.786585569381713867e+00	2.786667108535766602e+00	2.790085077285766602e+00	2.801476478576660156e+00	2.795734643936157227e+00	2.788398265838623047e+00	2.786200523376464844e+00	2.786162376403808594e+00	2.787657022476196289e+00	2.790064096450805664e+00	2.792438030242919922e+00	2.794211387634277344e+00	2.795321464538574219e+00	2.795136928558349609e+00	2.793472290039062500e+00	2.791765213012695312e+00	2.791009902954101562e+00	2.791380643844604492e+00	2.792688369750976562e+00	2.794704198837280273e+00	2.797491073608398438e+00	2.801397562026977539e+00	2.805275678634643555e+00	2.806367635726928711e+00	2.804377079010009766e+00	2.801188707351684570e+00	2.797420501708984375e+00	2.794425725936889648e+00	2.793136358261108398e+00	2.793133020401000977e+00	2.793700218200683594e+00	2.793952703475952148e+00	2.793218135833740234e+00	2.792125701904296875e+00	2.791414976119995117e+00	2.791574954986572266e+00	2.792575836181640625e+00	2.794367313385009766e+00	2.796859741210937500e+00	2.799761295318603516e+00	2.802969455718994141e+00	2.806613206863403320e+00	2.811006546020507812e+00	2.816321611404418945e+00	2.822622537612915039e+00	2.829410076141357422e+00
2.812792778015136719e+00	2.817075252532958984e+00	2.822731494903564453e+00	2.829417943954467773e+00	2.833398103713989258e+00	2.831156969070434570e+00	2.824055194854736328e+00	2.814878702163696289e+00	2.806123495101928711e+00	2.799547910690307617e+00	2.795435905456542969e+00	2.792921781539916992e+00	2.790622472763061523e+00	2.787560939788818359e+00	2.784100770950317383e+00	2.781559944152832031e+00	2.781225204467773438e+00	2.783973693847656250e+00	2.790105342864990234e+00	2.797838926315307617e+00	2.801454544067382812e+00	2.799177646636962891e+00	2.795764446258544922e+00	2.793704032897949219e+00	2.792344808578491211e+00	2.790458917617797852e+00	2.789268255233764648e+00	2.789996385574340820e+00	2.791841268539428711e+00	2.793601274490356445e+00	2.793289661407470703e+00	2.790985822677612305e+00	2.788286209106445312e+00	2.786748409271240234e+00	2.787165880203247070e+00	2.789348125457763672e+00	2.792538166046142578e+00	2.796232461929321289e+00	2.799699306488037109e+00	2.801562070846557617e+00	2.801855325698852539e+00	2.801330327987670898e+00	2.800832986831665039e+00	2.800749063491821289e+00	2.801095962524414062e+00	2.801778793334960938e+00	2.803091049194335938e+00	2.804109334945678711e+00	2.803227663040161133e+00	2.800830364227294922e+00	2.796988964080810547e+00	2.792883157730102539e+00	2.789665460586547852e+00	2.788423061370849609e+00	2.789513826370239258e+00	2.792649507522583008e+00	2.796980142593383789e+00	2.800502538681030273e+00	2.801516056060791016e+00	2.800340652465820312e+00	2.798433065414428711e+00	2.797171115875244141e+00	2.797684669494628906e+00	2.800892353057861328e+00	2.806879758834838867e+00	2.813481330871582031e+00	2.816129446029663086e+00	2.813970327377319336e+00	2.809576749801635742e+00	2.806854009628295898e+00	2.806812047958374023e+00	2.809133052825927734e+00
2.806867599487304688e+00	2.810384035110473633e+00	2.815998792648315430e+00	2.822680950164794922e+00	2.826645135879516602e+00	2.824059963226318359e+00	2.815903902053833008e+00	2.806265830993652344e+00	2.798065662384033203e+00	2.792576074600219727e+00	2.789811134338378906e+00	2.788886308670043945e+00	2.788285732269287109e+00	2.786784172058105469e+00	2.784401416778564453e+00	2.782069921493530273e+00	2.780851364135742188e+00	2.781626701354980469e+00	2.784846782684326172e+00	2.789012908935546875e+00	2.790086507797241211e+00	2.787038087844848633e+00	2.783165931701660156e+00	2.780950546264648438e+00	2.780584335327148438e+00	2.781357049942016602e+00	2.783100128173828125e+00	2.785815954208374023e+00	2.788639307022094727e+00	2.789908647537231445e+00	2.789180278778076172e+00	2.787238121032714844e+00	2.784714460372924805e+00	2.782562732696533203e+00	2.781896591186523438e+00	2.783192157745361328e+00	2.786015033721923828e+00	2.789731740951538086e+00	2.793875217437744141e+00	2.797691583633422852e+00	2.800430536270141602e+00	2.802365779876708984e+00	2.804351568222045898e+00	2.806411027908325195e+00	2.807659387588500977e+00	2.807000160217285156e+00	2.804548263549804688e+00	2.801378488540649414e+00	2.797908544540405273e+00	2.794401168823242188e+00	2.791354894638061523e+00	2.789390802383422852e+00	2.789061069488525391e+00	2.789878606796264648e+00	2.790766000747680664e+00	2.792274475097656250e+00	2.794548988342285156e+00	2.796139955520629883e+00	2.796019315719604492e+00	2.794672727584838867e+00	2.792985200881958008e+00	2.792038440704345703e+00	2.793069601058959961e+00	2.797194719314575195e+00	2.804575920104980469e+00	2.812263965606689453e+00	2.815024375915527344e+00	2.813393115997314453e+00	2.810434579849243164e+00	2.807591915130615234e+00	2.805720090866088867e+00	2.805370092391967773e+00
2.807936668395996094e+00	2.810647487640380859e+00	2.813304662704467773e+00	2.816211938858032227e+00	2.818160057067871094e+00	2.816670656204223633e+00	2.811186790466308594e+00	2.804217338562011719e+00	2.798410415649414062e+00	2.794579029083251953e+00	2.792065620422363281e+00	2.789865732192993164e+00	2.787264823913574219e+00	2.784441232681274414e+00	2.781547069549560547e+00	2.778805017471313477e+00	2.776772737503051758e+00	2.775923728942871094e+00	2.775863647460937500e+00	2.775691986083984375e+00	2.775624275207519531e+00	2.775718688964843750e+00	2.776286363601684570e+00	2.777233123779296875e+00	2.777796030044555664e+00	2.777538299560546875e+00	2.776956796646118164e+00	2.777044534683227539e+00	2.778262376785278320e+00	2.780022144317626953e+00	2.781227350234985352e+00	2.781374931335449219e+00	2.780962228775024414e+00	2.780815124511718750e+00	2.781539201736450195e+00	2.783186674118041992e+00	2.785124778747558594e+00	2.786526918411254883e+00	2.787257194519042969e+00	2.788165807723999023e+00	2.790057659149169922e+00	2.792870998382568359e+00	2.795859813690185547e+00	2.798370838165283203e+00	2.799986362457275391e+00	2.800492763519287109e+00	2.800075054168701172e+00	2.798612833023071289e+00	2.795582056045532227e+00	2.791822433471679688e+00	2.788581371307373047e+00	2.786322832107543945e+00	2.785063266754150391e+00	2.784119129180908203e+00	2.783332109451293945e+00	2.782948732376098633e+00	2.782904386520385742e+00	2.783225297927856445e+00	2.784074306488037109e+00	2.785421848297119141e+00	2.786569118499755859e+00	2.787063598632812500e+00	2.787457942962646484e+00	2.788495302200317383e+00	2.790967702865600586e+00	2.794740438461303711e+00	2.797950506210327148e+00	2.799630641937255859e+00	2.800574779510498047e+00	2.801424264907836914e+00	2.802779197692871094e+00	2.805072307586669922e+00
2.799150466918945312e+00	2.798183679580688477e+00	2.796080827713012695e+00	2.794751405715942383e+00	2.793734312057495117e+00	2.791645526885986328e+00	2.788824319839477539e+00	2.786162614822387695e+00	2.784299135208129883e+00	2.783455848693847656e+00	2.783083677291870117e+00	2.782844781875610352e+00	2.782635688781738281e+00	2.781981706619262695e+00	2.780699253082275391e+00	2.779201984405517578e+00	2.777904987335205078e+00	2.776827573776245117e+00	2.775797605514526367e+00	2.774942398071289062e+00	2.774497985839843750e+00	2.774278879165649414e+00	2.774587154388427734e+00	2.775867462158203125e+00	2.777251958847045898e+00	2.777188062667846680e+00	2.775564193725585938e+00	2.773726224899291992e+00	2.772659063339233398e+00	2.772444963455200195e+00	2.772654294967651367e+00	2.773129224777221680e+00	2.774123191833496094e+00	2.775730609893798828e+00	2.777740955352783203e+00	2.779799461364746094e+00	2.781136512756347656e+00	2.781056880950927734e+00	2.780065059661865234e+00	2.779733657836914062e+00	2.780978679656982422e+00	2.782732725143432617e+00	2.781945466995239258e+00	2.781736135482788086e+00	2.783308267593383789e+00	2.785659551620483398e+00	2.788300991058349609e+00	2.790660619735717773e+00	2.791862726211547852e+00	2.791556358337402344e+00	2.790117263793945312e+00	2.787922620773315430e+00	2.785244703292846680e+00	2.782807826995849609e+00	2.781389474868774414e+00	2.781403541564941406e+00	2.782528400421142578e+00	2.783503055572509766e+00	2.783858537673950195e+00	2.784157752990722656e+00	2.784074306488037109e+00	2.782975196838378906e+00	2.781465530395507812e+00	2.780631542205810547e+00	2.781011343002319336e+00	2.782625913619995117e+00	2.784965515136718750e+00	2.787572383880615234e+00	2.790240764617919922e+00	2.792810678482055664e+00	2.795320034027099609e+00	2.797719955444335938e+00
2.792607545852661133e+00	2.794633388519287109e+00	2.796212911605834961e+00	2.796918392181396484e+00	2.796658992767333984e+00	2.795516967773437500e+00	2.792801141738891602e+00	2.788954496383666992e+00	2.785311460494995117e+00	2.782642841339111328e+00	2.780676126480102539e+00	2.779004335403442383e+00	2.777568578720092773e+00	2.776039123535156250e+00	2.774115324020385742e+00	2.772228717803955078e+00	2.771198987960815430e+00	2.771278619766235352e+00	2.772235393524169922e+00	2.774121522903442383e+00	2.776836156845092773e+00	2.778543949127197266e+00	2.778486013412475586e+00	2.778016328811645508e+00	2.777184486389160156e+00	2.775150537490844727e+00	2.772521734237670898e+00	2.770758867263793945e+00	2.770411968231201172e+00	2.771018981933593750e+00	2.771824121475219727e+00	2.772377014160156250e+00	2.772613048553466797e+00	2.772795915603637695e+00	2.773092269897460938e+00	2.773428678512573242e+00	2.773777723312377930e+00	2.774275541305541992e+00	2.775282382965087891e+00	2.777123451232910156e+00	2.779564619064331055e+00	2.782115936279296875e+00	2.784944057464599609e+00	2.786688804626464844e+00	2.787106275558471680e+00	2.787696838378906250e+00	2.789302110671997070e+00	2.791354417800903320e+00	2.792182445526123047e+00	2.790726661682128906e+00	2.787446260452270508e+00	2.783383846282958984e+00	2.779549598693847656e+00	2.776679039001464844e+00	2.775121688842773438e+00	2.774838924407958984e+00	2.775417566299438477e+00	2.776056051254272461e+00	2.776381492614746094e+00	2.776970624923706055e+00	2.778149127960205078e+00	2.779379844665527344e+00	2.780630111694335938e+00	2.782405376434326172e+00	2.784089565277099609e+00	2.784802198410034180e+00	2.784382820129394531e+00	2.783477306365966797e+00	2.782910823822021484e+00	2.783547639846801758e+00	2.785868883132934570e+00	2.789380788803100586e+00
2.793696403503417969e+00	2.794611215591430664e+00	2.795733690261840820e+00	2.796673059463500977e+00	2.796746253967285156e+00	2.795554399490356445e+00	2.793236017227172852e+00	2.790351390838623047e+00	2.787822484970092773e+00	2.786162853240966797e+00	2.785106420516967773e+00	2.784105777740478516e+00	2.782538414001464844e+00	2.780497074127197266e+00	2.778191089630126953e+00	2.775933742523193359e+00	2.774471998214721680e+00	2.774191617965698242e+00	2.774847507476806641e+00	2.775962829589843750e+00	2.777339935302734375e+00	2.778350830078125000e+00	2.778699874877929688e+00	2.778966665267944336e+00	2.778575181961059570e+00	2.777171134948730469e+00	2.774965286254882812e+00	2.773134708404541016e+00	2.772448301315307617e+00	2.772670984268188477e+00	2.773367643356323242e+00	2.774126291275024414e+00	2.774549484252929688e+00	2.774576902389526367e+00	2.774509191513061523e+00	2.774686813354492188e+00	2.775116682052612305e+00	2.775715827941894531e+00	2.776671648025512695e+00	2.778014183044433594e+00	2.779704093933105469e+00	2.782121658325195312e+00	2.784969568252563477e+00	2.786650180816650391e+00	2.786500692367553711e+00	2.786019086837768555e+00	2.786496639251708984e+00	2.787628412246704102e+00	2.788182973861694336e+00	2.787447452545166016e+00	2.785539150238037109e+00	2.782924413681030273e+00	2.780265092849731445e+00	2.778311729431152344e+00	2.777456998825073242e+00	2.777681589126586914e+00	2.778362512588500977e+00	2.778764724731445312e+00	2.779144525527954102e+00	2.779946565628051758e+00	2.781266689300537109e+00	2.783070564270019531e+00	2.784980535507202148e+00	2.786420106887817383e+00	2.787658214569091797e+00	2.788216352462768555e+00	2.787678718566894531e+00	2.786974668502807617e+00	2.787092924118041992e+00	2.788190841674804688e+00	2.790036916732788086e+00	2.792178630828857422e+00
2.796546697616577148e+00	2.799643754959106445e+00	2.804884195327758789e+00	2.811725854873657227e+00	2.819229602813720703e+00	2.826349258422851562e+00	2.832100868225097656e+00	2.835419416427612305e+00	2.834178686141967773e+00	2.828056573867797852e+00	2.819737911224365234e+00	2.809657335281372070e+00	2.800307512283325195e+00	2.792438983917236328e+00	2.785731315612792969e+00	2.780264377593994141e+00	2.776347875595092773e+00	2.773865938186645508e+00	2.772551774978637695e+00	2.772410154342651367e+00	2.773329257965087891e+00	2.774878501892089844e+00	2.777180910110473633e+00	2.780075550079345703e+00	2.782799482345581055e+00	2.784295558929443359e+00	2.783612251281738281e+00	2.781753778457641602e+00	2.779866218566894531e+00	2.778128862380981445e+00	2.776500701904296875e+00	2.775143146514892578e+00	2.774665832519531250e+00	2.775884151458740234e+00	2.779176712036132812e+00	2.784527540206909180e+00	2.791632413864135742e+00	2.799287796020507812e+00	2.804932832717895508e+00	2.806956529617309570e+00	2.806946277618408203e+00	2.805860519409179688e+00	2.803874731063842773e+00	2.800825119018554688e+00	2.796576738357543945e+00	2.791896581649780273e+00	2.787976264953613281e+00	2.785319566726684570e+00	2.783731698989868164e+00	2.782813787460327148e+00	2.782201766967773438e+00	2.781436920166015625e+00	2.780298709869384766e+00	2.779191493988037109e+00	2.778166294097900391e+00	2.777431249618530273e+00	2.777852058410644531e+00	2.779786825180053711e+00	2.781221389770507812e+00	2.782206058502197266e+00	2.784314632415771484e+00	2.788451671600341797e+00	2.792417049407958984e+00	2.790831565856933594e+00	2.788339138031005859e+00	2.787074089050292969e+00	2.786950111389160156e+00	2.787848949432373047e+00	2.789709091186523438e+00	2.791905403137207031e+00	2.793744564056396484e+00	2.795030832290649414e+00
2.798794031143188477e+00	2.802732944488525391e+00	2.810013055801391602e+00	2.820352315902709961e+00	2.832392930984497070e+00	2.843749761581420898e+00	2.851878166198730469e+00	2.856516838073730469e+00	2.854328632354736328e+00	2.845968484878540039e+00	2.834672927856445312e+00	2.821941137313842773e+00	2.809276580810546875e+00	2.798095941543579102e+00	2.789297819137573242e+00	2.783047199249267578e+00	2.778992891311645508e+00	2.776603937149047852e+00	2.775357007980346680e+00	2.774976015090942383e+00	2.775457382202148438e+00	2.776826858520507812e+00	2.779124975204467773e+00	2.782237768173217773e+00	2.785462617874145508e+00	2.787841320037841797e+00	2.788736820220947266e+00	2.788113832473754883e+00	2.786407709121704102e+00	2.784034252166748047e+00	2.781713247299194336e+00	2.780299663543701172e+00	2.780023336410522461e+00	2.781191349029541016e+00	2.784899950027465820e+00	2.791584968566894531e+00	2.800914525985717773e+00	2.811138629913330078e+00	2.818744421005249023e+00	2.822488307952880859e+00	2.822971343994140625e+00	2.818625450134277344e+00	2.811560869216918945e+00	2.804794311523437500e+00	2.798789024353027344e+00	2.793459892272949219e+00	2.789283990859985352e+00	2.786818742752075195e+00	2.785806417465209961e+00	2.785522937774658203e+00	2.785717010498046875e+00	2.786137104034423828e+00	2.786079883575439453e+00	2.785382270812988281e+00	2.784351110458374023e+00	2.783030986785888672e+00	2.781636953353881836e+00	2.780882358551025391e+00	2.781281471252441406e+00	2.782787322998046875e+00	2.785033941268920898e+00	2.787932634353637695e+00	2.790550470352172852e+00	2.791944026947021484e+00	2.792117595672607422e+00	2.792369604110717773e+00	2.793999910354614258e+00	2.795671701431274414e+00	2.796379566192626953e+00	2.796544075012207031e+00	2.796787738800048828e+00	2.797278404235839844e+00
2.803384780883789062e+00	2.808056354522705078e+00	2.816142320632934570e+00	2.827313899993896484e+00	2.840039253234863281e+00	2.852016925811767578e+00	2.861778974533081055e+00	2.867563486099243164e+00	2.864176273345947266e+00	2.853558301925659180e+00	2.840144395828247070e+00	2.825795173645019531e+00	2.811908245086669922e+00	2.799937248229980469e+00	2.790813684463500977e+00	2.784579753875732422e+00	2.780850410461425781e+00	2.779003381729125977e+00	2.778335332870483398e+00	2.778418302536010742e+00	2.779169797897338867e+00	2.780590295791625977e+00	2.782747507095336914e+00	2.785590410232543945e+00	2.788558006286621094e+00	2.790813207626342773e+00	2.791899204254150391e+00	2.791678428649902344e+00	2.790073633193969727e+00	2.787495136260986328e+00	2.784845352172851562e+00	2.782978296279907227e+00	2.782333612442016602e+00	2.783557653427124023e+00	2.787641525268554688e+00	2.795059919357299805e+00	2.805624485015869141e+00	2.817561149597167969e+00	2.826845407485961914e+00	2.831538438796997070e+00	2.832357168197631836e+00	2.827790737152099609e+00	2.819660186767578125e+00	2.811286211013793945e+00	2.803476095199584961e+00	2.796625852584838867e+00	2.791408538818359375e+00	2.788310766220092773e+00	2.787131786346435547e+00	2.787136316299438477e+00	2.787759065628051758e+00	2.788559675216674805e+00	2.788635969161987305e+00	2.788076400756835938e+00	2.787708044052124023e+00	2.786679267883300781e+00	2.785007238388061523e+00	2.783723354339599609e+00	2.783495903015136719e+00	2.784280776977539062e+00	2.785547971725463867e+00	2.787523746490478516e+00	2.790820360183715820e+00	2.794607877731323242e+00	2.795287370681762695e+00	2.794265270233154297e+00	2.794959545135498047e+00	2.796546220779418945e+00	2.797924518585205078e+00	2.798942565917968750e+00	2.799656152725219727e+00	2.800997257232666016e+00
2.800877094268798828e+00	2.804852724075317383e+00	2.811634302139282227e+00	2.821352243423461914e+00	2.832433938980102539e+00	2.841599702835083008e+00	2.844897747039794922e+00	2.841202497482299805e+00	2.831631660461425781e+00	2.820213079452514648e+00	2.810223340988159180e+00	2.802867650985717773e+00	2.797026634216308594e+00	2.790690183639526367e+00	2.784092187881469727e+00	2.778198003768920898e+00	2.774125814437866211e+00	2.771822452545166016e+00	2.770889759063720703e+00	2.771023750305175781e+00	2.772005081176757812e+00	2.773522853851318359e+00	2.775190830230712891e+00	2.776608467102050781e+00	2.777829647064208984e+00	2.779241085052490234e+00	2.780837774276733398e+00	2.782632112503051758e+00	2.784273386001586914e+00	2.784836769104003906e+00	2.783584117889404297e+00	2.780939817428588867e+00	2.778448104858398438e+00	2.777892589569091797e+00	2.779808521270751953e+00	2.782366752624511719e+00	2.786017179489135742e+00	2.790503740310668945e+00	2.795053958892822266e+00	2.800096035003662109e+00	2.805323839187622070e+00	2.808909177780151367e+00	2.808705329895019531e+00	2.805117368698120117e+00	2.800139665603637695e+00	2.795656442642211914e+00	2.792523622512817383e+00	2.790322780609130859e+00	2.788058042526245117e+00	2.785658359527587891e+00	2.783788442611694336e+00	2.782858133316040039e+00	2.782710552215576172e+00	2.783039331436157227e+00	2.783523082733154297e+00	2.783529758453369141e+00	2.782737255096435547e+00	2.781573534011840820e+00	2.780921459197998047e+00	2.781339883804321289e+00	2.782271623611450195e+00	2.783392906188964844e+00	2.784852981567382812e+00	2.786567926406860352e+00	2.788951158523559570e+00	2.791992425918579102e+00	2.794494390487670898e+00	2.796147584915161133e+00	2.797049283981323242e+00	2.797439098358154297e+00	2.797637939453125000e+00	2.798545122146606445e+00
2.790211677551269531e+00	2.794661045074462891e+00	2.800925493240356445e+00	2.808719396591186523e+00	2.816502571105957031e+00	2.822204828262329102e+00	2.823493957519531250e+00	2.819569110870361328e+00	2.812582015991210938e+00	2.804789304733276367e+00	2.798344612121582031e+00	2.793762207031250000e+00	2.790077447891235352e+00	2.785903930664062500e+00	2.781193971633911133e+00	2.777014493942260742e+00	2.774274587631225586e+00	2.772938489913940430e+00	2.772788286209106445e+00	2.773492336273193359e+00	2.774420738220214844e+00	2.775212526321411133e+00	2.775864362716674805e+00	2.776488780975341797e+00	2.777012348175048828e+00	2.777451515197753906e+00	2.778289794921875000e+00	2.779786586761474609e+00	2.781242609024047852e+00	2.781875133514404297e+00	2.781238079071044922e+00	2.779495954513549805e+00	2.777879238128662109e+00	2.777786731719970703e+00	2.779922246932983398e+00	2.783310174942016602e+00	2.784567832946777344e+00	2.784226417541503906e+00	2.784001588821411133e+00	2.784983873367309570e+00	2.787711143493652344e+00	2.791519165039062500e+00	2.795060873031616211e+00	2.796889543533325195e+00	2.795838117599487305e+00	2.792802095413208008e+00	2.790208101272583008e+00	2.789145946502685547e+00	2.788815021514892578e+00	2.787536859512329102e+00	2.785134077072143555e+00	2.782944917678833008e+00	2.781661510467529297e+00	2.781035184860229492e+00	2.780429363250732422e+00	2.779522657394409180e+00	2.778542757034301758e+00	2.777872562408447266e+00	2.777803421020507812e+00	2.778578042984008789e+00	2.780160427093505859e+00	2.782024860382080078e+00	2.783519744873046875e+00	2.784352779388427734e+00	2.784706115722656250e+00	2.784829854965209961e+00	2.784805297851562500e+00	2.784459829330444336e+00	2.783946037292480469e+00	2.783959150314331055e+00	2.785000562667846680e+00	2.787093162536621094e+00
2.793170928955078125e+00	2.796800136566162109e+00	2.800903797149658203e+00	2.806018829345703125e+00	2.810745477676391602e+00	2.813723325729370117e+00	2.813782215118408203e+00	2.810969591140747070e+00	2.806380033493041992e+00	2.800917387008666992e+00	2.795327186584472656e+00	2.790194272994995117e+00	2.785689353942871094e+00	2.781703948974609375e+00	2.778454542160034180e+00	2.776533603668212891e+00	2.776322364807128906e+00	2.777330875396728516e+00	2.778872013092041016e+00	2.780992269515991211e+00	2.783207654953002930e+00	2.784736871719360352e+00	2.785161495208740234e+00	2.784465789794921875e+00	2.782627820968627930e+00	2.780468702316284180e+00	2.779537916183471680e+00	2.780427217483520508e+00	2.782277584075927734e+00	2.783949375152587891e+00	2.784529209136962891e+00	2.783613920211791992e+00	2.782088279724121094e+00	2.781731128692626953e+00	2.783151149749755859e+00	2.785347223281860352e+00	2.787472963333129883e+00	2.787979602813720703e+00	2.786028861999511719e+00	2.785480976104736328e+00	2.788070678710937500e+00	2.792899847030639648e+00	2.797848224639892578e+00	2.800126791000366211e+00	2.799139499664306641e+00	2.797341346740722656e+00	2.796764135360717773e+00	2.798138141632080078e+00	2.800826072692871094e+00	2.802519083023071289e+00	2.800947189331054688e+00	2.796564340591430664e+00	2.791675090789794922e+00	2.787506818771362305e+00	2.783982515335083008e+00	2.781167507171630859e+00	2.779313564300537109e+00	2.778708934783935547e+00	2.779473781585693359e+00	2.780514717102050781e+00	2.781352519989013672e+00	2.782185077667236328e+00	2.782905101776123047e+00	2.783662796020507812e+00	2.784661531448364258e+00	2.785806179046630859e+00	2.786488533020019531e+00	2.786195516586303711e+00	2.785272121429443359e+00	2.784665584564208984e+00	2.785557508468627930e+00	2.788708686828613281e+00
2.787941217422485352e+00	2.791347265243530273e+00	2.794810771942138672e+00	2.797547817230224609e+00	2.799051761627197266e+00	2.799217939376831055e+00	2.797945737838745117e+00	2.795310020446777344e+00	2.792028665542602539e+00	2.788921833038330078e+00	2.786186695098876953e+00	2.783676624298095703e+00	2.781321525573730469e+00	2.779054641723632812e+00	2.776904344558715820e+00	2.775301456451416016e+00	2.774691104888916016e+00	2.775179386138916016e+00	2.776872158050537109e+00	2.779870748519897461e+00	2.783798694610595703e+00	2.787785291671752930e+00	2.790678977966308594e+00	2.791257381439208984e+00	2.788952589035034180e+00	2.785538196563720703e+00	2.783481121063232422e+00	2.783215045928955078e+00	2.783527374267578125e+00	2.784198045730590820e+00	2.784592866897583008e+00	2.783668041229248047e+00	2.781789779663085938e+00	2.780663251876831055e+00	2.781183958053588867e+00	2.782569169998168945e+00	2.783501148223876953e+00	2.782471656799316406e+00	2.780135393142700195e+00	2.779369115829467773e+00	2.780998706817626953e+00	2.785120964050292969e+00	2.791088581085205078e+00	2.796512365341186523e+00	2.797359943389892578e+00	2.796172142028808594e+00	2.797173500061035156e+00	2.799966335296630859e+00	2.803127288818359375e+00	2.804513454437255859e+00	2.802470684051513672e+00	2.797658681869506836e+00	2.792142152786254883e+00	2.787470817565917969e+00	2.784256935119628906e+00	2.782359123229980469e+00	2.781403779983520508e+00	2.781368017196655273e+00	2.782369613647460938e+00	2.784076452255249023e+00	2.785655975341796875e+00	2.786186456680297852e+00	2.785704135894775391e+00	2.785692930221557617e+00	2.786993026733398438e+00	2.788389205932617188e+00	2.787945985794067383e+00	2.785015583038330078e+00	2.781118154525756836e+00	2.778922319412231445e+00	2.780042886734008789e+00	2.784097194671630859e+00
2.788694381713867188e+00	2.793252468109130859e+00	2.798924446105957031e+00	2.806656360626220703e+00	2.817719936370849609e+00	2.822043895721435547e+00	2.813544273376464844e+00	2.804235696792602539e+00	2.797299146652221680e+00	2.792112112045288086e+00	2.788478612899780273e+00	2.786098718643188477e+00	2.784546852111816406e+00	2.783322095870971680e+00	2.781811475753784180e+00	2.779720544815063477e+00	2.777562856674194336e+00	2.776094675064086914e+00	2.775793790817260742e+00	2.777312040328979492e+00	2.781384229660034180e+00	2.787893772125244141e+00	2.794584989547729492e+00	2.794869899749755859e+00	2.790825128555297852e+00	2.786815881729125977e+00	2.784898281097412109e+00	2.785500288009643555e+00	2.787695407867431641e+00	2.788990020751953125e+00	2.787571907043457031e+00	2.784742593765258789e+00	2.781955003738403320e+00	2.780337810516357422e+00	2.780388116836547852e+00	2.781861305236816406e+00	2.783418655395507812e+00	2.783836364746093750e+00	2.783810615539550781e+00	2.784103631973266602e+00	2.785014390945434570e+00	2.787088871002197266e+00	2.789865016937255859e+00	2.792044878005981445e+00	2.792835950851440430e+00	2.792906761169433594e+00	2.793431997299194336e+00	2.795038700103759766e+00	2.797080755233764648e+00	2.797808647155761719e+00	2.796205997467041016e+00	2.793441772460937500e+00	2.790685892105102539e+00	2.788567543029785156e+00	2.787380456924438477e+00	2.786758661270141602e+00	2.785803318023681641e+00	2.784269094467163086e+00	2.783299922943115234e+00	2.783716440200805664e+00	2.784738779067993164e+00	2.785063505172729492e+00	2.784786701202392578e+00	2.785182476043701172e+00	2.787056207656860352e+00	2.789932966232299805e+00	2.792069196701049805e+00	2.791890859603881836e+00	2.789678573608398438e+00	2.787027597427368164e+00	2.785572290420532227e+00	2.786066055297851562e+00
2.782704114913940430e+00	2.786630868911743164e+00	2.795511960983276367e+00	2.810330390930175781e+00	2.825669288635253906e+00	2.828372478485107422e+00	2.815212249755859375e+00	2.804165840148925781e+00	2.796513795852661133e+00	2.791084051132202148e+00	2.787528038024902344e+00	2.785389661788940430e+00	2.784214973449707031e+00	2.783483266830444336e+00	2.782434940338134766e+00	2.780461788177490234e+00	2.777498960494995117e+00	2.774670839309692383e+00	2.773455858230590820e+00	2.774356842041015625e+00	2.777200222015380859e+00	2.781191349029541016e+00	2.784199714660644531e+00	2.784031391143798828e+00	2.782482624053955078e+00	2.781550168991088867e+00	2.781500816345214844e+00	2.782781362533569336e+00	2.784553289413452148e+00	2.785628557205200195e+00	2.785216093063354492e+00	2.783231496810913086e+00	2.780574321746826172e+00	2.778263092041015625e+00	2.777120828628540039e+00	2.777885437011718750e+00	2.780053615570068359e+00	2.782262802124023438e+00	2.783666133880615234e+00	2.785373687744140625e+00	2.787676095962524414e+00	2.790246963500976562e+00	2.792443990707397461e+00	2.793718338012695312e+00	2.793986320495605469e+00	2.793724536895751953e+00	2.793277740478515625e+00	2.792682409286499023e+00	2.792120218276977539e+00	2.791631937026977539e+00	2.791008234024047852e+00	2.790228366851806641e+00	2.789480924606323242e+00	2.789050102233886719e+00	2.788971185684204102e+00	2.788676261901855469e+00	2.787330150604248047e+00	2.785105466842651367e+00	2.783035278320312500e+00	2.781625032424926758e+00	2.780857563018798828e+00	2.780709266662597656e+00	2.781112909317016602e+00	2.782202005386352539e+00	2.783974885940551758e+00	2.786162853240966797e+00	2.787964105606079102e+00	2.788199663162231445e+00	2.786543607711791992e+00	2.784057855606079102e+00	2.782176971435546875e+00	2.781606197357177734e+00
2.778073549270629883e+00	2.780390739440917969e+00	2.784559011459350586e+00	2.792078018188476562e+00	2.801256418228149414e+00	2.801074028015136719e+00	2.793697834014892578e+00	2.785568952560424805e+00	2.779541492462158203e+00	2.775734186172485352e+00	2.773632526397705078e+00	2.772858858108520508e+00	2.773066997528076172e+00	2.773692846298217773e+00	2.773618936538696289e+00	2.772795200347900391e+00	2.772487163543701172e+00	2.773443222045898438e+00	2.776025295257568359e+00	2.780339717864990234e+00	2.785724639892578125e+00	2.790543794631958008e+00	2.792405605316162109e+00	2.789148569107055664e+00	2.782235860824584961e+00	2.775888919830322266e+00	2.772495746612548828e+00	2.772171974182128906e+00	2.773872613906860352e+00	2.776400804519653320e+00	2.778431177139282227e+00	2.779130697250366211e+00	2.778651714324951172e+00	2.777456760406494141e+00	2.776119709014892578e+00	2.775098323822021484e+00	2.774551630020141602e+00	2.774582862854003906e+00	2.775343179702758789e+00	2.776764631271362305e+00	2.778660774230957031e+00	2.781000137329101562e+00	2.783714771270751953e+00	2.786580801010131836e+00	2.789679050445556641e+00	2.793633222579956055e+00	2.798782825469970703e+00	2.804943799972534180e+00	2.811449050903320312e+00	2.816264867782592773e+00	2.815875053405761719e+00	2.809863328933715820e+00	2.802619695663452148e+00	2.796341657638549805e+00	2.791149854660034180e+00	2.786445140838623047e+00	2.781474351882934570e+00	2.776505470275878906e+00	2.772629499435424805e+00	2.770476818084716797e+00	2.770179271697998047e+00	2.771422386169433594e+00	2.773627758026123047e+00	2.776147842407226562e+00	2.778275012969970703e+00	2.779391765594482422e+00	2.779262781143188477e+00	2.778274536132812500e+00	2.777115345001220703e+00	2.776334762573242188e+00	2.776117563247680664e+00	2.776664733886718750e+00
2.784913301467895508e+00	2.783586025238037109e+00	2.781105041503906250e+00	2.779521465301513672e+00	2.779345512390136719e+00	2.779653072357177734e+00	2.780001163482666016e+00	2.780305624008178711e+00	2.780012130737304688e+00	2.779310464859008789e+00	2.778184413909912109e+00	2.777318239212036133e+00	2.777001380920410156e+00	2.777037382125854492e+00	2.777266263961791992e+00	2.777851581573486328e+00	2.779310464859008789e+00	2.781950235366821289e+00	2.784367084503173828e+00	2.786259889602661133e+00	2.788577079772949219e+00	2.791197299957275391e+00	2.792567491531372070e+00	2.790295600891113281e+00	2.785056829452514648e+00	2.779809951782226562e+00	2.776417255401611328e+00	2.775680065155029297e+00	2.776631593704223633e+00	2.776621341705322266e+00	2.776939630508422852e+00	2.777854204177856445e+00	2.778986215591430664e+00	2.780249595642089844e+00	2.781362056732177734e+00	2.781611204147338867e+00	2.780386686325073242e+00	2.778140544891357422e+00	2.776317358016967773e+00	2.775754928588867188e+00	2.776470661163330078e+00	2.778129339218139648e+00	2.780569314956665039e+00	2.784235000610351562e+00	2.789493560791015625e+00	2.795650005340576172e+00	2.802317857742309570e+00	2.810920715332031250e+00	2.820725917816162109e+00	2.827189683914184570e+00	2.824749231338500977e+00	2.816732645034790039e+00	2.808455467224121094e+00	2.800994873046875000e+00	2.793941020965576172e+00	2.787407636642456055e+00	2.781780719757080078e+00	2.777530431747436523e+00	2.775091171264648438e+00	2.774705886840820312e+00	2.776296854019165039e+00	2.779366254806518555e+00	2.783014059066772461e+00	2.785775423049926758e+00	2.787014007568359375e+00	2.787008285522460938e+00	2.785936355590820312e+00	2.784282445907592773e+00	2.782756567001342773e+00	2.781901836395263672e+00	2.782185554504394531e+00	2.783652305603027344e+00
2.783922195434570312e+00	2.783581733703613281e+00	2.782219409942626953e+00	2.780757188796997070e+00	2.779661893844604492e+00	2.778680562973022461e+00	2.778186559677124023e+00	2.778455257415771484e+00	2.778878688812255859e+00	2.778809547424316406e+00	2.778429269790649414e+00	2.778075456619262695e+00	2.777891397476196289e+00	2.777874946594238281e+00	2.778041601181030273e+00	2.778707742691040039e+00	2.780245065689086914e+00	2.782734155654907227e+00	2.785825490951538086e+00	2.788307666778564453e+00	2.789074897766113281e+00	2.790411233901977539e+00	2.791848897933959961e+00	2.790543317794799805e+00	2.786453008651733398e+00	2.782597064971923828e+00	2.780273914337158203e+00	2.778959512710571289e+00	2.778280258178710938e+00	2.778167486190795898e+00	2.778658628463745117e+00	2.779674053192138672e+00	2.781121969223022461e+00	2.782868385314941406e+00	2.784485816955566406e+00	2.785202741622924805e+00	2.784039020538330078e+00	2.780759811401367188e+00	2.777224063873291016e+00	2.775074720382690430e+00	2.774757862091064453e+00	2.776143789291381836e+00	2.778885126113891602e+00	2.782553911209106445e+00	2.786846160888671875e+00	2.791497707366943359e+00	2.797021865844726562e+00	2.804254293441772461e+00	2.812503099441528320e+00	2.817415952682495117e+00	2.814320325851440430e+00	2.806722164154052734e+00	2.799328327178955078e+00	2.793005704879760742e+00	2.787316560745239258e+00	2.782068014144897461e+00	2.777708292007446289e+00	2.774816513061523438e+00	2.773696422576904297e+00	2.774502754211425781e+00	2.777323007583618164e+00	2.781639337539672852e+00	2.786096811294555664e+00	2.790098190307617188e+00	2.793460369110107422e+00	2.795001506805419922e+00	2.793838024139404297e+00	2.790798664093017578e+00	2.787410974502563477e+00	2.784855604171752930e+00	2.783663272857666016e+00	2.783617734909057617e+00
2.784089803695678711e+00	2.783071041107177734e+00	2.781082868576049805e+00	2.779381275177001953e+00	2.778599262237548828e+00	2.778593778610229492e+00	2.778902530670166016e+00	2.779036045074462891e+00	2.779389619827270508e+00	2.779694080352783203e+00	2.779618740081787109e+00	2.779379606246948242e+00	2.779254913330078125e+00	2.779539346694946289e+00	2.780301809310913086e+00	2.781419992446899414e+00	2.782906770706176758e+00	2.784682035446166992e+00	2.786319971084594727e+00	2.787325620651245117e+00	2.787868738174438477e+00	2.788936614990234375e+00	2.790410280227661133e+00	2.790065288543701172e+00	2.786849021911621094e+00	2.782832384109497070e+00	2.779913425445556641e+00	2.778097629547119141e+00	2.776876926422119141e+00	2.776549577713012695e+00	2.777263164520263672e+00	2.778727769851684570e+00	2.780609846115112305e+00	2.782579660415649414e+00	2.784339189529418945e+00	2.785384654998779297e+00	2.784798145294189453e+00	2.782291650772094727e+00	2.779193878173828125e+00	2.776777744293212891e+00	2.775346755981445312e+00	2.774835586547851562e+00	2.775271654129028320e+00	2.776917934417724609e+00	2.779998064041137695e+00	2.784473657608032227e+00	2.790151357650756836e+00	2.796866893768310547e+00	2.804028987884521484e+00	2.808279037475585938e+00	2.805861711502075195e+00	2.800041437149047852e+00	2.794627904891967773e+00	2.790507793426513672e+00	2.787179231643676758e+00	2.783923864364624023e+00	2.780700922012329102e+00	2.778091192245483398e+00	2.776833534240722656e+00	2.777609348297119141e+00	2.780366897583007812e+00	2.783735990524291992e+00	2.786503076553344727e+00	2.788738250732421875e+00	2.790235757827758789e+00	2.790458679199218750e+00	2.789247989654541016e+00	2.787189245223999023e+00	2.785438060760498047e+00	2.784366369247436523e+00	2.783877134323120117e+00	2.783992290496826172e+00
2.775108575820922852e+00	2.773650884628295898e+00	2.772431612014770508e+00	2.772125959396362305e+00	2.772911310195922852e+00	2.774073123931884766e+00	2.776337385177612305e+00	2.779501199722290039e+00	2.782306671142578125e+00	2.782620668411254883e+00	2.780610322952270508e+00	2.778401851654052734e+00	2.777264833450317383e+00	2.777277469635009766e+00	2.778286457061767578e+00	2.780018329620361328e+00	2.781844854354858398e+00	2.782998561859130859e+00	2.782893896102905273e+00	2.781306505203247070e+00	2.778936862945556641e+00	2.776603460311889648e+00	2.774491310119628906e+00	2.773554801940917969e+00	2.774177312850952148e+00	2.775744438171386719e+00	2.777134180068969727e+00	2.777848482131958008e+00	2.777745485305786133e+00	2.776859998703002930e+00	2.775553703308105469e+00	2.774261474609375000e+00	2.773376941680908203e+00	2.773123025894165039e+00	2.773462295532226562e+00	2.774199724197387695e+00	2.774869441986083984e+00	2.774788379669189453e+00	2.773761510848999023e+00	2.772408008575439453e+00	2.771595716476440430e+00	2.771890163421630859e+00	2.773390531539916992e+00	2.775515794754028320e+00	2.777375698089599609e+00	2.778845071792602539e+00	2.780354499816894531e+00	2.781932115554809570e+00	2.783096790313720703e+00	2.783946514129638672e+00	2.784445047378540039e+00	2.784366607666015625e+00	2.783704519271850586e+00	2.782514333724975586e+00	2.781143188476562500e+00	2.779898405075073242e+00	2.778759241104125977e+00	2.777610063552856445e+00	2.776656627655029297e+00	2.776232242584228516e+00	2.776462316513061523e+00	2.777579069137573242e+00	2.780025005340576172e+00	2.785193920135498047e+00	2.791102647781372070e+00	2.793298006057739258e+00	2.790842056274414062e+00	2.786780595779418945e+00	2.783308029174804688e+00	2.780697822570800781e+00	2.778538465499877930e+00	2.776672840118408203e+00
2.769495725631713867e+00	2.767905712127685547e+00	2.766193866729736328e+00	2.765070915222167969e+00	2.765460252761840820e+00	2.768076658248901367e+00	2.773213386535644531e+00	2.780119895935058594e+00	2.785268068313598633e+00	2.785709381103515625e+00	2.781961441040039062e+00	2.777202129364013672e+00	2.774487495422363281e+00	2.773693084716796875e+00	2.774348020553588867e+00	2.775691509246826172e+00	2.776889562606811523e+00	2.777494668960571289e+00	2.777447462081909180e+00	2.776679754257202148e+00	2.775457620620727539e+00	2.774519443511962891e+00	2.774235248565673828e+00	2.774508237838745117e+00	2.774990320205688477e+00	2.775657892227172852e+00	2.776637077331542969e+00	2.777693510055541992e+00	2.778268098831176758e+00	2.777927398681640625e+00	2.776839017868041992e+00	2.775509834289550781e+00	2.774370670318603516e+00	2.773738861083984375e+00	2.773634433746337891e+00	2.773692369461059570e+00	2.773559570312500000e+00	2.773033142089843750e+00	2.772306442260742188e+00	2.771837711334228516e+00	2.771808624267578125e+00	2.772032737731933594e+00	2.772380113601684570e+00	2.772891998291015625e+00	2.773471832275390625e+00	2.774129867553710938e+00	2.775060892105102539e+00	2.776190519332885742e+00	2.777255535125732422e+00	2.778127431869506836e+00	2.778588533401489258e+00	2.778326272964477539e+00	2.777523756027221680e+00	2.776643753051757812e+00	2.775873184204101562e+00	2.775152206420898438e+00	2.774419069290161133e+00	2.773657560348510742e+00	2.773072242736816406e+00	2.773352384567260742e+00	2.775463104248046875e+00	2.779270172119140625e+00	2.783759593963623047e+00	2.789039373397827148e+00	2.792279481887817383e+00	2.792516469955444336e+00	2.788727283477783203e+00	2.783510208129882812e+00	2.779008865356445312e+00	2.775588274002075195e+00	2.772967100143432617e+00	2.771008253097534180e+00
2.773461103439331055e+00	2.771998882293701172e+00	2.768785953521728516e+00	2.766011714935302734e+00	2.765027999877929688e+00	2.766332626342773438e+00	2.770209789276123047e+00	2.776352882385253906e+00	2.781476497650146484e+00	2.781004667282104492e+00	2.777155876159667969e+00	2.772922754287719727e+00	2.769575119018554688e+00	2.767770528793334961e+00	2.767518997192382812e+00	2.768435001373291016e+00	2.769937753677368164e+00	2.771326065063476562e+00	2.772001504898071289e+00	2.772214651107788086e+00	2.772512197494506836e+00	2.773101806640625000e+00	2.773879289627075195e+00	2.774640321731567383e+00	2.775120258331298828e+00	2.775147914886474609e+00	2.774974822998046875e+00	2.774788379669189453e+00	2.774378538131713867e+00	2.773664951324462891e+00	2.772959470748901367e+00	2.772617578506469727e+00	2.772728919982910156e+00	2.773257732391357422e+00	2.773991346359252930e+00	2.774402618408203125e+00	2.773937702178955078e+00	2.772648811340332031e+00	2.771328926086425781e+00	2.770748615264892578e+00	2.771004676818847656e+00	2.771666049957275391e+00	2.772270679473876953e+00	2.772709369659423828e+00	2.773132801055908203e+00	2.773825168609619141e+00	2.775065898895263672e+00	2.776794195175170898e+00	2.778380393981933594e+00	2.779245853424072266e+00	2.779099941253662109e+00	2.777853965759277344e+00	2.775954723358154297e+00	2.774050235748291016e+00	2.772599697113037109e+00	2.771748781204223633e+00	2.771356821060180664e+00	2.771099567413330078e+00	2.771123647689819336e+00	2.772157669067382812e+00	2.774452447891235352e+00	2.777713775634765625e+00	2.781723022460937500e+00	2.785878419876098633e+00	2.788887500762939453e+00	2.788878202438354492e+00	2.785258054733276367e+00	2.779864311218261719e+00	2.776117324829101562e+00	2.774307727813720703e+00	2.773509979248046875e+00	2.773396492004394531e+00
2.777444601058959961e+00	2.776211500167846680e+00	2.775162458419799805e+00	2.775810241699218750e+00	2.776735782623291016e+00	2.777000665664672852e+00	2.777304887771606445e+00	2.777627706527709961e+00	2.777926445007324219e+00	2.778318405151367188e+00	2.778685331344604492e+00	2.778446912765502930e+00	2.777501106262207031e+00	2.776340246200561523e+00	2.775052547454833984e+00	2.773814439773559570e+00	2.772948741912841797e+00	2.772579193115234375e+00	2.772686958312988281e+00	2.773077011108398438e+00	2.773555517196655273e+00	2.774054527282714844e+00	2.774551153182983398e+00	2.775161981582641602e+00	2.775599956512451172e+00	2.775532484054565430e+00	2.775326967239379883e+00	2.775296688079833984e+00	2.775039434432983398e+00	2.774494886398315430e+00	2.774282693862915039e+00	2.774637937545776367e+00	2.775287628173828125e+00	2.775963783264160156e+00	2.776807069778442383e+00	2.777846097946166992e+00	2.778655767440795898e+00	2.779026508331298828e+00	2.779650449752807617e+00	2.781306266784667969e+00	2.784221649169921875e+00	2.788200855255126953e+00	2.791222095489501953e+00	2.791351556777954102e+00	2.788256645202636719e+00	2.784796237945556641e+00	2.783027172088623047e+00	2.782463312149047852e+00	2.781994819641113281e+00	2.780902624130249023e+00	2.779013395309448242e+00	2.776741027832031250e+00	2.774518489837646484e+00	2.772711753845214844e+00	2.771950721740722656e+00	2.772559404373168945e+00	2.774111032485961914e+00	2.775587081909179688e+00	2.776152849197387695e+00	2.776270866394042969e+00	2.776749372482299805e+00	2.777786970138549805e+00	2.779554843902587891e+00	2.782156944274902344e+00	2.784898281097412109e+00	2.786562919616699219e+00	2.786239385604858398e+00	2.783970355987548828e+00	2.780951023101806641e+00	2.778534889221191406e+00	2.777338743209838867e+00	2.777261257171630859e+00
2.778206586837768555e+00	2.777659654617309570e+00	2.777671575546264648e+00	2.777236700057983398e+00	2.776261329650878906e+00	2.775242805480957031e+00	2.774571180343627930e+00	2.774310827255249023e+00	2.774549245834350586e+00	2.775490045547485352e+00	2.776947975158691406e+00	2.777836561203002930e+00	2.778081417083740234e+00	2.778028011322021484e+00	2.777666807174682617e+00	2.777317762374877930e+00	2.777130603790283203e+00	2.777212619781494141e+00	2.777341365814208984e+00	2.776650428771972656e+00	2.775022506713867188e+00	2.773500919342041016e+00	2.773220777511596680e+00	2.774482250213623047e+00	2.776427745819091797e+00	2.778059244155883789e+00	2.779581069946289062e+00	2.781275749206542969e+00	2.782354354858398438e+00	2.781764030456542969e+00	2.779751539230346680e+00	2.776984691619873047e+00	2.774082899093627930e+00	2.772050142288208008e+00	2.771483659744262695e+00	2.771658897399902344e+00	2.771636724472045898e+00	2.771765947341918945e+00	2.772706270217895508e+00	2.774703741073608398e+00	2.777860403060913086e+00	2.782100200653076172e+00	2.785361289978027344e+00	2.786409854888916016e+00	2.785693407058715820e+00	2.784379243850708008e+00	2.782984256744384766e+00	2.781198740005493164e+00	2.779130220413208008e+00	2.777142763137817383e+00	2.775840282440185547e+00	2.775246143341064453e+00	2.774760484695434570e+00	2.774151086807250977e+00	2.773672103881835938e+00	2.773549318313598633e+00	2.773599147796630859e+00	2.773859024047851562e+00	2.774691581726074219e+00	2.775921344757080078e+00	2.776882171630859375e+00	2.777469873428344727e+00	2.778503417968750000e+00	2.781217336654663086e+00	2.786040544509887695e+00	2.791196107864379883e+00	2.794309377670288086e+00	2.793566465377807617e+00	2.790207147598266602e+00	2.786349058151245117e+00	2.782707452774047852e+00	2.779885053634643555e+00
2.778553962707519531e+00	2.777704954147338867e+00	2.778005838394165039e+00	2.778739929199218750e+00	2.779473781585693359e+00	2.779573440551757812e+00	2.778592824935913086e+00	2.777003288269042969e+00	2.775662899017333984e+00	2.775016546249389648e+00	2.774852752685546875e+00	2.774845123291015625e+00	2.774984836578369141e+00	2.775086164474487305e+00	2.774982690811157227e+00	2.774780988693237305e+00	2.774840116500854492e+00	2.775302648544311523e+00	2.775418996810913086e+00	2.774156332015991211e+00	2.772483825683593750e+00	2.771635532379150391e+00	2.772005319595336914e+00	2.773621559143066406e+00	2.775680065155029297e+00	2.777167320251464844e+00	2.778678655624389648e+00	2.780504941940307617e+00	2.782149314880371094e+00	2.782972812652587891e+00	2.782555341720581055e+00	2.780387878417968750e+00	2.777060031890869141e+00	2.774161815643310547e+00	2.772931575775146484e+00	2.773291587829589844e+00	2.774160861968994141e+00	2.774778842926025391e+00	2.775377035140991211e+00	2.776349306106567383e+00	2.778090000152587891e+00	2.781628847122192383e+00	2.786331415176391602e+00	2.789786100387573242e+00	2.791030168533325195e+00	2.791749000549316406e+00	2.792344093322753906e+00	2.789176464080810547e+00	2.784647226333618164e+00	2.780940532684326172e+00	2.778671741485595703e+00	2.777970075607299805e+00	2.778199434280395508e+00	2.778339147567749023e+00	2.777256965637207031e+00	2.775486946105957031e+00	2.774161100387573242e+00	2.773613691329956055e+00	2.773993492126464844e+00	2.775023937225341797e+00	2.776267766952514648e+00	2.777641057968139648e+00	2.779871225357055664e+00	2.783923625946044922e+00	2.790039777755737305e+00	2.796125173568725586e+00	2.797528743743896484e+00	2.795999050140380859e+00	2.793056488037109375e+00	2.789313316345214844e+00	2.785080909729003906e+00	2.781095504760742188e+00
2.777159214019775391e+00	2.777585983276367188e+00	2.779489517211914062e+00	2.782260656356811523e+00	2.784837007522583008e+00	2.786697626113891602e+00	2.785869121551513672e+00	2.782661676406860352e+00	2.779336929321289062e+00	2.776723384857177734e+00	2.774856328964233398e+00	2.773445606231689453e+00	2.772463083267211914e+00	2.772047758102416992e+00	2.772196769714355469e+00	2.772580146789550781e+00	2.772581577301025391e+00	2.771800518035888672e+00	2.770663022994995117e+00	2.769893407821655273e+00	2.769975423812866211e+00	2.771334409713745117e+00	2.773352861404418945e+00	2.774889469146728516e+00	2.775403022766113281e+00	2.775456905364990234e+00	2.776015281677246094e+00	2.777376413345336914e+00	2.779319763183593750e+00	2.781347274780273438e+00	2.782382488250732422e+00	2.781352996826171875e+00	2.778795957565307617e+00	2.776407957077026367e+00	2.774995088577270508e+00	2.774226427078247070e+00	2.773937702178955078e+00	2.774351835250854492e+00	2.775355577468872070e+00	2.776405334472656250e+00	2.778021097183227539e+00	2.781481027603149414e+00	2.786249399185180664e+00	2.789868593215942383e+00	2.790833711624145508e+00	2.790483951568603516e+00	2.789548873901367188e+00	2.788094282150268555e+00	2.786774158477783203e+00	2.785650968551635742e+00	2.784322500228881836e+00	2.782688140869140625e+00	2.781191587448120117e+00	2.780277729034423828e+00	2.779304742813110352e+00	2.777172327041625977e+00	2.775022983551025391e+00	2.773720502853393555e+00	2.773201704025268555e+00	2.773401260375976562e+00	2.774452209472656250e+00	2.776326656341552734e+00	2.778539657592773438e+00	2.780837535858154297e+00	2.783428192138671875e+00	2.785975456237792969e+00	2.787569284439086914e+00	2.787591695785522461e+00	2.786098241806030273e+00	2.783630609512329102e+00	2.780834913253784180e+00	2.778383016586303711e+00
2.777997016906738281e+00	2.779805183410644531e+00	2.782212734222412109e+00	2.785345554351806641e+00	2.788859844207763672e+00	2.789517641067504883e+00	2.784554004669189453e+00	2.779254436492919922e+00	2.775660753250122070e+00	2.773417949676513672e+00	2.772341489791870117e+00	2.772135019302368164e+00	2.772244691848754883e+00	2.772275209426879883e+00	2.772040605545043945e+00	2.771529674530029297e+00	2.770934104919433594e+00	2.770127773284912109e+00	2.768835544586181641e+00	2.768062353134155273e+00	2.768537759780883789e+00	2.770018339157104492e+00	2.771386384963989258e+00	2.771139621734619141e+00	2.769762516021728516e+00	2.768972635269165039e+00	2.769377946853637695e+00	2.770413637161254883e+00	2.771113634109497070e+00	2.771483898162841797e+00	2.771743535995483398e+00	2.771827936172485352e+00	2.771837711334228516e+00	2.771893739700317383e+00	2.771687507629394531e+00	2.771157264709472656e+00	2.771042108535766602e+00	2.771556377410888672e+00	2.772623777389526367e+00	2.774775981903076172e+00	2.778478860855102539e+00	2.782464981079101562e+00	2.785210847854614258e+00	2.786445617675781250e+00	2.786012172698974609e+00	2.784372568130493164e+00	2.782421112060546875e+00	2.780739307403564453e+00	2.779415845870971680e+00	2.778295278549194336e+00	2.777103185653686523e+00	2.775716543197631836e+00	2.774399757385253906e+00	2.773547649383544922e+00	2.773199796676635742e+00	2.772805452346801758e+00	2.772049665451049805e+00	2.771613359451293945e+00	2.771704912185668945e+00	2.771666049957275391e+00	2.772235870361328125e+00	2.772674560546875000e+00	2.773073434829711914e+00	2.774429559707641602e+00	2.776348829269409180e+00	2.777789354324340820e+00	2.778369903564453125e+00	2.778418779373168945e+00	2.778126716613769531e+00	2.777459859848022461e+00	2.776827096939086914e+00	2.776946067810058594e+00
2.771144390106201172e+00	2.773040294647216797e+00	2.777728796005249023e+00	2.784823656082153320e+00	2.791204929351806641e+00	2.790939331054687500e+00	2.784374713897705078e+00	2.777455568313598633e+00	2.773136615753173828e+00	2.771177530288696289e+00	2.770838737487792969e+00	2.771229982376098633e+00	2.771363496780395508e+00	2.770512104034423828e+00	2.769023180007934570e+00	2.767749547958374023e+00	2.767209053039550781e+00	2.767753124237060547e+00	2.769748926162719727e+00	2.772852420806884766e+00	2.775124073028564453e+00	2.774859666824340820e+00	2.772607326507568359e+00	2.769544363021850586e+00	2.767148733139038086e+00	2.766079902648925781e+00	2.766103982925415039e+00	2.766743659973144531e+00	2.767700195312500000e+00	2.768807649612426758e+00	2.769867658615112305e+00	2.770603656768798828e+00	2.770582199096679688e+00	2.769656181335449219e+00	2.768554687500000000e+00	2.768165588378906250e+00	2.768894195556640625e+00	2.770538568496704102e+00	2.772593259811401367e+00	2.774813175201416016e+00	2.777211427688598633e+00	2.779534816741943359e+00	2.780390501022338867e+00	2.779358148574829102e+00	2.778002977371215820e+00	2.777389049530029297e+00	2.777672767639160156e+00	2.778654336929321289e+00	2.779538154602050781e+00	2.779528379440307617e+00	2.778273344039916992e+00	2.776515483856201172e+00	2.775346517562866211e+00	2.775482892990112305e+00	2.776341676712036133e+00	2.775259971618652344e+00	2.773906707763671875e+00	2.773067712783813477e+00	2.771871566772460938e+00	2.770361185073852539e+00	2.769279956817626953e+00	2.769268274307250977e+00	2.770374774932861328e+00	2.772144556045532227e+00	2.774117231369018555e+00	2.775849103927612305e+00	2.776880741119384766e+00	2.777112722396850586e+00	2.776354312896728516e+00	2.774857044219970703e+00	2.772912979125976562e+00	2.771377325057983398e+00
2.779388666152954102e+00	2.781471252441406250e+00	2.784039497375488281e+00	2.786492824554443359e+00	2.786628723144531250e+00	2.783337593078613281e+00	2.778473138809204102e+00	2.774324417114257812e+00	2.771997213363647461e+00	2.771343469619750977e+00	2.771596431732177734e+00	2.772229671478271484e+00	2.772234916687011719e+00	2.771324157714843750e+00	2.769919157028198242e+00	2.769278049468994141e+00	2.770229578018188477e+00	2.773093700408935547e+00	2.777991771697998047e+00	2.784004688262939453e+00	2.788313150405883789e+00	2.788639307022094727e+00	2.785983085632324219e+00	2.782019853591918945e+00	2.777596473693847656e+00	2.774158239364624023e+00	2.772610187530517578e+00	2.772401332855224609e+00	2.772463798522949219e+00	2.772270679473876953e+00	2.772022962570190430e+00	2.771976470947265625e+00	2.772185087203979492e+00	2.772609949111938477e+00	2.773104429244995117e+00	2.773656368255615234e+00	2.774441242218017578e+00	2.775377035140991211e+00	2.776129007339477539e+00	2.776641607284545898e+00	2.777366399765014648e+00	2.778767108917236328e+00	2.780473232269287109e+00	2.781234979629516602e+00	2.780966043472290039e+00	2.781001806259155273e+00	2.782283782958984375e+00	2.784734249114990234e+00	2.787343740463256836e+00	2.788503170013427734e+00	2.786958932876586914e+00	2.783365249633789062e+00	2.779516220092773438e+00	2.776670932769775391e+00	2.775221586227416992e+00	2.775049686431884766e+00	2.775452613830566406e+00	2.775529146194458008e+00	2.774947166442871094e+00	2.773977041244506836e+00	2.773546457290649414e+00	2.774206399917602539e+00	2.775940656661987305e+00	2.778843879699707031e+00	2.782692909240722656e+00	2.782678842544555664e+00	2.780844211578369141e+00	2.779681682586669922e+00	2.778745174407958984e+00	2.777817964553833008e+00	2.777423381805419922e+00	2.777945756912231445e+00
2.783674955368041992e+00	2.787612915039062500e+00	2.790940523147583008e+00	2.793314695358276367e+00	2.793889284133911133e+00	2.791540384292602539e+00	2.787311553955078125e+00	2.782927036285400391e+00	2.778743267059326172e+00	2.775714635848999023e+00	2.774795770645141602e+00	2.775549888610839844e+00	2.777123451232910156e+00	2.777906417846679688e+00	2.775897026062011719e+00	2.772899866104125977e+00	2.771445751190185547e+00	2.772453784942626953e+00	2.775837421417236328e+00	2.780730009078979492e+00	2.785695314407348633e+00	2.788544178009033203e+00	2.788424015045166016e+00	2.785871505737304688e+00	2.781877756118774414e+00	2.778405189514160156e+00	2.776639461517333984e+00	2.776033401489257812e+00	2.775897264480590820e+00	2.775818586349487305e+00	2.775418996810913086e+00	2.774606704711914062e+00	2.774149894714355469e+00	2.774612665176391602e+00	2.775854825973510742e+00	2.777118921279907227e+00	2.777640104293823242e+00	2.777768135070800781e+00	2.777794837951660156e+00	2.778275728225708008e+00	2.780110597610473633e+00	2.783730745315551758e+00	2.788640737533569336e+00	2.793511867523193359e+00	2.797327518463134766e+00	2.801038742065429688e+00	2.806185483932495117e+00	2.812345981597900391e+00	2.816221714019775391e+00	2.812798023223876953e+00	2.802439689636230469e+00	2.792508840560913086e+00	2.785166025161743164e+00	2.780264377593994141e+00	2.777552127838134766e+00	2.776695728302001953e+00	2.776992559432983398e+00	2.777545928955078125e+00	2.777739763259887695e+00	2.777717590332031250e+00	2.778050422668457031e+00	2.778783559799194336e+00	2.779407501220703125e+00	2.779835700988769531e+00	2.780549287796020508e+00	2.781307935714721680e+00	2.781419992446899414e+00	2.780498743057250977e+00	2.778903007507324219e+00	2.777688264846801758e+00	2.778031826019287109e+00	2.780150651931762695e+00
2.777299165725708008e+00	2.778936386108398438e+00	2.780023336410522461e+00	2.781461954116821289e+00	2.783612489700317383e+00	2.785525560379028320e+00	2.785948514938354492e+00	2.784506082534790039e+00	2.781952381134033203e+00	2.779536724090576172e+00	2.778111219406127930e+00	2.777724504470825195e+00	2.777687549591064453e+00	2.777150869369506836e+00	2.775412321090698242e+00	2.772868394851684570e+00	2.770687818527221680e+00	2.769511461257934570e+00	2.769447803497314453e+00	2.770381450653076172e+00	2.772088766098022461e+00	2.774352312088012695e+00	2.776837825775146484e+00	2.778930902481079102e+00	2.780080795288085938e+00	2.780951499938964844e+00	2.782921075820922852e+00	2.786435127258300781e+00	2.790731668472290039e+00	2.795104742050170898e+00	2.797089338302612305e+00	2.795934677124023438e+00	2.793430805206298828e+00	2.791276454925537109e+00	2.789671182632446289e+00	2.788054704666137695e+00	2.785820722579956055e+00	2.782623052597045898e+00	2.780077219009399414e+00	2.779539823532104492e+00	2.781037807464599609e+00	2.784351110458374023e+00	2.788435220718383789e+00	2.792088508605957031e+00	2.794823884963989258e+00	2.797047376632690430e+00	2.799696683883666992e+00	2.803262472152709961e+00	2.805253505706787109e+00	2.801082134246826172e+00	2.793205022811889648e+00	2.786038637161254883e+00	2.780304670333862305e+00	2.775488376617431641e+00	2.771383047103881836e+00	2.768562316894531250e+00	2.767668962478637695e+00	2.768873691558837891e+00	2.771602392196655273e+00	2.775136232376098633e+00	2.779026985168457031e+00	2.781672000885009766e+00	2.782873630523681641e+00	2.784051179885864258e+00	2.786255836486816406e+00	2.788800477981567383e+00	2.789326906204223633e+00	2.786537170410156250e+00	2.782014131546020508e+00	2.778120994567871094e+00	2.776003122329711914e+00	2.775865554809570312e+00
2.778377056121826172e+00	2.777351856231689453e+00	2.776710987091064453e+00	2.776669979095458984e+00	2.777331113815307617e+00	2.778688430786132812e+00	2.780209302902221680e+00	2.781050920486450195e+00	2.781022310256958008e+00	2.780730724334716797e+00	2.780580997467041016e+00	2.780313968658447266e+00	2.778995513916015625e+00	2.777067422866821289e+00	2.775636196136474609e+00	2.774697780609130859e+00	2.773591041564941406e+00	2.772287130355834961e+00	2.771173238754272461e+00	2.770678281784057617e+00	2.771363735198974609e+00	2.773859024047851562e+00	2.778649330139160156e+00	2.784912824630737305e+00	2.788002014160156250e+00	2.788888931274414062e+00	2.790835380554199219e+00	2.793796539306640625e+00	2.798642635345458984e+00	2.804730415344238281e+00	2.809178590774536133e+00	2.809955835342407227e+00	2.807391166687011719e+00	2.803512096405029297e+00	2.799944162368774414e+00	2.796733379364013672e+00	2.793203592300415039e+00	2.788923025131225586e+00	2.784820795059204102e+00	2.781793117523193359e+00	2.779795408248901367e+00	2.778538227081298828e+00	2.778099536895751953e+00	2.779101848602294922e+00	2.781893253326416016e+00	2.783825635910034180e+00	2.783608436584472656e+00	2.783764362335205078e+00	2.783974885940551758e+00	2.782932758331298828e+00	2.780841350555419922e+00	2.778328180313110352e+00	2.775883674621582031e+00	2.774354457855224609e+00	2.774854183197021484e+00	2.774212121963500977e+00	2.770981073379516602e+00	2.770647287368774414e+00	2.773126602172851562e+00	2.778261899948120117e+00	2.784764528274536133e+00	2.788581848144531250e+00	2.790246009826660156e+00	2.792356014251708984e+00	2.795743227005004883e+00	2.798704862594604492e+00	2.798287153244018555e+00	2.794011831283569336e+00	2.788162946701049805e+00	2.783455371856689453e+00	2.780810594558715820e+00	2.779468774795532227e+00
2.778659820556640625e+00	2.775602817535400391e+00	2.773662328720092773e+00	2.773125886917114258e+00	2.773883581161499023e+00	2.775636434555053711e+00	2.777751922607421875e+00	2.779574155807495117e+00	2.780886888504028320e+00	2.781830787658691406e+00	2.782353401184082031e+00	2.782043457031250000e+00	2.781044483184814453e+00	2.780153036117553711e+00	2.779728174209594727e+00	2.779553890228271484e+00	2.778886318206787109e+00	2.777430772781372070e+00	2.775849103927612305e+00	2.774616956710815430e+00	2.774291753768920898e+00	2.775435686111450195e+00	2.778145313262939453e+00	2.781810760498046875e+00	2.784959077835083008e+00	2.786896228790283203e+00	2.789297580718994141e+00	2.793606519699096680e+00	2.799293756484985352e+00	2.804895639419555664e+00	2.809111356735229492e+00	2.810554504394531250e+00	2.808226823806762695e+00	2.802875757217407227e+00	2.797102689743041992e+00	2.792474746704101562e+00	2.788760423660278320e+00	2.785205125808715820e+00	2.781613588333129883e+00	2.778441905975341797e+00	2.775875329971313477e+00	2.773552894592285156e+00	2.772324323654174805e+00	2.772752523422241211e+00	2.774380922317504883e+00	2.776604652404785156e+00	2.779240846633911133e+00	2.782184839248657227e+00	2.784551620483398438e+00	2.785119056701660156e+00	2.783946037292480469e+00	2.781762123107910156e+00	2.779047012329101562e+00	2.776309013366699219e+00	2.773987054824829102e+00	2.772481203079223633e+00	2.772051334381103516e+00	2.772462844848632812e+00	2.773664712905883789e+00	2.776494503021240234e+00	2.781121969223022461e+00	2.785959243774414062e+00	2.789909362792968750e+00	2.794191598892211914e+00	2.799279451370239258e+00	2.803090095520019531e+00	2.802864551544189453e+00	2.798912286758422852e+00	2.793518304824829102e+00	2.788663625717163086e+00	2.785007953643798828e+00	2.781928777694702148e+00
2.785603284835815430e+00	2.782114744186401367e+00	2.779155492782592773e+00	2.776978015899658203e+00	2.775691509246826172e+00	2.775584220886230469e+00	2.776659250259399414e+00	2.778543710708618164e+00	2.780810356140136719e+00	2.783133506774902344e+00	2.785174608230590820e+00	2.786391496658325195e+00	2.786448240280151367e+00	2.785236358642578125e+00	2.783187627792358398e+00	2.781032562255859375e+00	2.779083967208862305e+00	2.777413129806518555e+00	2.776487350463867188e+00	2.776479482650756836e+00	2.777292966842651367e+00	2.778862237930297852e+00	2.780643701553344727e+00	2.781969547271728516e+00	2.783072471618652344e+00	2.784103631973266602e+00	2.785388946533203125e+00	2.787883520126342773e+00	2.791392326354980469e+00	2.794734239578247070e+00	2.797209978103637695e+00	2.797870635986328125e+00	2.796043872833251953e+00	2.792757749557495117e+00	2.790001869201660156e+00	2.788691282272338867e+00	2.787919759750366211e+00	2.786353349685668945e+00	2.783777236938476562e+00	2.780925273895263672e+00	2.778107404708862305e+00	2.775522708892822266e+00	2.773784637451171875e+00	2.773325443267822266e+00	2.774233579635620117e+00	2.776241064071655273e+00	2.778785943984985352e+00	2.781549215316772461e+00	2.784014701843261719e+00	2.785162448883056641e+00	2.785034179687500000e+00	2.783887624740600586e+00	2.781944990158081055e+00	2.779694080352783203e+00	2.777944564819335938e+00	2.776896476745605469e+00	2.776031970977783203e+00	2.775749206542968750e+00	2.776164531707763672e+00	2.777489185333251953e+00	2.779816865921020508e+00	2.782785415649414062e+00	2.786055803298950195e+00	2.789751529693603516e+00	2.793614625930786133e+00	2.796322584152221680e+00	2.796741008758544922e+00	2.795268058776855469e+00	2.792962312698364258e+00	2.790813446044921875e+00	2.789343357086181641e+00	2.788187265396118164e+00
2.790784120559692383e+00	2.782624244689941406e+00	2.778405189514160156e+00	2.776602745056152344e+00	2.776133775711059570e+00	2.776220321655273438e+00	2.776348829269409180e+00	2.776690483093261719e+00	2.777639389038085938e+00	2.779399156570434570e+00	2.781664133071899414e+00	2.783377408981323242e+00	2.783426523208618164e+00	2.782044172286987305e+00	2.779811143875122070e+00	2.777374029159545898e+00	2.775425910949707031e+00	2.774473190307617188e+00	2.774549007415771484e+00	2.775223970413208008e+00	2.775829792022705078e+00	2.776165008544921875e+00	2.776304721832275391e+00	2.776311874389648438e+00	2.776741266250610352e+00	2.777895689010620117e+00	2.779193878173828125e+00	2.780269861221313477e+00	2.781475305557250977e+00	2.782489538192749023e+00	2.783037424087524414e+00	2.783188581466674805e+00	2.783224821090698242e+00	2.783343553543090820e+00	2.783713102340698242e+00	2.784381389617919922e+00	2.784818887710571289e+00	2.783991575241088867e+00	2.781657695770263672e+00	2.778743267059326172e+00	2.775945901870727539e+00	2.773598670959472656e+00	2.772167205810546875e+00	2.771848201751708984e+00	2.772531509399414062e+00	2.773954391479492188e+00	2.775904178619384766e+00	2.778146505355834961e+00	2.780207633972167969e+00	2.781591415405273438e+00	2.781701326370239258e+00	2.780653238296508789e+00	2.779432535171508789e+00	2.778612375259399414e+00	2.777454853057861328e+00	2.776085376739501953e+00	2.775481462478637695e+00	2.775227785110473633e+00	2.775576829910278320e+00	2.776731729507446289e+00	2.778462886810302734e+00	2.780585527420043945e+00	2.783078193664550781e+00	2.785726547241210938e+00	2.787991046905517578e+00	2.789382219314575195e+00	2.789773464202880859e+00	2.789388895034790039e+00	2.788495302200317383e+00	2.787467002868652344e+00	2.787056684494018555e+00	2.788622379302978516e+00
2.778151988983154297e+00	2.775175571441650391e+00	2.773069620132446289e+00	2.772368669509887695e+00	2.772725582122802734e+00	2.772981405258178711e+00	2.772364377975463867e+00	2.771674156188964844e+00	2.771497249603271484e+00	2.771863698959350586e+00	2.772608041763305664e+00	2.773580789566040039e+00	2.774258852005004883e+00	2.773970127105712891e+00	2.772872924804687500e+00	2.771592140197753906e+00	2.770743608474731445e+00	2.770708084106445312e+00	2.771408796310424805e+00	2.772085666656494141e+00	2.772206068038940430e+00	2.772219181060791016e+00	2.773000717163085938e+00	2.774373292922973633e+00	2.775530576705932617e+00	2.776473522186279297e+00	2.777219295501708984e+00	2.777803182601928711e+00	2.777985811233520508e+00	2.777597427368164062e+00	2.776644468307495117e+00	2.775385379791259766e+00	2.774205684661865234e+00	2.773321390151977539e+00	2.772938966751098633e+00	2.773166894912719727e+00	2.773592233657836914e+00	2.773632049560546875e+00	2.772887229919433594e+00	2.771379947662353516e+00	2.770015239715576172e+00	2.769474744796752930e+00	2.769787311553955078e+00	2.770690679550170898e+00	2.772232532501220703e+00	2.774956941604614258e+00	2.778665304183959961e+00	2.782386064529418945e+00	2.784237623214721680e+00	2.784110069274902344e+00	2.784094572067260742e+00	2.783460378646850586e+00	2.781460046768188477e+00	2.779639720916748047e+00	2.778410434722900391e+00	2.777493476867675781e+00	2.776576042175292969e+00	2.775625944137573242e+00	2.775422573089599609e+00	2.775899648666381836e+00	2.776277780532836914e+00	2.776431560516357422e+00	2.777092933654785156e+00	2.778501272201538086e+00	2.780434608459472656e+00	2.782713651657104492e+00	2.784939765930175781e+00	2.786607503890991211e+00	2.787426471710205078e+00	2.786563873291015625e+00	2.783904075622558594e+00	2.781059741973876953e+00
2.773318290710449219e+00	2.774183988571166992e+00	2.777788162231445312e+00	2.784752368927001953e+00	2.793775796890258789e+00	2.795435428619384766e+00	2.785917282104492188e+00	2.777604103088378906e+00	2.772746801376342773e+00	2.770390987396240234e+00	2.769367218017578125e+00	2.768842697143554688e+00	2.768571615219116211e+00	2.768541574478149414e+00	2.768553733825683594e+00	2.768338203430175781e+00	2.767746686935424805e+00	2.767158269882202148e+00	2.767454147338867188e+00	2.768943071365356445e+00	2.771255254745483398e+00	2.773940563201904297e+00	2.775832414627075195e+00	2.775358915328979492e+00	2.773167848587036133e+00	2.771886110305786133e+00	2.772265434265136719e+00	2.773255348205566406e+00	2.774184703826904297e+00	2.774578094482421875e+00	2.773969173431396484e+00	2.772583007812500000e+00	2.771088838577270508e+00	2.769983530044555664e+00	2.769470930099487305e+00	2.769474267959594727e+00	2.769683122634887695e+00	2.769917964935302734e+00	2.770262718200683594e+00	2.770793914794921875e+00	2.771261930465698242e+00	2.771118402481079102e+00	2.770975589752197266e+00	2.771409511566162109e+00	2.772265434265136719e+00	2.772969722747802734e+00	2.773216247558593750e+00	2.773567914962768555e+00	2.774174451828002930e+00	2.774762392044067383e+00	2.775427341461181641e+00	2.776587486267089844e+00	2.778357982635498047e+00	2.779991865158081055e+00	2.779889583587646484e+00	2.778133869171142578e+00	2.775930643081665039e+00	2.773757696151733398e+00	2.771890878677368164e+00	2.770796537399291992e+00	2.770859956741333008e+00	2.771381616592407227e+00	2.771259069442749023e+00	2.770390748977661133e+00	2.769902706146240234e+00	2.770836114883422852e+00	2.773211240768432617e+00	2.776030063629150391e+00	2.777805328369140625e+00	2.777663469314575195e+00	2.776055574417114258e+00	2.774231433868408203e+00
2.767560005187988281e+00	2.770321369171142578e+00	2.775173902511596680e+00	2.783126354217529297e+00	2.793942928314208984e+00	2.797735452651977539e+00	2.788568496704101562e+00	2.778778314590454102e+00	2.772540569305419922e+00	2.768949747085571289e+00	2.766927480697631836e+00	2.766021013259887695e+00	2.765928030014038086e+00	2.766346454620361328e+00	2.766972064971923828e+00	2.767059803009033203e+00	2.766104936599731445e+00	2.765296220779418945e+00	2.765668630599975586e+00	2.767596960067749023e+00	2.770871400833129883e+00	2.774567127227783203e+00	2.776857137680053711e+00	2.776505231857299805e+00	2.773473024368286133e+00	2.769964933395385742e+00	2.768897056579589844e+00	2.770268917083740234e+00	2.772747039794921875e+00	2.774808168411254883e+00	2.775208711624145508e+00	2.774023771286010742e+00	2.772521495819091797e+00	2.771472454071044922e+00	2.771047830581665039e+00	2.771344900131225586e+00	2.772088289260864258e+00	2.772890567779541016e+00	2.773265600204467773e+00	2.772948026657104492e+00	2.772294044494628906e+00	2.771948099136352539e+00	2.772092819213867188e+00	2.772390127182006836e+00	2.772646665573120117e+00	2.773037433624267578e+00	2.773566961288452148e+00	2.773930549621582031e+00	2.774136304855346680e+00	2.774695873260498047e+00	2.775902986526489258e+00	2.777648448944091797e+00	2.779439926147460938e+00	2.780397415161132812e+00	2.779823780059814453e+00	2.777887582778930664e+00	2.774559974670410156e+00	2.770712852478027344e+00	2.767607688903808594e+00	2.765880584716796875e+00	2.765403747558593750e+00	2.765536785125732422e+00	2.765625715255737305e+00	2.765512704849243164e+00	2.765343427658081055e+00	2.765531539916992188e+00	2.766251802444458008e+00	2.767083168029785156e+00	2.767526149749755859e+00	2.767355918884277344e+00	2.766736507415771484e+00	2.766500473022460938e+00
2.766552925109863281e+00	2.770656347274780273e+00	2.776768684387207031e+00	2.784287929534912109e+00	2.793072938919067383e+00	2.795274019241333008e+00	2.787097930908203125e+00	2.777489900588989258e+00	2.770200729370117188e+00	2.766169309616088867e+00	2.764485597610473633e+00	2.764190673828125000e+00	2.764435291290283203e+00	2.764754772186279297e+00	2.765087366104125977e+00	2.765497922897338867e+00	2.766155958175659180e+00	2.767432451248168945e+00	2.769739627838134766e+00	2.773089647293090820e+00	2.776897668838500977e+00	2.780064105987548828e+00	2.781048297882080078e+00	2.779126167297363281e+00	2.775070667266845703e+00	2.770521640777587891e+00	2.767596006393432617e+00	2.767124652862548828e+00	2.768430471420288086e+00	2.770244359970092773e+00	2.771409749984741211e+00	2.771415233612060547e+00	2.770681858062744141e+00	2.769846916198730469e+00	2.769349336624145508e+00	2.769346475601196289e+00	2.769498109817504883e+00	2.769326448440551758e+00	2.768706321716308594e+00	2.767704486846923828e+00	2.766746044158935547e+00	2.766571521759033203e+00	2.767527103424072266e+00	2.769421577453613281e+00	2.771766662597656250e+00	2.774188995361328125e+00	2.776547908782958984e+00	2.778670787811279297e+00	2.780252456665039062e+00	2.781068325042724609e+00	2.781240224838256836e+00	2.781103134155273438e+00	2.780852794647216797e+00	2.780125379562377930e+00	2.778363227844238281e+00	2.775948047637939453e+00	2.773197889328002930e+00	2.770782709121704102e+00	2.769161224365234375e+00	2.768392086029052734e+00	2.768502473831176758e+00	2.769109249114990234e+00	2.769511461257934570e+00	2.769514083862304688e+00	2.769502639770507812e+00	2.769977092742919922e+00	2.770604372024536133e+00	2.769952774047851562e+00	2.768358945846557617e+00	2.766633510589599609e+00	2.765119075775146484e+00	2.764794588088989258e+00
2.772768259048461914e+00	2.774847269058227539e+00	2.776863098144531250e+00	2.778688430786132812e+00	2.781014204025268555e+00	2.782473564147949219e+00	2.779599189758300781e+00	2.773247241973876953e+00	2.768554210662841797e+00	2.766336917877197266e+00	2.765822410583496094e+00	2.766412496566772461e+00	2.767380714416503906e+00	2.767971992492675781e+00	2.768278121948242188e+00	2.769037008285522461e+00	2.770555973052978516e+00	2.772985219955444336e+00	2.776492595672607422e+00	2.780689954757690430e+00	2.784653425216674805e+00	2.787853479385375977e+00	2.789518117904663086e+00	2.787684917449951172e+00	2.782356977462768555e+00	2.775812625885009766e+00	2.770689964294433594e+00	2.768383264541625977e+00	2.768325090408325195e+00	2.769839048385620117e+00	2.772263765335083008e+00	2.774640083312988281e+00	2.775739192962646484e+00	2.776259660720825195e+00	2.777095317840576172e+00	2.777522325515747070e+00	2.776814699172973633e+00	2.774981260299682617e+00	2.772518157958984375e+00	2.770031452178955078e+00	2.768117904663085938e+00	2.767270088195800781e+00	2.767887592315673828e+00	2.770040750503540039e+00	2.772517204284667969e+00	2.775579452514648438e+00	2.780365943908691406e+00	2.786226511001586914e+00	2.791337490081787109e+00	2.793233394622802734e+00	2.790951251983642578e+00	2.786324262619018555e+00	2.781163215637207031e+00	2.776407480239868164e+00	2.772396802902221680e+00	2.769234180450439453e+00	2.767277479171752930e+00	2.767004251480102539e+00	2.768463850021362305e+00	2.770604610443115234e+00	2.772514343261718750e+00	2.773693799972534180e+00	2.773618459701538086e+00	2.773004055023193359e+00	2.772710084915161133e+00	2.773082733154296875e+00	2.774768352508544922e+00	2.777247428894042969e+00	2.773191690444946289e+00	2.770650386810302734e+00	2.770099639892578125e+00	2.770953655242919922e+00
2.776296615600585938e+00	2.776070594787597656e+00	2.774485588073730469e+00	2.772446632385253906e+00	2.770421504974365234e+00	2.768548488616943359e+00	2.766937017440795898e+00	2.765761137008666992e+00	2.765215873718261719e+00	2.765333652496337891e+00	2.766036510467529297e+00	2.767140388488769531e+00	2.768370151519775391e+00	2.769429445266723633e+00	2.770295143127441406e+00	2.771255970001220703e+00	2.772469997406005859e+00	2.774271249771118164e+00	2.776696681976318359e+00	2.779215574264526367e+00	2.781319856643676758e+00	2.782716751098632812e+00	2.783195257186889648e+00	2.782447099685668945e+00	2.780249595642089844e+00	2.777362346649169922e+00	2.774715900421142578e+00	2.772694110870361328e+00	2.771688461303710938e+00	2.771770238876342773e+00	2.772158622741699219e+00	2.773408651351928711e+00	2.775504350662231445e+00	2.777898311614990234e+00	2.780206918716430664e+00	2.781547546386718750e+00	2.780423164367675781e+00	2.776494264602661133e+00	2.772009611129760742e+00	2.769136667251586914e+00	2.768631696701049805e+00	2.770001649856567383e+00	2.771984338760375977e+00	2.774281740188598633e+00	2.776782751083374023e+00	2.779545783996582031e+00	2.783294200897216797e+00	2.787768363952636719e+00	2.791341066360473633e+00	2.792120218276977539e+00	2.789536714553833008e+00	2.784813880920410156e+00	2.779307126998901367e+00	2.774112224578857422e+00	2.769812345504760742e+00	2.766670942306518555e+00	2.764953613281250000e+00	2.764921903610229492e+00	2.766578912734985352e+00	2.769012928009033203e+00	2.771541833877563477e+00	2.773748397827148438e+00	2.774714946746826172e+00	2.774317026138305664e+00	2.773380279541015625e+00	2.772551059722900391e+00	2.771897077560424805e+00	2.771394014358520508e+00	2.771286010742187500e+00	2.771901845932006836e+00	2.773299217224121094e+00	2.775058746337890625e+00
2.778613090515136719e+00	2.775902032852172852e+00	2.772704839706420898e+00	2.770096063613891602e+00	2.768482446670532227e+00	2.767446756362915039e+00	2.766420125961303711e+00	2.765655755996704102e+00	2.765409469604492188e+00	2.765850543975830078e+00	2.767110109329223633e+00	2.768956422805786133e+00	2.770568132400512695e+00	2.771444797515869141e+00	2.772320032119750977e+00	2.773126363754272461e+00	2.773191452026367188e+00	2.773284912109375000e+00	2.774172067642211914e+00	2.775460004806518555e+00	2.776472091674804688e+00	2.777319669723510742e+00	2.778397321701049805e+00	2.778967618942260742e+00	2.777714014053344727e+00	2.774785757064819336e+00	2.771963596343994141e+00	2.770475864410400391e+00	2.769998311996459961e+00	2.770458698272705078e+00	2.772025585174560547e+00	2.774209022521972656e+00	2.775999546051025391e+00	2.777538061141967773e+00	2.779072761535644531e+00	2.779977321624755859e+00	2.779056310653686523e+00	2.775362253189086914e+00	2.770619869232177734e+00	2.767157316207885742e+00	2.766035795211791992e+00	2.767117023468017578e+00	2.769455432891845703e+00	2.770957946777343750e+00	2.771631240844726562e+00	2.772700071334838867e+00	2.774947166442871094e+00	2.778267860412597656e+00	2.781548738479614258e+00	2.783542394638061523e+00	2.783487558364868164e+00	2.781528711318969727e+00	2.778726577758789062e+00	2.775877237319946289e+00	2.773492574691772461e+00	2.771801710128784180e+00	2.770878791809082031e+00	2.770964145660400391e+00	2.772456884384155273e+00	2.775130510330200195e+00	2.777863740921020508e+00	2.779624700546264648e+00	2.780418634414672852e+00	2.780929565429687500e+00	2.781551122665405273e+00	2.781728744506835938e+00	2.780478000640869141e+00	2.778272390365600586e+00	2.776594877243041992e+00	2.776386737823486328e+00	2.777704000473022461e+00	2.779191017150878906e+00
2.771929264068603516e+00	2.770308732986450195e+00	2.768935203552246094e+00	2.768169879913330078e+00	2.768146991729736328e+00	2.768594980239868164e+00	2.769096612930297852e+00	2.769481182098388672e+00	2.769700050354003906e+00	2.769747972488403320e+00	2.769710302352905273e+00	2.769807338714599609e+00	2.770143747329711914e+00	2.770571231842041016e+00	2.770978927612304688e+00	2.771321535110473633e+00	2.771665096282958984e+00	2.772209405899047852e+00	2.772611141204833984e+00	2.772195339202880859e+00	2.771104812622070312e+00	2.770025491714477539e+00	2.769334316253662109e+00	2.768901348114013672e+00	2.768802881240844727e+00	2.769187688827514648e+00	2.769899368286132812e+00	2.770535469055175781e+00	2.769940614700317383e+00	2.769671678543090820e+00	2.769991874694824219e+00	2.769186019897460938e+00	2.768520116806030273e+00	2.769131898880004883e+00	2.770648479461669922e+00	2.771401882171630859e+00	2.770880460739135742e+00	2.769936084747314453e+00	2.768841028213500977e+00	2.767724275588989258e+00	2.767068386077880859e+00	2.767420530319213867e+00	2.768645286560058594e+00	2.770214557647705078e+00	2.771849632263183594e+00	2.773749113082885742e+00	2.775825977325439453e+00	2.777701616287231445e+00	2.778770446777343750e+00	2.778634548187255859e+00	2.777874946594238281e+00	2.776622295379638672e+00	2.775034427642822266e+00	2.773711919784545898e+00	2.772953033447265625e+00	2.772855758666992188e+00	2.773486614227294922e+00	2.774519205093383789e+00	2.775548934936523438e+00	2.776840686798095703e+00	2.778110504150390625e+00	2.778957843780517578e+00	2.779485702514648438e+00	2.780143737792968750e+00	2.780900001525878906e+00	2.781050920486450195e+00	2.780195951461791992e+00	2.778739213943481445e+00	2.777262687683105469e+00	2.775891780853271484e+00	2.774580478668212891e+00	2.773346424102783203e+00
2.771726608276367188e+00	2.770616292953491211e+00	2.769059658050537109e+00	2.767939567565917969e+00	2.768259286880493164e+00	2.769535541534423828e+00	2.770682334899902344e+00	2.771415472030639648e+00	2.771825551986694336e+00	2.771761178970336914e+00	2.771626710891723633e+00	2.771724939346313477e+00	2.771868228912353516e+00	2.771786689758300781e+00	2.771718263626098633e+00	2.772029876708984375e+00	2.772325754165649414e+00	2.772206783294677734e+00	2.771729707717895508e+00	2.770901918411254883e+00	2.770099639892578125e+00	2.770008087158203125e+00	2.770374536514282227e+00	2.770278930664062500e+00	2.770665884017944336e+00	2.771916151046752930e+00	2.772164583206176758e+00	2.770681858062744141e+00	2.769625902175903320e+00	2.769380569458007812e+00	2.769544363021850586e+00	2.769089460372924805e+00	2.767946720123291016e+00	2.767313718795776367e+00	2.767564773559570312e+00	2.768450498580932617e+00	2.769377470016479492e+00	2.769649744033813477e+00	2.768890857696533203e+00	2.767612457275390625e+00	2.766672372817993164e+00	2.766358852386474609e+00	2.766859054565429688e+00	2.768357515335083008e+00	2.770875930786132812e+00	2.774230957031250000e+00	2.778007745742797852e+00	2.781210660934448242e+00	2.781840801239013672e+00	2.780688524246215820e+00	2.779067039489746094e+00	2.777627944946289062e+00	2.776573896408081055e+00	2.775998592376708984e+00	2.775855064392089844e+00	2.775856971740722656e+00	2.775825262069702148e+00	2.775778293609619141e+00	2.775835275650024414e+00	2.776123523712158203e+00	2.776690721511840820e+00	2.777302980422973633e+00	2.777683258056640625e+00	2.777802705764770508e+00	2.777481794357299805e+00	2.776715993881225586e+00	2.775558710098266602e+00	2.774478435516357422e+00	2.773907423019409180e+00	2.773656845092773438e+00	2.773267745971679688e+00	2.772584438323974609e+00
2.769889831542968750e+00	2.768912315368652344e+00	2.768223285675048828e+00	2.766815662384033203e+00	2.766715288162231445e+00	2.768048763275146484e+00	2.769476652145385742e+00	2.770050525665283203e+00	2.769655704498291016e+00	2.768823623657226562e+00	2.768090724945068359e+00	2.767827987670898438e+00	2.768147230148315430e+00	2.768868446350097656e+00	2.769888639450073242e+00	2.771384000778198242e+00	2.773393869400024414e+00	2.774890899658203125e+00	2.774278163909912109e+00	2.773315906524658203e+00	2.772641658782958984e+00	2.772173643112182617e+00	2.771165609359741211e+00	2.769776105880737305e+00	2.769449234008789062e+00	2.770120143890380859e+00	2.771096706390380859e+00	2.771821022033691406e+00	2.772192955017089844e+00	2.772250413894653320e+00	2.772433996200561523e+00	2.773195266723632812e+00	2.773149728775024414e+00	2.771855115890502930e+00	2.770835399627685547e+00	2.770332098007202148e+00	2.769930362701416016e+00	2.769485950469970703e+00	2.768918991088867188e+00	2.768399238586425781e+00	2.767935752868652344e+00	2.767535924911499023e+00	2.767449855804443359e+00	2.767727613449096680e+00	2.768495798110961914e+00	2.770069599151611328e+00	2.772551774978637695e+00	2.775516033172607422e+00	2.777951240539550781e+00	2.778587102890014648e+00	2.777302742004394531e+00	2.775531530380249023e+00	2.773656368255615234e+00	2.772004127502441406e+00	2.770949602127075195e+00	2.770766973495483398e+00	2.771494626998901367e+00	2.772773265838623047e+00	2.774003028869628906e+00	2.774707078933715820e+00	2.774565219879150391e+00	2.773910284042358398e+00	2.773596525192260742e+00	2.774172782897949219e+00	2.775494813919067383e+00	2.777043819427490234e+00	2.778315305709838867e+00	2.778760910034179688e+00	2.778062343597412109e+00	2.776472330093383789e+00	2.774351835250854492e+00	2.771972656250000000e+00
2.782689332962036133e+00	2.785635232925415039e+00	2.790944099426269531e+00	2.797811031341552734e+00	2.805804729461669922e+00	2.814055204391479492e+00	2.819440603256225586e+00	2.818657398223876953e+00	2.812800168991088867e+00	2.805453538894653320e+00	2.798807621002197266e+00	2.793636798858642578e+00	2.789749860763549805e+00	2.786538124084472656e+00	2.783972501754760742e+00	2.782355546951293945e+00	2.781591892242431641e+00	2.781106472015380859e+00	2.779780864715576172e+00	2.777917861938476562e+00	2.776915311813354492e+00	2.775921583175659180e+00	2.775067329406738281e+00	2.775298357009887695e+00	2.776039123535156250e+00	2.777197360992431641e+00	2.778832435607910156e+00	2.780510902404785156e+00	2.781829357147216797e+00	2.782340288162231445e+00	2.782141447067260742e+00	2.781896114349365234e+00	2.781933307647705078e+00	2.782229661941528320e+00	2.782904386520385742e+00	2.784331560134887695e+00	2.786233901977539062e+00	2.788308858871459961e+00	2.791826009750366211e+00	2.797651290893554688e+00	2.805178165435791016e+00	2.812227487564086914e+00	2.815191268920898438e+00	2.811753273010253906e+00	2.804366111755371094e+00	2.796837329864501953e+00	2.790837049484252930e+00	2.786678552627563477e+00	2.784171581268310547e+00	2.782803773880004883e+00	2.782151460647583008e+00	2.782043933868408203e+00	2.781882524490356445e+00	2.780873298645019531e+00	2.779406785964965820e+00	2.778246164321899414e+00	2.777692794799804688e+00	2.777418613433837891e+00	2.777453899383544922e+00	2.778052091598510742e+00	2.778551340103149414e+00	2.778503417968750000e+00	2.778591394424438477e+00	2.779229640960693359e+00	2.780484199523925781e+00	2.782178401947021484e+00	2.783881902694702148e+00	2.784824371337890625e+00	2.784563541412353516e+00	2.783638477325439453e+00	2.782604217529296875e+00	2.781984567642211914e+00
2.804649114608764648e+00	2.812206506729125977e+00	2.822798252105712891e+00	2.835602045059204102e+00	2.849384069442749023e+00	2.861795902252197266e+00	2.867966890335083008e+00	2.864335536956787109e+00	2.853267669677734375e+00	2.839759111404418945e+00	2.826922416687011719e+00	2.815714836120605469e+00	2.806236982345581055e+00	2.798787593841552734e+00	2.793560743331909180e+00	2.790258884429931641e+00	2.788274765014648438e+00	2.787162542343139648e+00	2.786661386489868164e+00	2.786411046981811523e+00	2.786503076553344727e+00	2.787108898162841797e+00	2.787634611129760742e+00	2.788171768188476562e+00	2.789424419403076172e+00	2.791428327560424805e+00	2.793895483016967773e+00	2.796184062957763672e+00	2.797425270080566406e+00	2.796946048736572266e+00	2.794989347457885742e+00	2.792506456375122070e+00	2.790160179138183594e+00	2.788410186767578125e+00	2.788019657135009766e+00	2.789711713790893555e+00	2.793773412704467773e+00	2.800593852996826172e+00	2.811344146728515625e+00	2.827797174453735352e+00	2.851625442504882812e+00	2.883125782012939453e+00	2.911526203155517578e+00	2.905575037002563477e+00	2.870518207550048828e+00	2.839426994323730469e+00	2.818484306335449219e+00	2.805510520935058594e+00	2.797851800918579102e+00	2.793516635894775391e+00	2.791086196899414062e+00	2.789519071578979492e+00	2.788499116897583008e+00	2.787934780120849609e+00	2.787829399108886719e+00	2.788018941879272461e+00	2.788169860839843750e+00	2.788154363632202148e+00	2.788286447525024414e+00	2.788777828216552734e+00	2.789397716522216797e+00	2.789768218994140625e+00	2.789991617202758789e+00	2.790495634078979492e+00	2.791456222534179688e+00	2.792707920074462891e+00	2.793868303298950195e+00	2.794782161712646484e+00	2.795460700988769531e+00	2.796278715133666992e+00	2.797717571258544922e+00	2.800161600112915039e+00
2.814010381698608398e+00	2.822950363159179688e+00	2.836053133010864258e+00	2.852959156036376953e+00	2.871157169342041016e+00	2.885931253433227539e+00	2.891726970672607422e+00	2.885994672775268555e+00	2.871931552886962891e+00	2.855193614959716797e+00	2.839469909667968750e+00	2.826283693313598633e+00	2.816440582275390625e+00	2.809644222259521484e+00	2.804725408554077148e+00	2.800716638565063477e+00	2.797544479370117188e+00	2.795541524887084961e+00	2.794717073440551758e+00	2.794530391693115234e+00	2.794335603713989258e+00	2.794156312942504883e+00	2.794543743133544922e+00	2.796025514602661133e+00	2.798811674118041992e+00	2.802758455276489258e+00	2.806678295135498047e+00	2.808924198150634766e+00	2.809154033660888672e+00	2.807677984237670898e+00	2.805083274841308594e+00	2.801871299743652344e+00	2.798794031143188477e+00	2.796902656555175781e+00	2.797023534774780273e+00	2.799561023712158203e+00	2.804521083831787109e+00	2.812250852584838867e+00	2.823483467102050781e+00	2.839435815811157227e+00	2.861870050430297852e+00	2.891331911087036133e+00	2.917999744415283203e+00	2.911771774291992188e+00	2.878508090972900391e+00	2.849355697631835938e+00	2.829209566116333008e+00	2.815869331359863281e+00	2.807157278060913086e+00	2.801671266555786133e+00	2.798522710800170898e+00	2.797088384628295898e+00	2.796995878219604492e+00	2.798202514648437500e+00	2.800453901290893555e+00	2.803247213363647461e+00	2.805763483047485352e+00	2.806443691253662109e+00	2.804262638092041016e+00	2.800608158111572266e+00	2.797752141952514648e+00	2.796733140945434570e+00	2.797313690185546875e+00	2.799033403396606445e+00	2.801333189010620117e+00	2.802450656890869141e+00	2.801527500152587891e+00	2.800534725189208984e+00	2.800535678863525391e+00	2.801997423171997070e+00	2.804733753204345703e+00	2.808375120162963867e+00
2.819168090820312500e+00	2.828906536102294922e+00	2.843343019485473633e+00	2.861946344375610352e+00	2.881959676742553711e+00	2.898308515548706055e+00	2.904962062835693359e+00	2.898882865905761719e+00	2.883296966552734375e+00	2.864482641220092773e+00	2.846964120864868164e+00	2.832927227020263672e+00	2.822951078414916992e+00	2.816462993621826172e+00	2.812211751937866211e+00	2.809247732162475586e+00	2.807215690612792969e+00	2.805729389190673828e+00	2.804754734039306641e+00	2.803775787353515625e+00	2.803035259246826172e+00	2.802649259567260742e+00	2.802858352661132812e+00	2.804290294647216797e+00	2.807198762893676758e+00	2.810998439788818359e+00	2.814568996429443359e+00	2.816566228866577148e+00	2.816596508026123047e+00	2.814959287643432617e+00	2.812297344207763672e+00	2.809312105178833008e+00	2.806848764419555664e+00	2.805402517318725586e+00	2.805587530136108398e+00	2.808330535888671875e+00	2.813787460327148438e+00	2.822005033493041992e+00	2.833988189697265625e+00	2.851120471954345703e+00	2.875246286392211914e+00	2.906090736389160156e+00	2.931116580963134766e+00	2.921990394592285156e+00	2.888140916824340820e+00	2.858570575714111328e+00	2.838041782379150391e+00	2.824546813964843750e+00	2.815736293792724609e+00	2.809720993041992188e+00	2.806079864501953125e+00	2.804814338684082031e+00	2.805584192276000977e+00	2.807938337326049805e+00	2.811182022094726562e+00	2.814506053924560547e+00	2.817185640335083008e+00	2.817802667617797852e+00	2.815364837646484375e+00	2.811185359954833984e+00	2.807525157928466797e+00	2.805577754974365234e+00	2.805388689041137695e+00	2.806329727172851562e+00	2.807423830032348633e+00	2.807842969894409180e+00	2.807434320449829102e+00	2.806826829910278320e+00	2.806788444519042969e+00	2.807729959487915039e+00	2.809854269027709961e+00	2.813353776931762695e+00
2.825603008270263672e+00	2.835175275802612305e+00	2.849896669387817383e+00	2.869223117828369141e+00	2.890538930892944336e+00	2.908958911895751953e+00	2.917531251907348633e+00	2.911438941955566406e+00	2.894128084182739258e+00	2.873124599456787109e+00	2.853739261627197266e+00	2.838651895523071289e+00	2.828653097152709961e+00	2.822909832000732422e+00	2.819512844085693359e+00	2.816066026687622070e+00	2.812591314315795898e+00	2.810030698776245117e+00	2.808692455291748047e+00	2.808279991149902344e+00	2.808112621307373047e+00	2.807913064956665039e+00	2.808153390884399414e+00	2.809486150741577148e+00	2.812097549438476562e+00	2.815764904022216797e+00	2.819655895233154297e+00	2.822310209274291992e+00	2.822941780090332031e+00	2.821798563003540039e+00	2.819489479064941406e+00	2.816715955734252930e+00	2.814477443695068359e+00	2.813794136047363281e+00	2.815211534500122070e+00	2.817477703094482422e+00	2.821727275848388672e+00	2.829622745513916016e+00	2.841576337814331055e+00	2.858514070510864258e+00	2.881764650344848633e+00	2.910395622253417969e+00	2.932337760925292969e+00	2.922985792160034180e+00	2.891097545623779297e+00	2.862752676010131836e+00	2.842537164688110352e+00	2.828512668609619141e+00	2.818911314010620117e+00	2.812793731689453125e+00	2.809642791748046875e+00	2.808964729309082031e+00	2.810252666473388672e+00	2.813063621520996094e+00	2.816799402236938477e+00	2.820137977600097656e+00	2.822428226470947266e+00	2.822909116744995117e+00	2.820579290390014648e+00	2.816730976104736328e+00	2.813547849655151367e+00	2.811537027359008789e+00	2.811095714569091797e+00	2.812090396881103516e+00	2.813446998596191406e+00	2.814134597778320312e+00	2.814013957977294922e+00	2.813751697540283203e+00	2.813972473144531250e+00	2.814963340759277344e+00	2.816892862319946289e+00	2.820090055465698242e+00
2.829836130142211914e+00	2.839179277420043945e+00	2.853830337524414062e+00	2.872791767120361328e+00	2.893549919128417969e+00	2.911684989929199219e+00	2.920200347900390625e+00	2.913932085037231445e+00	2.896222829818725586e+00	2.874671220779418945e+00	2.854825973510742188e+00	2.839561462402343750e+00	2.829605102539062500e+00	2.823503971099853516e+00	2.819084644317626953e+00	2.815086841583251953e+00	2.811530351638793945e+00	2.809142351150512695e+00	2.808240413665771484e+00	2.808373928070068359e+00	2.808653831481933594e+00	2.808659791946411133e+00	2.808845758438110352e+00	2.810051441192626953e+00	2.812719106674194336e+00	2.816427230834960938e+00	2.820222854614257812e+00	2.822824001312255859e+00	2.823401689529418945e+00	2.822072029113769531e+00	2.819547176361083984e+00	2.816774606704711914e+00	2.814580440521240234e+00	2.813255548477172852e+00	2.813318490982055664e+00	2.815645694732666016e+00	2.820837736129760742e+00	2.829295396804809570e+00	2.841506481170654297e+00	2.858571529388427734e+00	2.881903171539306641e+00	2.910778999328613281e+00	2.933065891265869141e+00	2.923671483993530273e+00	2.891500473022460938e+00	2.863099098205566406e+00	2.843064546585083008e+00	2.829286336898803711e+00	2.819756507873535156e+00	2.813384294509887695e+00	2.809922456741333008e+00	2.809100151062011719e+00	2.810321569442749023e+00	2.813022613525390625e+00	2.816322565078735352e+00	2.819367408752441406e+00	2.821949720382690430e+00	2.822783946990966797e+00	2.820605516433715820e+00	2.816578149795532227e+00	2.813286066055297852e+00	2.811833381652832031e+00	2.811676979064941406e+00	2.812473297119140625e+00	2.813507318496704102e+00	2.814026355743408203e+00	2.814017057418823242e+00	2.814149379730224609e+00	2.815033912658691406e+00	2.817070722579956055e+00	2.820567369461059570e+00	2.824776411056518555e+00
2.823494195938110352e+00	2.831484079360961914e+00	2.844252347946166992e+00	2.861549854278564453e+00	2.881320953369140625e+00	2.899087429046630859e+00	2.907690286636352539e+00	2.902051687240600586e+00	2.885559797286987305e+00	2.865603208541870117e+00	2.847316980361938477e+00	2.833216428756713867e+00	2.823880434036254883e+00	2.817909240722656250e+00	2.813490867614746094e+00	2.809669017791748047e+00	2.806434631347656250e+00	2.804294586181640625e+00	2.803416967391967773e+00	2.803320169448852539e+00	2.803202629089355469e+00	2.802821874618530273e+00	2.802778959274291992e+00	2.803932428359985352e+00	2.806812286376953125e+00	2.811159610748291016e+00	2.815640926361083984e+00	2.818447828292846680e+00	2.818867444992065430e+00	2.817318439483642578e+00	2.814480543136596680e+00	2.811168193817138672e+00	2.808313846588134766e+00	2.806704282760620117e+00	2.807007551193237305e+00	2.809890270233154297e+00	2.815639495849609375e+00	2.824276685714721680e+00	2.836236238479614258e+00	2.852833032608032227e+00	2.875699758529663086e+00	2.904423475265502930e+00	2.926875114440917969e+00	2.918466567993164062e+00	2.888321638107299805e+00	2.860717535018920898e+00	2.841011524200439453e+00	2.827401876449584961e+00	2.817325830459594727e+00	2.810453414916992188e+00	2.806845903396606445e+00	2.805877447128295898e+00	2.806791067123413086e+00	2.809017419815063477e+00	2.812093973159790039e+00	2.815423965454101562e+00	2.818091154098510742e+00	2.818663120269775391e+00	2.816083431243896484e+00	2.811549901962280273e+00	2.807590484619140625e+00	2.805762529373168945e+00	2.806197404861450195e+00	2.808033704757690430e+00	2.809934139251708984e+00	2.810945034027099609e+00	2.811125278472900391e+00	2.811215639114379883e+00	2.811845302581787109e+00	2.813315629959106445e+00	2.815730810165405273e+00	2.818936586380004883e+00
2.822142601013183594e+00	2.830790281295776367e+00	2.844567537307739258e+00	2.863155841827392578e+00	2.884262084960937500e+00	2.903088092803955078e+00	2.912407636642456055e+00	2.907101392745971680e+00	2.890316247940063477e+00	2.869649410247802734e+00	2.850578784942626953e+00	2.835720300674438477e+00	2.825668573379516602e+00	2.819484472274780273e+00	2.815379619598388672e+00	2.811964750289916992e+00	2.809122800827026367e+00	2.807321786880493164e+00	2.806724548339843750e+00	2.806906223297119141e+00	2.807066679000854492e+00	2.806822538375854492e+00	2.806678056716918945e+00	2.807576179504394531e+00	2.810147285461425781e+00	2.814180612564086914e+00	2.818641185760498047e+00	2.821914196014404297e+00	2.822854042053222656e+00	2.821460723876953125e+00	2.818378686904907227e+00	2.814677476882934570e+00	2.811513423919677734e+00	2.809772014617919922e+00	2.810169219970703125e+00	2.813211679458618164e+00	2.819087028503417969e+00	2.827847242355346680e+00	2.839828252792358398e+00	2.856329679489135742e+00	2.879152297973632812e+00	2.907932043075561523e+00	2.930439949035644531e+00	2.921483516693115234e+00	2.890808105468750000e+00	2.862657070159912109e+00	2.842020034790039062e+00	2.827682495117187500e+00	2.817905902862548828e+00	2.811515092849731445e+00	2.808417797088623047e+00	2.808259248733520508e+00	2.810276985168457031e+00	2.813669681549072266e+00	2.817704916000366211e+00	2.821410417556762695e+00	2.823993444442749023e+00	2.824201822280883789e+00	2.821095943450927734e+00	2.816124677658081055e+00	2.811894178390502930e+00	2.809900283813476562e+00	2.810222625732421875e+00	2.811866283416748047e+00	2.813213109970092773e+00	2.813462018966674805e+00	2.812870025634765625e+00	2.812223434448242188e+00	2.812167644500732422e+00	2.812959671020507812e+00	2.814694404602050781e+00	2.817449569702148438e+00
2.820228815078735352e+00	2.829431056976318359e+00	2.843427658081054688e+00	2.862189769744873047e+00	2.883710384368896484e+00	2.903365373611450195e+00	2.913813591003417969e+00	2.909317493438720703e+00	2.892567157745361328e+00	2.871380805969238281e+00	2.851422786712646484e+00	2.835351228713989258e+00	2.823921203613281250e+00	2.816448450088500977e+00	2.811619520187377930e+00	2.808191061019897461e+00	2.805710792541503906e+00	2.804251432418823242e+00	2.803785085678100586e+00	2.803891897201538086e+00	2.803970098495483398e+00	2.803926467895507812e+00	2.804232597351074219e+00	2.805423021316528320e+00	2.807842493057250977e+00	2.811356782913208008e+00	2.814987182617187500e+00	2.817515373229980469e+00	2.818336009979248047e+00	2.816927194595336914e+00	2.813792467117309570e+00	2.810389757156372070e+00	2.807421922683715820e+00	2.805516242980957031e+00	2.805611848831176758e+00	2.808377981185913086e+00	2.814080953598022461e+00	2.822869777679443359e+00	2.835229873657226562e+00	2.852235317230224609e+00	2.874829292297363281e+00	2.900936126708984375e+00	2.917651891708374023e+00	2.907884120941162109e+00	2.881355047225952148e+00	2.856017351150512695e+00	2.836870431900024414e+00	2.823683261871337891e+00	2.815252304077148438e+00	2.809460639953613281e+00	2.806166648864746094e+00	2.805674076080322266e+00	2.807250499725341797e+00	2.810037136077880859e+00	2.813443183898925781e+00	2.816828966140747070e+00	2.819110870361328125e+00	2.818929672241210938e+00	2.815823554992675781e+00	2.811326026916503906e+00	2.807663440704345703e+00	2.805958032608032227e+00	2.806176900863647461e+00	2.807665109634399414e+00	2.809363842010498047e+00	2.810178756713867188e+00	2.809867620468139648e+00	2.809231996536254883e+00	2.809051752090454102e+00	2.809691905975341797e+00	2.811504602432250977e+00	2.814753532409667969e+00
2.828119754791259766e+00	2.837624311447143555e+00	2.851845264434814453e+00	2.870841026306152344e+00	2.892633199691772461e+00	2.912471055984497070e+00	2.922874927520751953e+00	2.918503522872924805e+00	2.902101278305053711e+00	2.880814790725708008e+00	2.860325574874877930e+00	2.843847274780273438e+00	2.832596778869628906e+00	2.825858116149902344e+00	2.821627616882324219e+00	2.818263292312622070e+00	2.815421104431152344e+00	2.813536405563354492e+00	2.812993526458740234e+00	2.813424348831176758e+00	2.813874959945678711e+00	2.813676118850708008e+00	2.813304901123046875e+00	2.813922405242919922e+00	2.816286087036132812e+00	2.820162773132324219e+00	2.824322223663330078e+00	2.827072858810424805e+00	2.827405452728271484e+00	2.825554609298706055e+00	2.822418451309204102e+00	2.819006681442260742e+00	2.816242218017578125e+00	2.814781188964843750e+00	2.815059900283813477e+00	2.817925453186035156e+00	2.823850393295288086e+00	2.832932949066162109e+00	2.845628976821899414e+00	2.863266706466674805e+00	2.887569665908813477e+00	2.918414592742919922e+00	2.942469835281372070e+00	2.929006338119506836e+00	2.893658161163330078e+00	2.864646673202514648e+00	2.844415903091430664e+00	2.830531358718872070e+00	2.821243286132812500e+00	2.815634965896606445e+00	2.813151597976684570e+00	2.813164949417114258e+00	2.814915895462036133e+00	2.817739963531494141e+00	2.821212530136108398e+00	2.824853181838989258e+00	2.827769756317138672e+00	2.828544378280639648e+00	2.826151609420776367e+00	2.821630954742431641e+00	2.817329883575439453e+00	2.814930200576782227e+00	2.814794778823852539e+00	2.816328048706054688e+00	2.818342924118041992e+00	2.819556713104248047e+00	2.819257259368896484e+00	2.818310022354125977e+00	2.817766189575195312e+00	2.817961454391479492e+00	2.819320440292358398e+00	2.822399616241455078e+00
2.826661586761474609e+00	2.835810422897338867e+00	2.849602460861206055e+00	2.867611408233642578e+00	2.888160228729248047e+00	2.906904697418212891e+00	2.916810989379882812e+00	2.912307500839233398e+00	2.896057844161987305e+00	2.875522851943969727e+00	2.856232881546020508e+00	2.841039180755615234e+00	2.830911636352539062e+00	2.825039148330688477e+00	2.821461439132690430e+00	2.818526744842529297e+00	2.815711736679077148e+00	2.813611745834350586e+00	2.812751531600952148e+00	2.812794208526611328e+00	2.812935113906860352e+00	2.812679767608642578e+00	2.812460184097290039e+00	2.813275337219238281e+00	2.815677642822265625e+00	2.819391965866088867e+00	2.823303222656250000e+00	2.825767755508422852e+00	2.825815200805664062e+00	2.823739051818847656e+00	2.820498943328857422e+00	2.817207098007202148e+00	2.814917087554931641e+00	2.814058542251586914e+00	2.814896583557128906e+00	2.818408489227294922e+00	2.824701070785522461e+00	2.833783149719238281e+00	2.846292495727539062e+00	2.863659381866455078e+00	2.887635707855224609e+00	2.917941093444824219e+00	2.942157745361328125e+00	2.930677890777587891e+00	2.895304441452026367e+00	2.865555286407470703e+00	2.845022201538085938e+00	2.831108331680297852e+00	2.821729660034179688e+00	2.816004991531372070e+00	2.813595294952392578e+00	2.813756465911865234e+00	2.815382719039916992e+00	2.817910194396972656e+00	2.821257829666137695e+00	2.824972391128540039e+00	2.828024864196777344e+00	2.828902244567871094e+00	2.826394796371459961e+00	2.821599960327148438e+00	2.816955327987670898e+00	2.814166069030761719e+00	2.813737154006958008e+00	2.815098285675048828e+00	2.817106723785400391e+00	2.818669319152832031e+00	2.819323539733886719e+00	2.819350242614746094e+00	2.819058179855346680e+00	2.818625926971435547e+00	2.819191694259643555e+00	2.821563005447387695e+00
2.829760313034057617e+00	2.838210105895996094e+00	2.851702690124511719e+00	2.869982481002807617e+00	2.890571117401123047e+00	2.908692121505737305e+00	2.917463302612304688e+00	2.911917924880981445e+00	2.895116806030273438e+00	2.874305248260498047e+00	2.854981660842895508e+00	2.840114831924438477e+00	2.830633401870727539e+00	2.825563192367553711e+00	2.822278738021850586e+00	2.818822383880615234e+00	2.815863847732543945e+00	2.814156055450439453e+00	2.813530445098876953e+00	2.813349008560180664e+00	2.813001871109008789e+00	2.812336921691894531e+00	2.812027215957641602e+00	2.812974929809570312e+00	2.815607070922851562e+00	2.819466590881347656e+00	2.823278665542602539e+00	2.825568914413452148e+00	2.825632572174072266e+00	2.823814392089843750e+00	2.820926189422607422e+00	2.817886352539062500e+00	2.815523147583007812e+00	2.814402580261230469e+00	2.815131902694702148e+00	2.818394184112548828e+00	2.824457645416259766e+00	2.833429574966430664e+00	2.845801115036010742e+00	2.862958908081054688e+00	2.886746406555175781e+00	2.917166948318481445e+00	2.942173480987548828e+00	2.931649208068847656e+00	2.896497488021850586e+00	2.866477251052856445e+00	2.845614910125732422e+00	2.831435441970825195e+00	2.821903705596923828e+00	2.816005945205688477e+00	2.813317775726318359e+00	2.813386917114257812e+00	2.815499305725097656e+00	2.818653106689453125e+00	2.822026968002319336e+00	2.825477600097656250e+00	2.828446865081787109e+00	2.829301834106445312e+00	2.826670885086059570e+00	2.821730852127075195e+00	2.817237854003906250e+00	2.814961433410644531e+00	2.815133333206176758e+00	2.816907644271850586e+00	2.818740606307983398e+00	2.819564104080200195e+00	2.819426298141479492e+00	2.819039821624755859e+00	2.819148778915405273e+00	2.820149183273315430e+00	2.822088479995727539e+00	2.824993371963500977e+00
2.828501939773559570e+00	2.837087392807006836e+00	2.850616216659545898e+00	2.868553161621093750e+00	2.888398170471191406e+00	2.905659914016723633e+00	2.913642406463623047e+00	2.907300710678100586e+00	2.889916181564331055e+00	2.869099140167236328e+00	2.850231409072875977e+00	2.835957765579223633e+00	2.826925754547119141e+00	2.822024345397949219e+00	2.819193601608276367e+00	2.816974401473999023e+00	2.815370321273803711e+00	2.814622640609741211e+00	2.814347028732299805e+00	2.814096450805664062e+00	2.813321352005004883e+00	2.812304973602294922e+00	2.811894416809082031e+00	2.812821388244628906e+00	2.815389156341552734e+00	2.819215059280395508e+00	2.823012828826904297e+00	2.825184583663940430e+00	2.825081110000610352e+00	2.823192834854125977e+00	2.820394515991210938e+00	2.817544460296630859e+00	2.815371751785278320e+00	2.814454555511474609e+00	2.815230607986450195e+00	2.818132638931274414e+00	2.823770999908447266e+00	2.832493066787719727e+00	2.844786167144775391e+00	2.861957550048828125e+00	2.885777235031127930e+00	2.916128396987915039e+00	2.940781831741333008e+00	2.930336475372314453e+00	2.895458698272705078e+00	2.865586519241333008e+00	2.844876050949096680e+00	2.830937623977661133e+00	2.821718215942382812e+00	2.816134929656982422e+00	2.813629150390625000e+00	2.813498973846435547e+00	2.814937591552734375e+00	2.817331790924072266e+00	2.820390939712524414e+00	2.823841810226440430e+00	2.826876163482666016e+00	2.827786445617675781e+00	2.825281381607055664e+00	2.820685625076293945e+00	2.816488504409790039e+00	2.813945531845092773e+00	2.813445091247558594e+00	2.814677476882934570e+00	2.816558599472045898e+00	2.817826032638549805e+00	2.818155527114868164e+00	2.818114995956420898e+00	2.818314552307128906e+00	2.819144487380981445e+00	2.820850849151611328e+00	2.823670387268066406e+00
2.831797361373901367e+00	2.840189456939697266e+00	2.852857828140258789e+00	2.869495630264282227e+00	2.887975454330444336e+00	2.904613733291625977e+00	2.912792921066284180e+00	2.906718969345092773e+00	2.889314651489257812e+00	2.868527412414550781e+00	2.850062847137451172e+00	2.836412429809570312e+00	2.827943325042724609e+00	2.823330879211425781e+00	2.820312500000000000e+00	2.817594528198242188e+00	2.815499305725097656e+00	2.814578771591186523e+00	2.814791917800903320e+00	2.814999341964721680e+00	2.814348220825195312e+00	2.813138723373413086e+00	2.812133550643920898e+00	2.812387466430664062e+00	2.814594507217407227e+00	2.818417787551879883e+00	2.822403192520141602e+00	2.824782848358154297e+00	2.824822664260864258e+00	2.822974205017089844e+00	2.820086717605590820e+00	2.817007780075073242e+00	2.814575910568237305e+00	2.813576459884643555e+00	2.814606904983520508e+00	2.818076133728027344e+00	2.824267387390136719e+00	2.833363533020019531e+00	2.845829486846923828e+00	2.863026380538940430e+00	2.886797428131103516e+00	2.917111158370971680e+00	2.941596269607543945e+00	2.930642127990722656e+00	2.896017074584960938e+00	2.866459131240844727e+00	2.845860958099365234e+00	2.831794023513793945e+00	2.822197914123535156e+00	2.816080093383789062e+00	2.813046693801879883e+00	2.812644481658935547e+00	2.814175605773925781e+00	2.816902160644531250e+00	2.820338726043701172e+00	2.824126243591308594e+00	2.827453851699829102e+00	2.828589677810668945e+00	2.826187372207641602e+00	2.821479558944702148e+00	2.817030906677246094e+00	2.814403057098388672e+00	2.814084053039550781e+00	2.815597057342529297e+00	2.817574501037597656e+00	2.818711519241333008e+00	2.818862438201904297e+00	2.818794488906860352e+00	2.819205760955810547e+00	2.820514678955078125e+00	2.822928905487060547e+00	2.826504230499267578e+00
2.824232816696166992e+00	2.831758975982666016e+00	2.843738317489624023e+00	2.859994888305664062e+00	2.879172563552856445e+00	2.897444486618041992e+00	2.907194852828979492e+00	2.902276754379272461e+00	2.886139631271362305e+00	2.866939783096313477e+00	2.849852561950683594e+00	2.836857318878173828e+00	2.828198909759521484e+00	2.822906494140625000e+00	2.819266557693481445e+00	2.816128015518188477e+00	2.813608884811401367e+00	2.812219858169555664e+00	2.811969280242919922e+00	2.812164306640625000e+00	2.811930179595947266e+00	2.811142921447753906e+00	2.810531139373779297e+00	2.811038970947265625e+00	2.813261985778808594e+00	2.817007064819335938e+00	2.821057796478271484e+00	2.823583841323852539e+00	2.823565721511840820e+00	2.821304321289062500e+00	2.817770242691040039e+00	2.814057350158691406e+00	2.811167955398559570e+00	2.809968709945678711e+00	2.811145067214965820e+00	2.815113782882690430e+00	2.822031497955322266e+00	2.831892251968383789e+00	2.844948768615722656e+00	2.862308979034423828e+00	2.885880947113037109e+00	2.915902137756347656e+00	2.940000057220458984e+00	2.928955554962158203e+00	2.894938468933105469e+00	2.865935087203979492e+00	2.845826387405395508e+00	2.832112073898315430e+00	2.822521686553955078e+00	2.816370010375976562e+00	2.813408851623535156e+00	2.813152790069580078e+00	2.814991712570190430e+00	2.818142175674438477e+00	2.821991920471191406e+00	2.826011419296264648e+00	2.828638792037963867e+00	2.828714847564697266e+00	2.825726509094238281e+00	2.820868253707885742e+00	2.816678047180175781e+00	2.814691543579101562e+00	2.814959764480590820e+00	2.816656589508056641e+00	2.818480968475341797e+00	2.819299697875976562e+00	2.819117307662963867e+00	2.818630933761596680e+00	2.818280220031738281e+00	2.818238973617553711e+00	2.818774938583374023e+00	2.820402145385742188e+00
2.821652650833129883e+00	2.829248666763305664e+00	2.841872453689575195e+00	2.859547615051269531e+00	2.880175352096557617e+00	2.899056911468505859e+00	2.908918380737304688e+00	2.904096841812133789e+00	2.887944221496582031e+00	2.868350982666015625e+00	2.850562572479248047e+00	2.837004423141479492e+00	2.828052282333374023e+00	2.821810483932495117e+00	2.817390441894531250e+00	2.813865184783935547e+00	2.811118125915527344e+00	2.809578895568847656e+00	2.809277772903442383e+00	2.809606313705444336e+00	2.809677839279174805e+00	2.809137105941772461e+00	2.808565139770507812e+00	2.808995962142944336e+00	2.811191082000732422e+00	2.815119266510009766e+00	2.819626092910766602e+00	2.822784900665283203e+00	2.823417186737060547e+00	2.821753501892089844e+00	2.818737745285034180e+00	2.815270662307739258e+00	2.812217950820922852e+00	2.810402870178222656e+00	2.810594797134399414e+00	2.813520193099975586e+00	2.819646596908569336e+00	2.829066276550292969e+00	2.842012882232666016e+00	2.859356641769409180e+00	2.881947755813598633e+00	2.908419370651245117e+00	2.927638053894042969e+00	2.918867588043212891e+00	2.889799594879150391e+00	2.862476348876953125e+00	2.842446565628051758e+00	2.828687191009521484e+00	2.819822072982788086e+00	2.814912319183349609e+00	2.813181877136230469e+00	2.813580989837646484e+00	2.815296649932861328e+00	2.817896366119384766e+00	2.820585966110229492e+00	2.823534011840820312e+00	2.826267242431640625e+00	2.827103614807128906e+00	2.824655532836914062e+00	2.819990873336791992e+00	2.815781116485595703e+00	2.813579320907592773e+00	2.813480377197265625e+00	2.814587593078613281e+00	2.815806150436401367e+00	2.816430330276489258e+00	2.816473722457885742e+00	2.816476106643676758e+00	2.816626787185668945e+00	2.816677808761596680e+00	2.816919088363647461e+00	2.818113565444946289e+00
2.816722393035888672e+00	2.823216915130615234e+00	2.834742307662963867e+00	2.851411581039428711e+00	2.871204853057861328e+00	2.889492034912109375e+00	2.898689985275268555e+00	2.893170833587646484e+00	2.876717329025268555e+00	2.857309103012084961e+00	2.840102672576904297e+00	2.827245235443115234e+00	2.818883895874023438e+00	2.813689947128295898e+00	2.809856653213500977e+00	2.806454420089721680e+00	2.803869247436523438e+00	2.802727937698364258e+00	2.802932024002075195e+00	2.803606271743774414e+00	2.803733825683593750e+00	2.803187131881713867e+00	2.802955389022827148e+00	2.804240942001342773e+00	2.807518243789672852e+00	2.812082529067993164e+00	2.816353321075439453e+00	2.818713188171386719e+00	2.818618297576904297e+00	2.816610574722290039e+00	2.813431739807128906e+00	2.809792995452880859e+00	2.806545734405517578e+00	2.804664850234985352e+00	2.805063962936401367e+00	2.808354377746582031e+00	2.814688444137573242e+00	2.823852777481079102e+00	2.835691928863525391e+00	2.850605726242065430e+00	2.869647741317749023e+00	2.892021894454956055e+00	2.906846523284912109e+00	2.899522781372070312e+00	2.876892089843750000e+00	2.854368686676025391e+00	2.837236166000366211e+00	2.825135707855224609e+00	2.816906929016113281e+00	2.811731576919555664e+00	2.809023141860961914e+00	2.808138370513916016e+00	2.808524370193481445e+00	2.809979438781738281e+00	2.812550306320190430e+00	2.816225290298461914e+00	2.820353746414184570e+00	2.823039054870605469e+00	2.821766614913940430e+00	2.816820859909057617e+00	2.811681270599365234e+00	2.808611869812011719e+00	2.808080911636352539e+00	2.809520483016967773e+00	2.811554431915283203e+00	2.812614440917968750e+00	2.812237501144409180e+00	2.811262130737304688e+00	2.810648202896118164e+00	2.810804367065429688e+00	2.811744213104248047e+00	2.813501119613647461e+00
2.801784992218017578e+00	2.809208154678344727e+00	2.820086717605590820e+00	2.834264993667602539e+00	2.849840402603149414e+00	2.863040685653686523e+00	2.868613958358764648e+00	2.863517999649047852e+00	2.850616455078125000e+00	2.835270643234252930e+00	2.821200370788574219e+00	2.810043811798095703e+00	2.801918268203735352e+00	2.795948743820190430e+00	2.791245222091674805e+00	2.787694931030273438e+00	2.785578012466430664e+00	2.784883499145507812e+00	2.785207509994506836e+00	2.785945892333984375e+00	2.786441564559936523e+00	2.786159753799438477e+00	2.785736560821533203e+00	2.786458253860473633e+00	2.788458585739135742e+00	2.790735244750976562e+00	2.792448520660400391e+00	2.793432474136352539e+00	2.793766021728515625e+00	2.793332815170288086e+00	2.792026281356811523e+00	2.790091991424560547e+00	2.788125753402709961e+00	2.787040710449218750e+00	2.787744283676147461e+00	2.790761947631835938e+00	2.796138763427734375e+00	2.803592205047607422e+00	2.812866210937500000e+00	2.824422836303710938e+00	2.839268445968627930e+00	2.856054306030273438e+00	2.867822885513305664e+00	2.864886999130249023e+00	2.849815845489501953e+00	2.833506107330322266e+00	2.820483684539794922e+00	2.810789346694946289e+00	2.803454399108886719e+00	2.797913074493408203e+00	2.794061422348022461e+00	2.791743755340576172e+00	2.790680408477783203e+00	2.790593624114990234e+00	2.791320323944091797e+00	2.792728424072265625e+00	2.794260740280151367e+00	2.794897556304931641e+00	2.794042825698852539e+00	2.792165994644165039e+00	2.790284156799316406e+00	2.789396286010742188e+00	2.790058374404907227e+00	2.792119741439819336e+00	2.794588327407836914e+00	2.795973777770996094e+00	2.795727491378784180e+00	2.794661045074462891e+00	2.793733835220336914e+00	2.793525934219360352e+00	2.794478893280029297e+00	2.797079563140869141e+00
2.795870542526245117e+00	2.803309679031372070e+00	2.813675880432128906e+00	2.825959205627441406e+00	2.839022636413574219e+00	2.850390434265136719e+00	2.855113506317138672e+00	2.850282669067382812e+00	2.838848590850830078e+00	2.825820922851562500e+00	2.814243555068969727e+00	2.805148839950561523e+00	2.798380136489868164e+00	2.793296813964843750e+00	2.789473772048950195e+00	2.786764144897460938e+00	2.784952640533447266e+00	2.783819437026977539e+00	2.783226490020751953e+00	2.783083438873291016e+00	2.783150196075439453e+00	2.783275127410888672e+00	2.784147024154663086e+00	2.786181688308715820e+00	2.789115190505981445e+00	2.791509628295898438e+00	2.793503761291503906e+00	2.795557260513305664e+00	2.796457290649414062e+00	2.795778989791870117e+00	2.793504238128662109e+00	2.790155649185180664e+00	2.786920547485351562e+00	2.784955978393554688e+00	2.784774780273437500e+00	2.786352634429931641e+00	2.789476394653320312e+00	2.794164657592773438e+00	2.801257371902465820e+00	2.811910152435302734e+00	2.826367378234863281e+00	2.843065261840820312e+00	2.855808973312377930e+00	2.854115962982177734e+00	2.840520620346069336e+00	2.826345205307006836e+00	2.814808368682861328e+00	2.805163621902465820e+00	2.797353267669677734e+00	2.791529893875122070e+00	2.787872314453125000e+00	2.786354541778564453e+00	2.786648988723754883e+00	2.787881612777709961e+00	2.788179159164428711e+00	2.787564992904663086e+00	2.786635875701904297e+00	2.785366535186767578e+00	2.784316301345825195e+00	2.783818483352661133e+00	2.784016132354736328e+00	2.784978151321411133e+00	2.786547422409057617e+00	2.788865566253662109e+00	2.792011737823486328e+00	2.795172452926635742e+00	2.797098398208618164e+00	2.797126054763793945e+00	2.795510053634643555e+00	2.793127775192260742e+00	2.791361331939697266e+00	2.791927099227905273e+00
2.791320323944091797e+00	2.793615102767944336e+00	2.797977447509765625e+00	2.804321527481079102e+00	2.811757087707519531e+00	2.817819595336914062e+00	2.819775819778442383e+00	2.816682100296020508e+00	2.809979915618896484e+00	2.802173137664794922e+00	2.795269012451171875e+00	2.790176868438720703e+00	2.786700725555419922e+00	2.784115552902221680e+00	2.782100200653076172e+00	2.780607223510742188e+00	2.779459953308105469e+00	2.778274297714233398e+00	2.776642799377441406e+00	2.775132894515991211e+00	2.774377346038818359e+00	2.774344921112060547e+00	2.775257349014282227e+00	2.776731967926025391e+00	2.778208732604980469e+00	2.780361652374267578e+00	2.783615589141845703e+00	2.787000179290771484e+00	2.789492845535278320e+00	2.790354013442993164e+00	2.789040088653564453e+00	2.785959482192993164e+00	2.782437801361083984e+00	2.779631614685058594e+00	2.778416395187377930e+00	2.778982400894165039e+00	2.781105995178222656e+00	2.784832715988159180e+00	2.790253400802612305e+00	2.797402858734130859e+00	2.806620836257934570e+00	2.818222761154174805e+00	2.828690767288208008e+00	2.828697681427001953e+00	2.819005489349365234e+00	2.809120416641235352e+00	2.801904678344726562e+00	2.796141624450683594e+00	2.790913105010986328e+00	2.786511659622192383e+00	2.783387660980224609e+00	2.781809329986572266e+00	2.781794786453247070e+00	2.782816171646118164e+00	2.783274888992309570e+00	2.782022714614868164e+00	2.779982328414916992e+00	2.778250694274902344e+00	2.777519464492797852e+00	2.778123378753662109e+00	2.779526710510253906e+00	2.780296564102172852e+00	2.780317306518554688e+00	2.781085252761840820e+00	2.783282041549682617e+00	2.786359071731567383e+00	2.789739847183227539e+00	2.791950941085815430e+00	2.792104482650756836e+00	2.791381835937500000e+00	2.790836572647094727e+00	2.790693521499633789e+00
2.791726350784301758e+00	2.787229776382446289e+00	2.782731771469116211e+00	2.780244350433349609e+00	2.779266357421875000e+00	2.778100967407226562e+00	2.776892185211181641e+00	2.776208162307739258e+00	2.775556564331054688e+00	2.775011777877807617e+00	2.775584697723388672e+00	2.777138710021972656e+00	2.778608798980712891e+00	2.778963565826416016e+00	2.777871608734130859e+00	2.776021718978881836e+00	2.774461269378662109e+00	2.773770809173583984e+00	2.774024486541748047e+00	2.774939537048339844e+00	2.775893211364746094e+00	2.776639938354492188e+00	2.777510643005371094e+00	2.779381275177001953e+00	2.782096862792968750e+00	2.784519910812377930e+00	2.786249637603759766e+00	2.787524223327636719e+00	2.788070917129516602e+00	2.787031888961791992e+00	2.783836364746093750e+00	2.779448032379150391e+00	2.775925397872924805e+00	2.774292707443237305e+00	2.774315595626831055e+00	2.775025129318237305e+00	2.775236368179321289e+00	2.774715423583984375e+00	2.774271726608276367e+00	2.774594783782958984e+00	2.775747537612915039e+00	2.777301073074340820e+00	2.778549909591674805e+00	2.779048919677734375e+00	2.779138565063476562e+00	2.779472589492797852e+00	2.780256748199462891e+00	2.780791759490966797e+00	2.780278205871582031e+00	2.779072761535644531e+00	2.778050661087036133e+00	2.777796268463134766e+00	2.778230905532836914e+00	2.778784275054931641e+00	2.779092550277709961e+00	2.778965234756469727e+00	2.778401374816894531e+00	2.778191089630126953e+00	2.778892040252685547e+00	2.780367612838745117e+00	2.781722307205200195e+00	2.781571626663208008e+00	2.779370546340942383e+00	2.777641773223876953e+00	2.777959585189819336e+00	2.780198097229003906e+00	2.783614635467529297e+00	2.786465883255004883e+00	2.788046121597290039e+00	2.789655685424804688e+00	2.791960954666137695e+00	2.793407678604125977e+00
2.783667564392089844e+00	2.779479503631591797e+00	2.776060581207275391e+00	2.774396419525146484e+00	2.775163412094116211e+00	2.777104854583740234e+00	2.777438163757324219e+00	2.777908802032470703e+00	2.778234720230102539e+00	2.777656793594360352e+00	2.777205705642700195e+00	2.777510881423950195e+00	2.778300285339355469e+00	2.778841972351074219e+00	2.778466224670410156e+00	2.777312517166137695e+00	2.776104927062988281e+00	2.775380134582519531e+00	2.775261640548706055e+00	2.775272607803344727e+00	2.774996757507324219e+00	2.775176525115966797e+00	2.776677846908569336e+00	2.779105663299560547e+00	2.781902551651000977e+00	2.785328388214111328e+00	2.788944721221923828e+00	2.791825771331787109e+00	2.793267250061035156e+00	2.792611360549926758e+00	2.788988113403320312e+00	2.784413814544677734e+00	2.781037569046020508e+00	2.778846979141235352e+00	2.777604341506958008e+00	2.776798009872436523e+00	2.775940418243408203e+00	2.774987220764160156e+00	2.774240016937255859e+00	2.773958683013916016e+00	2.774345874786376953e+00	2.775646924972534180e+00	2.777589797973632812e+00	2.779211759567260742e+00	2.779893636703491211e+00	2.779697895050048828e+00	2.779163837432861328e+00	2.778723716735839844e+00	2.778465747833251953e+00	2.778509616851806641e+00	2.778991699218750000e+00	2.779815196990966797e+00	2.780483007431030273e+00	2.780711889266967773e+00	2.780781030654907227e+00	2.780711650848388672e+00	2.780400276184082031e+00	2.780053853988647461e+00	2.779737710952758789e+00	2.779566287994384766e+00	2.779327392578125000e+00	2.778611183166503906e+00	2.778502702713012695e+00	2.780604124069213867e+00	2.785244226455688477e+00	2.790630102157592773e+00	2.792943954467773438e+00	2.791904926300048828e+00	2.790545940399169922e+00	2.790044546127319336e+00	2.789378166198730469e+00	2.787313699722290039e+00
2.778360128402709961e+00	2.775191783905029297e+00	2.772906064987182617e+00	2.771939039230346680e+00	2.772436618804931641e+00	2.774410247802734375e+00	2.777599096298217773e+00	2.780976295471191406e+00	2.782081365585327148e+00	2.780492067337036133e+00	2.778306484222412109e+00	2.776670455932617188e+00	2.775783538818359375e+00	2.775669097900390625e+00	2.776390075683593750e+00	2.777559280395507812e+00	2.778418064117431641e+00	2.778380155563354492e+00	2.777477502822875977e+00	2.776338100433349609e+00	2.775530099868774414e+00	2.775537252426147461e+00	2.776696443557739258e+00	2.778775691986083984e+00	2.780940055847167969e+00	2.783482313156127930e+00	2.787012338638305664e+00	2.790897607803344727e+00	2.794285297393798828e+00	2.796114683151245117e+00	2.794743537902832031e+00	2.789983034133911133e+00	2.784496307373046875e+00	2.779971599578857422e+00	2.776831626892089844e+00	2.774934291839599609e+00	2.773815393447875977e+00	2.773113012313842773e+00	2.772797346115112305e+00	2.772765874862670898e+00	2.772810935974121094e+00	2.773336887359619141e+00	2.775066137313842773e+00	2.778230190277099609e+00	2.780309200286865234e+00	2.779133319854736328e+00	2.778541803359985352e+00	2.778747081756591797e+00	2.779298305511474609e+00	2.780210256576538086e+00	2.781544685363769531e+00	2.782960891723632812e+00	2.783900260925292969e+00	2.784125566482543945e+00	2.783653259277343750e+00	2.782764196395874023e+00	2.782029390335083008e+00	2.781424760818481445e+00	2.780340909957885742e+00	2.779136896133422852e+00	2.778554439544677734e+00	2.778962850570678711e+00	2.780972242355346680e+00	2.785715341567993164e+00	2.794069528579711914e+00	2.805070400238037109e+00	2.810801267623901367e+00	2.806597709655761719e+00	2.798853635787963867e+00	2.792002916336059570e+00	2.786235809326171875e+00	2.781799077987670898e+00
2.783595561981201172e+00	2.780741214752197266e+00	2.778836488723754883e+00	2.778254747390747070e+00	2.778832435607910156e+00	2.780182838439941406e+00	2.781628847122192383e+00	2.782725811004638672e+00	2.782910823822021484e+00	2.781645298004150391e+00	2.779786109924316406e+00	2.778268575668334961e+00	2.777522802352905273e+00	2.777733087539672852e+00	2.778841972351074219e+00	2.780033588409423828e+00	2.780046939849853516e+00	2.778791427612304688e+00	2.777246236801147461e+00	2.776283025741577148e+00	2.776110410690307617e+00	2.776724100112915039e+00	2.778291702270507812e+00	2.780358791351318359e+00	2.781661272048950195e+00	2.782320261001586914e+00	2.783319711685180664e+00	2.784992694854736328e+00	2.786863803863525391e+00	2.787745714187622070e+00	2.787101984024047852e+00	2.785235643386840820e+00	2.782648563385009766e+00	2.780020713806152344e+00	2.777921199798583984e+00	2.776543617248535156e+00	2.775918483734130859e+00	2.775916337966918945e+00	2.776334285736083984e+00	2.776484012603759766e+00	2.776312828063964844e+00	2.776387453079223633e+00	2.776831150054931641e+00	2.777358055114746094e+00	2.777512311935424805e+00	2.777198553085327148e+00	2.776832103729248047e+00	2.776863574981689453e+00	2.777381181716918945e+00	2.778161048889160156e+00	2.778761148452758789e+00	2.778528213500976562e+00	2.777214288711547852e+00	2.775523662567138672e+00	2.774453878402709961e+00	2.774322032928466797e+00	2.774914741516113281e+00	2.775439739227294922e+00	2.775245666503906250e+00	2.774879693984985352e+00	2.774560928344726562e+00	2.774902582168579102e+00	2.777274370193481445e+00	2.783085346221923828e+00	2.793801307678222656e+00	2.808267116546630859e+00	2.816143274307250977e+00	2.810807943344116211e+00	2.802374124526977539e+00	2.796061038970947266e+00	2.791143417358398438e+00	2.786976575851440430e+00
2.791681766510009766e+00	2.790401935577392578e+00	2.790319442749023438e+00	2.792429924011230469e+00	2.796439886093139648e+00	2.801269531250000000e+00	2.805443763732910156e+00	2.807566881179809570e+00	2.806638717651367188e+00	2.802807569503784180e+00	2.797515630722045898e+00	2.792337179183959961e+00	2.787861347198486328e+00	2.783959150314331055e+00	2.780631065368652344e+00	2.777948856353759766e+00	2.775623798370361328e+00	2.773393392562866211e+00	2.771446704864501953e+00	2.770120859146118164e+00	2.769493341445922852e+00	2.769695520401000977e+00	2.771083354949951172e+00	2.773562669754028320e+00	2.776561737060546875e+00	2.779725790023803711e+00	2.782868385314941406e+00	2.785958528518676758e+00	2.788728475570678711e+00	2.789883136749267578e+00	2.787888288497924805e+00	2.783893585205078125e+00	2.780683279037475586e+00	2.779824495315551758e+00	2.781361341476440430e+00	2.784205436706542969e+00	2.787039041519165039e+00	2.789511919021606445e+00	2.791908740997314453e+00	2.794062376022338867e+00	2.795071601867675781e+00	2.794794321060180664e+00	2.793534994125366211e+00	2.791275501251220703e+00	2.788080453872680664e+00	2.784650087356567383e+00	2.781639575958251953e+00	2.779362440109252930e+00	2.777982473373413086e+00	2.777197599411010742e+00	2.776585817337036133e+00	2.776029586791992188e+00	2.775574922561645508e+00	2.775550127029418945e+00	2.776466608047485352e+00	2.778440475463867188e+00	2.780731678009033203e+00	2.781938314437866211e+00	2.781772136688232422e+00	2.781187534332275391e+00	2.780831813812255859e+00	2.781080722808837891e+00	2.782642841339111328e+00	2.786517381668090820e+00	2.793741703033447266e+00	2.802919626235961914e+00	2.806663036346435547e+00	2.802325487136840820e+00	2.796790122985839844e+00	2.793680191040039062e+00	2.792656898498535156e+00	2.792425155639648438e+00
2.792357683181762695e+00	2.791272163391113281e+00	2.792141675949096680e+00	2.796272516250610352e+00	2.803378582000732422e+00	2.812173366546630859e+00	2.820199012756347656e+00	2.824180126190185547e+00	2.822968482971191406e+00	2.818370103836059570e+00	2.812418222427368164e+00	2.806081295013427734e+00	2.799574613571166992e+00	2.793040752410888672e+00	2.786947965621948242e+00	2.781705856323242188e+00	2.777488231658935547e+00	2.774333238601684570e+00	2.772123575210571289e+00	2.770773649215698242e+00	2.770385026931762695e+00	2.771154880523681641e+00	2.773263454437255859e+00	2.776769876480102539e+00	2.781218290328979492e+00	2.785595893859863281e+00	2.789073467254638672e+00	2.791497230529785156e+00	2.792950153350830078e+00	2.792758226394653320e+00	2.789936065673828125e+00	2.785013437271118164e+00	2.780345916748046875e+00	2.778346300125122070e+00	2.779747247695922852e+00	2.783678293228149414e+00	2.788722515106201172e+00	2.793508291244506836e+00	2.797158002853393555e+00	2.799691438674926758e+00	2.801359891891479492e+00	2.801648378372192383e+00	2.800019025802612305e+00	2.797301292419433594e+00	2.794674873352050781e+00	2.791880130767822266e+00	2.788160800933837891e+00	2.784629344940185547e+00	2.781910181045532227e+00	2.779858350753784180e+00	2.778212308883666992e+00	2.776807546615600586e+00	2.776092052459716797e+00	2.776933908462524414e+00	2.779343843460083008e+00	2.782781839370727539e+00	2.785745382308959961e+00	2.786438941955566406e+00	2.785166740417480469e+00	2.783665180206298828e+00	2.782879590988159180e+00	2.783021450042724609e+00	2.784524917602539062e+00	2.787935495376586914e+00	2.792710781097412109e+00	2.797229528427124023e+00	2.800315856933593750e+00	2.800978660583496094e+00	2.797729730606079102e+00	2.795063257217407227e+00	2.793842315673828125e+00	2.793310165405273438e+00
2.791357994079589844e+00	2.789388179779052734e+00	2.788671255111694336e+00	2.790429830551147461e+00	2.795127391815185547e+00	2.801977157592773438e+00	2.808873653411865234e+00	2.813171863555908203e+00	2.813700199127197266e+00	2.811383962631225586e+00	2.807754039764404297e+00	2.803377628326416016e+00	2.798501014709472656e+00	2.793838739395141602e+00	2.789994001388549805e+00	2.786746025085449219e+00	2.783498048782348633e+00	2.780151367187500000e+00	2.777189493179321289e+00	2.775197029113769531e+00	2.774617671966552734e+00	2.775760412216186523e+00	2.778668165206909180e+00	2.782973289489746094e+00	2.787666797637939453e+00	2.791566371917724609e+00	2.794449567794799805e+00	2.796996355056762695e+00	2.799384832382202148e+00	2.800603389739990234e+00	2.799300909042358398e+00	2.795358180999755859e+00	2.790979862213134766e+00	2.788665771484375000e+00	2.788917541503906250e+00	2.790822744369506836e+00	2.793389081954956055e+00	2.795432329177856445e+00	2.796810388565063477e+00	2.798054695129394531e+00	2.799140930175781250e+00	2.799120664596557617e+00	2.797363281250000000e+00	2.794446468353271484e+00	2.791355609893798828e+00	2.788848161697387695e+00	2.787110090255737305e+00	2.785732030868530273e+00	2.784270286560058594e+00	2.782664299011230469e+00	2.780703544616699219e+00	2.778465270996093750e+00	2.777006626129150391e+00	2.777244567871093750e+00	2.779134035110473633e+00	2.781816482543945312e+00	2.784151554107666016e+00	2.785085678100585938e+00	2.784925937652587891e+00	2.784780263900756836e+00	2.785166501998901367e+00	2.785994052886962891e+00	2.787519216537475586e+00	2.790571212768554688e+00	2.795163154602050781e+00	2.799688339233398438e+00	2.802039861679077148e+00	2.801680564880371094e+00	2.799685955047607422e+00	2.797270298004150391e+00	2.795285701751708984e+00	2.793452978134155273e+00
2.784474134445190430e+00	2.780838251113891602e+00	2.778276205062866211e+00	2.777687549591064453e+00	2.778443098068237305e+00	2.780074119567871094e+00	2.782302379608154297e+00	2.784457683563232422e+00	2.786267280578613281e+00	2.787616968154907227e+00	2.788454055786132812e+00	2.788943290710449219e+00	2.788948535919189453e+00	2.788226366043090820e+00	2.786896944046020508e+00	2.785311222076416016e+00	2.783499240875244141e+00	2.781244516372680664e+00	2.778879642486572266e+00	2.777249574661254883e+00	2.776959180831909180e+00	2.778380393981933594e+00	2.781542062759399414e+00	2.785481691360473633e+00	2.789227724075317383e+00	2.791512966156005859e+00	2.792898654937744141e+00	2.795013666152954102e+00	2.798005342483520508e+00	2.800579309463500977e+00	2.800974607467651367e+00	2.798741102218627930e+00	2.795233488082885742e+00	2.792365312576293945e+00	2.791202545166015625e+00	2.791401386260986328e+00	2.791085481643676758e+00	2.788779020309448242e+00	2.785449981689453125e+00	2.782627344131469727e+00	2.780935049057006836e+00	2.780287027359008789e+00	2.780353307723999023e+00	2.780886888504028320e+00	2.781621932983398438e+00	2.782390356063842773e+00	2.783418893814086914e+00	2.784816265106201172e+00	2.786043167114257812e+00	2.786009073257446289e+00	2.784585714340209961e+00	2.782725572586059570e+00	2.781228065490722656e+00	2.780377864837646484e+00	2.779729127883911133e+00	2.779189825057983398e+00	2.779046297073364258e+00	2.779500961303710938e+00	2.780459403991699219e+00	2.781631231307983398e+00	2.782664537429809570e+00	2.783241987228393555e+00	2.784050226211547852e+00	2.786557912826538086e+00	2.791134595870971680e+00	2.796125411987304688e+00	2.798928976058959961e+00	2.798707008361816406e+00	2.796680688858032227e+00	2.794086456298828125e+00	2.791314363479614258e+00	2.788110256195068359e+00
2.788976430892944336e+00	2.784614086151123047e+00	2.783463954925537109e+00	2.786625623703002930e+00	2.793811082839965820e+00	2.803808927536010742e+00	2.814392089843750000e+00	2.821616411209106445e+00	2.822710752487182617e+00	2.819770812988281250e+00	2.815140485763549805e+00	2.810000181198120117e+00	2.805077314376831055e+00	2.800662755966186523e+00	2.796641588211059570e+00	2.792663574218750000e+00	2.788671731948852539e+00	2.785215377807617188e+00	2.782793760299682617e+00	2.781719207763671875e+00	2.782091379165649414e+00	2.783786296844482422e+00	2.786604881286621094e+00	2.790397167205810547e+00	2.795060634613037109e+00	2.800133228302001953e+00	2.804488182067871094e+00	2.806896686553955078e+00	2.807037830352783203e+00	2.805219650268554688e+00	2.801835060119628906e+00	2.797414302825927734e+00	2.792305469512939453e+00	2.789030075073242188e+00	2.788930177688598633e+00	2.791865587234497070e+00	2.796909332275390625e+00	2.801341533660888672e+00	2.802096605300903320e+00	2.800892591476440430e+00	2.799902200698852539e+00	2.798520088195800781e+00	2.795794963836669922e+00	2.791943550109863281e+00	2.787793159484863281e+00	2.784284353256225586e+00	2.782048225402832031e+00	2.781444549560546875e+00	2.782396554946899414e+00	2.783995389938354492e+00	2.784947395324707031e+00	2.784521102905273438e+00	2.783172845840454102e+00	2.781901359558105469e+00	2.781219959259033203e+00	2.781208276748657227e+00	2.781858444213867188e+00	2.782937049865722656e+00	2.783956050872802734e+00	2.784694910049438477e+00	2.785444498062133789e+00	2.786611795425415039e+00	2.788569450378417969e+00	2.791557788848876953e+00	2.795323371887207031e+00	2.798808097839355469e+00	2.801013708114624023e+00	2.801282644271850586e+00	2.800326824188232422e+00	2.799436569213867188e+00	2.797853469848632812e+00	2.794175624847412109e+00
2.790398120880126953e+00	2.788803100585937500e+00	2.788909196853637695e+00	2.792270660400390625e+00	2.799256563186645508e+00	2.809180736541748047e+00	2.819397449493408203e+00	2.826505661010742188e+00	2.827486515045166016e+00	2.824274778366088867e+00	2.819308519363403320e+00	2.813488721847534180e+00	2.807317972183227539e+00	2.801485538482666016e+00	2.796559095382690430e+00	2.792587995529174805e+00	2.789560794830322266e+00	2.787723064422607422e+00	2.786507606506347656e+00	2.785620689392089844e+00	2.786154747009277344e+00	2.787909030914306641e+00	2.790159463882446289e+00	2.792746067047119141e+00	2.795322418212890625e+00	2.797012090682983398e+00	2.797688007354736328e+00	2.798074960708618164e+00	2.798023700714111328e+00	2.796504020690917969e+00	2.793430566787719727e+00	2.789251327514648438e+00	2.785413265228271484e+00	2.783818244934082031e+00	2.785317659378051758e+00	2.790035724639892578e+00	2.797107696533203125e+00	2.803118944168090820e+00	2.804988861083984375e+00	2.805064916610717773e+00	2.804591894149780273e+00	2.802560091018676758e+00	2.798594713211059570e+00	2.793719530105590820e+00	2.789120912551879883e+00	2.785522222518920898e+00	2.783374071121215820e+00	2.782935857772827148e+00	2.783890247344970703e+00	2.784854650497436523e+00	2.784716606140136719e+00	2.783818960189819336e+00	2.782774925231933594e+00	2.782042741775512695e+00	2.781888961791992188e+00	2.782325744628906250e+00	2.782909631729125977e+00	2.783011198043823242e+00	2.782753467559814453e+00	2.782861232757568359e+00	2.783626079559326172e+00	2.785122156143188477e+00	2.787772893905639648e+00	2.791864395141601562e+00	2.796327114105224609e+00	2.799609899520874023e+00	2.801355123519897461e+00	2.800853013992309570e+00	2.798590660095214844e+00	2.795945644378662109e+00	2.793923616409301758e+00	2.792232990264892578e+00
2.794035434722900391e+00	2.792908668518066406e+00	2.791803598403930664e+00	2.792514085769653320e+00	2.796080827713012695e+00	2.801131725311279297e+00	2.806296825408935547e+00	2.810698509216308594e+00	2.812905311584472656e+00	2.813040494918823242e+00	2.811915874481201172e+00	2.809905290603637695e+00	2.807059288024902344e+00	2.803491353988647461e+00	2.799962997436523438e+00	2.796836376190185547e+00	2.794383764266967773e+00	2.793437242507934570e+00	2.793711423873901367e+00	2.792887687683105469e+00	2.793719053268432617e+00	2.796397209167480469e+00	2.799499750137329102e+00	2.801612854003906250e+00	2.801991462707519531e+00	2.800620794296264648e+00	2.798628091812133789e+00	2.797278642654418945e+00	2.796696662902832031e+00	2.795478820800781250e+00	2.792683124542236328e+00	2.789083480834960938e+00	2.786077976226806641e+00	2.784846782684326172e+00	2.785983085632324219e+00	2.789567708969116211e+00	2.794467926025390625e+00	2.797808170318603516e+00	2.797946214675903320e+00	2.797124862670898438e+00	2.796338319778442383e+00	2.794576168060302734e+00	2.791636705398559570e+00	2.788685560226440430e+00	2.786406755447387695e+00	2.784898519515991211e+00	2.784491300582885742e+00	2.785243034362792969e+00	2.786652088165283203e+00	2.787780761718750000e+00	2.787827014923095703e+00	2.786509513854980469e+00	2.784470081329345703e+00	2.782737970352172852e+00	2.781710386276245117e+00	2.781345605850219727e+00	2.781522750854492188e+00	2.782030582427978516e+00	2.782875776290893555e+00	2.784076929092407227e+00	2.784980297088623047e+00	2.785371065139770508e+00	2.786339759826660156e+00	2.788607358932495117e+00	2.791844844818115234e+00	2.795490264892578125e+00	2.798707485198974609e+00	2.800384283065795898e+00	2.799646615982055664e+00	2.797423362731933594e+00	2.795697450637817383e+00	2.794833660125732422e+00
2.792939186096191406e+00	2.792208433151245117e+00	2.792848110198974609e+00	2.792658090591430664e+00	2.794800043106079102e+00	2.799248218536376953e+00	2.805269956588745117e+00	2.811926841735839844e+00	2.817850351333618164e+00	2.821503400802612305e+00	2.822257995605468750e+00	2.820175170898437500e+00	2.816402196884155273e+00	2.812235116958618164e+00	2.808589696884155273e+00	2.805993318557739258e+00	2.804657220840454102e+00	2.804474592208862305e+00	2.804999113082885742e+00	2.805572032928466797e+00	2.805880546569824219e+00	2.805596828460693359e+00	2.805654287338256836e+00	2.806101322174072266e+00	2.805721998214721680e+00	2.804039239883422852e+00	2.801583051681518555e+00	2.799194097518920898e+00	2.796564102172851562e+00	2.793431282043457031e+00	2.790103912353515625e+00	2.787370920181274414e+00	2.786121129989624023e+00	2.786835908889770508e+00	2.789602994918823242e+00	2.794029474258422852e+00	2.798600435256958008e+00	2.800835609436035156e+00	2.800262212753295898e+00	2.798569679260253906e+00	2.796862125396728516e+00	2.795246601104736328e+00	2.793651103973388672e+00	2.791237592697143555e+00	2.789044141769409180e+00	2.788361787796020508e+00	2.789039850234985352e+00	2.790881156921386719e+00	2.793513059616088867e+00	2.795192480087280273e+00	2.794866800308227539e+00	2.793154954910278320e+00	2.791114091873168945e+00	2.789474010467529297e+00	2.788089752197265625e+00	2.786798000335693359e+00	2.785976648330688477e+00	2.785758256912231445e+00	2.786400318145751953e+00	2.788157463073730469e+00	2.790517091751098633e+00	2.792794227600097656e+00	2.794945240020751953e+00	2.796532869338989258e+00	2.796989917755126953e+00	2.797229766845703125e+00	2.797562837600708008e+00	2.797907352447509766e+00	2.797521114349365234e+00	2.796430349349975586e+00	2.795429468154907227e+00	2.794373750686645508e+00
2.792561292648315430e+00	2.790079832077026367e+00	2.788756370544433594e+00	2.789416551589965820e+00	2.792447328567504883e+00	2.797799825668334961e+00	2.805319309234619141e+00	2.813078403472900391e+00	2.817682743072509766e+00	2.820086479187011719e+00	2.820286989212036133e+00	2.818308115005493164e+00	2.815151453018188477e+00	2.811809539794921875e+00	2.809058904647827148e+00	2.807424545288085938e+00	2.806936025619506836e+00	2.807139635086059570e+00	2.807918071746826172e+00	2.809268951416015625e+00	2.810486555099487305e+00	2.811641216278076172e+00	2.813159704208374023e+00	2.814695119857788086e+00	2.814510345458984375e+00	2.811540365219116211e+00	2.807575464248657227e+00	2.803625822067260742e+00	2.799921512603759766e+00	2.796234369277954102e+00	2.792443037033081055e+00	2.789323568344116211e+00	2.787788867950439453e+00	2.788173675537109375e+00	2.790546655654907227e+00	2.794639825820922852e+00	2.799137353897094727e+00	2.801557779312133789e+00	2.800931930541992188e+00	2.799073696136474609e+00	2.797371625900268555e+00	2.795926809310913086e+00	2.794606924057006836e+00	2.792535781860351562e+00	2.790746688842773438e+00	2.790303945541381836e+00	2.791200399398803711e+00	2.793148517608642578e+00	2.795570850372314453e+00	2.797451257705688477e+00	2.797347307205200195e+00	2.795009136199951172e+00	2.792087793350219727e+00	2.790000915527343750e+00	2.788955450057983398e+00	2.788257598876953125e+00	2.787758827209472656e+00	2.787885904312133789e+00	2.789081811904907227e+00	2.791404247283935547e+00	2.794366598129272461e+00	2.797616720199584961e+00	2.800978899002075195e+00	2.803109407424926758e+00	2.802630662918090820e+00	2.801375389099121094e+00	2.801494121551513672e+00	2.802134513854980469e+00	2.801397800445556641e+00	2.799345731735229492e+00	2.797312259674072266e+00	2.795267820358276367e+00
2.794322729110717773e+00	2.790508270263671875e+00	2.787453889846801758e+00	2.786630392074584961e+00	2.788902282714843750e+00	2.794167995452880859e+00	2.801463842391967773e+00	2.808579206466674805e+00	2.814271211624145508e+00	2.817928314208984375e+00	2.819063663482666016e+00	2.817950487136840820e+00	2.815577507019042969e+00	2.812886714935302734e+00	2.810589551925659180e+00	2.809082984924316406e+00	2.808446407318115234e+00	2.808383464813232422e+00	2.808115959167480469e+00	2.808184623718261719e+00	2.809152364730834961e+00	2.810868024826049805e+00	2.813018321990966797e+00	2.814837217330932617e+00	2.815302848815917969e+00	2.814038038253784180e+00	2.811612367630004883e+00	2.808462619781494141e+00	2.804416179656982422e+00	2.799499511718750000e+00	2.794508457183837891e+00	2.790667295455932617e+00	2.789022207260131836e+00	2.789649009704589844e+00	2.792189359664916992e+00	2.796319723129272461e+00	2.800637722015380859e+00	2.802856445312500000e+00	2.802089691162109375e+00	2.799796819686889648e+00	2.797730207443237305e+00	2.796309709548950195e+00	2.795357704162597656e+00	2.795162200927734375e+00	2.794839859008789062e+00	2.793855428695678711e+00	2.794154882431030273e+00	2.795980930328369141e+00	2.798694610595703125e+00	2.800685882568359375e+00	2.798882722854614258e+00	2.794724702835083008e+00	2.790631771087646484e+00	2.787806034088134766e+00	2.786600589752197266e+00	2.786661624908447266e+00	2.787389516830444336e+00	2.788489818572998047e+00	2.790132999420166016e+00	2.792399168014526367e+00	2.795113325119018555e+00	2.798276662826538086e+00	2.801924705505371094e+00	2.804527282714843750e+00	2.804426908493041992e+00	2.803999900817871094e+00	2.804800748825073242e+00	2.805635213851928711e+00	2.804920911788940430e+00	2.802260398864746094e+00	2.799412965774536133e+00	2.797585248947143555e+00
2.790274620056152344e+00	2.788039684295654297e+00	2.788519382476806641e+00	2.793118000030517578e+00	2.800500869750976562e+00	2.808125972747802734e+00	2.818332910537719727e+00	2.830598115921020508e+00	2.842442274093627930e+00	2.850479125976562500e+00	2.852581977844238281e+00	2.848826646804809570e+00	2.840592861175537109e+00	2.829946756362915039e+00	2.819288730621337891e+00	2.810285091400146484e+00	2.803492307662963867e+00	2.798592805862426758e+00	2.794975757598876953e+00	2.792800664901733398e+00	2.792315244674682617e+00	2.793498516082763672e+00	2.795861244201660156e+00	2.798402070999145508e+00	2.800349712371826172e+00	2.800721406936645508e+00	2.799396038055419922e+00	2.796919107437133789e+00	2.793795585632324219e+00	2.790397405624389648e+00	2.787339448928833008e+00	2.785622835159301758e+00	2.786134481430053711e+00	2.789490222930908203e+00	2.796222448348999023e+00	2.806524991989135742e+00	2.818020343780517578e+00	2.824182748794555664e+00	2.822849035263061523e+00	2.817632913589477539e+00	2.810937166213989258e+00	2.804408073425292969e+00	2.798628568649291992e+00	2.793971061706542969e+00	2.790615558624267578e+00	2.788115262985229492e+00	2.786325454711914062e+00	2.785982370376586914e+00	2.787091970443725586e+00	2.788991212844848633e+00	2.790473937988281250e+00	2.790143728256225586e+00	2.788817405700683594e+00	2.787603616714477539e+00	2.787021636962890625e+00	2.787141084671020508e+00	2.787717103958129883e+00	2.788792133331298828e+00	2.790920257568359375e+00	2.793862342834472656e+00	2.796511888504028320e+00	2.798741102218627930e+00	2.802043676376342773e+00	2.808163166046142578e+00	2.815406560897827148e+00	2.816306114196777344e+00	2.812774419784545898e+00	2.809845447540283203e+00	2.806088685989379883e+00	2.801253080368041992e+00	2.797091960906982422e+00	2.793581008911132812e+00
2.787026643753051758e+00	2.785852909088134766e+00	2.787304162979125977e+00	2.792631387710571289e+00	2.801214218139648438e+00	2.809388637542724609e+00	2.818118095397949219e+00	2.829188108444213867e+00	2.840514898300170898e+00	2.848814487457275391e+00	2.852036714553833008e+00	2.849632263183593750e+00	2.842438697814941406e+00	2.832311868667602539e+00	2.821375370025634766e+00	2.811538696289062500e+00	2.803878545761108398e+00	2.798473834991455078e+00	2.795131683349609375e+00	2.793874502182006836e+00	2.794367551803588867e+00	2.796061515808105469e+00	2.798212051391601562e+00	2.800129652023315430e+00	2.801385879516601562e+00	2.801310062408447266e+00	2.799937725067138672e+00	2.797717571258544922e+00	2.794739961624145508e+00	2.791353225708007812e+00	2.788273811340332031e+00	2.786457300186157227e+00	2.786864042282104492e+00	2.790268659591674805e+00	2.797115325927734375e+00	2.807392597198486328e+00	2.818835020065307617e+00	2.824575662612915039e+00	2.822444677352905273e+00	2.816927433013916016e+00	2.810624599456787109e+00	2.804606437683105469e+00	2.799152612686157227e+00	2.794513463973999023e+00	2.790952444076538086e+00	2.788630723953247070e+00	2.787572860717773438e+00	2.787627696990966797e+00	2.788249492645263672e+00	2.789037942886352539e+00	2.789685726165771484e+00	2.789613485336303711e+00	2.788792371749877930e+00	2.787806987762451172e+00	2.786872386932373047e+00	2.786159276962280273e+00	2.786294698715209961e+00	2.787407875061035156e+00	2.789657592773437500e+00	2.792912006378173828e+00	2.796157360076904297e+00	2.798654556274414062e+00	2.801254987716674805e+00	2.805522918701171875e+00	2.810807228088378906e+00	2.810287952423095703e+00	2.805414915084838867e+00	2.801595926284790039e+00	2.798178434371948242e+00	2.794955968856811523e+00	2.792079210281372070e+00	2.789428472518920898e+00
2.785580873489379883e+00	2.784749031066894531e+00	2.787135124206542969e+00	2.793708324432373047e+00	2.803410053253173828e+00	2.809867382049560547e+00	2.814487934112548828e+00	2.821546554565429688e+00	2.829733848571777344e+00	2.836745500564575195e+00	2.840723514556884766e+00	2.840348958969116211e+00	2.835725307464599609e+00	2.828371047973632812e+00	2.819920778274536133e+00	2.811840295791625977e+00	2.805255889892578125e+00	2.800373315811157227e+00	2.797111511230468750e+00	2.795378923416137695e+00	2.795551300048828125e+00	2.797575473785400391e+00	2.800400495529174805e+00	2.802936792373657227e+00	2.804579257965087891e+00	2.805040836334228516e+00	2.804522275924682617e+00	2.803032159805297852e+00	2.800300836563110352e+00	2.796465396881103516e+00	2.792202949523925781e+00	2.788892507553100586e+00	2.787917852401733398e+00	2.790003776550292969e+00	2.795227050781250000e+00	2.802526950836181641e+00	2.809424638748168945e+00	2.811939001083374023e+00	2.809538841247558594e+00	2.805970430374145508e+00	2.802709341049194336e+00	2.799180746078491211e+00	2.795451879501342773e+00	2.792264699935913086e+00	2.789849758148193359e+00	2.788079500198364258e+00	2.787372589111328125e+00	2.787788629531860352e+00	2.788684844970703125e+00	2.789569616317749023e+00	2.789768934249877930e+00	2.788784027099609375e+00	2.787415504455566406e+00	2.786070823669433594e+00	2.785043954849243164e+00	2.784472465515136719e+00	2.784533262252807617e+00	2.785682916641235352e+00	2.788038492202758789e+00	2.791189193725585938e+00	2.793998956680297852e+00	2.795702695846557617e+00	2.797155618667602539e+00	2.799931764602661133e+00	2.803772926330566406e+00	2.804767847061157227e+00	2.804954290390014648e+00	2.803356885910034180e+00	2.800299167633056641e+00	2.796429157257080078e+00	2.792229652404785156e+00	2.788393497467041016e+00
2.784910917282104492e+00	2.784625768661499023e+00	2.785214900970458984e+00	2.787135124206542969e+00	2.790320873260498047e+00	2.794771671295166016e+00	2.800397396087646484e+00	2.806907653808593750e+00	2.814129352569580078e+00	2.821141242980957031e+00	2.826546907424926758e+00	2.829507589340209961e+00	2.829259157180786133e+00	2.825687170028686523e+00	2.820131301879882812e+00	2.814781665802001953e+00	2.811153888702392578e+00	2.809401035308837891e+00	2.808397769927978516e+00	2.806944131851196289e+00	2.806385040283203125e+00	2.807186365127563477e+00	2.807128429412841797e+00	2.805027246475219727e+00	2.802658796310424805e+00	2.801140785217285156e+00	2.800282239913940430e+00	2.798937320709228516e+00	2.796633481979370117e+00	2.794055461883544922e+00	2.791731595993041992e+00	2.790144205093383789e+00	2.789821863174438477e+00	2.791042566299438477e+00	2.793889522552490234e+00	2.797772169113159180e+00	2.800129175186157227e+00	2.798490285873413086e+00	2.795243501663208008e+00	2.793144702911376953e+00	2.792202949523925781e+00	2.791728258132934570e+00	2.791492938995361328e+00	2.791468381881713867e+00	2.791831970214843750e+00	2.793006896972656250e+00	2.795331716537475586e+00	2.798695087432861328e+00	2.802803993225097656e+00	2.806683778762817383e+00	2.806379795074462891e+00	2.800467967987060547e+00	2.793577432632446289e+00	2.788489103317260742e+00	2.785468816757202148e+00	2.783612251281738281e+00	2.782006025314331055e+00	2.780861377716064453e+00	2.780721664428710938e+00	2.781748294830322266e+00	2.784080028533935547e+00	2.787483215332031250e+00	2.791895627975463867e+00	2.797020196914672852e+00	2.800620555877685547e+00	2.800610065460205078e+00	2.797090768814086914e+00	2.792932987213134766e+00	2.789394378662109375e+00	2.786919116973876953e+00	2.785774469375610352e+00	2.785374879837036133e+00
2.782462596893310547e+00	2.782884597778320312e+00	2.784236431121826172e+00	2.786584615707397461e+00	2.789155960083007812e+00	2.791713953018188477e+00	2.795552492141723633e+00	2.801579236984252930e+00	2.809195995330810547e+00	2.816855907440185547e+00	2.823067188262939453e+00	2.826758384704589844e+00	2.827234268188476562e+00	2.824759721755981445e+00	2.820809125900268555e+00	2.817313432693481445e+00	2.816004514694213867e+00	2.818128347396850586e+00	2.819110870361328125e+00	2.815538644790649414e+00	2.814018726348876953e+00	2.814125537872314453e+00	2.812700510025024414e+00	2.808662176132202148e+00	2.804092645645141602e+00	2.800704002380371094e+00	2.798801422119140625e+00	2.797322273254394531e+00	2.794967412948608398e+00	2.792021274566650391e+00	2.789701223373413086e+00	2.788917541503906250e+00	2.789922714233398438e+00	2.792091369628906250e+00	2.794762372970581055e+00	2.797948837280273438e+00	2.800330162048339844e+00	2.799600601196289062e+00	2.797032833099365234e+00	2.795376539230346680e+00	2.794893264770507812e+00	2.794350862503051758e+00	2.793340206146240234e+00	2.792500019073486328e+00	2.792440414428710938e+00	2.793524265289306641e+00	2.796056032180786133e+00	2.800334215164184570e+00	2.806440114974975586e+00	2.812630891799926758e+00	2.813148260116577148e+00	2.805393457412719727e+00	2.796396255493164062e+00	2.790344238281250000e+00	2.786448478698730469e+00	2.783714056015014648e+00	2.782073974609375000e+00	2.781180143356323242e+00	2.781173229217529297e+00	2.782180070877075195e+00	2.784025430679321289e+00	2.786558389663696289e+00	2.789857149124145508e+00	2.793848991394042969e+00	2.796777486801147461e+00	2.796323060989379883e+00	2.793649196624755859e+00	2.790759801864624023e+00	2.788353204727172852e+00	2.785991430282592773e+00	2.783844470977783203e+00	2.782688617706298828e+00
2.781519174575805664e+00	2.783129930496215820e+00	2.786449193954467773e+00	2.792029619216918945e+00	2.798045873641967773e+00	2.802329063415527344e+00	2.805890798568725586e+00	2.810279130935668945e+00	2.815344572067260742e+00	2.819853067398071289e+00	2.823293447494506836e+00	2.825285673141479492e+00	2.824944734573364258e+00	2.821935415267944336e+00	2.817096710205078125e+00	2.811942100524902344e+00	2.806719541549682617e+00	2.801003932952880859e+00	2.797401666641235352e+00	2.797224521636962891e+00	2.799950838088989258e+00	2.802872419357299805e+00	2.802480697631835938e+00	2.798926591873168945e+00	2.794974088668823242e+00	2.792395591735839844e+00	2.791856527328491211e+00	2.792665481567382812e+00	2.792987346649169922e+00	2.791679859161376953e+00	2.790125131607055664e+00	2.790033817291259766e+00	2.791357278823852539e+00	2.791767120361328125e+00	2.792468309402465820e+00	2.795272827148437500e+00	2.798038959503173828e+00	2.797912597656250000e+00	2.795881748199462891e+00	2.794620275497436523e+00	2.794305801391601562e+00	2.793875217437744141e+00	2.793066501617431641e+00	2.792759418487548828e+00	2.793660402297973633e+00	2.795224666595458984e+00	2.796954631805419922e+00	2.799811124801635742e+00	2.804610490798950195e+00	2.809421300888061523e+00	2.809489727020263672e+00	2.802437305450439453e+00	2.794384002685546875e+00	2.789119720458984375e+00	2.786385059356689453e+00	2.785313367843627930e+00	2.784813642501831055e+00	2.784193515777587891e+00	2.783733606338500977e+00	2.783868551254272461e+00	2.784440040588378906e+00	2.784979343414306641e+00	2.785421133041381836e+00	2.785742044448852539e+00	2.785376548767089844e+00	2.784327507019042969e+00	2.783357858657836914e+00	2.782999753952026367e+00	2.782748222351074219e+00	2.781939744949340820e+00	2.780958175659179688e+00	2.780772686004638672e+00
2.782576799392700195e+00	2.783982276916503906e+00	2.787250518798828125e+00	2.793354749679565430e+00	2.801836729049682617e+00	2.810819864273071289e+00	2.818262577056884766e+00	2.822935104370117188e+00	2.826396942138671875e+00	2.830555677413940430e+00	2.835398435592651367e+00	2.839564085006713867e+00	2.841021537780761719e+00	2.838251829147338867e+00	2.831453561782836914e+00	2.822358846664428711e+00	2.813021183013916016e+00	2.805068969726562500e+00	2.799358606338500977e+00	2.795697212219238281e+00	2.793239116668701172e+00	2.791677713394165039e+00	2.790882587432861328e+00	2.790698051452636719e+00	2.790462970733642578e+00	2.789421081542968750e+00	2.788214445114135742e+00	2.787408828735351562e+00	2.786680698394775391e+00	2.785519599914550781e+00	2.783918857574462891e+00	2.782470703125000000e+00	2.781989336013793945e+00	2.783069849014282227e+00	2.785850286483764648e+00	2.789655923843383789e+00	2.792853832244873047e+00	2.794564008712768555e+00	2.795429706573486328e+00	2.796528100967407227e+00	2.798278331756591797e+00	2.799907445907592773e+00	2.799863100051879883e+00	2.797694683074951172e+00	2.794876098632812500e+00	2.792846441268920898e+00	2.791995048522949219e+00	2.791808843612670898e+00	2.791465282440185547e+00	2.790482521057128906e+00	2.789053916931152344e+00	2.787568807601928711e+00	2.786011457443237305e+00	2.784465551376342773e+00	2.783498764038085938e+00	2.783465147018432617e+00	2.784443378448486328e+00	2.786332845687866211e+00	2.788897037506103516e+00	2.791422843933105469e+00	2.792788982391357422e+00	2.792123556137084961e+00	2.789813995361328125e+00	2.787254810333251953e+00	2.785119533538818359e+00	2.784207105636596680e+00	2.784862041473388672e+00	2.786254882812500000e+00	2.786832809448242188e+00	2.785231828689575195e+00	2.783259630203247070e+00	2.782341718673706055e+00
2.783371925354003906e+00	2.783425807952880859e+00	2.784764289855957031e+00	2.789128780364990234e+00	2.797149658203125000e+00	2.807731628417968750e+00	2.818113327026367188e+00	2.824902772903442383e+00	2.828789472579956055e+00	2.832385540008544922e+00	2.836133718490600586e+00	2.839030027389526367e+00	2.839631795883178711e+00	2.836904525756835938e+00	2.830985546112060547e+00	2.823165416717529297e+00	2.814917087554931641e+00	2.807171821594238281e+00	2.800207853317260742e+00	2.794343233108520508e+00	2.789903402328491211e+00	2.787763833999633789e+00	2.788259267807006836e+00	2.790468692779541016e+00	2.792371749877929688e+00	2.792443752288818359e+00	2.791037559509277344e+00	2.789411544799804688e+00	2.788175344467163086e+00	2.787069797515869141e+00	2.786081314086914062e+00	2.786588668823242188e+00	2.788589477539062500e+00	2.789438962936401367e+00	2.790104866027832031e+00	2.791818618774414062e+00	2.793815135955810547e+00	2.795771121978759766e+00	2.797667503356933594e+00	2.797305822372436523e+00	2.798499345779418945e+00	2.800481319427490234e+00	2.800827741622924805e+00	2.798848628997802734e+00	2.796162366867065430e+00	2.794337987899780273e+00	2.793898820877075195e+00	2.794412612915039062e+00	2.794326543807983398e+00	2.792576074600219727e+00	2.789855957031250000e+00	2.787181377410888672e+00	2.784952640533447266e+00	2.783046722412109375e+00	2.781447649002075195e+00	2.780730724334716797e+00	2.781680107116699219e+00	2.784777641296386719e+00	2.788681983947753906e+00	2.790669918060302734e+00	2.791980266571044922e+00	2.792217493057250977e+00	2.791071653366088867e+00	2.789416551589965820e+00	2.787852525711059570e+00	2.786263465881347656e+00	2.785030841827392578e+00	2.784462451934814453e+00	2.784301996231079102e+00	2.784027099609375000e+00	2.783683538436889648e+00	2.783490419387817383e+00
2.789326667785644531e+00	2.788646936416625977e+00	2.788217782974243164e+00	2.789601564407348633e+00	2.793044328689575195e+00	2.796819925308227539e+00	2.800438404083251953e+00	2.804897069931030273e+00	2.810628414154052734e+00	2.816920757293701172e+00	2.822512388229370117e+00	2.827130317687988281e+00	2.830958366394042969e+00	2.833168029785156250e+00	2.832767724990844727e+00	2.829561710357666016e+00	2.824254512786865234e+00	2.817595243453979492e+00	2.810465335845947266e+00	2.803990125656127930e+00	2.799205541610717773e+00	2.796614885330200195e+00	2.795934915542602539e+00	2.796388626098632812e+00	2.796916007995605469e+00	2.796681880950927734e+00	2.794628858566284180e+00	2.790986061096191406e+00	2.788698196411132812e+00	2.788063764572143555e+00	2.788897037506103516e+00	2.791711568832397461e+00	2.793730497360229492e+00	2.792475938796997070e+00	2.791471481323242188e+00	2.791768550872802734e+00	2.792422294616699219e+00	2.792304039001464844e+00	2.791495323181152344e+00	2.790961742401123047e+00	2.790912628173828125e+00	2.790443897247314453e+00	2.789688587188720703e+00	2.789366722106933594e+00	2.789313077926635742e+00	2.789755582809448242e+00	2.790897846221923828e+00	2.790592432022094727e+00	2.789285898208618164e+00	2.787640810012817383e+00	2.785845756530761719e+00	2.784589529037475586e+00	2.784206390380859375e+00	2.784698486328125000e+00	2.786580085754394531e+00	2.789334535598754883e+00	2.791374206542968750e+00	2.792708873748779297e+00	2.794210195541381836e+00	2.795667409896850586e+00	2.795556306838989258e+00	2.794207096099853516e+00	2.793544054031372070e+00	2.793372392654418945e+00	2.790680170059204102e+00	2.788098335266113281e+00	2.787194013595581055e+00	2.787206888198852539e+00	2.787131786346435547e+00	2.787306547164916992e+00	2.788083791732788086e+00	2.789079666137695312e+00
2.789092063903808594e+00	2.789870262145996094e+00	2.790504455566406250e+00	2.789712429046630859e+00	2.792602539062500000e+00	2.798738956451416016e+00	2.804624557495117188e+00	2.810251951217651367e+00	2.816598892211914062e+00	2.822819471359252930e+00	2.829057693481445312e+00	2.834644079208374023e+00	2.838300466537475586e+00	2.839433431625366211e+00	2.838165283203125000e+00	2.834508657455444336e+00	2.828763484954833984e+00	2.821825265884399414e+00	2.814989805221557617e+00	2.809476613998413086e+00	2.805649518966674805e+00	2.802820920944213867e+00	2.801095485687255859e+00	2.800757884979248047e+00	2.800933361053466797e+00	2.800159454345703125e+00	2.798093795776367188e+00	2.795836210250854492e+00	2.794168710708618164e+00	2.792936563491821289e+00	2.791957378387451172e+00	2.791338443756103516e+00	2.790985345840454102e+00	2.791152477264404297e+00	2.792386770248413086e+00	2.794369935989379883e+00	2.795659303665161133e+00	2.795338153839111328e+00	2.794372081756591797e+00	2.794027090072631836e+00	2.794535160064697266e+00	2.795401573181152344e+00	2.795967102050781250e+00	2.795773744583129883e+00	2.794839859008789062e+00	2.793658494949340820e+00	2.792493581771850586e+00	2.791153430938720703e+00	2.789396762847900391e+00	2.787329435348510742e+00	2.785556554794311523e+00	2.784607887268066406e+00	2.784494638442993164e+00	2.785325050354003906e+00	2.787056207656860352e+00	2.788946151733398438e+00	2.790836095809936523e+00	2.792884826660156250e+00	2.794929742813110352e+00	2.796104907989501953e+00	2.795466899871826172e+00	2.793068408966064453e+00	2.790326833724975586e+00	2.788589715957641602e+00	2.788154363632202148e+00	2.787720203399658203e+00	2.786433219909667969e+00	2.785176038742065430e+00	2.784281730651855469e+00	2.784116744995117188e+00	2.785311460494995117e+00	2.787515640258789062e+00
2.785636186599731445e+00	2.784296274185180664e+00	2.782999277114868164e+00	2.783547639846801758e+00	2.786594867706298828e+00	2.791982889175415039e+00	2.799029827117919922e+00	2.806856632232666016e+00	2.814678668975830078e+00	2.822154998779296875e+00	2.829852581024169922e+00	2.837230682373046875e+00	2.842654705047607422e+00	2.844833135604858398e+00	2.843028306961059570e+00	2.837407827377319336e+00	2.829912662506103516e+00	2.821716785430908203e+00	2.813431262969970703e+00	2.806153297424316406e+00	2.800832509994506836e+00	2.797845602035522461e+00	2.797156810760498047e+00	2.798243522644042969e+00	2.799718856811523438e+00	2.799557447433471680e+00	2.797469854354858398e+00	2.795184135437011719e+00	2.793518066406250000e+00	2.792404174804687500e+00	2.791926383972167969e+00	2.791087150573730469e+00	2.789018869400024414e+00	2.788320779800415039e+00	2.789966821670532227e+00	2.792945623397827148e+00	2.794981718063354492e+00	2.794625282287597656e+00	2.793115139007568359e+00	2.792345285415649414e+00	2.792804956436157227e+00	2.793631076812744141e+00	2.793588638305664062e+00	2.793041229248046875e+00	2.792631864547729492e+00	2.792150497436523438e+00	2.791276693344116211e+00	2.789912223815917969e+00	2.788059234619140625e+00	2.785919427871704102e+00	2.784061670303344727e+00	2.783102273941040039e+00	2.783196687698364258e+00	2.783945560455322266e+00	2.785092592239379883e+00	2.786813735961914062e+00	2.788842439651489258e+00	2.791032552719116211e+00	2.793240308761596680e+00	2.794808864593505859e+00	2.794423818588256836e+00	2.791450738906860352e+00	2.787661075592041016e+00	2.785270452499389648e+00	2.784571409225463867e+00	2.784153699874877930e+00	2.783796072006225586e+00	2.783393383026123047e+00	2.782701253890991211e+00	2.782430648803710938e+00	2.783403635025024414e+00	2.785126924514770508e+00
2.786404848098754883e+00	2.785421848297119141e+00	2.784131526947021484e+00	2.783786296844482422e+00	2.785123825073242188e+00	2.788011312484741211e+00	2.792147636413574219e+00	2.797380447387695312e+00	2.803629159927368164e+00	2.810820102691650391e+00	2.818657159805297852e+00	2.826294660568237305e+00	2.832702398300170898e+00	2.837114334106445312e+00	2.838886022567749023e+00	2.837448358535766602e+00	2.832305431365966797e+00	2.824374198913574219e+00	2.815441608428955078e+00	2.807239294052124023e+00	2.801477909088134766e+00	2.798843383789062500e+00	2.798439264297485352e+00	2.798612117767333984e+00	2.797673940658569336e+00	2.795038461685180664e+00	2.791324377059936523e+00	2.787949800491333008e+00	2.786584615707397461e+00	2.787165880203247070e+00	2.788590669631958008e+00	2.789152622222900391e+00	2.788804769515991211e+00	2.788602113723754883e+00	2.789583921432495117e+00	2.791879415512084961e+00	2.793423652648925781e+00	2.792542219161987305e+00	2.790123939514160156e+00	2.787796020507812500e+00	2.786318063735961914e+00	2.785666704177856445e+00	2.785814523696899414e+00	2.786891222000122070e+00	2.788625955581665039e+00	2.789938926696777344e+00	2.790657043457031250e+00	2.791616678237915039e+00	2.792343378067016602e+00	2.791754961013793945e+00	2.789820194244384766e+00	2.787475347518920898e+00	2.785608530044555664e+00	2.784846305847167969e+00	2.785336017608642578e+00	2.786741733551025391e+00	2.788490533828735352e+00	2.790242195129394531e+00	2.791902303695678711e+00	2.793138027191162109e+00	2.793104410171508789e+00	2.790763616561889648e+00	2.786902427673339844e+00	2.783475399017333984e+00	2.781449794769287109e+00	2.780963659286499023e+00	2.781578302383422852e+00	2.782552719116210938e+00	2.783509016036987305e+00	2.784478902816772461e+00	2.785458803176879883e+00	2.786293268203735352e+00
2.790364980697631836e+00	2.789428234100341797e+00	2.789107084274291992e+00	2.789464950561523438e+00	2.790394067764282227e+00	2.792515039443969727e+00	2.795851230621337891e+00	2.799993991851806641e+00	2.804366588592529297e+00	2.809506416320800781e+00	2.816686868667602539e+00	2.825506687164306641e+00	2.833930253982543945e+00	2.841554164886474609e+00	2.847865343093872070e+00	2.851669311523437500e+00	2.851897001266479492e+00	2.847442626953125000e+00	2.838254451751708984e+00	2.828911066055297852e+00	2.822212457656860352e+00	2.818480491638183594e+00	2.817107915878295898e+00	2.816365242004394531e+00	2.813327550888061523e+00	2.807253360748291016e+00	2.800717592239379883e+00	2.795934915542602539e+00	2.793869018554687500e+00	2.794553041458129883e+00	2.796813011169433594e+00	2.798321247100830078e+00	2.797375679016113281e+00	2.795349836349487305e+00	2.794222593307495117e+00	2.794573783874511719e+00	2.794955253601074219e+00	2.793739080429077148e+00	2.791623592376708984e+00	2.790157794952392578e+00	2.789993286132812500e+00	2.790941476821899414e+00	2.792674303054809570e+00	2.794047832489013672e+00	2.793941259384155273e+00	2.793418169021606445e+00	2.792899847030639648e+00	2.792426347732543945e+00	2.791911125183105469e+00	2.791402101516723633e+00	2.790942192077636719e+00	2.790642261505126953e+00	2.790794610977172852e+00	2.791828632354736328e+00	2.793775320053100586e+00	2.796163320541381836e+00	2.798347949981689453e+00	2.799904823303222656e+00	2.801292419433593750e+00	2.802773237228393555e+00	2.803180694580078125e+00	2.801274776458740234e+00	2.797630548477172852e+00	2.793463706970214844e+00	2.789451360702514648e+00	2.786547183990478516e+00	2.785437345504760742e+00	2.785843610763549805e+00	2.787137031555175781e+00	2.788742542266845703e+00	2.790156602859497070e+00	2.790802001953125000e+00
2.793388843536376953e+00	2.792352914810180664e+00	2.791682243347167969e+00	2.791921854019165039e+00	2.792664289474487305e+00	2.794440746307373047e+00	2.797776699066162109e+00	2.802004575729370117e+00	2.805708646774291992e+00	2.809335470199584961e+00	2.814627647399902344e+00	2.822057485580444336e+00	2.830589056015014648e+00	2.838988065719604492e+00	2.846170186996459961e+00	2.851242065429687500e+00	2.854199647903442383e+00	2.853194952011108398e+00	2.843130350112915039e+00	2.832430839538574219e+00	2.825055837631225586e+00	2.820658683776855469e+00	2.818570852279663086e+00	2.817463636398315430e+00	2.814621686935424805e+00	2.809295415878295898e+00	2.802860975265502930e+00	2.797888278961181641e+00	2.795652866363525391e+00	2.795884609222412109e+00	2.797597646713256836e+00	2.799395799636840820e+00	2.799811840057373047e+00	2.798622131347656250e+00	2.796782732009887695e+00	2.795563697814941406e+00	2.794599294662475586e+00	2.792938947677612305e+00	2.790992498397827148e+00	2.789971590042114258e+00	2.790408134460449219e+00	2.791800022125244141e+00	2.793352365493774414e+00	2.794687747955322266e+00	2.795323848724365234e+00	2.795093297958374023e+00	2.794316530227661133e+00	2.793360233306884766e+00	2.792491436004638672e+00	2.791804790496826172e+00	2.791354179382324219e+00	2.791181087493896484e+00	2.791486501693725586e+00	2.792755603790283203e+00	2.795222759246826172e+00	2.798426151275634766e+00	2.801337718963623047e+00	2.803482294082641602e+00	2.805622816085815430e+00	2.807838439941406250e+00	2.808342456817626953e+00	2.806034803390502930e+00	2.802303314208984375e+00	2.798652172088623047e+00	2.795226573944091797e+00	2.791742324829101562e+00	2.789125204086303711e+00	2.788330554962158203e+00	2.789041519165039062e+00	2.790560960769653320e+00	2.792308807373046875e+00	2.793494462966918945e+00
2.793538331985473633e+00	2.791153669357299805e+00	2.788398265838623047e+00	2.787058353424072266e+00	2.788281679153442383e+00	2.792365074157714844e+00	2.798573732376098633e+00	2.805586814880371094e+00	2.811519861221313477e+00	2.814697980880737305e+00	2.816558122634887695e+00	2.819875955581665039e+00	2.825359106063842773e+00	2.832421302795410156e+00	2.840148925781250000e+00	2.847333908081054688e+00	2.852609872817993164e+00	2.854729175567626953e+00	2.851999282836914062e+00	2.842087984085083008e+00	2.828376293182373047e+00	2.816690921783447266e+00	2.809478998184204102e+00	2.806455850601196289e+00	2.805403470993041992e+00	2.803509712219238281e+00	2.799760580062866211e+00	2.795647621154785156e+00	2.792266130447387695e+00	2.789963483810424805e+00	2.788974046707153320e+00	2.788894176483154297e+00	2.789031028747558594e+00	2.789422273635864258e+00	2.790741443634033203e+00	2.792919635772705078e+00	2.795160531997680664e+00	2.796547889709472656e+00	2.797130346298217773e+00	2.797482728958129883e+00	2.798423051834106445e+00	2.799563169479370117e+00	2.800100564956665039e+00	2.799490451812744141e+00	2.797469139099121094e+00	2.794718265533447266e+00	2.792380094528198242e+00	2.790754795074462891e+00	2.789793729782104492e+00	2.789423942565917969e+00	2.789601564407348633e+00	2.790433883666992188e+00	2.792274951934814453e+00	2.795293092727661133e+00	2.798578739166259766e+00	2.800688743591308594e+00	2.801442146301269531e+00	2.801521062850952148e+00	2.801634550094604492e+00	2.801214456558227539e+00	2.799180984497070312e+00	2.796059370040893555e+00	2.793953180313110352e+00	2.794255733489990234e+00	2.795742750167846680e+00	2.795110940933227539e+00	2.792469739913940430e+00	2.790257692337036133e+00	2.789578676223754883e+00	2.790556669235229492e+00	2.792478084564208984e+00	2.793950796127319336e+00
2.793155670166015625e+00	2.792045116424560547e+00	2.791129589080810547e+00	2.791606426239013672e+00	2.792163133621215820e+00	2.791754961013793945e+00	2.793472290039062500e+00	2.797461986541748047e+00	2.801280021667480469e+00	2.803319931030273438e+00	2.804581165313720703e+00	2.807159185409545898e+00	2.811697959899902344e+00	2.818149328231811523e+00	2.826564311981201172e+00	2.836424827575683594e+00	2.845566511154174805e+00	2.850717782974243164e+00	2.851002931594848633e+00	2.847619295120239258e+00	2.841537714004516602e+00	2.834915399551391602e+00	2.829303264617919922e+00	2.824959516525268555e+00	2.821041345596313477e+00	2.815800189971923828e+00	2.809004068374633789e+00	2.802909851074218750e+00	2.799610137939453125e+00	2.799680709838867188e+00	2.801984548568725586e+00	2.803132057189941406e+00	2.800721168518066406e+00	2.798022508621215820e+00	2.796730279922485352e+00	2.796847820281982422e+00	2.797174692153930664e+00	2.796187877655029297e+00	2.794376134872436523e+00	2.793296098709106445e+00	2.793365716934204102e+00	2.794358491897583008e+00	2.795878171920776367e+00	2.797542333602905273e+00	2.798499584197998047e+00	2.795499563217163086e+00	2.791357994079589844e+00	2.789315223693847656e+00	2.788940429687500000e+00	2.789439678192138672e+00	2.790336370468139648e+00	2.791540145874023438e+00	2.793576002120971680e+00	2.797029018402099609e+00	2.800671815872192383e+00	2.801759243011474609e+00	2.800751686096191406e+00	2.800134181976318359e+00	2.800912380218505859e+00	2.801985025405883789e+00	2.801713466644287109e+00	2.799799442291259766e+00	2.797563314437866211e+00	2.796348094940185547e+00	2.796331167221069336e+00	2.796719789505004883e+00	2.796596288681030273e+00	2.794775724411010742e+00	2.792088270187377930e+00	2.791227579116821289e+00	2.792029857635498047e+00	2.793151378631591797e+00
2.793468713760375977e+00	2.792659997940063477e+00	2.792739629745483398e+00	2.793850660324096680e+00	2.793793439865112305e+00	2.792379617691040039e+00	2.792804002761840820e+00	2.795277595520019531e+00	2.798484086990356445e+00	2.801457405090332031e+00	2.804553270339965820e+00	2.808638572692871094e+00	2.813519954681396484e+00	2.819304943084716797e+00	2.826933622360229492e+00	2.836185216903686523e+00	2.844763278961181641e+00	2.849663734436035156e+00	2.850420236587524414e+00	2.848088979721069336e+00	2.843254089355468750e+00	2.837361812591552734e+00	2.831886053085327148e+00	2.827410221099853516e+00	2.823300123214721680e+00	2.817865848541259766e+00	2.811035156250000000e+00	2.804770708084106445e+00	2.800923824310302734e+00	2.800046205520629883e+00	2.801097393035888672e+00	2.801513910293579102e+00	2.799715042114257812e+00	2.797502994537353516e+00	2.796680688858032227e+00	2.797271251678466797e+00	2.797806739807128906e+00	2.796699762344360352e+00	2.794281244277954102e+00	2.792168378829956055e+00	2.791365623474121094e+00	2.791899442672729492e+00	2.793341159820556641e+00	2.795479536056518555e+00	2.797401428222656250e+00	2.795426845550537109e+00	2.792125940322875977e+00	2.791144847869873047e+00	2.791846275329589844e+00	2.792530536651611328e+00	2.792576789855957031e+00	2.792643785476684570e+00	2.793619394302368164e+00	2.796072006225585938e+00	2.798928976058959961e+00	2.799605369567871094e+00	2.798809289932250977e+00	2.798881292343139648e+00	2.800333976745605469e+00	2.801962614059448242e+00	2.801991462707519531e+00	2.799850702285766602e+00	2.796900987625122070e+00	2.794866323471069336e+00	2.794506072998046875e+00	2.795334100723266602e+00	2.796006917953491211e+00	2.795346021652221680e+00	2.794021844863891602e+00	2.793297052383422852e+00	2.793466567993164062e+00	2.793843269348144531e+00
2.783625125885009766e+00	2.780735015869140625e+00	2.778846502304077148e+00	2.778211355209350586e+00	2.778511524200439453e+00	2.779428720474243164e+00	2.780805587768554688e+00	2.782772541046142578e+00	2.785342693328857422e+00	2.788203239440917969e+00	2.791248798370361328e+00	2.794403791427612305e+00	2.797613859176635742e+00	2.801572561264038086e+00	2.806592702865600586e+00	2.812259674072265625e+00	2.817196846008300781e+00	2.820159435272216797e+00	2.820204973220825195e+00	2.817071437835693359e+00	2.812896966934204102e+00	2.809460639953613281e+00	2.807338476181030273e+00	2.806739568710327148e+00	2.807009696960449219e+00	2.806767702102661133e+00	2.805517435073852539e+00	2.803985118865966797e+00	2.801804065704345703e+00	2.798174619674682617e+00	2.793632984161376953e+00	2.789176225662231445e+00	2.785936594009399414e+00	2.784350872039794922e+00	2.784276247024536133e+00	2.785000085830688477e+00	2.785716295242309570e+00	2.786067247390747070e+00	2.785855531692504883e+00	2.784482002258300781e+00	2.782897472381591797e+00	2.782387018203735352e+00	2.783008575439453125e+00	2.784183979034423828e+00	2.785330057144165039e+00	2.786444187164306641e+00	2.787822961807250977e+00	2.789117097854614258e+00	2.789201974868774414e+00	2.787875652313232422e+00	2.786161899566650391e+00	2.785306453704833984e+00	2.785728216171264648e+00	2.787217855453491211e+00	2.788863658905029297e+00	2.789662837982177734e+00	2.789418697357177734e+00	2.789203643798828125e+00	2.789548397064208984e+00	2.789869070053100586e+00	2.789403438568115234e+00	2.788284540176391602e+00	2.787172317504882812e+00	2.786523818969726562e+00	2.786829948425292969e+00	2.788419723510742188e+00	2.790922164916992188e+00	2.792828559875488281e+00	2.792602539062500000e+00	2.790874004364013672e+00	2.788873434066772461e+00	2.786556482315063477e+00
2.784594297409057617e+00	2.779206275939941406e+00	2.775490045547485352e+00	2.773730754852294922e+00	2.773479223251342773e+00	2.774291038513183594e+00	2.775928974151611328e+00	2.778289079666137695e+00	2.781289339065551758e+00	2.785052776336669922e+00	2.789649724960327148e+00	2.795094490051269531e+00	2.801764726638793945e+00	2.810274124145507812e+00	2.820797443389892578e+00	2.832909345626831055e+00	2.845103025436401367e+00	2.853893756866455078e+00	2.856147050857543945e+00	2.852330684661865234e+00	2.845570325851440430e+00	2.837871551513671875e+00	2.830714464187622070e+00	2.825760841369628906e+00	2.822452783584594727e+00	2.818418502807617188e+00	2.812734127044677734e+00	2.806925535202026367e+00	2.802796840667724609e+00	2.800650835037231445e+00	2.799283027648925781e+00	2.796860456466674805e+00	2.792779684066772461e+00	2.788435459136962891e+00	2.785431385040283203e+00	2.784404039382934570e+00	2.784604072570800781e+00	2.785014867782592773e+00	2.785036087036132812e+00	2.784228563308715820e+00	2.782906770706176758e+00	2.781839370727539062e+00	2.781340599060058594e+00	2.780233860015869141e+00	2.779637813568115234e+00	2.780356884002685547e+00	2.781795024871826172e+00	2.783449649810791016e+00	2.785031080245971680e+00	2.786550045013427734e+00	2.788413286209106445e+00	2.791222095489501953e+00	2.795137166976928711e+00	2.799043416976928711e+00	2.800664424896240234e+00	2.798721790313720703e+00	2.795111894607543945e+00	2.792084217071533203e+00	2.790137052536010742e+00	2.788572072982788086e+00	2.786761522293090820e+00	2.784656047821044922e+00	2.782995700836181641e+00	2.782956600189208984e+00	2.785091876983642578e+00	2.788878202438354492e+00	2.792716264724731445e+00	2.795515060424804688e+00	2.796989917755126953e+00	2.796746492385864258e+00	2.794425725936889648e+00	2.790157556533813477e+00
2.790010452270507812e+00	2.784661293029785156e+00	2.779549360275268555e+00	2.775922298431396484e+00	2.774071216583251953e+00	2.773745536804199219e+00	2.774700164794921875e+00	2.776834249496459961e+00	2.780159950256347656e+00	2.784504652023315430e+00	2.789448738098144531e+00	2.794778108596801758e+00	2.801019668579101562e+00	2.808928251266479492e+00	2.818660259246826172e+00	2.829847335815429688e+00	2.841061592102050781e+00	2.849410533905029297e+00	2.852726221084594727e+00	2.851420164108276367e+00	2.846631765365600586e+00	2.839375019073486328e+00	2.833087921142578125e+00	2.829200744628906250e+00	2.825185775756835938e+00	2.818778991699218750e+00	2.810768604278564453e+00	2.803154230117797852e+00	2.798137426376342773e+00	2.796416282653808594e+00	2.796996593475341797e+00	2.797866582870483398e+00	2.795777797698974609e+00	2.791310548782348633e+00	2.787796258926391602e+00	2.785955667495727539e+00	2.785244464874267578e+00	2.784891843795776367e+00	2.784525871276855469e+00	2.783909320831298828e+00	2.782858371734619141e+00	2.781581163406372070e+00	2.780460357666015625e+00	2.779762268066406250e+00	2.779826164245605469e+00	2.780994176864624023e+00	2.783323049545288086e+00	2.786509513854980469e+00	2.789938211441040039e+00	2.792799711227416992e+00	2.794790983200073242e+00	2.796554088592529297e+00	2.798450946807861328e+00	2.799708843231201172e+00	2.799118518829345703e+00	2.796261787414550781e+00	2.792471647262573242e+00	2.789630413055419922e+00	2.788219451904296875e+00	2.787627458572387695e+00	2.786887645721435547e+00	2.785561084747314453e+00	2.784440040588378906e+00	2.784927368164062500e+00	2.787784099578857422e+00	2.792113780975341797e+00	2.796031236648559570e+00	2.798726558685302734e+00	2.800271511077880859e+00	2.800430774688720703e+00	2.798567533493041992e+00	2.794789552688598633e+00
2.785290956497192383e+00	2.782011508941650391e+00	2.779192686080932617e+00	2.777627468109130859e+00	2.777343034744262695e+00	2.777738571166992188e+00	2.778461933135986328e+00	2.779453277587890625e+00	2.781219005584716797e+00	2.784088611602783203e+00	2.787613630294799805e+00	2.791229724884033203e+00	2.795024871826171875e+00	2.799702405929565430e+00	2.805837392807006836e+00	2.812921285629272461e+00	2.820220947265625000e+00	2.827389955520629883e+00	2.833056449890136719e+00	2.835126399993896484e+00	2.831950426101684570e+00	2.825718641281127930e+00	2.820349693298339844e+00	2.817162990570068359e+00	2.813234329223632812e+00	2.807431697845458984e+00	2.800957918167114258e+00	2.795297861099243164e+00	2.791728258132934570e+00	2.790563344955444336e+00	2.790980577468872070e+00	2.791594266891479492e+00	2.791270971298217773e+00	2.789532423019409180e+00	2.787036418914794922e+00	2.785648345947265625e+00	2.785491466522216797e+00	2.785475969314575195e+00	2.784801006317138672e+00	2.783425569534301758e+00	2.782029628753662109e+00	2.781264781951904297e+00	2.781204938888549805e+00	2.781388282775878906e+00	2.781595230102539062e+00	2.782365322113037109e+00	2.784106969833374023e+00	2.786796808242797852e+00	2.789800643920898438e+00	2.792099237442016602e+00	2.793346405029296875e+00	2.794080257415771484e+00	2.794326066970825195e+00	2.793694019317626953e+00	2.792260646820068359e+00	2.789960145950317383e+00	2.787397146224975586e+00	2.786071538925170898e+00	2.786034107208251953e+00	2.785886764526367188e+00	2.785301208496093750e+00	2.784870147705078125e+00	2.785347223281860352e+00	2.787388324737548828e+00	2.790614843368530273e+00	2.793654203414916992e+00	2.795515298843383789e+00	2.796224117279052734e+00	2.795623779296875000e+00	2.793742418289184570e+00	2.791162967681884766e+00	2.788343667984008789e+00
2.794771671295166016e+00	2.793291091918945312e+00	2.789066553115844727e+00	2.783626317977905273e+00	2.779973030090332031e+00	2.777776718139648438e+00	2.776748180389404297e+00	2.776924848556518555e+00	2.778055906295776367e+00	2.779795885086059570e+00	2.782564163208007812e+00	2.786335468292236328e+00	2.790742635726928711e+00	2.796022176742553711e+00	2.802856683731079102e+00	2.811551570892333984e+00	2.821335315704345703e+00	2.830062627792358398e+00	2.836305856704711914e+00	2.840226888656616211e+00	2.842504262924194336e+00	2.844034194946289062e+00	2.844427347183227539e+00	2.840497255325317383e+00	2.832737684249877930e+00	2.823115825653076172e+00	2.813790798187255859e+00	2.806166887283325195e+00	2.800462484359741211e+00	2.795876502990722656e+00	2.791680097579956055e+00	2.788391590118408203e+00	2.786331653594970703e+00	2.785384178161621094e+00	2.785713195800781250e+00	2.787113666534423828e+00	2.788608312606811523e+00	2.789448261260986328e+00	2.789793252944946289e+00	2.789998769760131836e+00	2.790002107620239258e+00	2.789898395538330078e+00	2.789937257766723633e+00	2.789927482604980469e+00	2.789413690567016602e+00	2.789020538330078125e+00	2.789813756942749023e+00	2.792278289794921875e+00	2.796020984649658203e+00	2.799556732177734375e+00	2.800692319869995117e+00	2.799832344055175781e+00	2.799819231033325195e+00	2.800851821899414062e+00	2.801523208618164062e+00	2.800868034362792969e+00	2.799205303192138672e+00	2.797364711761474609e+00	2.795976400375366211e+00	2.794966936111450195e+00	2.793600797653198242e+00	2.791690111160278320e+00	2.789897918701171875e+00	2.789080858230590820e+00	2.789521217346191406e+00	2.790497779846191406e+00	2.792270660400390625e+00	2.794674873352050781e+00	2.796529054641723633e+00	2.797178745269775391e+00	2.796727657318115234e+00	2.795901536941528320e+00
2.794218540191650391e+00	2.792177915573120117e+00	2.789460659027099609e+00	2.784137964248657227e+00	2.781135320663452148e+00	2.779506206512451172e+00	2.778324127197265625e+00	2.777617931365966797e+00	2.777753829956054688e+00	2.779267787933349609e+00	2.782265663146972656e+00	2.786348104476928711e+00	2.790933847427368164e+00	2.796009302139282227e+00	2.802258491516113281e+00	2.810067653656005859e+00	2.819014310836791992e+00	2.827722072601318359e+00	2.834388494491577148e+00	2.838227748870849609e+00	2.839990854263305664e+00	2.840810537338256836e+00	2.840679645538330078e+00	2.838330984115600586e+00	2.832873821258544922e+00	2.823857307434082031e+00	2.814521074295043945e+00	2.806656599044799805e+00	2.800272464752197266e+00	2.794671297073364258e+00	2.789853811264038086e+00	2.786504745483398438e+00	2.784955263137817383e+00	2.784724712371826172e+00	2.785504817962646484e+00	2.787068367004394531e+00	2.788510799407958984e+00	2.789156675338745117e+00	2.789410829544067383e+00	2.789678812026977539e+00	2.789635896682739258e+00	2.789431571960449219e+00	2.789578437805175781e+00	2.789749383926391602e+00	2.788974761962890625e+00	2.788074731826782227e+00	2.788496732711791992e+00	2.790586471557617188e+00	2.793439626693725586e+00	2.795125246047973633e+00	2.795387744903564453e+00	2.795389890670776367e+00	2.796488761901855469e+00	2.798204898834228516e+00	2.799098253250122070e+00	2.798622369766235352e+00	2.797433614730834961e+00	2.796498537063598633e+00	2.795978307723999023e+00	2.795376539230346680e+00	2.794111251831054688e+00	2.792305231094360352e+00	2.790640830993652344e+00	2.789570331573486328e+00	2.789608478546142578e+00	2.791182994842529297e+00	2.794272661209106445e+00	2.797844886779785156e+00	2.799727678298950195e+00	2.799046277999877930e+00	2.797472000122070312e+00	2.796068668365478516e+00
2.792481899261474609e+00	2.787541389465332031e+00	2.781676054000854492e+00	2.776598930358886719e+00	2.773240804672241211e+00	2.771433830261230469e+00	2.771536350250244141e+00	2.773530006408691406e+00	2.776823759078979492e+00	2.780191421508789062e+00	2.783141374588012695e+00	2.786242246627807617e+00	2.789467096328735352e+00	2.792853116989135742e+00	2.796873092651367188e+00	2.802054643630981445e+00	2.807424783706665039e+00	2.811157226562500000e+00	2.813709259033203125e+00	2.815283298492431641e+00	2.815480709075927734e+00	2.814841985702514648e+00	2.814905643463134766e+00	2.815572023391723633e+00	2.815035820007324219e+00	2.812268018722534180e+00	2.807944059371948242e+00	2.803066492080688477e+00	2.797060966491699219e+00	2.790429830551147461e+00	2.784783840179443359e+00	2.781077146530151367e+00	2.779997348785400391e+00	2.781829833984375000e+00	2.784960269927978516e+00	2.786684989929199219e+00	2.787930727005004883e+00	2.788369655609130859e+00	2.787799835205078125e+00	2.786589860916137695e+00	2.785161018371582031e+00	2.783959627151489258e+00	2.783635616302490234e+00	2.784435510635375977e+00	2.785626173019409180e+00	2.786563873291015625e+00	2.788223505020141602e+00	2.790301322937011719e+00	2.792186021804809570e+00	2.793011903762817383e+00	2.791375398635864258e+00	2.789119482040405273e+00	2.787892818450927734e+00	2.787105083465576172e+00	2.786516666412353516e+00	2.786365747451782227e+00	2.786805391311645508e+00	2.787822246551513672e+00	2.789156436920166016e+00	2.790332078933715820e+00	2.790713071823120117e+00	2.790181636810302734e+00	2.789348840713500977e+00	2.788919210433959961e+00	2.789241552352905273e+00	2.791289806365966797e+00	2.795216560363769531e+00	2.799678325653076172e+00	2.802386045455932617e+00	2.801832914352416992e+00	2.799099445343017578e+00	2.796139240264892578e+00
2.797027826309204102e+00	2.794257640838623047e+00	2.792334318161010742e+00	2.792525053024291992e+00	2.793910503387451172e+00	2.791931867599487305e+00	2.786219358444213867e+00	2.781713962554931641e+00	2.779321193695068359e+00	2.778789043426513672e+00	2.780059337615966797e+00	2.782853603363037109e+00	2.786573171615600586e+00	2.790931701660156250e+00	2.796245336532592773e+00	2.803293466567993164e+00	2.812679290771484375e+00	2.823826313018798828e+00	2.835430383682250977e+00	2.846195459365844727e+00	2.855269670486450195e+00	2.862169265747070312e+00	2.865475177764892578e+00	2.863293170928955078e+00	2.854576826095581055e+00	2.841888904571533203e+00	2.828733682632446289e+00	2.817342281341552734e+00	2.807632446289062500e+00	2.799458742141723633e+00	2.793139457702636719e+00	2.788518428802490234e+00	2.785815477371215820e+00	2.785080432891845703e+00	2.785615682601928711e+00	2.786618709564208984e+00	2.787284851074218750e+00	2.787098884582519531e+00	2.786121368408203125e+00	2.784519910812377930e+00	2.782564401626586914e+00	2.780642271041870117e+00	2.779325723648071289e+00	2.779502630233764648e+00	2.781931161880493164e+00	2.785342693328857422e+00	2.789057731628417969e+00	2.794571638107299805e+00	2.800369501113891602e+00	2.803550243377685547e+00	2.803034782409667969e+00	2.801566362380981445e+00	2.801090955734252930e+00	2.801573991775512695e+00	2.801694631576538086e+00	2.800730228424072266e+00	2.799401998519897461e+00	2.798055171966552734e+00	2.796943426132202148e+00	2.796380996704101562e+00	2.796140909194946289e+00	2.795499801635742188e+00	2.794108390808105469e+00	2.792448520660400391e+00	2.791517257690429688e+00	2.792016744613647461e+00	2.793892145156860352e+00	2.796307563781738281e+00	2.798061370849609375e+00	2.798784017562866211e+00	2.799033403396606445e+00	2.798758029937744141e+00
2.797128677368164062e+00	2.796006202697753906e+00	2.797169446945190430e+00	2.801018714904785156e+00	2.803822755813598633e+00	2.800739765167236328e+00	2.792012691497802734e+00	2.784310579299926758e+00	2.780854225158691406e+00	2.780822753906250000e+00	2.782918453216552734e+00	2.785959959030151367e+00	2.789304018020629883e+00	2.792743444442749023e+00	2.796745538711547852e+00	2.802505970001220703e+00	2.810820102691650391e+00	2.821382045745849609e+00	2.833201885223388672e+00	2.845112085342407227e+00	2.856288909912109375e+00	2.865904808044433594e+00	2.871179819107055664e+00	2.870205402374267578e+00	2.862558126449584961e+00	2.849441289901733398e+00	2.835098266601562500e+00	2.822349548339843750e+00	2.811686515808105469e+00	2.803218841552734375e+00	2.796569824218750000e+00	2.791561126708984375e+00	2.788366556167602539e+00	2.787006855010986328e+00	2.787309408187866211e+00	2.788772106170654297e+00	2.790290832519531250e+00	2.790824890136718750e+00	2.790289163589477539e+00	2.789331674575805664e+00	2.788609504699707031e+00	2.787758827209472656e+00	2.786648273468017578e+00	2.786465883255004883e+00	2.787650585174560547e+00	2.788535594940185547e+00	2.789731025695800781e+00	2.793257951736450195e+00	2.797828197479248047e+00	2.801085948944091797e+00	2.802067518234252930e+00	2.801804542541503906e+00	2.801387786865234375e+00	2.801165819168090820e+00	2.801255941390991211e+00	2.801875591278076172e+00	2.802803754806518555e+00	2.802969217300415039e+00	2.801658630371093750e+00	2.799651145935058594e+00	2.797935485839843750e+00	2.796518325805664062e+00	2.795092344284057617e+00	2.793320894241333008e+00	2.792245149612426758e+00	2.792560338973999023e+00	2.794068574905395508e+00	2.796025276184082031e+00	2.797548532485961914e+00	2.798228740692138672e+00	2.798326015472412109e+00	2.798124074935913086e+00
2.797926902770996094e+00	2.797966480255126953e+00	2.800297498703002930e+00	2.802536964416503906e+00	2.802502155303955078e+00	2.797500371932983398e+00	2.789064168930053711e+00	2.782490015029907227e+00	2.779480695724487305e+00	2.779678344726562500e+00	2.781927824020385742e+00	2.785143613815307617e+00	2.788489818572998047e+00	2.791345119476318359e+00	2.794018745422363281e+00	2.797701120376586914e+00	2.803631305694580078e+00	2.812515497207641602e+00	2.823868274688720703e+00	2.835428953170776367e+00	2.845481634140014648e+00	2.854435920715332031e+00	2.861222028732299805e+00	2.860858917236328125e+00	2.855131626129150391e+00	2.846601963043212891e+00	2.835938930511474609e+00	2.825378656387329102e+00	2.816409111022949219e+00	2.808850526809692383e+00	2.801849365234375000e+00	2.795335292816162109e+00	2.790624856948852539e+00	2.788704872131347656e+00	2.789012432098388672e+00	2.790184736251831055e+00	2.791331768035888672e+00	2.791708946228027344e+00	2.791468143463134766e+00	2.790899038314819336e+00	2.790082454681396484e+00	2.788969993591308594e+00	2.787611722946166992e+00	2.787060499191284180e+00	2.787855863571166992e+00	2.788934707641601562e+00	2.791062593460083008e+00	2.794447660446166992e+00	2.798059463500976562e+00	2.799817562103271484e+00	2.798972845077514648e+00	2.797495365142822266e+00	2.796724557876586914e+00	2.796173810958862305e+00	2.795893669128417969e+00	2.796877384185791016e+00	2.798846006393432617e+00	2.800277471542358398e+00	2.800120353698730469e+00	2.798851251602172852e+00	2.797119617462158203e+00	2.794958829879760742e+00	2.792648077011108398e+00	2.790785312652587891e+00	2.789864063262939453e+00	2.790508270263671875e+00	2.792714357376098633e+00	2.795294046401977539e+00	2.796949386596679688e+00	2.797835350036621094e+00	2.798436164855957031e+00	2.798410654067993164e+00
2.795532464981079102e+00	2.799756765365600586e+00	2.805251121520996094e+00	2.811571598052978516e+00	2.815804719924926758e+00	2.812933444976806641e+00	2.803580284118652344e+00	2.793394088745117188e+00	2.786306381225585938e+00	2.783332109451293945e+00	2.784011602401733398e+00	2.787131309509277344e+00	2.790838241577148438e+00	2.793548345565795898e+00	2.795214176177978516e+00	2.797159194946289062e+00	2.800887584686279297e+00	2.807347059249877930e+00	2.816568851470947266e+00	2.827395200729370117e+00	2.837709665298461914e+00	2.845776796340942383e+00	2.850938320159912109e+00	2.851670026779174805e+00	2.847217321395874023e+00	2.839370489120483398e+00	2.830725908279418945e+00	2.823397636413574219e+00	2.817079067230224609e+00	2.811041116714477539e+00	2.804797649383544922e+00	2.798782348632812500e+00	2.794024467468261719e+00	2.791074514389038086e+00	2.789952754974365234e+00	2.790292739868164062e+00	2.791669607162475586e+00	2.793480873107910156e+00	2.795188188552856445e+00	2.796725988388061523e+00	2.797937393188476562e+00	2.798942565917968750e+00	2.800733327865600586e+00	2.804314851760864258e+00	2.809752702713012695e+00	2.816532135009765625e+00	2.822617292404174805e+00	2.822962284088134766e+00	2.815683364868164062e+00	2.805858373641967773e+00	2.797513246536254883e+00	2.791884183883666992e+00	2.788904190063476562e+00	2.788357496261596680e+00	2.790222883224487305e+00	2.794118165969848633e+00	2.798499584197998047e+00	2.801378250122070312e+00	2.802194118499755859e+00	2.801919460296630859e+00	2.800966739654541016e+00	2.799209833145141602e+00	2.797110557556152344e+00	2.795580148696899414e+00	2.795181989669799805e+00	2.795931816101074219e+00	2.797255992889404297e+00	2.798016309738159180e+00	2.797299385070800781e+00	2.795404195785522461e+00	2.793583869934082031e+00	2.793345212936401367e+00
2.797018289566040039e+00	2.801182270050048828e+00	2.805496215820312500e+00	2.809757471084594727e+00	2.812245845794677734e+00	2.809115171432495117e+00	2.800591707229614258e+00	2.791594743728637695e+00	2.785802125930786133e+00	2.783952236175537109e+00	2.785239458084106445e+00	2.788467884063720703e+00	2.792000532150268555e+00	2.794431209564208984e+00	2.795997381210327148e+00	2.798180818557739258e+00	2.802274703979492188e+00	2.809028148651123047e+00	2.818281412124633789e+00	2.828758716583251953e+00	2.838555335998535156e+00	2.846724748611450195e+00	2.852503776550292969e+00	2.853096008300781250e+00	2.847102880477905273e+00	2.837515115737915039e+00	2.827752590179443359e+00	2.819566249847412109e+00	2.812843084335327148e+00	2.807248592376708984e+00	2.802455425262451172e+00	2.798393249511718750e+00	2.795079231262207031e+00	2.792671442031860352e+00	2.791424036026000977e+00	2.791019201278686523e+00	2.791230916976928711e+00	2.792163133621215820e+00	2.793672323226928711e+00	2.795356512069702148e+00	2.796491146087646484e+00	2.797499656677246094e+00	2.799560308456420898e+00	2.803128480911254883e+00	2.808038949966430664e+00	2.814449071884155273e+00	2.820083856582641602e+00	2.819170475006103516e+00	2.813099622726440430e+00	2.805226087570190430e+00	2.798091411590576172e+00	2.792737007141113281e+00	2.789702177047729492e+00	2.789256811141967773e+00	2.790868043899536133e+00	2.793011665344238281e+00	2.795355558395385742e+00	2.797924995422363281e+00	2.799862384796142578e+00	2.801179409027099609e+00	2.802102804183959961e+00	2.802436828613281250e+00	2.802067279815673828e+00	2.801086664199829102e+00	2.799919128417968750e+00	2.799281597137451172e+00	2.799328565597534180e+00	2.799394845962524414e+00	2.798822164535522461e+00	2.797429084777832031e+00	2.795517444610595703e+00	2.794872045516967773e+00
2.800091981887817383e+00	2.803149461746215820e+00	2.806331396102905273e+00	2.808996677398681641e+00	2.810669422149658203e+00	2.808740854263305664e+00	2.802511692047119141e+00	2.795135974884033203e+00	2.789457559585571289e+00	2.787441015243530273e+00	2.788580179214477539e+00	2.791285514831542969e+00	2.794365167617797852e+00	2.796219587326049805e+00	2.795858621597290039e+00	2.795100688934326172e+00	2.796178579330444336e+00	2.800231218338012695e+00	2.807855844497680664e+00	2.819033861160278320e+00	2.832907676696777344e+00	2.848016262054443359e+00	2.862426280975341797e+00	2.872719526290893555e+00	2.873742580413818359e+00	2.864377260208129883e+00	2.849651098251342773e+00	2.834532737731933594e+00	2.821451663970947266e+00	2.811020374298095703e+00	2.803011894226074219e+00	2.797098636627197266e+00	2.793076753616333008e+00	2.790792226791381836e+00	2.789592266082763672e+00	2.788369894027709961e+00	2.787070989608764648e+00	2.786369085311889648e+00	2.786739587783813477e+00	2.788494348526000977e+00	2.791408538818359375e+00	2.794569015502929688e+00	2.797713518142700195e+00	2.801359891891479492e+00	2.805660009384155273e+00	2.810379505157470703e+00	2.815178871154785156e+00	2.817152023315429688e+00	2.813124656677246094e+00	2.805944681167602539e+00	2.799117803573608398e+00	2.793369531631469727e+00	2.789543151855468750e+00	2.787448167800903320e+00	2.787046670913696289e+00	2.788286447525024414e+00	2.790408611297607422e+00	2.793231010437011719e+00	2.796352386474609375e+00	2.799311399459838867e+00	2.801210165023803711e+00	2.801061630249023438e+00	2.798863887786865234e+00	2.795996904373168945e+00	2.793920278549194336e+00	2.793173789978027344e+00	2.793958663940429688e+00	2.795941114425659180e+00	2.797986030578613281e+00	2.798968553543090820e+00	2.798518896102905273e+00	2.798430204391479492e+00
2.800728797912597656e+00	2.801790952682495117e+00	2.803018569946289062e+00	2.803460121154785156e+00	2.800761938095092773e+00	2.795786619186401367e+00	2.790271043777465820e+00	2.786340475082397461e+00	2.784649610519409180e+00	2.784522533416748047e+00	2.785670042037963867e+00	2.787888526916503906e+00	2.790324211120605469e+00	2.792232036590576172e+00	2.793720006942749023e+00	2.795913934707641602e+00	2.799612045288085938e+00	2.804829835891723633e+00	2.812919139862060547e+00	2.824490785598754883e+00	2.838708162307739258e+00	2.853877544403076172e+00	2.868754863739013672e+00	2.880536794662475586e+00	2.883639335632324219e+00	2.875433206558227539e+00	2.859116315841674805e+00	2.841356277465820312e+00	2.825956344604492188e+00	2.814137220382690430e+00	2.805948972702026367e+00	2.800623655319213867e+00	2.796985864639282227e+00	2.794634342193603516e+00	2.793550968170166016e+00	2.792910575866699219e+00	2.791558265686035156e+00	2.789245128631591797e+00	2.787059068679809570e+00	2.786099195480346680e+00	2.786450386047363281e+00	2.787918090820312500e+00	2.790606498718261719e+00	2.794125556945800781e+00	2.797304868698120117e+00	2.799775838851928711e+00	2.802231073379516602e+00	2.804833889007568359e+00	2.805928707122802734e+00	2.803801774978637695e+00	2.799810886383056641e+00	2.795971870422363281e+00	2.792842149734497070e+00	2.790614604949951172e+00	2.789649009704589844e+00	2.790004014968872070e+00	2.791553735733032227e+00	2.794079065322875977e+00	2.797111511230468750e+00	2.799960136413574219e+00	2.801764249801635742e+00	2.801652908325195312e+00	2.799595832824707031e+00	2.797114372253417969e+00	2.795768976211547852e+00	2.795399904251098633e+00	2.795115709304809570e+00	2.794961929321289062e+00	2.795448541641235352e+00	2.796517372131347656e+00	2.797644376754760742e+00	2.799082994461059570e+00
2.797304630279541016e+00	2.799256324768066406e+00	2.802568674087524414e+00	2.807729005813598633e+00	2.809942007064819336e+00	2.803946018218994141e+00	2.796290159225463867e+00	2.791893720626831055e+00	2.789347648620605469e+00	2.787561178207397461e+00	2.786958932876586914e+00	2.787738800048828125e+00	2.789297103881835938e+00	2.790714979171752930e+00	2.791971921920776367e+00	2.794253110885620117e+00	2.798442363739013672e+00	2.804845094680786133e+00	2.813957214355468750e+00	2.826167106628417969e+00	2.840904951095581055e+00	2.856870174407958984e+00	2.872093439102172852e+00	2.883046865463256836e+00	2.884731292724609375e+00	2.875180244445800781e+00	2.858314990997314453e+00	2.840673208236694336e+00	2.826011896133422852e+00	2.815070390701293945e+00	2.806868553161621094e+00	2.800430774688720703e+00	2.795660018920898438e+00	2.792971611022949219e+00	2.792347908020019531e+00	2.792632579803466797e+00	2.792337656021118164e+00	2.791026592254638672e+00	2.789311170578002930e+00	2.788067817687988281e+00	2.788017749786376953e+00	2.788973808288574219e+00	2.790245771408081055e+00	2.792413949966430664e+00	2.794390678405761719e+00	2.796052694320678711e+00	2.798756361007690430e+00	2.802469730377197266e+00	2.804913282394409180e+00	2.803734779357910156e+00	2.800326585769653320e+00	2.796791315078735352e+00	2.794159889221191406e+00	2.793037414550781250e+00	2.793483734130859375e+00	2.794764518737792969e+00	2.796595335006713867e+00	2.798376560211181641e+00	2.799429178237915039e+00	2.800129652023315430e+00	2.800606489181518555e+00	2.800426006317138672e+00	2.799947738647460938e+00	2.800594091415405273e+00	2.802973270416259766e+00	2.804212093353271484e+00	2.801201581954956055e+00	2.797344923019409180e+00	2.795301914215087891e+00	2.794600963592529297e+00	2.794699430465698242e+00	2.795673608779907227e+00
2.800484895706176758e+00	2.800817251205444336e+00	2.802742004394531250e+00	2.808774232864379883e+00	2.813686847686767578e+00	2.808461666107177734e+00	2.798697471618652344e+00	2.791880130767822266e+00	2.788784027099609375e+00	2.787263631820678711e+00	2.786652565002441406e+00	2.787158727645874023e+00	2.788285017013549805e+00	2.789266586303710938e+00	2.790157079696655273e+00	2.792163848876953125e+00	2.796533823013305664e+00	2.803656101226806641e+00	2.813691377639770508e+00	2.826950073242187500e+00	2.842610836029052734e+00	2.858626604080200195e+00	2.872135400772094727e+00	2.880290031433105469e+00	2.880553483963012695e+00	2.871614456176757812e+00	2.856331825256347656e+00	2.840225696563720703e+00	2.826128721237182617e+00	2.814517259597778320e+00	2.805306673049926758e+00	2.798381805419921875e+00	2.793925523757934570e+00	2.792029380798339844e+00	2.792198181152343750e+00	2.793302297592163086e+00	2.793942928314208984e+00	2.793205499649047852e+00	2.791343212127685547e+00	2.789399147033691406e+00	2.788271665573120117e+00	2.788633108139038086e+00	2.790678501129150391e+00	2.793725013732910156e+00	2.796864986419677734e+00	2.799639225006103516e+00	2.801824331283569336e+00	2.803621292114257812e+00	2.804426193237304688e+00	2.802737951278686523e+00	2.799031257629394531e+00	2.795159101486206055e+00	2.792205095291137695e+00	2.790589570999145508e+00	2.790721893310546875e+00	2.792571306228637695e+00	2.795485496520996094e+00	2.798512220382690430e+00	2.800811290740966797e+00	2.802429914474487305e+00	2.803678274154663086e+00	2.804060697555541992e+00	2.802915096282958984e+00	2.802494049072265625e+00	2.803696155548095703e+00	2.804252624511718750e+00	2.801079034805297852e+00	2.796702146530151367e+00	2.794026374816894531e+00	2.793888807296752930e+00	2.795947551727294922e+00	2.798740148544311523e+00
2.800815582275390625e+00	2.803160190582275391e+00	2.806494712829589844e+00	2.812295913696289062e+00	2.816636800765991211e+00	2.812103509902954102e+00	2.802357196807861328e+00	2.793665647506713867e+00	2.788317203521728516e+00	2.785626411437988281e+00	2.784899234771728516e+00	2.785795450210571289e+00	2.787169933319091797e+00	2.787955760955810547e+00	2.788322925567626953e+00	2.789594411849975586e+00	2.793120861053466797e+00	2.799445152282714844e+00	2.808566093444824219e+00	2.820315599441528320e+00	2.833965063095092773e+00	2.847705602645874023e+00	2.859432697296142578e+00	2.867192983627319336e+00	2.867776393890380859e+00	2.860960960388183594e+00	2.850319385528564453e+00	2.838008642196655273e+00	2.825321674346923828e+00	2.813864946365356445e+00	2.804464578628540039e+00	2.797335147857666016e+00	2.792577743530273438e+00	2.790193796157836914e+00	2.789843559265136719e+00	2.790603160858154297e+00	2.791165828704833984e+00	2.790773391723632812e+00	2.789793491363525391e+00	2.789038896560668945e+00	2.789271116256713867e+00	2.791156530380249023e+00	2.794934034347534180e+00	2.799835205078125000e+00	2.804350376129150391e+00	2.808576107025146484e+00	2.813393592834472656e+00	2.816825628280639648e+00	2.814617395401000977e+00	2.807743787765502930e+00	2.800073623657226562e+00	2.794125556945800781e+00	2.790425062179565430e+00	2.788506269454956055e+00	2.788317918777465820e+00	2.789982557296752930e+00	2.793007135391235352e+00	2.796433210372924805e+00	2.799426555633544922e+00	2.801547288894653320e+00	2.802505016326904297e+00	2.802353143692016602e+00	2.801838159561157227e+00	2.802293539047241211e+00	2.804515838623046875e+00	2.806569576263427734e+00	2.804827213287353516e+00	2.800672292709350586e+00	2.797223567962646484e+00	2.795703411102294922e+00	2.796246290206909180e+00	2.798317432403564453e+00
2.797615289688110352e+00	2.800096511840820312e+00	2.804191350936889648e+00	2.811979055404663086e+00	2.819757461547851562e+00	2.816032409667968750e+00	2.804055213928222656e+00	2.793159246444702148e+00	2.786014795303344727e+00	2.782616376876831055e+00	2.782200098037719727e+00	2.783691644668579102e+00	2.785660505294799805e+00	2.787209033966064453e+00	2.788633108139038086e+00	2.790898799896240234e+00	2.794876098632812500e+00	2.800890922546386719e+00	2.809613466262817383e+00	2.821387767791748047e+00	2.835430383682250977e+00	2.849532604217529297e+00	2.860432624816894531e+00	2.864984035491943359e+00	2.862427473068237305e+00	2.853983402252197266e+00	2.841657638549804688e+00	2.828176021575927734e+00	2.816308498382568359e+00	2.807532072067260742e+00	2.801016569137573242e+00	2.795890092849731445e+00	2.792418479919433594e+00	2.790358781814575195e+00	2.789530992507934570e+00	2.789566755294799805e+00	2.789684057235717773e+00	2.789418697357177734e+00	2.788906335830688477e+00	2.788482427597045898e+00	2.788662195205688477e+00	2.790068626403808594e+00	2.792928457260131836e+00	2.796858549118041992e+00	2.801217317581176758e+00	2.805670499801635742e+00	2.810354471206665039e+00	2.814243793487548828e+00	2.813814878463745117e+00	2.808096647262573242e+00	2.800535440444946289e+00	2.794292449951171875e+00	2.790703296661376953e+00	2.789398670196533203e+00	2.789387941360473633e+00	2.789834976196289062e+00	2.790803194046020508e+00	2.792821168899536133e+00	2.795353412628173828e+00	2.797854661941528320e+00	2.799751520156860352e+00	2.800525903701782227e+00	2.800215959548950195e+00	2.799290895462036133e+00	2.798208475112915039e+00	2.797327041625976562e+00	2.796268939971923828e+00	2.794221401214599609e+00	2.792460441589355469e+00	2.792025804519653320e+00	2.792973518371582031e+00	2.795079708099365234e+00
2.786178588867187500e+00	2.786694526672363281e+00	2.785808801651000977e+00	2.784765005111694336e+00	2.784556150436401367e+00	2.784857988357543945e+00	2.784638404846191406e+00	2.783677816390991211e+00	2.782644033432006836e+00	2.781938076019287109e+00	2.781915426254272461e+00	2.782623052597045898e+00	2.783894777297973633e+00	2.785554885864257812e+00	2.787503480911254883e+00	2.789561510086059570e+00	2.791758775711059570e+00	2.794830083847045898e+00	2.799558639526367188e+00	2.806028842926025391e+00	2.813582181930541992e+00	2.821031808853149414e+00	2.827425956726074219e+00	2.830996036529541016e+00	2.829154014587402344e+00	2.822488069534301758e+00	2.813866138458251953e+00	2.806021690368652344e+00	2.800805807113647461e+00	2.798313856124877930e+00	2.797198057174682617e+00	2.794833183288574219e+00	2.790752887725830078e+00	2.786928653717041016e+00	2.783974170684814453e+00	2.782020330429077148e+00	2.780730962753295898e+00	2.779749631881713867e+00	2.779170036315917969e+00	2.779142141342163086e+00	2.779722929000854492e+00	2.781341314315795898e+00	2.783608913421630859e+00	2.786388635635375977e+00	2.790328502655029297e+00	2.796050310134887695e+00	2.803348064422607422e+00	2.809508800506591797e+00	2.809713363647460938e+00	2.804038047790527344e+00	2.797465085983276367e+00	2.792765140533447266e+00	2.790287733078002930e+00	2.788603782653808594e+00	2.786637544631958008e+00	2.785729646682739258e+00	2.786214351654052734e+00	2.787325620651245117e+00	2.789015293121337891e+00	2.791766643524169922e+00	2.795363187789916992e+00	2.798869371414184570e+00	2.800779104232788086e+00	2.801040172576904297e+00	2.801446914672851562e+00	2.802791833877563477e+00	2.802511453628540039e+00	2.798133134841918945e+00	2.792268514633178711e+00	2.787749290466308594e+00	2.785450696945190430e+00	2.785167932510375977e+00
2.779026985168457031e+00	2.776660680770874023e+00	2.774702310562133789e+00	2.774092674255371094e+00	2.775110960006713867e+00	2.777088642120361328e+00	2.778658628463745117e+00	2.779113054275512695e+00	2.779004096984863281e+00	2.778893947601318359e+00	2.779042482376098633e+00	2.779894590377807617e+00	2.781350135803222656e+00	2.782953977584838867e+00	2.784450531005859375e+00	2.785897731781005859e+00	2.787458419799804688e+00	2.789377450942993164e+00	2.791950225830078125e+00	2.795057058334350586e+00	2.798531770706176758e+00	2.802593946456909180e+00	2.806919336318969727e+00	2.809489965438842773e+00	2.808787822723388672e+00	2.806082725524902344e+00	2.801666736602783203e+00	2.795981884002685547e+00	2.791984796524047852e+00	2.790480613708496094e+00	2.790261030197143555e+00	2.789710283279418945e+00	2.788144826889038086e+00	2.786581754684448242e+00	2.785439014434814453e+00	2.784174203872680664e+00	2.781988143920898438e+00	2.778469324111938477e+00	2.774348735809326172e+00	2.770890235900878906e+00	2.768972396850585938e+00	2.768870353698730469e+00	2.770140886306762695e+00	2.772116422653198242e+00	2.774767398834228516e+00	2.778597831726074219e+00	2.783751010894775391e+00	2.789355754852294922e+00	2.794190645217895508e+00	2.796428203582763672e+00	2.795296430587768555e+00	2.792876720428466797e+00	2.790618419647216797e+00	2.788240671157836914e+00	2.785775184631347656e+00	2.783742189407348633e+00	2.782038927078247070e+00	2.780525922775268555e+00	2.780680179595947266e+00	2.782990932464599609e+00	2.786884784698486328e+00	2.791333436965942383e+00	2.793661594390869141e+00	2.794740200042724609e+00	2.797204256057739258e+00	2.800450563430786133e+00	2.800286769866943359e+00	2.795168876647949219e+00	2.789119243621826172e+00	2.784758090972900391e+00	2.782438755035400391e+00	2.780965328216552734e+00
2.776607036590576172e+00	2.775233745574951172e+00	2.774760484695434570e+00	2.774910211563110352e+00	2.775586366653442383e+00	2.776810407638549805e+00	2.777869939804077148e+00	2.778079509735107422e+00	2.777922153472900391e+00	2.777868986129760742e+00	2.778294086456298828e+00	2.779197454452514648e+00	2.780514955520629883e+00	2.782359361648559570e+00	2.784635305404663086e+00	2.786686420440673828e+00	2.788043022155761719e+00	2.788477897644042969e+00	2.788496017456054688e+00	2.788729906082153320e+00	2.789475679397583008e+00	2.790654897689819336e+00	2.791872739791870117e+00	2.792925834655761719e+00	2.793766975402832031e+00	2.794273614883422852e+00	2.793309450149536133e+00	2.790359497070312500e+00	2.788171052932739258e+00	2.788317680358886719e+00	2.790368318557739258e+00	2.792890548706054688e+00	2.794283628463745117e+00	2.794049501419067383e+00	2.792484998703002930e+00	2.788434505462646484e+00	2.782827138900756836e+00	2.777650594711303711e+00	2.773488521575927734e+00	2.770857095718383789e+00	2.769849061965942383e+00	2.770121335983276367e+00	2.771221399307250977e+00	2.772937297821044922e+00	2.775273084640502930e+00	2.778230667114257812e+00	2.781593084335327148e+00	2.784563779830932617e+00	2.786308765411376953e+00	2.786435842514038086e+00	2.785486459732055664e+00	2.784354209899902344e+00	2.783238649368286133e+00	2.781954526901245117e+00	2.780256986618041992e+00	2.778439044952392578e+00	2.777462959289550781e+00	2.778222322463989258e+00	2.781102895736694336e+00	2.785869121551513672e+00	2.791232824325561523e+00	2.795394897460937500e+00	2.798083543777465820e+00	2.800559759140014648e+00	2.803614377975463867e+00	2.805687665939331055e+00	2.803553819656372070e+00	2.797495365142822266e+00	2.791028499603271484e+00	2.785886287689208984e+00	2.782017469406127930e+00	2.778935432434082031e+00
2.778663158416748047e+00	2.780885934829711914e+00	2.785842895507812500e+00	2.793803930282592773e+00	2.806200981140136719e+00	2.804486989974975586e+00	2.790453195571899414e+00	2.782779693603515625e+00	2.778723239898681641e+00	2.777077436447143555e+00	2.776747941970825195e+00	2.776721239089965820e+00	2.777186870574951172e+00	2.777925968170166016e+00	2.778577089309692383e+00	2.779303550720214844e+00	2.780470848083496094e+00	2.782001972198486328e+00	2.783284902572631836e+00	2.784171342849731445e+00	2.785137176513671875e+00	2.785932302474975586e+00	2.785166263580322266e+00	2.781620502471923828e+00	2.777282238006591797e+00	2.774583339691162109e+00	2.773980140686035156e+00	2.774901151657104492e+00	2.776471614837646484e+00	2.778104305267333984e+00	2.779840946197509766e+00	2.781791687011718750e+00	2.783476829528808594e+00	2.784199237823486328e+00	2.783854961395263672e+00	2.782712221145629883e+00	2.780715465545654297e+00	2.778167486190795898e+00	2.775636911392211914e+00	2.773509979248046875e+00	2.772016286849975586e+00	2.771494865417480469e+00	2.772052288055419922e+00	2.773319005966186523e+00	2.775105714797973633e+00	2.777372360229492188e+00	2.779444456100463867e+00	2.780678987503051758e+00	2.781318187713623047e+00	2.781564950942993164e+00	2.781483888626098633e+00	2.781126737594604492e+00	2.780616998672485352e+00	2.780131578445434570e+00	2.779561758041381836e+00	2.778706789016723633e+00	2.777709007263183594e+00	2.777037143707275391e+00	2.777375459671020508e+00	2.779249191284179688e+00	2.782466411590576172e+00	2.786100625991821289e+00	2.789447307586669922e+00	2.792516946792602539e+00	2.794989585876464844e+00	2.795599937438964844e+00	2.793752193450927734e+00	2.790522098541259766e+00	2.787142753601074219e+00	2.784009933471679688e+00	2.781151533126831055e+00	2.779032945632934570e+00
2.776712656021118164e+00	2.779552936553955078e+00	2.785054445266723633e+00	2.794481515884399414e+00	2.809984445571899414e+00	2.809116125106811523e+00	2.793567180633544922e+00	2.783278703689575195e+00	2.778290510177612305e+00	2.776439189910888672e+00	2.776105165481567383e+00	2.776341915130615234e+00	2.777231454849243164e+00	2.778519153594970703e+00	2.779695510864257812e+00	2.780750751495361328e+00	2.782017230987548828e+00	2.783411741256713867e+00	2.784556388854980469e+00	2.785584926605224609e+00	2.786639213562011719e+00	2.787278652191162109e+00	2.786050081253051758e+00	2.781948566436767578e+00	2.777441740036010742e+00	2.774866580963134766e+00	2.774102210998535156e+00	2.774274587631225586e+00	2.774853229522705078e+00	2.775431156158447266e+00	2.775506019592285156e+00	2.774833202362060547e+00	2.773981809616088867e+00	2.773555994033813477e+00	2.773915052413940430e+00	2.774995565414428711e+00	2.775539159774780273e+00	2.774972677230834961e+00	2.774023771286010742e+00	2.772881984710693359e+00	2.771687984466552734e+00	2.770837783813476562e+00	2.770722866058349609e+00	2.771308660507202148e+00	2.772470474243164062e+00	2.774117469787597656e+00	2.775812625885009766e+00	2.777206659317016602e+00	2.778518676757812500e+00	2.779914855957031250e+00	2.781181812286376953e+00	2.781930685043334961e+00	2.782196760177612305e+00	2.782243728637695312e+00	2.782221317291259766e+00	2.782105684280395508e+00	2.781564712524414062e+00	2.780465126037597656e+00	2.779217720031738281e+00	2.778294563293457031e+00	2.777937412261962891e+00	2.778406858444213867e+00	2.780022144317626953e+00	2.782800674438476562e+00	2.786040306091308594e+00	2.788225650787353516e+00	2.788221359252929688e+00	2.786576747894287109e+00	2.784246683120727539e+00	2.781578540802001953e+00	2.778814554214477539e+00	2.776768207550048828e+00
2.771981716156005859e+00	2.776074409484863281e+00	2.784824609756469727e+00	2.803836107254028320e+00	2.829779148101806641e+00	2.822502851486206055e+00	2.798708915710449219e+00	2.785196304321289062e+00	2.778632640838623047e+00	2.775281190872192383e+00	2.774144887924194336e+00	2.774566173553466797e+00	2.775737524032592773e+00	2.777061700820922852e+00	2.778180837631225586e+00	2.779020309448242188e+00	2.779817819595336914e+00	2.780598402023315430e+00	2.781103610992431641e+00	2.781384229660034180e+00	2.781742811203002930e+00	2.782515764236450195e+00	2.782595157623291016e+00	2.779983520507812500e+00	2.775339603424072266e+00	2.771849155426025391e+00	2.770990610122680664e+00	2.771141529083251953e+00	2.772231101989746094e+00	2.773163080215454102e+00	2.771329641342163086e+00	2.770623445510864258e+00	2.770599126815795898e+00	2.770644426345825195e+00	2.770781278610229492e+00	2.771163225173950195e+00	2.771615028381347656e+00	2.771737098693847656e+00	2.771340608596801758e+00	2.770621299743652344e+00	2.770037889480590820e+00	2.769939422607421875e+00	2.770461082458496094e+00	2.771843194961547852e+00	2.774299144744873047e+00	2.777472019195556641e+00	2.779170989990234375e+00	2.779427766799926758e+00	2.779508590698242188e+00	2.779394388198852539e+00	2.779076099395751953e+00	2.778542518615722656e+00	2.777947425842285156e+00	2.777468204498291016e+00	2.777149200439453125e+00	2.776801824569702148e+00	2.776052951812744141e+00	2.774783849716186523e+00	2.773398876190185547e+00	2.772411346435546875e+00	2.772208452224731445e+00	2.772907733917236328e+00	2.774247884750366211e+00	2.776194095611572266e+00	2.778428316116333008e+00	2.779541969299316406e+00	2.779006481170654297e+00	2.777624130249023438e+00	2.775808572769165039e+00	2.773650884628295898e+00	2.771686077117919922e+00	2.770817756652832031e+00
2.774726152420043945e+00	2.777189254760742188e+00	2.781007528305053711e+00	2.786355018615722656e+00	2.790959119796752930e+00	2.790374755859375000e+00	2.784095048904418945e+00	2.778682708740234375e+00	2.775465488433837891e+00	2.773980140686035156e+00	2.774173498153686523e+00	2.775275230407714844e+00	2.776244640350341797e+00	2.776273965835571289e+00	2.775318145751953125e+00	2.774067401885986328e+00	2.773271560668945312e+00	2.773490905761718750e+00	2.774699926376342773e+00	2.776276588439941406e+00	2.777653932571411133e+00	2.779058456420898438e+00	2.780157089233398438e+00	2.778436422348022461e+00	2.774418115615844727e+00	2.770732641220092773e+00	2.768499135971069336e+00	2.767809867858886719e+00	2.767956972122192383e+00	2.768409967422485352e+00	2.769350290298461914e+00	2.770664930343627930e+00	2.772241353988647461e+00	2.773968696594238281e+00	2.775471687316894531e+00	2.776364088058471680e+00	2.776303052902221680e+00	2.775007724761962891e+00	2.773058652877807617e+00	2.771457672119140625e+00	2.770613670349121094e+00	2.770302772521972656e+00	2.770169973373413086e+00	2.770325422286987305e+00	2.770935773849487305e+00	2.772650718688964844e+00	2.775279045104980469e+00	2.778336524963378906e+00	2.780766963958740234e+00	2.781644582748413086e+00	2.780869245529174805e+00	2.779099464416503906e+00	2.777120828628540039e+00	2.775458335876464844e+00	2.774239063262939453e+00	2.773220300674438477e+00	2.772382259368896484e+00	2.771919012069702148e+00	2.771900415420532227e+00	2.772157192230224609e+00	2.772385835647583008e+00	2.772472620010375977e+00	2.772623062133789062e+00	2.773085832595825195e+00	2.773908615112304688e+00	2.774886369705200195e+00	2.775533437728881836e+00	2.775093317031860352e+00	2.773614883422851562e+00	2.772195577621459961e+00	2.771906375885009766e+00	2.772926568984985352e+00
2.773636102676391602e+00	2.774061918258666992e+00	2.774704933166503906e+00	2.775865316390991211e+00	2.777127742767333984e+00	2.778056621551513672e+00	2.778288841247558594e+00	2.777780294418334961e+00	2.776942253112792969e+00	2.776088953018188477e+00	2.775229454040527344e+00	2.774295091629028320e+00	2.773473024368286133e+00	2.772800445556640625e+00	2.772109270095825195e+00	2.771516323089599609e+00	2.771667718887329102e+00	2.772850751876831055e+00	2.774435281753540039e+00	2.775566101074218750e+00	2.775712728500366211e+00	2.775306701660156250e+00	2.775080204010009766e+00	2.774654865264892578e+00	2.773460626602172852e+00	2.772148609161376953e+00	2.770809888839721680e+00	2.768858432769775391e+00	2.767348289489746094e+00	2.766644716262817383e+00	2.766709327697753906e+00	2.767534017562866211e+00	2.769047260284423828e+00	2.770975351333618164e+00	2.772924900054931641e+00	2.774486541748046875e+00	2.775183677673339844e+00	2.774574995040893555e+00	2.772948026657104492e+00	2.771116971969604492e+00	2.769671201705932617e+00	2.768862485885620117e+00	2.768748283386230469e+00	2.769330501556396484e+00	2.770616531372070312e+00	2.772459745407104492e+00	2.774752855300903320e+00	2.777734994888305664e+00	2.780902147293090820e+00	2.782986402511596680e+00	2.783467054367065430e+00	2.782560586929321289e+00	2.780318737030029297e+00	2.777554750442504883e+00	2.775056600570678711e+00	2.773571729660034180e+00	2.773349523544311523e+00	2.774168491363525391e+00	2.775441169738769531e+00	2.776489257812500000e+00	2.776699542999267578e+00	2.775757312774658203e+00	2.773897886276245117e+00	2.771792173385620117e+00	2.770294666290283203e+00	2.769865989685058594e+00	2.770203113555908203e+00	2.770498275756835938e+00	2.771032810211181641e+00	2.772024154663085938e+00	2.772274255752563477e+00	2.772869586944580078e+00
2.778201103210449219e+00	2.778828144073486328e+00	2.778239011764526367e+00	2.776525259017944336e+00	2.773805141448974609e+00	2.771158456802368164e+00	2.769485473632812500e+00	2.768875360488891602e+00	2.768899202346801758e+00	2.769153356552124023e+00	2.769721746444702148e+00	2.770915746688842773e+00	2.772664070129394531e+00	2.773800134658813477e+00	2.774870395660400391e+00	2.777209520339965820e+00	2.781222343444824219e+00	2.786704778671264648e+00	2.793669462203979492e+00	2.802054166793823242e+00	2.811166524887084961e+00	2.819708824157714844e+00	2.825875759124755859e+00	2.827716588973999023e+00	2.824524641036987305e+00	2.817682743072509766e+00	2.808796644210815430e+00	2.799561500549316406e+00	2.791605472564697266e+00	2.785563707351684570e+00	2.781615257263183594e+00	2.779747962951660156e+00	2.779562950134277344e+00	2.779729604721069336e+00	2.779430627822875977e+00	2.778959035873413086e+00	2.777842521667480469e+00	2.776141643524169922e+00	2.774548530578613281e+00	2.773452997207641602e+00	2.772740840911865234e+00	2.772382020950317383e+00	2.772996425628662109e+00	2.775373697280883789e+00	2.779948472976684570e+00	2.787004470825195312e+00	2.796267747879028320e+00	2.805451631546020508e+00	2.810935258865356445e+00	2.808609724044799805e+00	2.800247192382812500e+00	2.791444301605224609e+00	2.783765316009521484e+00	2.778327465057373047e+00	2.775516748428344727e+00	2.774928808212280273e+00	2.775975942611694336e+00	2.778350830078125000e+00	2.781608819961547852e+00	2.784881591796875000e+00	2.787446260452270508e+00	2.788109540939331055e+00	2.786277055740356445e+00	2.783202886581420898e+00	2.779762268066406250e+00	2.776765823364257812e+00	2.774669408798217773e+00	2.773381948471069336e+00	2.772939205169677734e+00	2.773222446441650391e+00	2.773938655853271484e+00	2.776108503341674805e+00
2.803903818130493164e+00	2.804168701171875000e+00	2.800015926361083984e+00	2.793895959854125977e+00	2.787602424621582031e+00	2.782918214797973633e+00	2.780857801437377930e+00	2.780059099197387695e+00	2.779074430465698242e+00	2.779316186904907227e+00	2.780462265014648438e+00	2.781852245330810547e+00	2.782966375350952148e+00	2.783643722534179688e+00	2.784494638442993164e+00	2.786644697189331055e+00	2.790981292724609375e+00	2.797855377197265625e+00	2.807318687438964844e+00	2.819350719451904297e+00	2.833484411239624023e+00	2.848347663879394531e+00	2.861336231231689453e+00	2.868829488754272461e+00	2.867582798004150391e+00	2.857394218444824219e+00	2.842049598693847656e+00	2.826046228408813477e+00	2.812062978744506836e+00	2.801301240921020508e+00	2.793969154357910156e+00	2.789761543273925781e+00	2.788298130035400391e+00	2.789035320281982422e+00	2.790941715240478516e+00	2.792367458343505859e+00	2.791840314865112305e+00	2.789227247238159180e+00	2.785837411880493164e+00	2.783061742782592773e+00	2.781608104705810547e+00	2.781768321990966797e+00	2.783825159072875977e+00	2.787922382354736328e+00	2.794272422790527344e+00	2.803576231002807617e+00	2.816063880920410156e+00	2.829102039337158203e+00	2.835797309875488281e+00	2.829686641693115234e+00	2.815616846084594727e+00	2.802095651626586914e+00	2.792214870452880859e+00	2.785940647125244141e+00	2.782906532287597656e+00	2.782846927642822266e+00	2.785180807113647461e+00	2.789176940917968750e+00	2.794226646423339844e+00	2.799419879913330078e+00	2.803229570388793945e+00	2.804245710372924805e+00	2.802105903625488281e+00	2.797947406768798828e+00	2.793333292007446289e+00	2.788944244384765625e+00	2.785109281539916992e+00	2.782512426376342773e+00	2.782161712646484375e+00	2.785035133361816406e+00	2.791158914566040039e+00	2.798608541488647461e+00
2.812753677368164062e+00	2.815466642379760742e+00	2.818421363830566406e+00	2.826846599578857422e+00	2.843290090560913086e+00	2.856058597564697266e+00	2.846389055252075195e+00	2.823915243148803711e+00	2.806912422180175781e+00	2.797224760055541992e+00	2.792867183685302734e+00	2.791826486587524414e+00	2.792279720306396484e+00	2.793245553970336914e+00	2.794844150543212891e+00	2.797435998916625977e+00	2.801235198974609375e+00	2.806980609893798828e+00	2.815944671630859375e+00	2.828565597534179688e+00	2.844149112701416016e+00	2.860942602157592773e+00	2.875352382659912109e+00	2.882681369781494141e+00	2.879721641540527344e+00	2.867626667022705078e+00	2.850964307785034180e+00	2.834443807601928711e+00	2.820926427841186523e+00	2.811415672302246094e+00	2.805268287658691406e+00	2.801279306411743164e+00	2.799144744873046875e+00	2.798729896545410156e+00	2.799373626708984375e+00	2.799890518188476562e+00	2.799306869506835938e+00	2.797470569610595703e+00	2.794947147369384766e+00	2.792745113372802734e+00	2.791907310485839844e+00	2.792704105377197266e+00	2.794837713241577148e+00	2.798259258270263672e+00	2.803429603576660156e+00	2.811067819595336914e+00	2.821446418762207031e+00	2.832675933837890625e+00	2.838810682296752930e+00	2.834022283554077148e+00	2.822185039520263672e+00	2.810848236083984375e+00	2.803109884262084961e+00	2.798737525939941406e+00	2.796568632125854492e+00	2.795773029327392578e+00	2.796311140060424805e+00	2.798648118972778320e+00	2.802779436111450195e+00	2.807768106460571289e+00	2.811897993087768555e+00	2.813260793685913086e+00	2.811015844345092773e+00	2.806147336959838867e+00	2.800550460815429688e+00	2.795933723449707031e+00	2.793257236480712891e+00	2.792550802230834961e+00	2.793478965759277344e+00	2.796416759490966797e+00	2.801902532577514648e+00	2.808134078979492188e+00
2.815943479537963867e+00	2.819398880004882812e+00	2.822877168655395508e+00	2.831803560256958008e+00	2.847230911254882812e+00	2.857826232910156250e+00	2.849244356155395508e+00	2.828130960464477539e+00	2.811660289764404297e+00	2.802652359008789062e+00	2.798551082611083984e+00	2.796946763992309570e+00	2.796750545501708984e+00	2.797645330429077148e+00	2.799710512161254883e+00	2.802952766418457031e+00	2.807139158248901367e+00	2.812831640243530273e+00	2.821646928787231445e+00	2.834679841995239258e+00	2.851444244384765625e+00	2.869896888732910156e+00	2.886086940765380859e+00	2.894885778427124023e+00	2.892588376998901367e+00	2.879838943481445312e+00	2.861276626586914062e+00	2.842353343963623047e+00	2.826587200164794922e+00	2.815283536911010742e+00	2.808282852172851562e+00	2.804775953292846680e+00	2.803695678710937500e+00	2.803801059722900391e+00	2.804099798202514648e+00	2.804065704345703125e+00	2.803071498870849609e+00	2.800942897796630859e+00	2.798403739929199219e+00	2.796364307403564453e+00	2.795368432998657227e+00	2.795722246170043945e+00	2.797688961029052734e+00	2.801384925842285156e+00	2.806921958923339844e+00	2.814639568328857422e+00	2.824769258499145508e+00	2.835781812667846680e+00	2.842023849487304688e+00	2.837733268737792969e+00	2.826532125473022461e+00	2.815661430358886719e+00	2.808202743530273438e+00	2.803954362869262695e+00	2.801600933074951172e+00	2.800330400466918945e+00	2.800387859344482422e+00	2.802319765090942383e+00	2.806092262268066406e+00	2.810809612274169922e+00	2.814863204956054688e+00	2.816327810287475586e+00	2.814039230346679688e+00	2.808794021606445312e+00	2.802590847015380859e+00	2.797219038009643555e+00	2.793964385986328125e+00	2.793407440185546875e+00	2.795188426971435547e+00	2.798787593841552734e+00	2.803978204727172852e+00	2.810224056243896484e+00
2.821319103240966797e+00	2.830344200134277344e+00	2.844638109207153320e+00	2.868791580200195312e+00	2.883103847503662109e+00	2.878964900970458984e+00	2.862001180648803711e+00	2.837028026580810547e+00	2.817348480224609375e+00	2.806268215179443359e+00	2.801127672195434570e+00	2.799351692199707031e+00	2.799360036849975586e+00	2.800288200378417969e+00	2.801929235458374023e+00	2.804461717605590820e+00	2.808324098587036133e+00	2.814503669738769531e+00	2.824367046356201172e+00	2.838716983795166016e+00	2.856879711151123047e+00	2.876408815383911133e+00	2.893028259277343750e+00	2.901674747467041016e+00	2.898834705352783203e+00	2.885526657104492188e+00	2.866450071334838867e+00	2.846932172775268555e+00	2.830759763717651367e+00	2.819517612457275391e+00	2.812868356704711914e+00	2.809376716613769531e+00	2.807621002197265625e+00	2.806818723678588867e+00	2.806620359420776367e+00	2.806364059448242188e+00	2.805398225784301758e+00	2.803703308105468750e+00	2.801960945129394531e+00	2.801109075546264648e+00	2.802027702331542969e+00	2.805484056472778320e+00	2.812011241912841797e+00	2.821977138519287109e+00	2.834900379180908203e+00	2.844665288925170898e+00	2.847407817840576172e+00	2.850768566131591797e+00	2.852504968643188477e+00	2.845649003982543945e+00	2.832061529159545898e+00	2.819422721862792969e+00	2.810844182968139648e+00	2.805909633636474609e+00	2.803367137908935547e+00	2.802470207214355469e+00	2.803312301635742188e+00	2.806296586990356445e+00	2.810994148254394531e+00	2.816067457199096680e+00	2.820079088211059570e+00	2.821278810501098633e+00	2.818381309509277344e+00	2.812734365463256836e+00	2.806621074676513672e+00	2.801515102386474609e+00	2.798165798187255859e+00	2.796960115432739258e+00	2.798076629638671875e+00	2.801283836364746094e+00	2.806402683258056641e+00	2.813339233398437500e+00
2.819362401962280273e+00	2.828846693038940430e+00	2.843593120574951172e+00	2.867278575897216797e+00	2.874766111373901367e+00	2.862539529800415039e+00	2.849088907241821289e+00	2.830977916717529297e+00	2.815457582473754883e+00	2.806668758392333984e+00	2.801405429840087891e+00	2.798494100570678711e+00	2.797522306442260742e+00	2.797562360763549805e+00	2.798614740371704102e+00	2.801008939743041992e+00	2.805314302444458008e+00	2.812385082244873047e+00	2.823194265365600586e+00	2.838315248489379883e+00	2.857208967208862305e+00	2.877676248550415039e+00	2.895461797714233398e+00	2.905454158782958984e+00	2.904074668884277344e+00	2.891576528549194336e+00	2.872081279754638672e+00	2.851352214813232422e+00	2.833738327026367188e+00	2.821044445037841797e+00	2.813017845153808594e+00	2.808280944824218750e+00	2.805564641952514648e+00	2.804385185241699219e+00	2.804450988769531250e+00	2.804945230484008789e+00	2.804857730865478516e+00	2.803762912750244141e+00	2.802154779434204102e+00	2.801299571990966797e+00	2.802473068237304688e+00	2.806394577026367188e+00	2.813461542129516602e+00	2.824079275131225586e+00	2.838113784790039062e+00	2.849242210388183594e+00	2.850867986679077148e+00	2.851187229156494141e+00	2.850453853607177734e+00	2.842597961425781250e+00	2.829289436340332031e+00	2.816916227340698242e+00	2.808212757110595703e+00	2.802876472473144531e+00	2.799866199493408203e+00	2.798816204071044922e+00	2.799795866012573242e+00	2.802843809127807617e+00	2.807547569274902344e+00	2.812914371490478516e+00	2.817276716232299805e+00	2.818786621093750000e+00	2.817137718200683594e+00	2.813396453857421875e+00	2.807715177536010742e+00	2.802433013916015625e+00	2.798507928848266602e+00	2.796324968338012695e+00	2.796360254287719727e+00	2.798734664916992188e+00	2.803624868392944336e+00	2.810863971710205078e+00
2.817220687866210938e+00	2.827266454696655273e+00	2.842484474182128906e+00	2.864538908004760742e+00	2.868752956390380859e+00	2.854697227478027344e+00	2.841435194015502930e+00	2.824831247329711914e+00	2.810352087020874023e+00	2.801791191101074219e+00	2.797402143478393555e+00	2.795358896255493164e+00	2.794382572174072266e+00	2.794039726257324219e+00	2.794809579849243164e+00	2.797300815582275391e+00	2.801958322525024414e+00	2.809355974197387695e+00	2.820351839065551758e+00	2.835534811019897461e+00	2.854496955871582031e+00	2.875247478485107422e+00	2.893721342086791992e+00	2.904487371444702148e+00	2.903019428253173828e+00	2.888962030410766602e+00	2.868197917938232422e+00	2.847400665283203125e+00	2.830126047134399414e+00	2.817684650421142578e+00	2.809801101684570312e+00	2.804987192153930664e+00	2.802256345748901367e+00	2.801296949386596680e+00	2.801625251770019531e+00	2.802229404449462891e+00	2.802023410797119141e+00	2.800769329071044922e+00	2.799241304397583008e+00	2.798659324645996094e+00	2.800250530242919922e+00	2.804687738418579102e+00	2.811738729476928711e+00	2.822576045989990234e+00	2.837896823883056641e+00	2.851359605789184570e+00	2.854931354522705078e+00	2.853631258010864258e+00	2.851172208786010742e+00	2.842904567718505859e+00	2.828984022140502930e+00	2.815721511840820312e+00	2.806107521057128906e+00	2.800129413604736328e+00	2.797118663787841797e+00	2.796631097793579102e+00	2.798355340957641602e+00	2.801899194717407227e+00	2.806741952896118164e+00	2.812007427215576172e+00	2.816021680831909180e+00	2.817263841629028320e+00	2.815232753753662109e+00	2.810961723327636719e+00	2.805899620056152344e+00	2.800968885421752930e+00	2.796998023986816406e+00	2.794842720031738281e+00	2.794693946838378906e+00	2.796537160873413086e+00	2.800960302352905273e+00	2.808255672454833984e+00
2.819262742996215820e+00	2.830038309097290039e+00	2.845787048339843750e+00	2.867744684219360352e+00	2.874896526336669922e+00	2.863004446029663086e+00	2.846278667449951172e+00	2.826945781707763672e+00	2.811441898345947266e+00	2.802747726440429688e+00	2.798532962799072266e+00	2.796469688415527344e+00	2.795748949050903320e+00	2.795935869216918945e+00	2.797140836715698242e+00	2.799708366394042969e+00	2.804072380065917969e+00	2.811094045639038086e+00	2.821902990341186523e+00	2.836925506591796875e+00	2.855387210845947266e+00	2.875105142593383789e+00	2.891921520233154297e+00	2.900728702545166016e+00	2.898049354553222656e+00	2.884625196456909180e+00	2.865247726440429688e+00	2.845668554306030273e+00	2.829468488693237305e+00	2.817842245101928711e+00	2.810439109802246094e+00	2.806121587753295898e+00	2.803943157196044922e+00	2.803350925445556641e+00	2.803681135177612305e+00	2.803946495056152344e+00	2.803227186203002930e+00	2.801592588424682617e+00	2.800051927566528320e+00	2.799179315567016602e+00	2.800110101699829102e+00	2.804323673248291016e+00	2.812156915664672852e+00	2.823868036270141602e+00	2.839529037475585938e+00	2.852329969406127930e+00	2.854870796203613281e+00	2.853543758392333984e+00	2.851145505905151367e+00	2.842693328857421875e+00	2.828650712966918945e+00	2.815634489059448242e+00	2.806610107421875000e+00	2.801173925399780273e+00	2.798461437225341797e+00	2.797971248626708984e+00	2.799369096755981445e+00	2.802350997924804688e+00	2.806753396987915039e+00	2.812075376510620117e+00	2.816576242446899414e+00	2.818402290344238281e+00	2.816953659057617188e+00	2.813053369522094727e+00	2.807786464691162109e+00	2.802798032760620117e+00	2.799087524414062500e+00	2.796933412551879883e+00	2.796674251556396484e+00	2.798647642135620117e+00	2.803237915039062500e+00	2.810372114181518555e+00
2.818755626678466797e+00	2.829570293426513672e+00	2.848235130310058594e+00	2.879786252975463867e+00	2.899739742279052734e+00	2.882199287414550781e+00	2.846954107284545898e+00	2.822012424468994141e+00	2.807375907897949219e+00	2.799859762191772461e+00	2.796804428100585938e+00	2.796310901641845703e+00	2.796992063522338867e+00	2.798041582107543945e+00	2.799397945404052734e+00	2.801540374755859375e+00	2.805519342422485352e+00	2.812650680541992188e+00	2.824031829833984375e+00	2.840332031250000000e+00	2.861018657684326172e+00	2.883764982223510742e+00	2.903999805450439453e+00	2.915568828582763672e+00	2.913008451461791992e+00	2.896856307983398438e+00	2.874876976013183594e+00	2.853412151336669922e+00	2.835206270217895508e+00	2.821762561798095703e+00	2.812865972518920898e+00	2.807552099227905273e+00	2.804902553558349609e+00	2.804268836975097656e+00	2.804946184158325195e+00	2.805874347686767578e+00	2.805996656417846680e+00	2.804825067520141602e+00	2.802960395812988281e+00	2.801724433898925781e+00	2.802214622497558594e+00	2.805333852767944336e+00	2.812029600143432617e+00	2.823204517364501953e+00	2.838166713714599609e+00	2.847186326980590820e+00	2.844292640686035156e+00	2.842216014862060547e+00	2.841325521469116211e+00	2.835265636444091797e+00	2.824341773986816406e+00	2.813541173934936523e+00	2.805982589721679688e+00	2.802179098129272461e+00	2.801877737045288086e+00	2.803878068923950195e+00	2.804929971694946289e+00	2.806571483612060547e+00	2.809888362884521484e+00	2.814003467559814453e+00	2.817400217056274414e+00	2.818373203277587891e+00	2.816141843795776367e+00	2.811464309692382812e+00	2.806048870086669922e+00	2.801467418670654297e+00	2.798383474349975586e+00	2.796726942062377930e+00	2.796671867370605469e+00	2.798792362213134766e+00	2.803446531295776367e+00	2.810336589813232422e+00
2.823710203170776367e+00	2.834674835205078125e+00	2.851618528366088867e+00	2.878273725509643555e+00	2.890976428985595703e+00	2.881870031356811523e+00	2.863691806793212891e+00	2.838693380355834961e+00	2.819997310638427734e+00	2.809245109558105469e+00	2.804352760314941406e+00	2.802907705307006836e+00	2.802906513214111328e+00	2.803742647171020508e+00	2.805562973022460938e+00	2.808356285095214844e+00	2.812298059463500977e+00	2.818595647811889648e+00	2.829001188278198242e+00	2.844426155090332031e+00	2.864151954650878906e+00	2.885949850082397461e+00	2.905689239501953125e+00	2.917517423629760742e+00	2.915364503860473633e+00	2.898966073989868164e+00	2.876139402389526367e+00	2.854206323623657227e+00	2.836848020553588867e+00	2.825082778930664062e+00	2.818565607070922852e+00	2.815355777740478516e+00	2.812717437744140625e+00	2.811144590377807617e+00	2.810570001602172852e+00	2.810282230377197266e+00	2.809532880783081055e+00	2.807727575302124023e+00	2.805732250213623047e+00	2.804900169372558594e+00	2.806138753890991211e+00	2.810422658920288086e+00	2.817529678344726562e+00	2.828365325927734375e+00	2.843527317047119141e+00	2.855661153793334961e+00	2.858309030532836914e+00	2.858865022659301758e+00	2.856508970260620117e+00	2.846528291702270508e+00	2.831786632537841797e+00	2.819226503372192383e+00	2.811469554901123047e+00	2.807828426361083984e+00	2.806488752365112305e+00	2.805856227874755859e+00	2.805954456329345703e+00	2.807960271835327148e+00	2.812371015548706055e+00	2.818229198455810547e+00	2.823409080505371094e+00	2.825595140457153320e+00	2.823709249496459961e+00	2.818587064743041992e+00	2.812249183654785156e+00	2.806762456893920898e+00	2.803091526031494141e+00	2.801324844360351562e+00	2.801360368728637695e+00	2.803336620330810547e+00	2.807741165161132812e+00	2.814756393432617188e+00
2.827476024627685547e+00	2.837749719619750977e+00	2.855592250823974609e+00	2.884765148162841797e+00	2.897458791732788086e+00	2.886890888214111328e+00	2.870250940322875977e+00	2.846582889556884766e+00	2.825512170791625977e+00	2.812166452407836914e+00	2.805063486099243164e+00	2.802232027053833008e+00	2.801817893981933594e+00	2.802707910537719727e+00	2.804554939270019531e+00	2.807289123535156250e+00	2.811093568801879883e+00	2.816864252090454102e+00	2.826194524765014648e+00	2.840061664581298828e+00	2.857413053512573242e+00	2.876317262649536133e+00	2.892756223678588867e+00	2.901209592819213867e+00	2.898237466812133789e+00	2.885276317596435547e+00	2.867160320281982422e+00	2.848771810531616211e+00	2.833650112152099609e+00	2.823632955551147461e+00	2.817814350128173828e+00	2.814133644104003906e+00	2.811953067779541016e+00	2.810632705688476562e+00	2.809931516647338867e+00	2.809292554855346680e+00	2.808050394058227539e+00	2.806216716766357422e+00	2.804526567459106445e+00	2.803922653198242188e+00	2.805316686630249023e+00	2.809535264968872070e+00	2.817230701446533203e+00	2.829075574874877930e+00	2.845069646835327148e+00	2.858594894409179688e+00	2.862746238708496094e+00	2.863389015197753906e+00	2.860838890075683594e+00	2.850704908370971680e+00	2.835474252700805664e+00	2.822095870971679688e+00	2.813314437866210938e+00	2.808601140975952148e+00	2.806272268295288086e+00	2.804718732833862305e+00	2.804191589355468750e+00	2.805872440338134766e+00	2.810040235519409180e+00	2.815737724304199219e+00	2.820966482162475586e+00	2.823390245437622070e+00	2.821768522262573242e+00	2.816870689392089844e+00	2.810966253280639648e+00	2.806239604949951172e+00	2.803486824035644531e+00	2.802746534347534180e+00	2.804078578948974609e+00	2.807454347610473633e+00	2.812956571578979492e+00	2.819950342178344727e+00
2.829421281814575195e+00	2.840805292129516602e+00	2.860620975494384766e+00	2.891493797302246094e+00	2.899963855743408203e+00	2.888573169708251953e+00	2.872737169265747070e+00	2.847688436508178711e+00	2.825932741165161133e+00	2.812638521194458008e+00	2.806001186370849609e+00	2.803340435028076172e+00	2.802727460861206055e+00	2.803320884704589844e+00	2.805062770843505859e+00	2.807970762252807617e+00	2.812094211578369141e+00	2.818131923675537109e+00	2.827430486679077148e+00	2.840833902359008789e+00	2.857975006103515625e+00	2.876498460769653320e+00	2.892214775085449219e+00	2.900152206420898438e+00	2.896781444549560547e+00	2.883407831192016602e+00	2.864853620529174805e+00	2.846313238143920898e+00	2.831395626068115234e+00	2.821527719497680664e+00	2.816018581390380859e+00	2.813166856765747070e+00	2.811557054519653320e+00	2.810424566268920898e+00	2.809619188308715820e+00	2.808783769607543945e+00	2.807335138320922852e+00	2.805334568023681641e+00	2.803636789321899414e+00	2.803297758102416992e+00	2.805234909057617188e+00	2.810137987136840820e+00	2.818556308746337891e+00	2.831230401992797852e+00	2.848217010498046875e+00	2.862554073333740234e+00	2.864849805831909180e+00	2.862552404403686523e+00	2.858624696731567383e+00	2.848990917205810547e+00	2.835096359252929688e+00	2.823132038116455078e+00	2.815260887145996094e+00	2.810342073440551758e+00	2.807178974151611328e+00	2.805219173431396484e+00	2.804715871810913086e+00	2.806396007537841797e+00	2.810509920120239258e+00	2.816238403320312500e+00	2.821655988693237305e+00	2.824149608612060547e+00	2.822355270385742188e+00	2.817627429962158203e+00	2.812319040298461914e+00	2.808258295059204102e+00	2.806131124496459961e+00	2.806002616882324219e+00	2.807588100433349609e+00	2.810612678527832031e+00	2.815171241760253906e+00	2.821338176727294922e+00
2.830823421478271484e+00	2.841251850128173828e+00	2.860610008239746094e+00	2.890993118286132812e+00	2.898615837097167969e+00	2.886446714401245117e+00	2.872399091720581055e+00	2.848600864410400391e+00	2.826304674148559570e+00	2.812196493148803711e+00	2.804955720901489258e+00	2.802168607711791992e+00	2.801737785339355469e+00	2.802452087402343750e+00	2.804120540618896484e+00	2.806871652603149414e+00	2.810775756835937500e+00	2.816273212432861328e+00	2.824506998062133789e+00	2.836578369140625000e+00	2.852591514587402344e+00	2.870638847351074219e+00	2.886447906494140625e+00	2.894704580307006836e+00	2.891939401626586914e+00	2.879297494888305664e+00	2.861564159393310547e+00	2.843732357025146484e+00	2.829119205474853516e+00	2.819147109985351562e+00	2.813546419143676758e+00	2.810959577560424805e+00	2.809941530227661133e+00	2.809624433517456055e+00	2.809581041336059570e+00	2.809200763702392578e+00	2.807815313339233398e+00	2.805544137954711914e+00	2.803447008132934570e+00	2.802909851074218750e+00	2.805133342742919922e+00	2.810877323150634766e+00	2.820330142974853516e+00	2.833461999893188477e+00	2.850369453430175781e+00	2.865186929702758789e+00	2.868075609207153320e+00	2.864682674407958984e+00	2.859839200973510742e+00	2.849867582321166992e+00	2.835791349411010742e+00	2.823437213897705078e+00	2.815069675445556641e+00	2.809654235839843750e+00	2.805705070495605469e+00	2.803032875061035156e+00	2.802369356155395508e+00	2.804519891738891602e+00	2.809565305709838867e+00	2.816433906555175781e+00	2.822696447372436523e+00	2.825160264968872070e+00	2.822700977325439453e+00	2.817320585250854492e+00	2.811609745025634766e+00	2.807433128356933594e+00	2.805714845657348633e+00	2.806457996368408203e+00	2.809212446212768555e+00	2.813318967819213867e+00	2.818143606185913086e+00	2.823728084564208984e+00
2.830288171768188477e+00	2.840609073638916016e+00	2.859439611434936523e+00	2.888858318328857422e+00	2.896175622940063477e+00	2.884787797927856445e+00	2.872253656387329102e+00	2.848539829254150391e+00	2.825935363769531250e+00	2.811734914779663086e+00	2.804345607757568359e+00	2.801277160644531250e+00	2.800475358963012695e+00	2.800858020782470703e+00	2.802314758300781250e+00	2.804956197738647461e+00	2.808656215667724609e+00	2.813712358474731445e+00	2.821457862854003906e+00	2.833206176757812500e+00	2.848896265029907227e+00	2.866558790206909180e+00	2.881964683532714844e+00	2.889831066131591797e+00	2.886762142181396484e+00	2.873902559280395508e+00	2.856076002120971680e+00	2.838513135910034180e+00	2.824527263641357422e+00	2.815357923507690430e+00	2.810528278350830078e+00	2.808488130569458008e+00	2.807801961898803711e+00	2.807779312133789062e+00	2.808052062988281250e+00	2.807990550994873047e+00	2.806966066360473633e+00	2.805078983306884766e+00	2.803246736526489258e+00	2.802779912948608398e+00	2.804938793182373047e+00	2.810454607009887695e+00	2.819490432739257812e+00	2.832353591918945312e+00	2.849368572235107422e+00	2.864268064498901367e+00	2.866621732711791992e+00	2.862725019454956055e+00	2.857913494110107422e+00	2.848483800888061523e+00	2.834760189056396484e+00	2.822459459304809570e+00	2.814382791519165039e+00	2.809395790100097656e+00	2.805641174316406250e+00	2.802980899810791016e+00	2.802241802215576172e+00	2.804198980331420898e+00	2.808956146240234375e+00	2.815566778182983398e+00	2.821667671203613281e+00	2.823939561843872070e+00	2.821180343627929688e+00	2.815605401992797852e+00	2.809982061386108398e+00	2.805959463119506836e+00	2.804169893264770508e+00	2.804639339447021484e+00	2.807058572769165039e+00	2.811028003692626953e+00	2.816269874572753906e+00	2.822680473327636719e+00
2.830065727233886719e+00	2.840500593185424805e+00	2.858637332916259766e+00	2.886614561080932617e+00	2.895098686218261719e+00	2.887722015380859375e+00	2.874034643173217773e+00	2.849773406982421875e+00	2.827474594116210938e+00	2.813080072402954102e+00	2.805567502975463867e+00	2.802581787109375000e+00	2.801848888397216797e+00	2.801965236663818359e+00	2.802794218063354492e+00	2.804694652557373047e+00	2.807776927947998047e+00	2.812603235244750977e+00	2.820662975311279297e+00	2.833213806152343750e+00	2.849951744079589844e+00	2.868576765060424805e+00	2.884664058685302734e+00	2.892741918563842773e+00	2.889305353164672852e+00	2.875818014144897461e+00	2.857549905776977539e+00	2.839909791946411133e+00	2.826101303100585938e+00	2.816977262496948242e+00	2.811634778976440430e+00	2.808822154998779297e+00	2.807658433914184570e+00	2.807669639587402344e+00	2.808449745178222656e+00	2.809022903442382812e+00	2.808210849761962891e+00	2.805959939956665039e+00	2.803534269332885742e+00	2.802417516708374023e+00	2.803853273391723633e+00	2.808686733245849609e+00	2.817430496215820312e+00	2.830558538436889648e+00	2.847938060760498047e+00	2.862785577774047852e+00	2.865252971649169922e+00	2.862055301666259766e+00	2.857605218887329102e+00	2.847850799560546875e+00	2.833574533462524414e+00	2.821139097213745117e+00	2.813413381576538086e+00	2.809197425842285156e+00	2.806222677230834961e+00	2.803699731826782227e+00	2.802367210388183594e+00	2.803472757339477539e+00	2.807717800140380859e+00	2.814345598220825195e+00	2.821168899536132812e+00	2.824715852737426758e+00	2.822230100631713867e+00	2.815778017044067383e+00	2.809309720993041992e+00	2.804781675338745117e+00	2.802715539932250977e+00	2.803153514862060547e+00	2.805851697921752930e+00	2.810153961181640625e+00	2.815596103668212891e+00	2.822178840637207031e+00
2.821605205535888672e+00	2.829370260238647461e+00	2.840199708938598633e+00	2.854286670684814453e+00	2.864965677261352539e+00	2.870528221130371094e+00	2.865286827087402344e+00	2.843959569931030273e+00	2.822384357452392578e+00	2.808903217315673828e+00	2.802600860595703125e+00	2.800813913345336914e+00	2.800955772399902344e+00	2.801459074020385742e+00	2.802167415618896484e+00	2.803537130355834961e+00	2.806229352951049805e+00	2.811305046081542969e+00	2.820264339447021484e+00	2.833956480026245117e+00	2.851774692535400391e+00	2.871515512466430664e+00	2.888779401779174805e+00	2.897536277770996094e+00	2.893833637237548828e+00	2.879436969757080078e+00	2.860031843185424805e+00	2.841109514236450195e+00	2.825981378555297852e+00	2.815882682800292969e+00	2.810256719589233398e+00	2.807197332382202148e+00	2.805603742599487305e+00	2.805297136306762695e+00	2.805949926376342773e+00	2.806577682495117188e+00	2.805855274200439453e+00	2.803697347640991211e+00	2.801374197006225586e+00	2.800198316574096680e+00	2.801013708114624023e+00	2.804209947586059570e+00	2.810108661651611328e+00	2.819047212600708008e+00	2.830553054809570312e+00	2.841641187667846680e+00	2.847787857055664062e+00	2.849853754043579102e+00	2.848867177963256836e+00	2.841312170028686523e+00	2.828950166702270508e+00	2.817194700241088867e+00	2.809264898300170898e+00	2.804884910583496094e+00	2.802156686782836914e+00	2.800181865692138672e+00	2.799601078033447266e+00	2.801492452621459961e+00	2.806219100952148438e+00	2.812510490417480469e+00	2.817775487899780273e+00	2.819445133209228516e+00	2.816547632217407227e+00	2.810683012008666992e+00	2.804525613784790039e+00	2.799933433532714844e+00	2.797696828842163086e+00	2.797797918319702148e+00	2.799798011779785156e+00	2.803243637084960938e+00	2.808160066604614258e+00	2.814517736434936523e+00
2.825120449066162109e+00	2.831552505493164062e+00	2.841584444046020508e+00	2.856460809707641602e+00	2.869834184646606445e+00	2.875283241271972656e+00	2.868970632553100586e+00	2.847121715545654297e+00	2.824957609176635742e+00	2.810465574264526367e+00	2.802925825119018555e+00	2.800194263458251953e+00	2.800110816955566406e+00	2.800615549087524414e+00	2.801641702651977539e+00	2.803806066513061523e+00	2.807089567184448242e+00	2.812159538269042969e+00	2.820693016052246094e+00	2.833919525146484375e+00	2.851476907730102539e+00	2.871263265609741211e+00	2.888950824737548828e+00	2.898425579071044922e+00	2.895283222198486328e+00	2.880958557128906250e+00	2.861379146575927734e+00	2.842518806457519531e+00	2.827913284301757812e+00	2.818583726882934570e+00	2.813209772109985352e+00	2.809580326080322266e+00	2.807158708572387695e+00	2.806099176406860352e+00	2.806048154830932617e+00	2.806170463562011719e+00	2.805649995803833008e+00	2.804342508316040039e+00	2.802790403366088867e+00	2.801892995834350586e+00	2.802686929702758789e+00	2.806006908416748047e+00	2.812273502349853516e+00	2.821308374404907227e+00	2.831671476364135742e+00	2.840680360794067383e+00	2.846489906311035156e+00	2.848747014999389648e+00	2.847776651382446289e+00	2.840451002120971680e+00	2.828865766525268555e+00	2.818235158920288086e+00	2.811127662658691406e+00	2.806581735610961914e+00	2.803170919418334961e+00	2.800542354583740234e+00	2.799587011337280273e+00	2.801510810852050781e+00	2.806642293930053711e+00	2.813962221145629883e+00	2.820543289184570312e+00	2.822514295578002930e+00	2.819016218185424805e+00	2.812545299530029297e+00	2.806132316589355469e+00	2.801804542541503906e+00	2.800587415695190430e+00	2.802553892135620117e+00	2.806268930435180664e+00	2.809963703155517578e+00	2.814188957214355469e+00	2.819431066513061523e+00
2.817018747329711914e+00	2.816197633743286133e+00	2.815001010894775391e+00	2.813155651092529297e+00	2.808991909027099609e+00	2.803608417510986328e+00	2.799678087234497070e+00	2.797199249267578125e+00	2.794543981552124023e+00	2.792133569717407227e+00	2.791121482849121094e+00	2.791566848754882812e+00	2.792222499847412109e+00	2.791631698608398438e+00	2.791167497634887695e+00	2.792062997817993164e+00	2.794726371765136719e+00	2.799726724624633789e+00	2.807893753051757812e+00	2.819627046585083008e+00	2.834362030029296875e+00	2.850378036499023438e+00	2.864474773406982422e+00	2.872771263122558594e+00	2.873004674911499023e+00	2.866325616836547852e+00	2.855545997619628906e+00	2.842693090438842773e+00	2.829225301742553711e+00	2.816972255706787109e+00	2.807266235351562500e+00	2.800344944000244141e+00	2.796297788619995117e+00	2.794919490814208984e+00	2.795300960540771484e+00	2.796086549758911133e+00	2.796161413192749023e+00	2.795081615447998047e+00	2.793255329132080078e+00	2.791484832763671875e+00	2.790349721908569336e+00	2.790611505508422852e+00	2.793029785156250000e+00	2.797860860824584961e+00	2.805198907852172852e+00	2.815150976181030273e+00	2.826540708541870117e+00	2.834896326065063477e+00	2.836824178695678711e+00	2.830613136291503906e+00	2.819055318832397461e+00	2.808053493499755859e+00	2.799841403961181641e+00	2.794537544250488281e+00	2.791728258132934570e+00	2.790923833847045898e+00	2.792317390441894531e+00	2.795858144760131836e+00	2.800881862640380859e+00	2.806311130523681641e+00	2.810691595077514648e+00	2.812042713165283203e+00	2.809686899185180664e+00	2.805765151977539062e+00	2.802575588226318359e+00	2.801526784896850586e+00	2.803169012069702148e+00	2.807299613952636719e+00	2.811412096023559570e+00	2.814227342605590820e+00	2.816036701202392578e+00	2.816879749298095703e+00
2.813312053680419922e+00	2.813147544860839844e+00	2.811404466629028320e+00	2.808032035827636719e+00	2.802178859710693359e+00	2.795870304107666016e+00	2.792352437973022461e+00	2.793039083480834961e+00	2.795706033706665039e+00	2.795927286148071289e+00	2.793965578079223633e+00	2.792343139648437500e+00	2.790969848632812500e+00	2.789883136749267578e+00	2.789785385131835938e+00	2.791193723678588867e+00	2.794311046600341797e+00	2.799399852752685547e+00	2.806969404220581055e+00	2.817234754562377930e+00	2.829727172851562500e+00	2.843237161636352539e+00	2.855125904083251953e+00	2.861583471298217773e+00	2.860583782196044922e+00	2.853956222534179688e+00	2.844848394393920898e+00	2.834640026092529297e+00	2.823568820953369141e+00	2.812876939773559570e+00	2.804178237915039062e+00	2.797785997390747070e+00	2.793694496154785156e+00	2.792012929916381836e+00	2.792067289352416992e+00	2.792459011077880859e+00	2.791956424713134766e+00	2.790495157241821289e+00	2.788765907287597656e+00	2.787536621093750000e+00	2.787515163421630859e+00	2.788974761962890625e+00	2.791884660720825195e+00	2.796495437622070312e+00	2.803445100784301758e+00	2.813249111175537109e+00	2.824609041213989258e+00	2.832758426666259766e+00	2.834262371063232422e+00	2.827409744262695312e+00	2.815114021301269531e+00	2.803550481796264648e+00	2.795318841934204102e+00	2.790409803390502930e+00	2.788380384445190430e+00	2.788773536682128906e+00	2.790895223617553711e+00	2.793972015380859375e+00	2.797759532928466797e+00	2.802103281021118164e+00	2.806053876876831055e+00	2.808489322662353516e+00	2.810323953628540039e+00	2.813662052154541016e+00	2.817629814147949219e+00	2.816269636154174805e+00	2.812461137771606445e+00	2.811204433441162109e+00	2.811082363128662109e+00	2.810996532440185547e+00	2.811161756515502930e+00	2.812113523483276367e+00
2.801272869110107422e+00	2.800265550613403320e+00	2.795654058456420898e+00	2.789064168930053711e+00	2.782720327377319336e+00	2.778559923171997070e+00	2.778279066085815430e+00	2.782113552093505859e+00	2.785883903503417969e+00	2.786299467086791992e+00	2.785175561904907227e+00	2.784999370574951172e+00	2.784498214721679688e+00	2.783546209335327148e+00	2.783312082290649414e+00	2.784349441528320312e+00	2.786652565002441406e+00	2.790252685546875000e+00	2.795510292053222656e+00	2.802507400512695312e+00	2.810364246368408203e+00	2.818492412567138672e+00	2.826026439666748047e+00	2.829782009124755859e+00	2.827439069747924805e+00	2.820590019226074219e+00	2.812505722045898438e+00	2.805055379867553711e+00	2.798694372177124023e+00	2.793482065200805664e+00	2.789521694183349609e+00	2.786636352539062500e+00	2.784984588623046875e+00	2.784933567047119141e+00	2.786029338836669922e+00	2.786970376968383789e+00	2.786460161209106445e+00	2.784240961074829102e+00	2.781184434890747070e+00	2.778404474258422852e+00	2.776699304580688477e+00	2.776436805725097656e+00	2.777860164642333984e+00	2.781064510345458984e+00	2.786088228225708008e+00	2.793336153030395508e+00	2.803295373916625977e+00	2.814223289489746094e+00	2.819879055023193359e+00	2.815116405487060547e+00	2.804257631301879883e+00	2.794342279434204102e+00	2.787438392639160156e+00	2.783390283584594727e+00	2.781797409057617188e+00	2.782363414764404297e+00	2.784520864486694336e+00	2.787496328353881836e+00	2.791349411010742188e+00	2.795090675354003906e+00	2.797713279724121094e+00	2.799072504043579102e+00	2.800521373748779297e+00	2.804495334625244141e+00	2.811219930648803711e+00	2.809340238571166992e+00	2.804091453552246094e+00	2.801419258117675781e+00	2.799330234527587891e+00	2.797988414764404297e+00	2.797960996627807617e+00	2.799553155899047852e+00
2.779301404953002930e+00	2.778160095214843750e+00	2.776898622512817383e+00	2.775750160217285156e+00	2.774334907531738281e+00	2.773368120193481445e+00	2.774043083190917969e+00	2.776591300964355469e+00	2.780020952224731445e+00	2.781086206436157227e+00	2.779714584350585938e+00	2.778258800506591797e+00	2.776662588119506836e+00	2.774995326995849609e+00	2.773628711700439453e+00	2.772833347320556641e+00	2.772722959518432617e+00	2.772853374481201172e+00	2.771897554397583008e+00	2.771172285079956055e+00	2.771098613739013672e+00	2.771169424057006836e+00	2.770737409591674805e+00	2.770534038543701172e+00	2.771462202072143555e+00	2.772310972213745117e+00	2.771730899810791016e+00	2.770641803741455078e+00	2.769685745239257812e+00	2.768949270248413086e+00	2.768277883529663086e+00	2.767715692520141602e+00	2.767475366592407227e+00	2.767588138580322266e+00	2.767958402633666992e+00	2.768326997756958008e+00	2.768586874008178711e+00	2.768537044525146484e+00	2.768187046051025391e+00	2.768114089965820312e+00	2.768780708312988281e+00	2.770086050033569336e+00	2.771720409393310547e+00	2.773358106613159180e+00	2.774730920791625977e+00	2.776471614837646484e+00	2.778918743133544922e+00	2.781205892562866211e+00	2.782264709472656250e+00	2.782922267913818359e+00	2.782993078231811523e+00	2.781812906265258789e+00	2.780250549316406250e+00	2.779044389724731445e+00	2.778447628021240234e+00	2.778122901916503906e+00	2.777703046798706055e+00	2.777458190917968750e+00	2.777526140213012695e+00	2.777658700942993164e+00	2.777748823165893555e+00	2.778795957565307617e+00	2.781782150268554688e+00	2.785934209823608398e+00	2.787997722625732422e+00	2.787628412246704102e+00	2.787420511245727539e+00	2.787589073181152344e+00	2.786269903182983398e+00	2.783662319183349609e+00	2.781542301177978516e+00	2.780285120010375977e+00
2.779500722885131836e+00	2.779624700546264648e+00	2.780764341354370117e+00	2.781573772430419922e+00	2.780896186828613281e+00	2.777768135070800781e+00	2.774240732192993164e+00	2.772490262985229492e+00	2.773649215698242188e+00	2.778315544128417969e+00	2.779435873031616211e+00	2.776898384094238281e+00	2.775522470474243164e+00	2.774574995040893555e+00	2.773909568786621094e+00	2.773902416229248047e+00	2.774760961532592773e+00	2.776407718658447266e+00	2.779126405715942383e+00	2.783162355422973633e+00	2.785725355148315430e+00	2.783558368682861328e+00	2.778371572494506836e+00	2.774231433868408203e+00	2.772675514221191406e+00	2.773010253906250000e+00	2.773729324340820312e+00	2.774201869964599609e+00	2.774434566497802734e+00	2.774187564849853516e+00	2.773304224014282227e+00	2.772098779678344727e+00	2.770909786224365234e+00	2.769958734512329102e+00	2.770295381546020508e+00	2.772583246231079102e+00	2.773638010025024414e+00	2.773544073104858398e+00	2.774047374725341797e+00	2.774430036544799805e+00	2.774222612380981445e+00	2.773599863052368164e+00	2.773688077926635742e+00	2.774045467376708984e+00	2.774047374725341797e+00	2.775801181793212891e+00	2.778898239135742188e+00	2.781884431838989258e+00	2.783674478530883789e+00	2.784107685089111328e+00	2.783491849899291992e+00	2.782075643539428711e+00	2.780453443527221680e+00	2.779466867446899414e+00	2.779622793197631836e+00	2.780709266662597656e+00	2.781716823577880859e+00	2.781546354293823242e+00	2.779801845550537109e+00	2.777388334274291992e+00	2.775948047637939453e+00	2.777170658111572266e+00	2.781919002532958984e+00	2.788154602050781250e+00	2.791482686996459961e+00	2.793291568756103516e+00	2.794733762741088867e+00	2.794221401214599609e+00	2.791127204895019531e+00	2.786934137344360352e+00	2.783413648605346680e+00	2.780924797058105469e+00
2.786403894424438477e+00	2.787840127944946289e+00	2.791501998901367188e+00	2.798343658447265625e+00	2.804264307022094727e+00	2.801364183425903320e+00	2.792083263397216797e+00	2.784340381622314453e+00	2.780692100524902344e+00	2.780568838119506836e+00	2.781506299972534180e+00	2.782490491867065430e+00	2.783747673034667969e+00	2.784409523010253906e+00	2.784193515777587891e+00	2.784142017364501953e+00	2.785721063613891602e+00	2.789701938629150391e+00	2.796147346496582031e+00	2.804277896881103516e+00	2.811847209930419922e+00	2.815726280212402344e+00	2.815617322921752930e+00	2.814008712768554688e+00	2.811221122741699219e+00	2.806906700134277344e+00	2.802587509155273438e+00	2.799963235855102539e+00	2.798896789550781250e+00	2.797464132308959961e+00	2.794806718826293945e+00	2.791622638702392578e+00	2.788850784301757812e+00	2.786826848983764648e+00	2.785788774490356445e+00	2.785872936248779297e+00	2.786791324615478516e+00	2.788014173507690430e+00	2.788936614990234375e+00	2.788478851318359375e+00	2.786041975021362305e+00	2.783059120178222656e+00	2.781363248825073242e+00	2.781521558761596680e+00	2.782646417617797852e+00	2.784107685089111328e+00	2.786237001419067383e+00	2.788898944854736328e+00	2.790598869323730469e+00	2.790122747421264648e+00	2.787938833236694336e+00	2.785375833511352539e+00	2.783438205718994141e+00	2.782365322113037109e+00	2.782673120498657227e+00	2.785210132598876953e+00	2.788794994354248047e+00	2.790712356567382812e+00	2.790155410766601562e+00	2.788780689239501953e+00	2.787892341613769531e+00	2.787951469421386719e+00	2.789342641830444336e+00	2.792578458786010742e+00	2.797773122787475586e+00	2.798277139663696289e+00	2.794799804687500000e+00	2.792819499969482422e+00	2.790375709533691406e+00	2.787779092788696289e+00	2.786122560501098633e+00	2.785758733749389648e+00
2.787111282348632812e+00	2.793607234954833984e+00	2.802785634994506836e+00	2.813433647155761719e+00	2.821365118026733398e+00	2.818068027496337891e+00	2.806280612945556641e+00	2.794977664947509766e+00	2.787558794021606445e+00	2.783808708190917969e+00	2.782690525054931641e+00	2.783567667007446289e+00	2.785543680191040039e+00	2.787017345428466797e+00	2.786928176879882812e+00	2.786454916000366211e+00	2.787136554718017578e+00	2.789692401885986328e+00	2.794121026992797852e+00	2.799884557723999023e+00	2.805465698242187500e+00	2.808072090148925781e+00	2.806791305541992188e+00	2.803690671920776367e+00	2.800266742706298828e+00	2.797616958618164062e+00	2.796904087066650391e+00	2.798628330230712891e+00	2.802238941192626953e+00	2.806113481521606445e+00	2.808123826980590820e+00	2.807830572128295898e+00	2.805624723434448242e+00	2.802039384841918945e+00	2.798014163970947266e+00	2.794539928436279297e+00	2.792327165603637695e+00	2.791789054870605469e+00	2.792211771011352539e+00	2.792384147644042969e+00	2.792189836502075195e+00	2.792659044265747070e+00	2.794836759567260742e+00	2.798868179321289062e+00	2.804132699966430664e+00	2.810319662094116211e+00	2.816692829132080078e+00	2.816679000854492188e+00	2.808925867080688477e+00	2.800404548645019531e+00	2.793755531311035156e+00	2.788856744766235352e+00	2.785382032394409180e+00	2.783565282821655273e+00	2.783897638320922852e+00	2.786237955093383789e+00	2.788981199264526367e+00	2.790282487869262695e+00	2.789437532424926758e+00	2.787688493728637695e+00	2.787061691284179688e+00	2.788296699523925781e+00	2.791416645050048828e+00	2.795956850051879883e+00	2.800204992294311523e+00	2.802464485168457031e+00	2.802059888839721680e+00	2.798606157302856445e+00	2.793068647384643555e+00	2.787729978561401367e+00	2.784420013427734375e+00	2.784052610397338867e+00
2.786267757415771484e+00	2.790194034576416016e+00	2.794218063354492188e+00	2.797991752624511719e+00	2.800364017486572266e+00	2.798960208892822266e+00	2.794149160385131836e+00	2.788851737976074219e+00	2.783993005752563477e+00	2.781157016754150391e+00	2.780708074569702148e+00	2.781696081161499023e+00	2.783183336257934570e+00	2.784449815750122070e+00	2.784947872161865234e+00	2.784733295440673828e+00	2.784150123596191406e+00	2.783937454223632812e+00	2.784264564514160156e+00	2.785282850265502930e+00	2.787165641784667969e+00	2.789242982864379883e+00	2.790778160095214844e+00	2.791247606277465820e+00	2.790109157562255859e+00	2.788025856018066406e+00	2.786915779113769531e+00	2.788030385971069336e+00	2.791439771652221680e+00	2.796417474746704102e+00	2.801517963409423828e+00	2.804687738418579102e+00	2.804548501968383789e+00	2.801671743392944336e+00	2.797587871551513672e+00	2.793451547622680664e+00	2.789860963821411133e+00	2.787114620208740234e+00	2.785062551498413086e+00	2.783566713333129883e+00	2.783126115798950195e+00	2.784448862075805664e+00	2.787691354751586914e+00	2.792519330978393555e+00	2.798372507095336914e+00	2.804703712463378906e+00	2.810936212539672852e+00	2.814540863037109375e+00	2.811038732528686523e+00	2.802752971649169922e+00	2.794490575790405273e+00	2.787734985351562500e+00	2.782747507095336914e+00	2.779560089111328125e+00	2.778159141540527344e+00	2.778077363967895508e+00	2.778002500534057617e+00	2.778026580810546875e+00	2.778430461883544922e+00	2.779147148132324219e+00	2.780644655227661133e+00	2.783002138137817383e+00	2.786268711090087891e+00	2.790379047393798828e+00	2.793977499008178711e+00	2.795355558395385742e+00	2.793858766555786133e+00	2.790005445480346680e+00	2.785433769226074219e+00	2.782152175903320312e+00	2.781397819519042969e+00	2.783072710037231445e+00
2.775133132934570312e+00	2.776752948760986328e+00	2.778439521789550781e+00	2.778923988342285156e+00	2.778088092803955078e+00	2.776384353637695312e+00	2.774211406707763672e+00	2.772777557373046875e+00	2.772957324981689453e+00	2.774288654327392578e+00	2.774977207183837891e+00	2.774945259094238281e+00	2.774535655975341797e+00	2.774373531341552734e+00	2.774665832519531250e+00	2.775563240051269531e+00	2.777078628540039062e+00	2.779258012771606445e+00	2.782137393951416016e+00	2.785469532012939453e+00	2.789319992065429688e+00	2.793264627456665039e+00	2.794727563858032227e+00	2.794460773468017578e+00	2.791831254959106445e+00	2.787640810012817383e+00	2.785518169403076172e+00	2.786535739898681641e+00	2.790545463562011719e+00	2.796890020370483398e+00	2.803902149200439453e+00	2.808957576751708984e+00	2.809802055358886719e+00	2.806771516799926758e+00	2.802191734313964844e+00	2.797401905059814453e+00	2.792504072189331055e+00	2.787471532821655273e+00	2.782466411590576172e+00	2.778038024902343750e+00	2.775120735168457031e+00	2.774286031723022461e+00	2.775221109390258789e+00	2.777271986007690430e+00	2.780321836471557617e+00	2.784291267395019531e+00	2.788958311080932617e+00	2.793904781341552734e+00	2.798032760620117188e+00	2.799432277679443359e+00	2.796883344650268555e+00	2.791808366775512695e+00	2.786454439163208008e+00	2.782001733779907227e+00	2.779010057449340820e+00	2.777545690536499023e+00	2.776352405548095703e+00	2.774535179138183594e+00	2.773369073867797852e+00	2.774128198623657227e+00	2.776780843734741211e+00	2.780606985092163086e+00	2.784978389739990234e+00	2.789062738418579102e+00	2.791865110397338867e+00	2.792218208312988281e+00	2.789197683334350586e+00	2.784006357192993164e+00	2.778686046600341797e+00	2.774931430816650391e+00	2.773508787155151367e+00	2.773913860321044922e+00
