2.816947937011718750e+00	2.826352834701538086e+00	2.833876609802246094e+00	2.837414979934692383e+00	2.835630416870117188e+00	2.829201936721801758e+00	2.820312738418579102e+00	2.811271667480468750e+00	2.803531169891357422e+00	2.797367334365844727e+00	2.791713476181030273e+00	2.785678625106811523e+00	2.779887199401855469e+00	2.775025606155395508e+00	2.771450757980346680e+00	2.769237279891967773e+00	2.768429756164550781e+00	2.769212007522583008e+00	2.771729707717895508e+00	2.775704622268676758e+00	2.780095338821411133e+00	2.783229112625122070e+00	2.783446550369262695e+00	2.780650377273559570e+00	2.776999711990356445e+00	2.774383306503295898e+00	2.773442983627319336e+00	2.774106264114379883e+00	2.775724649429321289e+00	2.777552604675292969e+00	2.779239654541015625e+00	2.780535936355590820e+00	2.781403303146362305e+00	2.781760215759277344e+00	2.781543731689453125e+00	2.781122446060180664e+00	2.781313657760620117e+00	2.782731294631958008e+00	2.785520792007446289e+00	2.788948297500610352e+00	2.792595624923706055e+00	2.797067642211914062e+00	2.802110671997070312e+00	2.808230638504028320e+00	2.817259788513183594e+00	2.828619956970214844e+00	2.837734699249267578e+00	2.834942340850830078e+00	2.824350833892822266e+00	2.811659097671508789e+00	2.799992799758911133e+00	2.791355371475219727e+00	2.786347866058349609e+00	2.783944129943847656e+00	2.783155918121337891e+00	2.783644914627075195e+00	2.784712553024291992e+00	2.786334037780761719e+00	2.788385152816772461e+00	2.790474176406860352e+00	2.792837142944335938e+00	2.794811725616455078e+00	2.796528577804565430e+00	2.798526048660278320e+00	2.800142526626586914e+00	2.800556421279907227e+00	2.799289703369140625e+00	2.797355175018310547e+00	2.796384811401367188e+00	2.797384023666381836e+00	2.801132678985595703e+00	2.807918548583984375e+00
2.809882879257202148e+00	2.821056604385375977e+00	2.831106901168823242e+00	2.837754726409912109e+00	2.839348316192626953e+00	2.836199283599853516e+00	2.829871654510498047e+00	2.822169303894042969e+00	2.814183473587036133e+00	2.806130409240722656e+00	2.798376083374023438e+00	2.791414976119995117e+00	2.785460948944091797e+00	2.780197858810424805e+00	2.775355339050292969e+00	2.771409034729003906e+00	2.769274950027465820e+00	2.769452333450317383e+00	2.771786928176879883e+00	2.775454521179199219e+00	2.778843402862548828e+00	2.780240058898925781e+00	2.779274940490722656e+00	2.776889324188232422e+00	2.774128198623657227e+00	2.771949768066406250e+00	2.770958423614501953e+00	2.771734714508056641e+00	2.774010181427001953e+00	2.776642560958862305e+00	2.778979063034057617e+00	2.780790090560913086e+00	2.782015800476074219e+00	2.782838344573974609e+00	2.783365011215209961e+00	2.783698558807373047e+00	2.784585952758789062e+00	2.787374019622802734e+00	2.793215513229370117e+00	2.802280902862548828e+00	2.811272382736206055e+00	2.815096378326416016e+00	2.816801309585571289e+00	2.818805932998657227e+00	2.821857929229736328e+00	2.826853036880493164e+00	2.828943967819213867e+00	2.821661949157714844e+00	2.809669971466064453e+00	2.798644781112670898e+00	2.790220260620117188e+00	2.784183502197265625e+00	2.780835390090942383e+00	2.779798030853271484e+00	2.779650211334228516e+00	2.779630422592163086e+00	2.780433416366577148e+00	2.781939029693603516e+00	2.783212423324584961e+00	2.783864021301269531e+00	2.783931493759155273e+00	2.783567428588867188e+00	2.783167362213134766e+00	2.783205986022949219e+00	2.783400297164916992e+00	2.783426046371459961e+00	2.783576011657714844e+00	2.783433437347412109e+00	2.783866167068481445e+00	2.786366701126098633e+00	2.791596174240112305e+00	2.799589872360229492e+00
2.785438776016235352e+00	2.788163423538208008e+00	2.791646242141723633e+00	2.796205997467041016e+00	2.801840543746948242e+00	2.807267427444458008e+00	2.811171293258666992e+00	2.812360048294067383e+00	2.809892654418945312e+00	2.804294824600219727e+00	2.796829938888549805e+00	2.788926839828491211e+00	2.781618356704711914e+00	2.775532960891723633e+00	2.770982027053833008e+00	2.768164396286010742e+00	2.767042398452758789e+00	2.767389297485351562e+00	2.768985271453857422e+00	2.771373271942138672e+00	2.773822069168090820e+00	2.775602340698242188e+00	2.775895118713378906e+00	2.775151491165161133e+00	2.774480819702148438e+00	2.774351596832275391e+00	2.775082111358642578e+00	2.776346445083618164e+00	2.777423620223999023e+00	2.777576923370361328e+00	2.776473045349121094e+00	2.774502992630004883e+00	2.772696256637573242e+00	2.771942377090454102e+00	2.772822856903076172e+00	2.775911331176757812e+00	2.781759500503540039e+00	2.790479421615600586e+00	2.801604509353637695e+00	2.814192056655883789e+00	2.823746442794799805e+00	2.827339410781860352e+00	2.826027631759643555e+00	2.819139719009399414e+00	2.808579921722412109e+00	2.797779321670532227e+00	2.788856506347656250e+00	2.782414436340332031e+00	2.778379201889038086e+00	2.776445865631103516e+00	2.775964260101318359e+00	2.775629281997680664e+00	2.775346994400024414e+00	2.775874614715576172e+00	2.776476383209228516e+00	2.776323556900024414e+00	2.776561737060546875e+00	2.777496814727783203e+00	2.778304338455200195e+00	2.777923583984375000e+00	2.776448249816894531e+00	2.775208950042724609e+00	2.774850368499755859e+00	2.775266170501708984e+00	2.776544809341430664e+00	2.778743505477905273e+00	2.781413793563842773e+00	2.783776998519897461e+00	2.785000562667846680e+00	2.784943342208862305e+00	2.784354925155639648e+00	2.784193992614746094e+00
2.781817436218261719e+00	2.783006191253662109e+00	2.785539388656616211e+00	2.789185047149658203e+00	2.793577671051025391e+00	2.797947645187377930e+00	2.801006078720092773e+00	2.801942825317382812e+00	2.800874471664428711e+00	2.797894954681396484e+00	2.793202638626098633e+00	2.787669658660888672e+00	2.782685995101928711e+00	2.779092550277709961e+00	2.776636838912963867e+00	2.775227069854736328e+00	2.774971246719360352e+00	2.775501251220703125e+00	2.776337385177612305e+00	2.776955604553222656e+00	2.777087211608886719e+00	2.776534557342529297e+00	2.775687456130981445e+00	2.774683475494384766e+00	2.773192644119262695e+00	2.771867513656616211e+00	2.771703958511352539e+00	2.772976636886596680e+00	2.775368452072143555e+00	2.777948617935180664e+00	2.779369831085205078e+00	2.779651165008544922e+00	2.779922723770141602e+00	2.781070947647094727e+00	2.783504009246826172e+00	2.787275075912475586e+00	2.791977405548095703e+00	2.797810554504394531e+00	2.804954767227172852e+00	2.812116146087646484e+00	2.816211938858032227e+00	2.816030025482177734e+00	2.812118053436279297e+00	2.805134534835815430e+00	2.797203302383422852e+00	2.790319442749023438e+00	2.785101175308227539e+00	2.781537532806396484e+00	2.780095338821411133e+00	2.781512498855590820e+00	2.783061981201171875e+00	2.781440973281860352e+00	2.780542612075805664e+00	2.780770063400268555e+00	2.781128406524658203e+00	2.780950307846069336e+00	2.780264139175415039e+00	2.779937505722045898e+00	2.780061721801757812e+00	2.780314207077026367e+00	2.780184745788574219e+00	2.779207229614257812e+00	2.778234958648681641e+00	2.778329372406005859e+00	2.779154539108276367e+00	2.779785633087158203e+00	2.780318498611450195e+00	2.780577898025512695e+00	2.780030250549316406e+00	2.779279947280883789e+00	2.779545068740844727e+00	2.781123399734497070e+00
2.778150081634521484e+00	2.779430389404296875e+00	2.782364368438720703e+00	2.786887168884277344e+00	2.793499708175659180e+00	2.802371978759765625e+00	2.812955379486083984e+00	2.824222564697265625e+00	2.833466291427612305e+00	2.833568811416625977e+00	2.822466611862182617e+00	2.808554172515869141e+00	2.797033071517944336e+00	2.789040565490722656e+00	2.783851385116577148e+00	2.780774354934692383e+00	2.779627084732055664e+00	2.779752731323242188e+00	2.780453205108642578e+00	2.781105041503906250e+00	2.781206130981445312e+00	2.780617237091064453e+00	2.779337882995605469e+00	2.777770280838012695e+00	2.776406288146972656e+00	2.775609016418457031e+00	2.775635004043579102e+00	2.776410341262817383e+00	2.777549982070922852e+00	2.778825759887695312e+00	2.779865503311157227e+00	2.780469417572021484e+00	2.781585693359375000e+00	2.784657001495361328e+00	2.790901660919189453e+00	2.801061868667602539e+00	2.815300464630126953e+00	2.833231210708618164e+00	2.852961540222167969e+00	2.870139122009277344e+00	2.877235889434814453e+00	2.871381044387817383e+00	2.857338666915893555e+00	2.840286254882812500e+00	2.823926448822021484e+00	2.810263156890869141e+00	2.799820899963378906e+00	2.792310953140258789e+00	2.786966562271118164e+00	2.782726049423217773e+00	2.779187917709350586e+00	2.776835918426513672e+00	2.776632785797119141e+00	2.779262304306030273e+00	2.783522367477416992e+00	2.787313699722290039e+00	2.788098335266113281e+00	2.784317255020141602e+00	2.778713226318359375e+00	2.773425579071044922e+00	2.769536972045898438e+00	2.767804384231567383e+00	2.768753767013549805e+00	2.772240877151489258e+00	2.777103424072265625e+00	2.781881332397460938e+00	2.785288095474243164e+00	2.786384344100952148e+00	2.785334825515747070e+00	2.782954216003417969e+00	2.780371427536010742e+00	2.778567314147949219e+00
2.787596464157104492e+00	2.787735462188720703e+00	2.790169715881347656e+00	2.794569492340087891e+00	2.800850629806518555e+00	2.810406208038330078e+00	2.824553966522216797e+00	2.841475486755371094e+00	2.854715347290039062e+00	2.855532169342041016e+00	2.839433670043945312e+00	2.819055318832397461e+00	2.802579402923583984e+00	2.791045188903808594e+00	2.783816337585449219e+00	2.779960393905639648e+00	2.778535366058349609e+00	2.778839349746704102e+00	2.780437946319580078e+00	2.782734155654907227e+00	2.785010099411010742e+00	2.786122322082519531e+00	2.785574197769165039e+00	2.784347534179687500e+00	2.783258914947509766e+00	2.782743453979492188e+00	2.783123254776000977e+00	2.784454822540283203e+00	2.786315679550170898e+00	2.787975311279296875e+00	2.788778543472290039e+00	2.788424730300903320e+00	2.788203716278076172e+00	2.790615320205688477e+00	2.797641754150390625e+00	2.810320615768432617e+00	2.829041242599487305e+00	2.853158235549926758e+00	2.880316257476806641e+00	2.904561519622802734e+00	2.914592027664184570e+00	2.904702186584472656e+00	2.882777929306030273e+00	2.859254360198974609e+00	2.838759422302246094e+00	2.822077035903930664e+00	2.809269189834594727e+00	2.800118446350097656e+00	2.793741941452026367e+00	2.788053274154663086e+00	2.783113002777099609e+00	2.780354499816894531e+00	2.780217647552490234e+00	2.782306432723999023e+00	2.786261320114135742e+00	2.794050931930541992e+00	2.802048206329345703e+00	2.801340818405151367e+00	2.796149492263793945e+00	2.791937112808227539e+00	2.789839029312133789e+00	2.790034770965576172e+00	2.792368173599243164e+00	2.796389579772949219e+00	2.800992965698242188e+00	2.804705619812011719e+00	2.806546449661254883e+00	2.806095123291015625e+00	2.803295850753784180e+00	2.798645973205566406e+00	2.793618679046630859e+00	2.789685249328613281e+00
2.789508342742919922e+00	2.788195371627807617e+00	2.789032936096191406e+00	2.792170524597167969e+00	2.797469139099121094e+00	2.804640293121337891e+00	2.813816547393798828e+00	2.824527740478515625e+00	2.832734584808349609e+00	2.832042932510375977e+00	2.821217298507690430e+00	2.806249618530273438e+00	2.793457031250000000e+00	2.784740209579467773e+00	2.779801368713378906e+00	2.777758359909057617e+00	2.777452230453491211e+00	2.777815580368041992e+00	2.778678655624389648e+00	2.779973506927490234e+00	2.781090259552001953e+00	2.781544923782348633e+00	2.781162023544311523e+00	2.780239582061767578e+00	2.779265403747558594e+00	2.778843402862548828e+00	2.779491662979125977e+00	2.781496763229370117e+00	2.784512996673583984e+00	2.786912441253662109e+00	2.786968469619750977e+00	2.785453081130981445e+00	2.784542322158813477e+00	2.786441326141357422e+00	2.792651653289794922e+00	2.803988456726074219e+00	2.821152210235595703e+00	2.843997001647949219e+00	2.870112895965576172e+00	2.893784999847412109e+00	2.905543088912963867e+00	2.899387359619140625e+00	2.880391359329223633e+00	2.858726739883422852e+00	2.839639425277709961e+00	2.823795080184936523e+00	2.811174869537353516e+00	2.801814794540405273e+00	2.795086622238159180e+00	2.789939880371093750e+00	2.785767078399658203e+00	2.782901287078857422e+00	2.782074213027954102e+00	2.783163309097290039e+00	2.785166740417480469e+00	2.790122985839843750e+00	2.797694921493530273e+00	2.798931121826171875e+00	2.794738054275512695e+00	2.790888071060180664e+00	2.788591623306274414e+00	2.788241386413574219e+00	2.789917945861816406e+00	2.793163299560546875e+00	2.797042846679687500e+00	2.800477743148803711e+00	2.802833557128906250e+00	2.803907871246337891e+00	2.803150415420532227e+00	2.800281286239624023e+00	2.796418905258178711e+00	2.792537689208984375e+00
2.801017045974731445e+00	2.800685882568359375e+00	2.800696372985839844e+00	2.802471160888671875e+00	2.806437969207763672e+00	2.812002658843994141e+00	2.817918062210083008e+00	2.820690631866455078e+00	2.817124605178833008e+00	2.810033082962036133e+00	2.801584243774414062e+00	2.792716026306152344e+00	2.784617185592651367e+00	2.778556108474731445e+00	2.775274991989135742e+00	2.774390459060668945e+00	2.774988651275634766e+00	2.777008295059204102e+00	2.778500556945800781e+00	2.778752803802490234e+00	2.779468059539794922e+00	2.780825138092041016e+00	2.781878709793090820e+00	2.781477928161621094e+00	2.779850244522094727e+00	2.778415679931640625e+00	2.778286218643188477e+00	2.779318094253540039e+00	2.780758380889892578e+00	2.781616687774658203e+00	2.780848503112792969e+00	2.779248476028442383e+00	2.778862714767456055e+00	2.780757188796997070e+00	2.785044431686401367e+00	2.792114496231079102e+00	2.803065776824951172e+00	2.817868709564208984e+00	2.835234880447387695e+00	2.853165626525878906e+00	2.868598699569702148e+00	2.875897407531738281e+00	2.867460250854492188e+00	2.853843688964843750e+00	2.841534614562988281e+00	2.829906225204467773e+00	2.819084644317626953e+00	2.809501409530639648e+00	2.801843404769897461e+00	2.795723676681518555e+00	2.790348052978515625e+00	2.785867452621459961e+00	2.782767534255981445e+00	2.781277894973754883e+00	2.781265974044799805e+00	2.782352447509765625e+00	2.784107685089111328e+00	2.786475896835327148e+00	2.789308547973632812e+00	2.791919708251953125e+00	2.794189929962158203e+00	2.796538829803466797e+00	2.799201726913452148e+00	2.801646232604980469e+00	2.802962064743041992e+00	2.803372859954833984e+00	2.803467988967895508e+00	2.803483486175537109e+00	2.803364038467407227e+00	2.802966356277465820e+00	2.802259445190429688e+00	2.801475763320922852e+00
2.801694869995117188e+00	2.805194616317749023e+00	2.811322450637817383e+00	2.821138620376586914e+00	2.836107730865478516e+00	2.855865716934204102e+00	2.869766712188720703e+00	2.873472452163696289e+00	2.876163482666015625e+00	2.856479406356811523e+00	2.830599546432495117e+00	2.810984849929809570e+00	2.797764778137207031e+00	2.789533138275146484e+00	2.785464286804199219e+00	2.784818649291992188e+00	2.786518096923828125e+00	2.789022684097290039e+00	2.790405750274658203e+00	2.791293382644653320e+00	2.792292594909667969e+00	2.792718410491943359e+00	2.791960239410400391e+00	2.790264606475830078e+00	2.788396835327148438e+00	2.787107467651367188e+00	2.786996126174926758e+00	2.788159370422363281e+00	2.789542913436889648e+00	2.790315151214599609e+00	2.789598464965820312e+00	2.787982463836669922e+00	2.787907123565673828e+00	2.790146827697753906e+00	2.794944763183593750e+00	2.803402662277221680e+00	2.816953897476196289e+00	2.836015701293945312e+00	2.859469890594482422e+00	2.884419441223144531e+00	2.906397581100463867e+00	2.918949604034423828e+00	2.917034387588500977e+00	2.901477336883544922e+00	2.878270387649536133e+00	2.854319810867309570e+00	2.833423137664794922e+00	2.816954851150512695e+00	2.805539846420288086e+00	2.798279523849487305e+00	2.793679714202880859e+00	2.790766239166259766e+00	2.789088964462280273e+00	2.788397550582885742e+00	2.788581609725952148e+00	2.789700746536254883e+00	2.791406869888305664e+00	2.793273448944091797e+00	2.795429944992065430e+00	2.797807931900024414e+00	2.800111293792724609e+00	2.802630662918090820e+00	2.805722236633300781e+00	2.808775663375854492e+00	2.810852766036987305e+00	2.811887741088867188e+00	2.811731576919555664e+00	2.810216426849365234e+00	2.807613372802734375e+00	2.804641962051391602e+00	2.802119493484497070e+00	2.800844192504882812e+00
2.801866292953491211e+00	2.805573225021362305e+00	2.812884092330932617e+00	2.824093580245971680e+00	2.838793039321899414e+00	2.855432748794555664e+00	2.869693040847778320e+00	2.878807067871093750e+00	2.886403799057006836e+00	2.868387460708618164e+00	2.840233325958251953e+00	2.818217277526855469e+00	2.804122686386108398e+00	2.796172618865966797e+00	2.792470693588256836e+00	2.791424036026000977e+00	2.791727066040039062e+00	2.792818307876586914e+00	2.794327020645141602e+00	2.795643091201782227e+00	2.796485424041748047e+00	2.797096014022827148e+00	2.797763824462890625e+00	2.798638820648193359e+00	2.797841310501098633e+00	2.795572996139526367e+00	2.794499397277832031e+00	2.794589996337890625e+00	2.795343637466430664e+00	2.796443223953247070e+00	2.797085762023925781e+00	2.797016859054565430e+00	2.796305656433105469e+00	2.797080755233764648e+00	2.801423072814941406e+00	2.810143470764160156e+00	2.824161529541015625e+00	2.844102144241333008e+00	2.869178295135498047e+00	2.896513938903808594e+00	2.920426845550537109e+00	2.933323383331298828e+00	2.930531978607177734e+00	2.914727449417114258e+00	2.890920162200927734e+00	2.865653038024902344e+00	2.843425035476684570e+00	2.825740575790405273e+00	2.812348604202270508e+00	2.802668333053588867e+00	2.796276569366455078e+00	2.792356967926025391e+00	2.790029525756835938e+00	2.788933277130126953e+00	2.789091587066650391e+00	2.790610313415527344e+00	2.793038606643676758e+00	2.795353651046752930e+00	2.797475099563598633e+00	2.800118446350097656e+00	2.803367376327514648e+00	2.806363582611083984e+00	2.808639287948608398e+00	2.811051130294799805e+00	2.814267873764038086e+00	2.817429065704345703e+00	2.818722724914550781e+00	2.816499233245849609e+00	2.812037229537963867e+00	2.807285308837890625e+00	2.803410291671752930e+00	2.801352024078369141e+00
2.797332286834716797e+00	2.801571130752563477e+00	2.808484554290771484e+00	2.818867444992065430e+00	2.832264184951782227e+00	2.846951007843017578e+00	2.860781908035278320e+00	2.874854564666748047e+00	2.888237953186035156e+00	2.869612693786621094e+00	2.839636325836181641e+00	2.817187070846557617e+00	2.803765296936035156e+00	2.797395229339599609e+00	2.795118570327758789e+00	2.793944120407104492e+00	2.794291973114013672e+00	2.795545101165771484e+00	2.797465085983276367e+00	2.798695325851440430e+00	2.798464298248291016e+00	2.797327041625976562e+00	2.796172142028808594e+00	2.795494318008422852e+00	2.795281171798706055e+00	2.795195579528808594e+00	2.794758319854736328e+00	2.794024944305419922e+00	2.793351411819458008e+00	2.793013572692871094e+00	2.793713569641113281e+00	2.795658111572265625e+00	2.797997474670410156e+00	2.800937652587890625e+00	2.805844306945800781e+00	2.814751386642456055e+00	2.829190015792846680e+00	2.849829673767089844e+00	2.875803709030151367e+00	2.904177665710449219e+00	2.928932666778564453e+00	2.942225456237792969e+00	2.940356254577636719e+00	2.925218343734741211e+00	2.901443719863891602e+00	2.875866174697875977e+00	2.852642774581909180e+00	2.833429098129272461e+00	2.818490982055664062e+00	2.807369232177734375e+00	2.799546241760253906e+00	2.794283151626586914e+00	2.790822744369506836e+00	2.788601398468017578e+00	2.787255764007568359e+00	2.786783218383789062e+00	2.787099599838256836e+00	2.788042068481445312e+00	2.789224386215209961e+00	2.790018796920776367e+00	2.790479660034179688e+00	2.791479110717773438e+00	2.793601512908935547e+00	2.796866416931152344e+00	2.800973892211914062e+00	2.805220603942871094e+00	2.806351184844970703e+00	2.803382158279418945e+00	2.800200700759887695e+00	2.797434568405151367e+00	2.795598506927490234e+00	2.795376777648925781e+00
2.805582761764526367e+00	2.802984952926635742e+00	2.800674676895141602e+00	2.797718763351440430e+00	2.794435501098632812e+00	2.792794227600097656e+00	2.794033288955688477e+00	2.797297000885009766e+00	2.800060987472534180e+00	2.800420522689819336e+00	2.798477888107299805e+00	2.794955730438232422e+00	2.791018486022949219e+00	2.787899971008300781e+00	2.786037445068359375e+00	2.785210132598876953e+00	2.786384582519531250e+00	2.790588378906250000e+00	2.796694993972778320e+00	2.800413846969604492e+00	2.799541473388671875e+00	2.795987129211425781e+00	2.793586492538452148e+00	2.794647216796875000e+00	2.799202442169189453e+00	2.805555582046508789e+00	2.810100317001342773e+00	2.809475183486938477e+00	2.803061246871948242e+00	2.793962955474853516e+00	2.785965919494628906e+00	2.780607223510742188e+00	2.777880907058715820e+00	2.777408361434936523e+00	2.779299736022949219e+00	2.783593177795410156e+00	2.789397239685058594e+00	2.798666000366210938e+00	2.811922311782836914e+00	2.827373981475830078e+00	2.840591907501220703e+00	2.845433473587036133e+00	2.839571952819824219e+00	2.827288866043090820e+00	2.814148664474487305e+00	2.803145647048950195e+00	2.795276165008544922e+00	2.790192127227783203e+00	2.787340402603149414e+00	2.786440134048461914e+00	2.786557912826538086e+00	2.786275625228881836e+00	2.784829139709472656e+00	2.782798290252685547e+00	2.780800104141235352e+00	2.778970241546630859e+00	2.777893543243408203e+00	2.777726650238037109e+00	2.777718782424926758e+00	2.777103424072265625e+00	2.775810718536376953e+00	2.774841308593750000e+00	2.775795221328735352e+00	2.779618501663208008e+00	2.785837888717651367e+00	2.793226957321166992e+00	2.800831556320190430e+00	2.807676553726196289e+00	2.812466144561767578e+00	2.813933134078979492e+00	2.812071323394775391e+00	2.808756589889526367e+00
2.810392618179321289e+00	2.803657293319702148e+00	2.796979665756225586e+00	2.791213750839233398e+00	2.787369966506958008e+00	2.786223888397216797e+00	2.787587165832519531e+00	2.790141582489013672e+00	2.792228937149047852e+00	2.792598962783813477e+00	2.791289329528808594e+00	2.789193630218505859e+00	2.787099838256835938e+00	2.785623550415039062e+00	2.785342216491699219e+00	2.786588668823242188e+00	2.789140939712524414e+00	2.793077468872070312e+00	2.798027753829956055e+00	2.801620244979858398e+00	2.801763057708740234e+00	2.798645019531250000e+00	2.795846462249755859e+00	2.796587467193603516e+00	2.801203012466430664e+00	2.808033227920532227e+00	2.813771963119506836e+00	2.813918352127075195e+00	2.807140350341796875e+00	2.797362327575683594e+00	2.789123773574829102e+00	2.783035755157470703e+00	2.778020620346069336e+00	2.775960922241210938e+00	2.776314258575439453e+00	2.778851032257080078e+00	2.783950328826904297e+00	2.789650917053222656e+00	2.795453310012817383e+00	2.803616762161254883e+00	2.812336444854736328e+00	2.818524599075317383e+00	2.818085670471191406e+00	2.810905933380126953e+00	2.802045345306396484e+00	2.794414997100830078e+00	2.789026260375976562e+00	2.786316156387329102e+00	2.786375761032104492e+00	2.788689374923706055e+00	2.791161775588989258e+00	2.791580677032470703e+00	2.790261983871459961e+00	2.787909507751464844e+00	2.785210609436035156e+00	2.782993793487548828e+00	2.781919002532958984e+00	2.781953811645507812e+00	2.782401561737060547e+00	2.782644271850585938e+00	2.782550811767578125e+00	2.782280921936035156e+00	2.782411098480224609e+00	2.784235715866088867e+00	2.788821220397949219e+00	2.795984029769897461e+00	2.804450750350952148e+00	2.812489509582519531e+00	2.818681240081787109e+00	2.821870803833007812e+00	2.820854902267456055e+00	2.816373348236083984e+00
2.811911582946777344e+00	2.806024312973022461e+00	2.800674200057983398e+00	2.795316696166992188e+00	2.790910720825195312e+00	2.788750886917114258e+00	2.788826942443847656e+00	2.790302991867065430e+00	2.792149305343627930e+00	2.793095111846923828e+00	2.792584180831909180e+00	2.791179180145263672e+00	2.789764642715454102e+00	2.788698673248291016e+00	2.788208246231079102e+00	2.789078712463378906e+00	2.791978836059570312e+00	2.796892642974853516e+00	2.802873849868774414e+00	2.807169198989868164e+00	2.806281566619873047e+00	2.802177667617797852e+00	2.799475431442260742e+00	2.800838470458984375e+00	2.806252241134643555e+00	2.812593460083007812e+00	2.817616462707519531e+00	2.817618846893310547e+00	2.810839891433715820e+00	2.801561355590820312e+00	2.793746709823608398e+00	2.787595748901367188e+00	2.782194614410400391e+00	2.779310703277587891e+00	2.778661489486694336e+00	2.780050516128540039e+00	2.783526182174682617e+00	2.789228916168212891e+00	2.797252893447875977e+00	2.807101488113403320e+00	2.817132711410522461e+00	2.824175357818603516e+00	2.823630332946777344e+00	2.815337419509887695e+00	2.804755687713623047e+00	2.795894861221313477e+00	2.789946079254150391e+00	2.787008762359619141e+00	2.786989688873291016e+00	2.789269685745239258e+00	2.792125225067138672e+00	2.793290615081787109e+00	2.792249202728271484e+00	2.790263414382934570e+00	2.788342237472534180e+00	2.787176132202148438e+00	2.787221908569335938e+00	2.788074016571044922e+00	2.788958549499511719e+00	2.789461612701416016e+00	2.789572000503540039e+00	2.789615869522094727e+00	2.790376901626586914e+00	2.793090581893920898e+00	2.798444032669067383e+00	2.805855989456176758e+00	2.813848495483398438e+00	2.820942401885986328e+00	2.826346397399902344e+00	2.828274488449096680e+00	2.825088739395141602e+00	2.818650960922241211e+00
2.785176515579223633e+00	2.786781311035156250e+00	2.790853261947631836e+00	2.796821832656860352e+00	2.804341554641723633e+00	2.812816858291625977e+00	2.820984601974487305e+00	2.826761484146118164e+00	2.825374364852905273e+00	2.816766262054443359e+00	2.806166648864746094e+00	2.797297000885009766e+00	2.791249513626098633e+00	2.787437200546264648e+00	2.784871339797973633e+00	2.783540010452270508e+00	2.783791542053222656e+00	2.784944772720336914e+00	2.785836935043334961e+00	2.785984754562377930e+00	2.785098075866699219e+00	2.783062696456909180e+00	2.780459880828857422e+00	2.778325557708740234e+00	2.777209281921386719e+00	2.776942729949951172e+00	2.777240514755249023e+00	2.777992725372314453e+00	2.778994798660278320e+00	2.780012369155883789e+00	2.781336307525634766e+00	2.783520460128784180e+00	2.786523103713989258e+00	2.790244579315185547e+00	2.794904708862304688e+00	2.801572799682617188e+00	2.811985731124877930e+00	2.828062057495117188e+00	2.850323200225830078e+00	2.877349615097045898e+00	2.904765367507934570e+00	2.924044370651245117e+00	2.926270484924316406e+00	2.910919427871704102e+00	2.886776447296142578e+00	2.861142158508300781e+00	2.838005781173706055e+00	2.819444894790649414e+00	2.805830478668212891e+00	2.796803474426269531e+00	2.791671037673950195e+00	2.788605690002441406e+00	2.785554170608520508e+00	2.782870769500732422e+00	2.781345129013061523e+00	2.781121969223022461e+00	2.781970024108886719e+00	2.783654689788818359e+00	2.785701751708984375e+00	2.787699937820434570e+00	2.789803743362426758e+00	2.792647361755371094e+00	2.796573877334594727e+00	2.801056146621704102e+00	2.804604053497314453e+00	2.805988073348999023e+00	2.805459499359130859e+00	2.802890539169311523e+00	2.798652887344360352e+00	2.793804407119750977e+00	2.789323329925537109e+00	2.786170005798339844e+00
2.793152093887329102e+00	2.798366308212280273e+00	2.806570529937744141e+00	2.816854000091552734e+00	2.827601671218872070e+00	2.837247371673583984e+00	2.847156047821044922e+00	2.861335039138793945e+00	2.875614166259765625e+00	2.857232809066772461e+00	2.829820394515991211e+00	2.812231779098510742e+00	2.801211595535278320e+00	2.794634103775024414e+00	2.791532993316650391e+00	2.791188955307006836e+00	2.793044567108154297e+00	2.795942544937133789e+00	2.797933578491210938e+00	2.798723936080932617e+00	2.798563241958618164e+00	2.797073364257812500e+00	2.794617176055908203e+00	2.792270183563232422e+00	2.790647029876708984e+00	2.789719104766845703e+00	2.789222955703735352e+00	2.788905858993530273e+00	2.788646936416625977e+00	2.788397312164306641e+00	2.788707733154296875e+00	2.790605068206787109e+00	2.794314146041870117e+00	2.799187421798706055e+00	2.805544376373291016e+00	2.815114021301269531e+00	2.829576492309570312e+00	2.850163698196411133e+00	2.876898288726806641e+00	2.907817125320434570e+00	2.937354326248168945e+00	2.956186294555664062e+00	2.956931829452514648e+00	2.941105127334594727e+00	2.915747165679931641e+00	2.887376308441162109e+00	2.860494852066040039e+00	2.837921142578125000e+00	2.820859193801879883e+00	2.809194326400756836e+00	2.801905393600463867e+00	2.797358989715576172e+00	2.794098615646362305e+00	2.791548252105712891e+00	2.789760589599609375e+00	2.789016723632812500e+00	2.789387226104736328e+00	2.790515184402465820e+00	2.791747331619262695e+00	2.792618989944458008e+00	2.793437480926513672e+00	2.794892072677612305e+00	2.797466039657592773e+00	2.800815105438232422e+00	2.803844451904296875e+00	2.805823326110839844e+00	2.806484699249267578e+00	2.805222749710083008e+00	2.801613092422485352e+00	2.796437025070190430e+00	2.792453050613403320e+00	2.791230201721191406e+00
2.800661325454711914e+00	2.805754899978637695e+00	2.814675092697143555e+00	2.826750040054321289e+00	2.840985774993896484e+00	2.856911182403564453e+00	2.870074272155761719e+00	2.880993366241455078e+00	2.893122434616088867e+00	2.875747442245483398e+00	2.847657203674316406e+00	2.826991796493530273e+00	2.813541412353515625e+00	2.805559873580932617e+00	2.802134037017822266e+00	2.802409887313842773e+00	2.805119276046752930e+00	2.807856559753417969e+00	2.808930397033691406e+00	2.809067249298095703e+00	2.808214664459228516e+00	2.806312084197998047e+00	2.804099082946777344e+00	2.802384853363037109e+00	2.801452875137329102e+00	2.801080226898193359e+00	2.800965785980224609e+00	2.800984621047973633e+00	2.800949573516845703e+00	2.800765752792358398e+00	2.800906181335449219e+00	2.802092075347900391e+00	2.804772138595581055e+00	2.809218645095825195e+00	2.816109418869018555e+00	2.827407836914062500e+00	2.844990968704223633e+00	2.869262695312500000e+00	2.898886680603027344e+00	2.930977582931518555e+00	2.959550380706787109e+00	2.975499153137207031e+00	2.973995447158813477e+00	2.958935976028442383e+00	2.934331417083740234e+00	2.905425786972045898e+00	2.877638101577758789e+00	2.854013442993164062e+00	2.835709810256958008e+00	2.822668790817260742e+00	2.814087390899658203e+00	2.808773040771484375e+00	2.805763244628906250e+00	2.804101943969726562e+00	2.803139448165893555e+00	2.803072929382324219e+00	2.803325176239013672e+00	2.803330898284912109e+00	2.802985906600952148e+00	2.802862405776977539e+00	2.803217172622680664e+00	2.804067850112915039e+00	2.805715084075927734e+00	2.808419466018676758e+00	2.811661481857299805e+00	2.814249753952026367e+00	2.815309047698974609e+00	2.814461708068847656e+00	2.811083793640136719e+00	2.805785894393920898e+00	2.801313400268554688e+00	2.799344539642333984e+00
2.801273107528686523e+00	2.805057287216186523e+00	2.813135623931884766e+00	2.825327634811401367e+00	2.841465473175048828e+00	2.863484382629394531e+00	2.885323524475097656e+00	2.894822359085083008e+00	2.902176618576049805e+00	2.880736589431762695e+00	2.850258588790893555e+00	2.828495264053344727e+00	2.814569473266601562e+00	2.806420564651489258e+00	2.802512168884277344e+00	2.801513433456420898e+00	2.802469491958618164e+00	2.804506778717041016e+00	2.806246757507324219e+00	2.806419372558593750e+00	2.805586576461791992e+00	2.804379224777221680e+00	2.803102731704711914e+00	2.802188873291015625e+00	2.802030086517333984e+00	2.802626371383666992e+00	2.803135871887207031e+00	2.803085803985595703e+00	2.803007125854492188e+00	2.803228139877319336e+00	2.804048299789428711e+00	2.805722951889038086e+00	2.808457374572753906e+00	2.812576770782470703e+00	2.819674491882324219e+00	2.832251787185668945e+00	2.851748943328857422e+00	2.878603219985961914e+00	2.911964416503906250e+00	2.949123859405517578e+00	2.983185529708862305e+00	3.001065731048583984e+00	2.996009826660156250e+00	2.976153850555419922e+00	2.946494817733764648e+00	2.913431644439697266e+00	2.882954835891723633e+00	2.857982873916625977e+00	2.839133739471435547e+00	2.825585126876831055e+00	2.816145420074462891e+00	2.809768438339233398e+00	2.805230140686035156e+00	2.802235603332519531e+00	2.801428318023681641e+00	2.802807807922363281e+00	2.805078744888305664e+00	2.806807756423950195e+00	2.806764602661132812e+00	2.805316686630249023e+00	2.803961038589477539e+00	2.803843021392822266e+00	2.805453538894653320e+00	2.808729410171508789e+00	2.812953710556030273e+00	2.816607952117919922e+00	2.818374395370483398e+00	2.817578315734863281e+00	2.814045429229736328e+00	2.809020757675170898e+00	2.804269552230834961e+00	2.801299333572387695e+00
2.798646450042724609e+00	2.802250623703002930e+00	2.810476541519165039e+00	2.824090957641601562e+00	2.843718290328979492e+00	2.872403144836425781e+00	2.897725343704223633e+00	2.888511657714843750e+00	2.883542060852050781e+00	2.866175651550292969e+00	2.842709779739379883e+00	2.824848890304565430e+00	2.812762975692749023e+00	2.804666519165039062e+00	2.799957275390625000e+00	2.798123359680175781e+00	2.798471450805664062e+00	2.799970149993896484e+00	2.801677227020263672e+00	2.802639722824096680e+00	2.802492856979370117e+00	2.801676988601684570e+00	2.800578594207763672e+00	2.799535036087036133e+00	2.798894882202148438e+00	2.798789739608764648e+00	2.798984289169311523e+00	2.799050331115722656e+00	2.799082994461059570e+00	2.799551963806152344e+00	2.800809860229492188e+00	2.802960395812988281e+00	2.805579662322998047e+00	2.808801174163818359e+00	2.815443754196166992e+00	2.827468395233154297e+00	2.845796108245849609e+00	2.871313810348510742e+00	2.903589963912963867e+00	2.940082788467407227e+00	2.974243402481079102e+00	2.994768619537353516e+00	2.995739698410034180e+00	2.979438066482543945e+00	2.950660943984985352e+00	2.916376113891601562e+00	2.883833408355712891e+00	2.857351779937744141e+00	2.837789297103881836e+00	2.823935747146606445e+00	2.814121484756469727e+00	2.807093143463134766e+00	2.802326202392578125e+00	2.799623012542724609e+00	2.799012899398803711e+00	2.800541639328002930e+00	2.802990913391113281e+00	2.803856372833251953e+00	2.802947044372558594e+00	2.801657199859619141e+00	2.801100254058837891e+00	2.801743984222412109e+00	2.803665637969970703e+00	2.806765079498291016e+00	2.810425996780395508e+00	2.813214540481567383e+00	2.814016103744506836e+00	2.812607049942016602e+00	2.809355258941650391e+00	2.805147409439086914e+00	2.801192522048950195e+00	2.798669576644897461e+00
2.810606718063354492e+00	2.814681053161621094e+00	2.823241710662841797e+00	2.837786674499511719e+00	2.860351085662841797e+00	2.891142368316650391e+00	2.907734870910644531e+00	2.897189617156982422e+00	2.882007360458374023e+00	2.861224174499511719e+00	2.840799093246459961e+00	2.826817989349365234e+00	2.818084478378295898e+00	2.812752962112426758e+00	2.810033559799194336e+00	2.809783935546875000e+00	2.811393260955810547e+00	2.813477516174316406e+00	2.815295934677124023e+00	2.816334247589111328e+00	2.816338539123535156e+00	2.815528392791748047e+00	2.814404249191284180e+00	2.813507080078125000e+00	2.813084125518798828e+00	2.812743902206420898e+00	2.811745166778564453e+00	2.810065269470214844e+00	2.808720350265502930e+00	2.808459043502807617e+00	2.809509754180908203e+00	2.811780929565429688e+00	2.814837694168090820e+00	2.818764686584472656e+00	2.825030803680419922e+00	2.835421085357666016e+00	2.851087808609008789e+00	2.873968362808227539e+00	2.904421567916870117e+00	2.940152168273925781e+00	2.974534034729003906e+00	2.995517730712890625e+00	2.995633125305175781e+00	2.979422330856323242e+00	2.953457355499267578e+00	2.922850131988525391e+00	2.892715930938720703e+00	2.867574214935302734e+00	2.848680973052978516e+00	2.834556102752685547e+00	2.824423551559448242e+00	2.817541837692260742e+00	2.813310623168945312e+00	2.811492681503295898e+00	2.811598062515258789e+00	2.812498569488525391e+00	2.813091993331909180e+00	2.812566757202148438e+00	2.811412096023559570e+00	2.810518264770507812e+00	2.810278415679931641e+00	2.811058998107910156e+00	2.813316822052001953e+00	2.816686153411865234e+00	2.819947004318237305e+00	2.821742057800292969e+00	2.821270942687988281e+00	2.818898439407348633e+00	2.815688610076904297e+00	2.812689781188964844e+00	2.810565710067749023e+00	2.809639930725097656e+00
2.813956260681152344e+00	2.818498849868774414e+00	2.826853275299072266e+00	2.840996742248535156e+00	2.863530158996582031e+00	2.895358324050903320e+00	2.911184787750244141e+00	2.899320602416992188e+00	2.885471820831298828e+00	2.865024805068969727e+00	2.843492269515991211e+00	2.828738212585449219e+00	2.819382190704345703e+00	2.813805818557739258e+00	2.811367034912109375e+00	2.811595439910888672e+00	2.813767194747924805e+00	2.816925048828125000e+00	2.820073366165161133e+00	2.822420835494995117e+00	2.823243856430053711e+00	2.822219371795654297e+00	2.820303678512573242e+00	2.818538427352905273e+00	2.817049503326416016e+00	2.815557718276977539e+00	2.813935041427612305e+00	2.812605381011962891e+00	2.811769485473632812e+00	2.811568737030029297e+00	2.812387466430664062e+00	2.814435482025146484e+00	2.817299842834472656e+00	2.820873498916625977e+00	2.826418161392211914e+00	2.835854530334472656e+00	2.850946187973022461e+00	2.872962474822998047e+00	2.901853322982788086e+00	2.935374736785888672e+00	2.967606544494628906e+00	2.987972259521484375e+00	2.986165046691894531e+00	2.964435577392578125e+00	2.934298992156982422e+00	2.904074907302856445e+00	2.877939939498901367e+00	2.856918573379516602e+00	2.840728998184204102e+00	2.829229354858398438e+00	2.821398496627807617e+00	2.816252946853637695e+00	2.813234567642211914e+00	2.812073230743408203e+00	2.812320232391357422e+00	2.813107252120971680e+00	2.813604831695556641e+00	2.813344478607177734e+00	2.812539577484130859e+00	2.811994075775146484e+00	2.812313556671142578e+00	2.813749313354492188e+00	2.816380262374877930e+00	2.819617986679077148e+00	2.822267293930053711e+00	2.823293685913085938e+00	2.822417259216308594e+00	2.820030927658081055e+00	2.816868066787719727e+00	2.813810825347900391e+00	2.811831951141357422e+00	2.811785697937011719e+00
2.811007976531982422e+00	2.814541816711425781e+00	2.822357177734375000e+00	2.836346864700317383e+00	2.859195232391357422e+00	2.892148256301879883e+00	2.908518552780151367e+00	2.892222404479980469e+00	2.874143838882446289e+00	2.857074975967407227e+00	2.839776515960693359e+00	2.824289798736572266e+00	2.814032077789306641e+00	2.808078289031982422e+00	2.805599927902221680e+00	2.805955410003662109e+00	2.808441638946533203e+00	2.812202692031860352e+00	2.816297054290771484e+00	2.818916797637939453e+00	2.819126844406127930e+00	2.817331075668334961e+00	2.814708948135375977e+00	2.812546014785766602e+00	2.811101436614990234e+00	2.810257434844970703e+00	2.810098648071289062e+00	2.810259580612182617e+00	2.810525178909301758e+00	2.811354398727416992e+00	2.812928438186645508e+00	2.816142320632934570e+00	2.820908546447753906e+00	2.826621532440185547e+00	2.833318710327148438e+00	2.842024803161621094e+00	2.854551076889038086e+00	2.872682809829711914e+00	2.897217035293579102e+00	2.926946401596069336e+00	2.956708669662475586e+00	2.977219581604003906e+00	2.976768493652343750e+00	2.952419519424438477e+00	2.917746543884277344e+00	2.884320020675659180e+00	2.856687784194946289e+00	2.836058378219604492e+00	2.822432756423950195e+00	2.814269781112670898e+00	2.809376239776611328e+00	2.805999517440795898e+00	2.803552865982055664e+00	2.802364110946655273e+00	2.802823781967163086e+00	2.804723978042602539e+00	2.806706428527832031e+00	2.807194709777832031e+00	2.806595563888549805e+00	2.806068658828735352e+00	2.806453227996826172e+00	2.808339595794677734e+00	2.811695098876953125e+00	2.815344572067260742e+00	2.818164587020874023e+00	2.819464206695556641e+00	2.818774461746215820e+00	2.816374540328979492e+00	2.813129186630249023e+00	2.810206890106201172e+00	2.808789491653442383e+00	2.809329509735107422e+00
2.791414260864257812e+00	2.793898582458496094e+00	2.799718856811523438e+00	2.809132337570190430e+00	2.822430610656738281e+00	2.838022947311401367e+00	2.849480390548706055e+00	2.851187705993652344e+00	2.841559648513793945e+00	2.826691389083862305e+00	2.813703298568725586e+00	2.804067373275756836e+00	2.796953678131103516e+00	2.792676210403442383e+00	2.791242599487304688e+00	2.791240930557250977e+00	2.792116165161132812e+00	2.793652296066284180e+00	2.795476913452148438e+00	2.796941280364990234e+00	2.797130823135375977e+00	2.795616626739501953e+00	2.793398857116699219e+00	2.791762351989746094e+00	2.791013717651367188e+00	2.790961265563964844e+00	2.791356325149536133e+00	2.791996240615844727e+00	2.792903184890747070e+00	2.794684648513793945e+00	2.798130035400390625e+00	2.803215742111206055e+00	2.809107303619384766e+00	2.815223455429077148e+00	2.821648120880126953e+00	2.829883813858032227e+00	2.841937065124511719e+00	2.859196662902832031e+00	2.881750345230102539e+00	2.906411647796630859e+00	2.930041313171386719e+00	2.948302984237670898e+00	2.949057340621948242e+00	2.929939508438110352e+00	2.901470184326171875e+00	2.871828794479370117e+00	2.845560550689697266e+00	2.825031995773315430e+00	2.810685396194458008e+00	2.801634311676025391e+00	2.796241521835327148e+00	2.792839527130126953e+00	2.790535688400268555e+00	2.788805007934570312e+00	2.786997556686401367e+00	2.785816669464111328e+00	2.785910606384277344e+00	2.786523342132568359e+00	2.786809206008911133e+00	2.786748170852661133e+00	2.787137746810913086e+00	2.789079666137695312e+00	2.792767524719238281e+00	2.796163320541381836e+00	2.799003839492797852e+00	2.801234006881713867e+00	2.801806688308715820e+00	2.800454378128051758e+00	2.797796726226806641e+00	2.795043230056762695e+00	2.793035984039306641e+00	2.791604995727539062e+00
2.796510696411132812e+00	2.798407316207885742e+00	2.804018020629882812e+00	2.814826011657714844e+00	2.832356929779052734e+00	2.857287883758544922e+00	2.880850553512573242e+00	2.887168169021606445e+00	2.877294778823852539e+00	2.856882572174072266e+00	2.836222648620605469e+00	2.820873975753784180e+00	2.810098171234130859e+00	2.804679155349731445e+00	2.799508333206176758e+00	2.796808242797851562e+00	2.796921968460083008e+00	2.798532009124755859e+00	2.800800323486328125e+00	2.802508354187011719e+00	2.802836894989013672e+00	2.802180051803588867e+00	2.801316499710083008e+00	2.800596475601196289e+00	2.800115346908569336e+00	2.799795389175415039e+00	2.799532175064086914e+00	2.799327373504638672e+00	2.799361944198608398e+00	2.800232410430908203e+00	2.802510738372802734e+00	2.806536436080932617e+00	2.811903715133666992e+00	2.817635536193847656e+00	2.824713468551635742e+00	2.835830926895141602e+00	2.852778911590576172e+00	2.876025676727294922e+00	2.903987169265747070e+00	2.933370351791381836e+00	2.961681842803955078e+00	2.979274749755859375e+00	2.975066661834716797e+00	2.954452991485595703e+00	2.926732540130615234e+00	2.896146535873413086e+00	2.867270946502685547e+00	2.843690872192382812e+00	2.826509237289428711e+00	2.815009117126464844e+00	2.807593822479248047e+00	2.802538394927978516e+00	2.798610925674438477e+00	2.795265197753906250e+00	2.792748451232910156e+00	2.791533470153808594e+00	2.791435480117797852e+00	2.791730165481567383e+00	2.791900634765625000e+00	2.792088747024536133e+00	2.793032646179199219e+00	2.795274734497070312e+00	2.797948360443115234e+00	2.800496816635131836e+00	2.802968025207519531e+00	2.804846763610839844e+00	2.805995702743530273e+00	2.806063652038574219e+00	2.804340362548828125e+00	2.801492214202880859e+00	2.798630237579345703e+00	2.796797037124633789e+00
2.796072006225585938e+00	2.798572778701782227e+00	2.804502248764038086e+00	2.814861536026000977e+00	2.830992698669433594e+00	2.852448463439941406e+00	2.867765665054321289e+00	2.870772123336791992e+00	2.867396116256713867e+00	2.853596687316894531e+00	2.832955837249755859e+00	2.816800832748413086e+00	2.806500196456909180e+00	2.800782680511474609e+00	2.798579931259155273e+00	2.798733472824096680e+00	2.800121307373046875e+00	2.802127838134765625e+00	2.804209232330322266e+00	2.805413007736206055e+00	2.805026531219482422e+00	2.803476095199584961e+00	2.801844596862792969e+00	2.800948143005371094e+00	2.800976514816284180e+00	2.801517248153686523e+00	2.801962137222290039e+00	2.801755428314208984e+00	2.801051378250122070e+00	2.800707101821899414e+00	2.801342487335205078e+00	2.803349256515502930e+00	2.807341098785400391e+00	2.813763856887817383e+00	2.823268651962280273e+00	2.836784601211547852e+00	2.855547428131103516e+00	2.880938768386840820e+00	2.913195610046386719e+00	2.951651811599731445e+00	2.992252349853515625e+00	3.013338088989257812e+00	2.998648643493652344e+00	2.970866203308105469e+00	2.940273046493530273e+00	2.908664703369140625e+00	2.878980159759521484e+00	2.854085445404052734e+00	2.835114717483520508e+00	2.821753978729248047e+00	2.812790155410766602e+00	2.806551218032836914e+00	2.801722288131713867e+00	2.797827482223510742e+00	2.794918060302734375e+00	2.793199062347412109e+00	2.792516708374023438e+00	2.792247533798217773e+00	2.792004108428955078e+00	2.792094469070434570e+00	2.792972326278686523e+00	2.794651508331298828e+00	2.796873331069946289e+00	2.799721002578735352e+00	2.802834987640380859e+00	2.805006504058837891e+00	2.805723905563354492e+00	2.805158853530883789e+00	2.803397893905639648e+00	2.800783634185791016e+00	2.798050403594970703e+00	2.796182870864868164e+00
2.798248529434204102e+00	2.801304578781127930e+00	2.807358980178833008e+00	2.816422462463378906e+00	2.828520774841308594e+00	2.843516111373901367e+00	2.855525970458984375e+00	2.852552175521850586e+00	2.840143442153930664e+00	2.826637744903564453e+00	2.815198183059692383e+00	2.806836128234863281e+00	2.801383733749389648e+00	2.798382282257080078e+00	2.797598600387573242e+00	2.798573970794677734e+00	2.800547361373901367e+00	2.802954912185668945e+00	2.805086851119995117e+00	2.805999755859375000e+00	2.805134057998657227e+00	2.802254199981689453e+00	2.798974275588989258e+00	2.796878814697265625e+00	2.796118974685668945e+00	2.796430110931396484e+00	2.797469139099121094e+00	2.798020601272583008e+00	2.797705650329589844e+00	2.797924995422363281e+00	2.799735069274902344e+00	2.803208827972412109e+00	2.808459758758544922e+00	2.815909385681152344e+00	2.825824499130249023e+00	2.838805198669433594e+00	2.856802463531494141e+00	2.882446050643920898e+00	2.916481018066406250e+00	2.958392143249511719e+00	3.003333568572998047e+00	3.028650045394897461e+00	3.011253833770751953e+00	2.975642919540405273e+00	2.937670707702636719e+00	2.902552843093872070e+00	2.873219490051269531e+00	2.850237607955932617e+00	2.833371162414550781e+00	2.821773290634155273e+00	2.813838958740234375e+00	2.807776689529418945e+00	2.802577733993530273e+00	2.798213243484497070e+00	2.795095920562744141e+00	2.793503522872924805e+00	2.793249130249023438e+00	2.793573856353759766e+00	2.793771743774414062e+00	2.793769836425781250e+00	2.794114828109741211e+00	2.795482635498046875e+00	2.798109769821166992e+00	2.801726579666137695e+00	2.805358409881591797e+00	2.807772397994995117e+00	2.808305263519287109e+00	2.807181835174560547e+00	2.804896116256713867e+00	2.802183389663696289e+00	2.799650430679321289e+00	2.797963380813598633e+00
2.802178144454956055e+00	2.804982185363769531e+00	2.811132192611694336e+00	2.821867465972900391e+00	2.839513301849365234e+00	2.867861747741699219e+00	2.896806955337524414e+00	2.883130550384521484e+00	2.858586788177490234e+00	2.839590787887573242e+00	2.825100183486938477e+00	2.814482688903808594e+00	2.807414531707763672e+00	2.803615570068359375e+00	2.802515029907226562e+00	2.803245067596435547e+00	2.805015802383422852e+00	2.807187557220458984e+00	2.808963060379028320e+00	2.809449195861816406e+00	2.808184623718261719e+00	2.805585861206054688e+00	2.802818536758422852e+00	2.800867080688476562e+00	2.799988031387329102e+00	2.800380706787109375e+00	2.801782131195068359e+00	2.802831888198852539e+00	2.802417278289794922e+00	2.801437139511108398e+00	2.801338195800781250e+00	2.802831172943115234e+00	2.806100606918334961e+00	2.811234712600708008e+00	2.818569898605346680e+00	2.829263448715209961e+00	2.845420122146606445e+00	2.869112014770507812e+00	2.901048183441162109e+00	2.940300226211547852e+00	2.984152317047119141e+00	3.017605781555175781e+00	3.009081363677978516e+00	2.978865385055541992e+00	2.944951295852661133e+00	2.913416862487792969e+00	2.885602235794067383e+00	2.862238883972167969e+00	2.843951940536499023e+00	2.830692052841186523e+00	2.821478366851806641e+00	2.814650297164916992e+00	2.808940887451171875e+00	2.804433822631835938e+00	2.801808357238769531e+00	2.800873041152954102e+00	2.800785303115844727e+00	2.800763368606567383e+00	2.800255060195922852e+00	2.799467802047729492e+00	2.799288272857666016e+00	2.800726413726806641e+00	2.804110050201416016e+00	2.808547973632812500e+00	2.812355041503906250e+00	2.814350843429565430e+00	2.814267635345458984e+00	2.812377214431762695e+00	2.809371471405029297e+00	2.806052446365356445e+00	2.803264617919921875e+00	2.801784992218017578e+00
2.806098461151123047e+00	2.810917854309082031e+00	2.819386482238769531e+00	2.833912134170532227e+00	2.857536315917968750e+00	2.893244743347167969e+00	2.918335676193237305e+00	2.896027565002441406e+00	2.865260601043701172e+00	2.842389583587646484e+00	2.826430082321166992e+00	2.815677642822265625e+00	2.808957815170288086e+00	2.805526256561279297e+00	2.804833650588989258e+00	2.806134223937988281e+00	2.808453083038330078e+00	2.810922145843505859e+00	2.812787532806396484e+00	2.813295841217041016e+00	2.812079668045043945e+00	2.809636116027832031e+00	2.807154655456542969e+00	2.805433750152587891e+00	2.804667234420776367e+00	2.805223226547241211e+00	2.806843996047973633e+00	2.807232856750488281e+00	2.805943489074707031e+00	2.804969787597656250e+00	2.804968357086181641e+00	2.805911064147949219e+00	2.807754278182983398e+00	2.811006784439086914e+00	2.816400527954101562e+00	2.824963092803955078e+00	2.838543653488159180e+00	2.859143257141113281e+00	2.887551546096801758e+00	2.923177957534790039e+00	2.962925672531127930e+00	2.998731374740600586e+00	3.017184734344482422e+00	3.006028652191162109e+00	2.965060949325561523e+00	2.924401044845581055e+00	2.891422271728515625e+00	2.865842580795288086e+00	2.847209930419921875e+00	2.834218740463256836e+00	2.825123310089111328e+00	2.818440437316894531e+00	2.813440322875976562e+00	2.809917688369750977e+00	2.807821035385131836e+00	2.807127475738525391e+00	2.807292222976684570e+00	2.807317256927490234e+00	2.806537151336669922e+00	2.805740356445312500e+00	2.805938005447387695e+00	2.807492494583129883e+00	2.810612201690673828e+00	2.814739942550659180e+00	2.818194150924682617e+00	2.819459915161132812e+00	2.818205833435058594e+00	2.815020322799682617e+00	2.810935020446777344e+00	2.807093858718872070e+00	2.804555416107177734e+00	2.804081439971923828e+00
2.814140558242797852e+00	2.819197893142700195e+00	2.828380823135375977e+00	2.843103885650634766e+00	2.865929841995239258e+00	2.899599313735961914e+00	2.922704935073852539e+00	2.901485204696655273e+00	2.872054815292358398e+00	2.849783182144165039e+00	2.833790063858032227e+00	2.822904825210571289e+00	2.816384792327880859e+00	2.813157558441162109e+00	2.812309741973876953e+00	2.813322782516479492e+00	2.815771341323852539e+00	2.818846225738525391e+00	2.821465253829956055e+00	2.822335720062255859e+00	2.820900440216064453e+00	2.817875623703002930e+00	2.814642667770385742e+00	2.812334775924682617e+00	2.811449527740478516e+00	2.811867237091064453e+00	2.812994003295898438e+00	2.814026355743408203e+00	2.814611196517944336e+00	2.814966201782226562e+00	2.816034555435180664e+00	2.818395614624023438e+00	2.821800708770751953e+00	2.826098680496215820e+00	2.831783533096313477e+00	2.840740442276000977e+00	2.855486392974853516e+00	2.877705574035644531e+00	2.907752752304077148e+00	2.944614887237548828e+00	2.984285354614257812e+00	3.015411138534545898e+00	3.020016908645629883e+00	2.994891405105590820e+00	2.955786943435668945e+00	2.917340755462646484e+00	2.885374546051025391e+00	2.861140727996826172e+00	2.844277143478393555e+00	2.833265781402587891e+00	2.826038599014282227e+00	2.820815086364746094e+00	2.816591262817382812e+00	2.813347101211547852e+00	2.811494588851928711e+00	2.811293601989746094e+00	2.812423944473266602e+00	2.813881635665893555e+00	2.814308404922485352e+00	2.813354730606079102e+00	2.812677145004272461e+00	2.813768386840820312e+00	2.817053318023681641e+00	2.821619749069213867e+00	2.825412273406982422e+00	2.827273130416870117e+00	2.826898574829101562e+00	2.824354171752929688e+00	2.820405483245849609e+00	2.816406011581420898e+00	2.813466787338256836e+00	2.812456130981445312e+00
2.820717811584472656e+00	2.826003551483154297e+00	2.834105014801025391e+00	2.845668077468872070e+00	2.862913608551025391e+00	2.888493537902832031e+00	2.908009290695190430e+00	2.896054267883300781e+00	2.872076511383056641e+00	2.852489709854125977e+00	2.838326692581176758e+00	2.828483819961547852e+00	2.822009801864624023e+00	2.818314790725708008e+00	2.816971063613891602e+00	2.817596197128295898e+00	2.819840908050537109e+00	2.823185920715332031e+00	2.826729536056518555e+00	2.829109668731689453e+00	2.829088687896728516e+00	2.826473712921142578e+00	2.822283029556274414e+00	2.818216800689697266e+00	2.815542459487915039e+00	2.814579010009765625e+00	2.814866304397583008e+00	2.815407991409301758e+00	2.815368652343750000e+00	2.815032243728637695e+00	2.815577745437622070e+00	2.817770719528198242e+00	2.821379899978637695e+00	2.825827360153198242e+00	2.831106662750244141e+00	2.838523864746093750e+00	2.850731611251831055e+00	2.870208501815795898e+00	2.897934675216674805e+00	2.933077573776245117e+00	2.971426248550415039e+00	3.001901388168334961e+00	3.008328676223754883e+00	2.988290548324584961e+00	2.955057621002197266e+00	2.920334577560424805e+00	2.889857292175292969e+00	2.865961551666259766e+00	2.848984003067016602e+00	2.837791442871093750e+00	2.830449104309082031e+00	2.824965476989746094e+00	2.820427894592285156e+00	2.817104101181030273e+00	2.815355062484741211e+00	2.814903736114501953e+00	2.814999580383300781e+00	2.815075635910034180e+00	2.815145492553710938e+00	2.815574645996093750e+00	2.816815614700317383e+00	2.819210052490234375e+00	2.823042631149291992e+00	2.827241659164428711e+00	2.829973459243774414e+00	2.830349683761596680e+00	2.828657388687133789e+00	2.825660228729248047e+00	2.822254180908203125e+00	2.819365262985229492e+00	2.817780971527099609e+00	2.818087100982666016e+00
2.815304040908813477e+00	2.819939613342285156e+00	2.827174425125122070e+00	2.838626861572265625e+00	2.857852458953857422e+00	2.887984037399291992e+00	2.911472082138061523e+00	2.898909568786621094e+00	2.870875358581542969e+00	2.848820686340332031e+00	2.833934545516967773e+00	2.824456691741943359e+00	2.818970680236816406e+00	2.816496849060058594e+00	2.815974950790405273e+00	2.816648006439208984e+00	2.818566322326660156e+00	2.821278095245361328e+00	2.824076652526855469e+00	2.826129674911499023e+00	2.826240539550781250e+00	2.823803424835205078e+00	2.819758415222167969e+00	2.815663576126098633e+00	2.812734127044677734e+00	2.811394691467285156e+00	2.811418771743774414e+00	2.812106609344482422e+00	2.812530040740966797e+00	2.812258958816528320e+00	2.812324523925781250e+00	2.813974142074584961e+00	2.817188501358032227e+00	2.821607828140258789e+00	2.827556133270263672e+00	2.836333036422729492e+00	2.850366115570068359e+00	2.871891260147094727e+00	2.901710987091064453e+00	2.938879251480102539e+00	2.978644847869873047e+00	3.007456541061401367e+00	3.006896018981933594e+00	2.980476617813110352e+00	2.945130825042724609e+00	2.911204814910888672e+00	2.882021665573120117e+00	2.858524084091186523e+00	2.841368198394775391e+00	2.829785346984863281e+00	2.821892976760864258e+00	2.815870046615600586e+00	2.811057806015014648e+00	2.807770490646362305e+00	2.806219100952148438e+00	2.805990457534790039e+00	2.806157588958740234e+00	2.805910110473632812e+00	2.805335760116577148e+00	2.805183172225952148e+00	2.806258440017700195e+00	2.809161424636840820e+00	2.813813924789428711e+00	2.818936586380004883e+00	2.822725534439086914e+00	2.824181079864501953e+00	2.823379993438720703e+00	2.820947885513305664e+00	2.817770719528198242e+00	2.814821958541870117e+00	2.812994480133056641e+00	2.813011407852172852e+00
2.812096834182739258e+00	2.818597555160522461e+00	2.828194379806518555e+00	2.842035770416259766e+00	2.861799001693725586e+00	2.889875650405883789e+00	2.913764238357543945e+00	2.902399778366088867e+00	2.873666048049926758e+00	2.851011276245117188e+00	2.834915399551391602e+00	2.823647260665893555e+00	2.816215991973876953e+00	2.811479330062866211e+00	2.808945417404174805e+00	2.808642148971557617e+00	2.810131788253784180e+00	2.812590360641479492e+00	2.815139293670654297e+00	2.817131757736206055e+00	2.817924499511718750e+00	2.816683769226074219e+00	2.813369035720825195e+00	2.809342622756958008e+00	2.806146621704101562e+00	2.804390192031860352e+00	2.803868532180786133e+00	2.803852796554565430e+00	2.803295612335205078e+00	2.802104473114013672e+00	2.800825357437133789e+00	2.800116777420043945e+00	2.800700664520263672e+00	2.803049802780151367e+00	2.807474851608276367e+00	2.814718723297119141e+00	2.826443910598754883e+00	2.844479799270629883e+00	2.869727134704589844e+00	2.901295900344848633e+00	2.934560298919677734e+00	2.958423376083374023e+00	2.959178447723388672e+00	2.939233303070068359e+00	2.910106658935546875e+00	2.880765676498413086e+00	2.855207204818725586e+00	2.835108995437622070e+00	2.820799827575683594e+00	2.811419725418090820e+00	2.805343627929687500e+00	2.801040410995483398e+00	2.797800302505493164e+00	2.795487165451049805e+00	2.794434070587158203e+00	2.794811964035034180e+00	2.795966386795043945e+00	2.797176837921142578e+00	2.798368215560913086e+00	2.799798250198364258e+00	2.801756858825683594e+00	2.804570436477661133e+00	2.808345794677734375e+00	2.812260866165161133e+00	2.815010309219360352e+00	2.816085338592529297e+00	2.815685749053955078e+00	2.814028739929199219e+00	2.811606645584106445e+00	2.809254169464111328e+00	2.807864904403686523e+00	2.808537721633911133e+00
2.829358339309692383e+00	2.835740089416503906e+00	2.844242811203002930e+00	2.854575395584106445e+00	2.868487119674682617e+00	2.889524221420288086e+00	2.899691343307495117e+00	2.881882429122924805e+00	2.859245777130126953e+00	2.840951204299926758e+00	2.827567577362060547e+00	2.818222999572753906e+00	2.812259435653686523e+00	2.809162616729736328e+00	2.808007717132568359e+00	2.808020591735839844e+00	2.809270381927490234e+00	2.811493635177612305e+00	2.814049720764160156e+00	2.815945625305175781e+00	2.815917015075683594e+00	2.813192367553710938e+00	2.809079170227050781e+00	2.805624723434448242e+00	2.803977727890014648e+00	2.804476022720336914e+00	2.806850671768188477e+00	2.809643745422363281e+00	2.810014724731445312e+00	2.808510303497314453e+00	2.806306600570678711e+00	2.804781675338745117e+00	2.804755687713623047e+00	2.806148290634155273e+00	2.808810710906982422e+00	2.813440561294555664e+00	2.821924448013305664e+00	2.836376667022705078e+00	2.858055353164672852e+00	2.886898517608642578e+00	2.919894933700561523e+00	2.948455333709716797e+00	2.958049535751342773e+00	2.941654205322265625e+00	2.910428047180175781e+00	2.877944231033325195e+00	2.850205898284912109e+00	2.829336166381835938e+00	2.815700531005859375e+00	2.808114051818847656e+00	2.804484128952026367e+00	2.802484512329101562e+00	2.800940752029418945e+00	2.800177812576293945e+00	2.800681114196777344e+00	2.802259206771850586e+00	2.804032325744628906e+00	2.805183887481689453e+00	2.805851221084594727e+00	2.806919813156127930e+00	2.809231758117675781e+00	2.813148736953735352e+00	2.818381071090698242e+00	2.823845386505126953e+00	2.828008651733398438e+00	2.829895019531250000e+00	2.829807281494140625e+00	2.828757524490356445e+00	2.827450513839721680e+00	2.825964450836181641e+00	2.824995279312133789e+00	2.825829505920410156e+00
2.836959600448608398e+00	2.844660520553588867e+00	2.854224205017089844e+00	2.867276430130004883e+00	2.888489484786987305e+00	2.917971372604370117e+00	2.919991016387939453e+00	2.893095493316650391e+00	2.864772319793701172e+00	2.844026803970336914e+00	2.829632759094238281e+00	2.819983482360839844e+00	2.814293622970581055e+00	2.811922550201416016e+00	2.811270236968994141e+00	2.811439275741577148e+00	2.813239336013793945e+00	2.816222906112670898e+00	2.818825721740722656e+00	2.819990634918212891e+00	2.819590568542480469e+00	2.817679405212402344e+00	2.814609766006469727e+00	2.810932636260986328e+00	2.809064149856567383e+00	2.809648036956787109e+00	2.811784505844116211e+00	2.813576221466064453e+00	2.813067436218261719e+00	2.810392379760742188e+00	2.807623624801635742e+00	2.806564569473266602e+00	2.807435750961303711e+00	2.809083938598632812e+00	2.810987949371337891e+00	2.813839912414550781e+00	2.819650173187255859e+00	2.830953359603881836e+00	2.849869251251220703e+00	2.877510070800781250e+00	2.912747621536254883e+00	2.948954105377197266e+00	2.965743064880371094e+00	2.947662591934204102e+00	2.913331985473632812e+00	2.878431558609008789e+00	2.849981069564819336e+00	2.829348087310791016e+00	2.816384077072143555e+00	2.809842109680175781e+00	2.807079553604125977e+00	2.805979967117309570e+00	2.805692672729492188e+00	2.805958271026611328e+00	2.806701183319091797e+00	2.807853937149047852e+00	2.809051990509033203e+00	2.809828758239746094e+00	2.810429096221923828e+00	2.811544418334960938e+00	2.813433170318603516e+00	2.816249370574951172e+00	2.820147037506103516e+00	2.824014902114868164e+00	2.826525688171386719e+00	2.827294111251831055e+00	2.826899051666259766e+00	2.826295852661132812e+00	2.826309919357299805e+00	2.827162265777587891e+00	2.828621149063110352e+00	2.831535339355468750e+00
2.831818103790283203e+00	2.840270042419433594e+00	2.851151466369628906e+00	2.868113040924072266e+00	2.896527767181396484e+00	2.945595264434814453e+00	2.994418144226074219e+00	2.951000928878784180e+00	2.898619413375854492e+00	2.863878726959228516e+00	2.840984106063842773e+00	2.825577735900878906e+00	2.815306663513183594e+00	2.809041500091552734e+00	2.806191205978393555e+00	2.806088685989379883e+00	2.807831287384033203e+00	2.810332059860229492e+00	2.812547683715820312e+00	2.813666582107543945e+00	2.813260078430175781e+00	2.811374425888061523e+00	2.808520078659057617e+00	2.805911302566528320e+00	2.804935693740844727e+00	2.805967092514038086e+00	2.808581352233886719e+00	2.811551570892333984e+00	2.813134908676147461e+00	2.812275409698486328e+00	2.809632778167724609e+00	2.806879281997680664e+00	2.805432319641113281e+00	2.806079387664794922e+00	2.808917760848999023e+00	2.813706159591674805e+00	2.820809841156005859e+00	2.832131385803222656e+00	2.850318908691406250e+00	2.877285480499267578e+00	2.912338495254516602e+00	2.948911428451538086e+00	2.969919204711914062e+00	2.951289415359497070e+00	2.916552066802978516e+00	2.884442090988159180e+00	2.858515739440917969e+00	2.839203357696533203e+00	2.826570987701416016e+00	2.819772958755493164e+00	2.816137790679931641e+00	2.813595294952392578e+00	2.811820030212402344e+00	2.810436725616455078e+00	2.809103488922119141e+00	2.807884693145751953e+00	2.806860685348510742e+00	2.806060552597045898e+00	2.805837154388427734e+00	2.806533813476562500e+00	2.808041572570800781e+00	2.810334444046020508e+00	2.813170194625854492e+00	2.815824985504150391e+00	2.817820549011230469e+00	2.819110155105590820e+00	2.819721221923828125e+00	2.819664001464843750e+00	2.819163322448730469e+00	2.819205522537231445e+00	2.820893526077270508e+00	2.825034379959106445e+00
2.811992168426513672e+00	2.819290876388549805e+00	2.830759763717651367e+00	2.847499132156372070e+00	2.872559547424316406e+00	2.914330005645751953e+00	2.959924697875976562e+00	2.929466247558593750e+00	2.887384176254272461e+00	2.856470346450805664e+00	2.834770202636718750e+00	2.820099830627441406e+00	2.811017274856567383e+00	2.806327342987060547e+00	2.804930925369262695e+00	2.805758476257324219e+00	2.807671308517456055e+00	2.809612274169921875e+00	2.810882091522216797e+00	2.811013460159301758e+00	2.809991359710693359e+00	2.808297395706176758e+00	2.806611537933349609e+00	2.805505275726318359e+00	2.805016040802001953e+00	2.804874658584594727e+00	2.805246353149414062e+00	2.806052684783935547e+00	2.806772232055664062e+00	2.806901454925537109e+00	2.806309700012207031e+00	2.805298089981079102e+00	2.804169893264770508e+00	2.803178548812866211e+00	2.802843093872070312e+00	2.804270029067993164e+00	2.809285879135131836e+00	2.819984197616577148e+00	2.837832450866699219e+00	2.863867521286010742e+00	2.897055625915527344e+00	2.929449319839477539e+00	2.943165302276611328e+00	2.928242206573486328e+00	2.897817611694335938e+00	2.869318008422851562e+00	2.847866773605346680e+00	2.833359956741333008e+00	2.824683427810668945e+00	2.820376634597778320e+00	2.818601608276367188e+00	2.817166805267333984e+00	2.814687728881835938e+00	2.811708688735961914e+00	2.809104442596435547e+00	2.807496547698974609e+00	2.806623935699462891e+00	2.805109500885009766e+00	2.803816080093383789e+00	2.803192615509033203e+00	2.803328037261962891e+00	2.804535150527954102e+00	2.806871652603149414e+00	2.809858322143554688e+00	2.812673807144165039e+00	2.814454555511474609e+00	2.814847469329833984e+00	2.814304113388061523e+00	2.811656951904296875e+00	2.807582616806030273e+00	2.806028366088867188e+00	2.807738065719604492e+00
2.807879447937011719e+00	2.814976692199707031e+00	2.825542449951171875e+00	2.840949058532714844e+00	2.864732027053833008e+00	2.906693220138549805e+00	2.953692913055419922e+00	2.921383380889892578e+00	2.878803730010986328e+00	2.849540948867797852e+00	2.829641342163085938e+00	2.816079616546630859e+00	2.807005405426025391e+00	2.801384449005126953e+00	2.798715114593505859e+00	2.798363924026489258e+00	2.799337863922119141e+00	2.800829410552978516e+00	2.802465438842773438e+00	2.803664922714233398e+00	2.803930282592773438e+00	2.803212881088256836e+00	2.801598310470581055e+00	2.799697399139404297e+00	2.798368215560913086e+00	2.798043012619018555e+00	2.798622608184814453e+00	2.799678802490234375e+00	2.800591707229614258e+00	2.801171064376831055e+00	2.801431894302368164e+00	2.800830364227294922e+00	2.799826622009277344e+00	2.798606634140014648e+00	2.797326326370239258e+00	2.797016382217407227e+00	2.799452543258666992e+00	2.806502819061279297e+00	2.819480180740356445e+00	2.838885068893432617e+00	2.863316774368286133e+00	2.888070106506347656e+00	2.899782419204711914e+00	2.888139486312866211e+00	2.869028329849243164e+00	2.851907968521118164e+00	2.839292287826538086e+00	2.830935716629028320e+00	2.825875520706176758e+00	2.822535514831542969e+00	2.819151401519775391e+00	2.815134048461914062e+00	2.811174631118774414e+00	2.808247327804565430e+00	2.806997537612915039e+00	2.807267189025878906e+00	2.807055711746215820e+00	2.805704593658447266e+00	2.804020166397094727e+00	2.802935123443603516e+00	2.803618431091308594e+00	2.806436300277709961e+00	2.808929920196533203e+00	2.810499191284179688e+00	2.811259746551513672e+00	2.810672521591186523e+00	2.808877706527709961e+00	2.806215286254882812e+00	2.803319931030273438e+00	2.801359176635742188e+00	2.801282167434692383e+00	2.803436040878295898e+00
2.806402683258056641e+00	2.810913801193237305e+00	2.815722227096557617e+00	2.820382833480834961e+00	2.824580907821655273e+00	2.827753543853759766e+00	2.828520298004150391e+00	2.826244592666625977e+00	2.822284460067749023e+00	2.818122625350952148e+00	2.814229011535644531e+00	2.810356378555297852e+00	2.806401014328002930e+00	2.802728176116943359e+00	2.799821853637695312e+00	2.797980785369873047e+00	2.797286510467529297e+00	2.797771930694580078e+00	2.799259662628173828e+00	2.800420284271240234e+00	2.800016164779663086e+00	2.797883987426757812e+00	2.794149160385131836e+00	2.790269851684570312e+00	2.787969112396240234e+00	2.787956237792968750e+00	2.789750099182128906e+00	2.792050838470458984e+00	2.793443202972412109e+00	2.793504953384399414e+00	2.793447256088256836e+00	2.794778823852539062e+00	2.797459363937377930e+00	2.799370527267456055e+00	2.798956394195556641e+00	2.797185659408569336e+00	2.796478271484375000e+00	2.799467802047729492e+00	2.807970523834228516e+00	2.822893857955932617e+00	2.843581199645996094e+00	2.864128589630126953e+00	2.870130538940429688e+00	2.857136726379394531e+00	2.839217901229858398e+00	2.825853586196899414e+00	2.818201303482055664e+00	2.814188480377197266e+00	2.811753273010253906e+00	2.809540748596191406e+00	2.806278705596923828e+00	2.802181243896484375e+00	2.798722982406616211e+00	2.797299146652221680e+00	2.798566341400146484e+00	2.801723480224609375e+00	2.803532361984252930e+00	2.801352977752685547e+00	2.797164440155029297e+00	2.793919563293457031e+00	2.793141365051269531e+00	2.795190811157226562e+00	2.799274921417236328e+00	2.803260087966918945e+00	2.804867029190063477e+00	2.803619384765625000e+00	2.801136493682861328e+00	2.799050807952880859e+00	2.797884464263916016e+00	2.797846317291259766e+00	2.799352645874023438e+00	2.802404880523681641e+00
2.814093589782714844e+00	2.817903518676757812e+00	2.818786621093750000e+00	2.815926074981689453e+00	2.810556411743164062e+00	2.804782390594482422e+00	2.800109148025512695e+00	2.797120094299316406e+00	2.795777559280395508e+00	2.795685768127441406e+00	2.796139240264892578e+00	2.796263694763183594e+00	2.795585393905639648e+00	2.794533491134643555e+00	2.793953895568847656e+00	2.794345617294311523e+00	2.795795202255249023e+00	2.798267602920532227e+00	2.801700830459594727e+00	2.805673837661743164e+00	2.808965444564819336e+00	2.809735774993896484e+00	2.807080507278442383e+00	2.802406072616577148e+00	2.797984361648559570e+00	2.795090675354003906e+00	2.793680191040039062e+00	2.792699337005615234e+00	2.790522575378417969e+00	2.786622047424316406e+00	2.782866477966308594e+00	2.781448125839233398e+00	2.782873630523681641e+00	2.785760164260864258e+00	2.787632226943969727e+00	2.787001371383666992e+00	2.785255193710327148e+00	2.785547733306884766e+00	2.790835857391357422e+00	2.803478717803955078e+00	2.824567794799804688e+00	2.848452329635620117e+00	2.853641748428344727e+00	2.837642669677734375e+00	2.822873592376708984e+00	2.815636157989501953e+00	2.813489198684692383e+00	2.813723564147949219e+00	2.814544200897216797e+00	2.814296960830688477e+00	2.811850786209106445e+00	2.808062076568603516e+00	2.805113315582275391e+00	2.804828643798828125e+00	2.807850599288940430e+00	2.812595605850219727e+00	2.814539909362792969e+00	2.811305522918701172e+00	2.806176662445068359e+00	2.802747726440429688e+00	2.802360773086547852e+00	2.804769515991210938e+00	2.808517217636108398e+00	2.811215400695800781e+00	2.811160087585449219e+00	2.808793306350708008e+00	2.805855035781860352e+00	2.803704500198364258e+00	2.802851676940917969e+00	2.803431272506713867e+00	2.805614233016967773e+00	2.809407949447631836e+00
2.815719366073608398e+00	2.821949005126953125e+00	2.825238227844238281e+00	2.824726104736328125e+00	2.821378231048583984e+00	2.816835165023803711e+00	2.812115430831909180e+00	2.807750225067138672e+00	2.804503917694091797e+00	2.802639722824096680e+00	2.801608324050903320e+00	2.800438404083251953e+00	2.798529624938964844e+00	2.796257257461547852e+00	2.794484138488769531e+00	2.793704986572265625e+00	2.793918609619140625e+00	2.795000791549682617e+00	2.796961069107055664e+00	2.799688100814819336e+00	2.802363395690917969e+00	2.803405284881591797e+00	2.801864862442016602e+00	2.798732519149780273e+00	2.795633077621459961e+00	2.793370962142944336e+00	2.792011976242065430e+00	2.790929794311523438e+00	2.788768768310546875e+00	2.785128831863403320e+00	2.781874895095825195e+00	2.781035184860229492e+00	2.783017873764038086e+00	2.786557912826538086e+00	2.789377927780151367e+00	2.789906263351440430e+00	2.789087057113647461e+00	2.789628982543945312e+00	2.794324398040771484e+00	2.805791378021240234e+00	2.826121568679809570e+00	2.851345777511596680e+00	2.860419750213623047e+00	2.848056793212890625e+00	2.835835695266723633e+00	2.827178478240966797e+00	2.821324348449707031e+00	2.818003892898559570e+00	2.816339015960693359e+00	2.814821481704711914e+00	2.812270879745483398e+00	2.808986425399780273e+00	2.806140899658203125e+00	2.804823875427246094e+00	2.805709123611450195e+00	2.807801008224487305e+00	2.807156801223754883e+00	2.801460266113281250e+00	2.793972492218017578e+00	2.788560867309570312e+00	2.786731243133544922e+00	2.788337469100952148e+00	2.792036771774291992e+00	2.795433759689331055e+00	2.796648740768432617e+00	2.795871019363403320e+00	2.794634342193603516e+00	2.794274806976318359e+00	2.795356988906860352e+00	2.798048973083496094e+00	2.802504777908325195e+00	2.808648586273193359e+00
2.813808441162109375e+00	2.811947822570800781e+00	2.809586524963378906e+00	2.808575153350830078e+00	2.809563159942626953e+00	2.812073707580566406e+00	2.814900398254394531e+00	2.816768169403076172e+00	2.816978216171264648e+00	2.814677476882934570e+00	2.810439825057983398e+00	2.805550575256347656e+00	2.800014019012451172e+00	2.794470071792602539e+00	2.790503263473510742e+00	2.789088249206542969e+00	2.790258407592773438e+00	2.793454647064208984e+00	2.798058748245239258e+00	2.803587913513183594e+00	2.809273004531860352e+00	2.814157247543334961e+00	2.818063974380493164e+00	2.821966886520385742e+00	2.826335668563842773e+00	2.829694032669067383e+00	2.829672574996948242e+00	2.824882268905639648e+00	2.816053628921508789e+00	2.806880950927734375e+00	2.799969196319580078e+00	2.796144247055053711e+00	2.795142889022827148e+00	2.796030282974243164e+00	2.797379255294799805e+00	2.797529458999633789e+00	2.795577049255371094e+00	2.792175531387329102e+00	2.789088726043701172e+00	2.788283824920654297e+00	2.791675090789794922e+00	2.800817728042602539e+00	2.815084457397460938e+00	2.827871084213256836e+00	2.830275774002075195e+00	2.823884487152099609e+00	2.819287776947021484e+00	2.820138454437255859e+00	2.825007200241088867e+00	2.831664323806762695e+00	2.837673664093017578e+00	2.840322017669677734e+00	2.838108539581298828e+00	2.832005500793457031e+00	2.824132442474365234e+00	2.816398859024047852e+00	2.809900760650634766e+00	2.804819345474243164e+00	2.800996303558349609e+00	2.798456430435180664e+00	2.797282457351684570e+00	2.797430753707885742e+00	2.798984289169311523e+00	2.800325155258178711e+00	2.800940036773681641e+00	2.801456212997436523e+00	2.801395654678344727e+00	2.801046371459960938e+00	2.801570653915405273e+00	2.804033994674682617e+00	2.808425903320312500e+00	2.812683343887329102e+00
2.815349817276000977e+00	2.809624671936035156e+00	2.806869029998779297e+00	2.807274103164672852e+00	2.810303688049316406e+00	2.815088987350463867e+00	2.820291757583618164e+00	2.824302673339843750e+00	2.825943470001220703e+00	2.824865579605102539e+00	2.821272850036621094e+00	2.815962791442871094e+00	2.810403108596801758e+00	2.805414676666259766e+00	2.801088094711303711e+00	2.798510313034057617e+00	2.798272132873535156e+00	2.800346136093139648e+00	2.804383754730224609e+00	2.809708595275878906e+00	2.815488815307617188e+00	2.820934295654296875e+00	2.825896263122558594e+00	2.831336975097656250e+00	2.838464260101318359e+00	2.846687078475952148e+00	2.851528644561767578e+00	2.847636461257934570e+00	2.836678504943847656e+00	2.824928760528564453e+00	2.816596508026123047e+00	2.812359094619750977e+00	2.811123371124267578e+00	2.811589002609252930e+00	2.812780618667602539e+00	2.813863754272460938e+00	2.813766479492187500e+00	2.811937570571899414e+00	2.809195041656494141e+00	2.806986570358276367e+00	2.806307792663574219e+00	2.807304143905639648e+00	2.809286355972290039e+00	2.811512708663940430e+00	2.814140558242797852e+00	2.817821502685546875e+00	2.822844505310058594e+00	2.828548431396484375e+00	2.833919048309326172e+00	2.838313102722167969e+00	2.841056585311889648e+00	2.841247081756591797e+00	2.838662147521972656e+00	2.833892345428466797e+00	2.828272342681884766e+00	2.823280572891235352e+00	2.819521665573120117e+00	2.816589832305908203e+00	2.814117431640625000e+00	2.812169075012207031e+00	2.810466527938842773e+00	2.808441877365112305e+00	2.806287050247192383e+00	2.804928302764892578e+00	2.804805755615234375e+00	2.805553436279296875e+00	2.807193040847778320e+00	2.809568166732788086e+00	2.813422203063964844e+00	2.819433927536010742e+00	2.823656797409057617e+00	2.821673393249511719e+00
2.804726362228393555e+00	2.808237552642822266e+00	2.811274051666259766e+00	2.813124895095825195e+00	2.813258171081542969e+00	2.811610221862792969e+00	2.808627367019653320e+00	2.805127382278442383e+00	2.801985502243041992e+00	2.799597024917602539e+00	2.797479867935180664e+00	2.795284986495971680e+00	2.793454647064208984e+00	2.792285203933715820e+00	2.791646957397460938e+00	2.791410923004150391e+00	2.790970325469970703e+00	2.791560888290405273e+00	2.793078899383544922e+00	2.794765472412109375e+00	2.796169281005859375e+00	2.797420024871826172e+00	2.799056529998779297e+00	2.801499128341674805e+00	2.804561138153076172e+00	2.807488203048706055e+00	2.809640884399414062e+00	2.810235500335693359e+00	2.808670759201049805e+00	2.805631160736083984e+00	2.802548170089721680e+00	2.800581693649291992e+00	2.798792123794555664e+00	2.794851064682006836e+00	2.791135311126708984e+00	2.788179636001586914e+00	2.786201238632202148e+00	2.785562038421630859e+00	2.786570787429809570e+00	2.789399862289428711e+00	2.793988704681396484e+00	2.799874067306518555e+00	2.805963754653930664e+00	2.810719728469848633e+00	2.813054561614990234e+00	2.812916755676269531e+00	2.811085224151611328e+00	2.808641433715820312e+00	2.806568145751953125e+00	2.805496692657470703e+00	2.805348634719848633e+00	2.805453777313232422e+00	2.805901288986206055e+00	2.806640386581420898e+00	2.807298421859741211e+00	2.807946681976318359e+00	2.808452844619750977e+00	2.808491706848144531e+00	2.808073282241821289e+00	2.807284355163574219e+00	2.806193828582763672e+00	2.804997205734252930e+00	2.803972005844116211e+00	2.803310155868530273e+00	2.802593946456909180e+00	2.801374197006225586e+00	2.801257610321044922e+00	2.800837993621826172e+00	2.798286914825439453e+00	2.797736406326293945e+00	2.798965454101562500e+00	2.801444292068481445e+00
2.819233894348144531e+00	2.820518970489501953e+00	2.822411775588989258e+00	2.823734521865844727e+00	2.823351860046386719e+00	2.820604801177978516e+00	2.815908193588256836e+00	2.810501575469970703e+00	2.805493354797363281e+00	2.801429986953735352e+00	2.798327922821044922e+00	2.796005725860595703e+00	2.794484853744506836e+00	2.793973207473754883e+00	2.794207334518432617e+00	2.793794155120849609e+00	2.793402194976806641e+00	2.794056177139282227e+00	2.795652151107788086e+00	2.797755241394042969e+00	2.799868583679199219e+00	2.801762342453002930e+00	2.803492069244384766e+00	2.805050134658813477e+00	2.806362628936767578e+00	2.807338953018188477e+00	2.807747602462768555e+00	2.807409524917602539e+00	2.806314468383789062e+00	2.804651737213134766e+00	2.802787303924560547e+00	2.801122188568115234e+00	2.799623489379882812e+00	2.797375440597534180e+00	2.794439554214477539e+00	2.791676521301269531e+00	2.789726734161376953e+00	2.789032220840454102e+00	2.789785861968994141e+00	2.791950702667236328e+00	2.795311689376831055e+00	2.799532413482666016e+00	2.804147958755493164e+00	2.808515071868896484e+00	2.811902284622192383e+00	2.813810825347900391e+00	2.814310789108276367e+00	2.814074754714965820e+00	2.814082145690917969e+00	2.815220832824707031e+00	2.817651987075805664e+00	2.821760416030883789e+00	2.826066017150878906e+00	2.824349880218505859e+00	2.819348573684692383e+00	2.816537618637084961e+00	2.816193580627441406e+00	2.817391633987426758e+00	2.819353818893432617e+00	2.821350812911987305e+00	2.822933912277221680e+00	2.823845148086547852e+00	2.823930025100708008e+00	2.823470354080200195e+00	2.822985887527465820e+00	2.822956085205078125e+00	2.823733091354370117e+00	2.825410604476928711e+00	2.826958656311035156e+00	2.825263500213623047e+00	2.821771621704101562e+00	2.819508075714111328e+00
2.824017047882080078e+00	2.822190999984741211e+00	2.822798728942871094e+00	2.824779272079467773e+00	2.826561689376831055e+00	2.826689481735229492e+00	2.824619770050048828e+00	2.821014881134033203e+00	2.817191123962402344e+00	2.814202785491943359e+00	2.812237501144409180e+00	2.810798645019531250e+00	2.809145689010620117e+00	2.806727409362792969e+00	2.803560018539428711e+00	2.800337553024291992e+00	2.798018455505371094e+00	2.797292232513427734e+00	2.798303365707397461e+00	2.800586938858032227e+00	2.803241491317749023e+00	2.805445194244384766e+00	2.806732416152954102e+00	2.806833505630493164e+00	2.806369066238403320e+00	2.806406974792480469e+00	2.806877613067626953e+00	2.807034730911254883e+00	2.806578636169433594e+00	2.806124687194824219e+00	2.806295633316040039e+00	2.807115554809570312e+00	2.807849884033203125e+00	2.807488203048706055e+00	2.805705785751342773e+00	2.803236246109008789e+00	2.801176071166992188e+00	2.800186395645141602e+00	2.800260305404663086e+00	2.801043748855590820e+00	2.802124977111816406e+00	2.803132772445678711e+00	2.804539680480957031e+00	2.806742906570434570e+00	2.809075593948364258e+00	2.810807943344116211e+00	2.812080621719360352e+00	2.813797712326049805e+00	2.817038774490356445e+00	2.822925329208374023e+00	2.832355022430419922e+00	2.845473766326904297e+00	2.858632564544677734e+00	2.860507011413574219e+00	2.848156452178955078e+00	2.835961818695068359e+00	2.829268932342529297e+00	2.827358007431030273e+00	2.828485727310180664e+00	2.830846071243286133e+00	2.833663225173950195e+00	2.835855960845947266e+00	2.835763216018676758e+00	2.833288908004760742e+00	2.830138444900512695e+00	2.828205585479736328e+00	2.828713655471801758e+00	2.832163572311401367e+00	2.836796760559082031e+00	2.837612628936767578e+00	2.833711624145507812e+00	2.828322649002075195e+00
2.768708229064941406e+00	2.770272254943847656e+00	2.771657466888427734e+00	2.772736310958862305e+00	2.773688316345214844e+00	2.774809598922729492e+00	2.775834083557128906e+00	2.775280237197875977e+00	2.772976398468017578e+00	2.770494222640991211e+00	2.768480300903320312e+00	2.767030000686645508e+00	2.766213178634643555e+00	2.765903472900390625e+00	2.765633821487426758e+00	2.765208721160888672e+00	2.764840126037597656e+00	2.764577865600585938e+00	2.764532327651977539e+00	2.764828443527221680e+00	2.765341520309448242e+00	2.765636205673217773e+00	2.765607833862304688e+00	2.765309095382690430e+00	2.764904260635375977e+00	2.764770507812500000e+00	2.765301465988159180e+00	2.766354322433471680e+00	2.766994237899780273e+00	2.767218828201293945e+00	2.766482591629028320e+00	2.765136718750000000e+00	2.764352560043334961e+00	2.764342308044433594e+00	2.765142202377319336e+00	2.766532182693481445e+00	2.768031597137451172e+00	2.769160985946655273e+00	2.770002841949462891e+00	2.770703792572021484e+00	2.771381616592407227e+00	2.772192001342773438e+00	2.773103475570678711e+00	2.773923635482788086e+00	2.774631023406982422e+00	2.774826526641845703e+00	2.773467302322387695e+00	2.771054506301879883e+00	2.768751382827758789e+00	2.767083883285522461e+00	2.766101121902465820e+00	2.765774250030517578e+00	2.766054391860961914e+00	2.766662597656250000e+00	2.767148971557617188e+00	2.767249584197998047e+00	2.767106533050537109e+00	2.766986131668090820e+00	2.766868114471435547e+00	2.766458034515380859e+00	2.766031503677368164e+00	2.766183614730834961e+00	2.766726970672607422e+00	2.766531229019165039e+00	2.765558004379272461e+00	2.764515876770019531e+00	2.763772249221801758e+00	2.763407230377197266e+00	2.763462781906127930e+00	2.764140844345092773e+00	2.765442371368408203e+00	2.767065525054931641e+00
2.779298782348632812e+00	2.784547567367553711e+00	2.791532993316650391e+00	2.799178123474121094e+00	2.804133653640747070e+00	2.803363084793090820e+00	2.799826860427856445e+00	2.795796394348144531e+00	2.791737079620361328e+00	2.787666797637939453e+00	2.783753395080566406e+00	2.780719995498657227e+00	2.779213905334472656e+00	2.778694391250610352e+00	2.778654813766479492e+00	2.779567718505859375e+00	2.780891180038452148e+00	2.781999111175537109e+00	2.782550334930419922e+00	2.782546758651733398e+00	2.782411336898803711e+00	2.781601667404174805e+00	2.779921770095825195e+00	2.778048038482666016e+00	2.776617288589477539e+00	2.776294946670532227e+00	2.777374505996704102e+00	2.779270648956298828e+00	2.780541419982910156e+00	2.779724597930908203e+00	2.777761220932006836e+00	2.775767087936401367e+00	2.773361206054687500e+00	2.771437406539916992e+00	2.771314620971679688e+00	2.773338317871093750e+00	2.776675701141357422e+00	2.780430555343627930e+00	2.784919977188110352e+00	2.790454864501953125e+00	2.796874523162841797e+00	2.803398132324218750e+00	2.808954000473022461e+00	2.812521457672119141e+00	2.813255071640014648e+00	2.810833454132080078e+00	2.805924654006958008e+00	2.800156116485595703e+00	2.795005083084106445e+00	2.791596174240112305e+00	2.790411949157714844e+00	2.790411949157714844e+00	2.791201114654541016e+00	2.792419672012329102e+00	2.793492794036865234e+00	2.794327259063720703e+00	2.794532775878906250e+00	2.792408704757690430e+00	2.788532018661499023e+00	2.785371065139770508e+00	2.783347606658935547e+00	2.781965017318725586e+00	2.780625343322753906e+00	2.778920888900756836e+00	2.776942014694213867e+00	2.775163173675537109e+00	2.773979425430297852e+00	2.773426771163940430e+00	2.773346424102783203e+00	2.773707389831542969e+00	2.774710178375244141e+00	2.776271343231201172e+00
2.782717704772949219e+00	2.785505056381225586e+00	2.788790225982666016e+00	2.792371749877929688e+00	2.795335054397583008e+00	2.796415090560913086e+00	2.794965505599975586e+00	2.791376590728759766e+00	2.786985635757446289e+00	2.782858610153198242e+00	2.779441356658935547e+00	2.776959657669067383e+00	2.775318145751953125e+00	2.774593114852905273e+00	2.774818181991577148e+00	2.775688648223876953e+00	2.777307748794555664e+00	2.779506921768188477e+00	2.780977964401245117e+00	2.780525922775268555e+00	2.779016017913818359e+00	2.776900768280029297e+00	2.774830341339111328e+00	2.773464679718017578e+00	2.772965192794799805e+00	2.773109436035156250e+00	2.774086713790893555e+00	2.776052713394165039e+00	2.777712345123291016e+00	2.777607917785644531e+00	2.776161193847656250e+00	2.774031162261962891e+00	2.772208929061889648e+00	2.771744489669799805e+00	2.772927284240722656e+00	2.775579214096069336e+00	2.779320240020751953e+00	2.783671379089355469e+00	2.788072347640991211e+00	2.793099641799926758e+00	2.799935579299926758e+00	2.808347225189208984e+00	2.816701889038085938e+00	2.822540521621704102e+00	2.823845863342285156e+00	2.820970058441162109e+00	2.815439224243164062e+00	2.808624267578125000e+00	2.801869153976440430e+00	2.796308994293212891e+00	2.792725801467895508e+00	2.791174650192260742e+00	2.790805816650390625e+00	2.790663242340087891e+00	2.790528297424316406e+00	2.790959835052490234e+00	2.792214870452880859e+00	2.793893098831176758e+00	2.795064926147460938e+00	2.794696331024169922e+00	2.792874813079833984e+00	2.790304183959960938e+00	2.787612915039062500e+00	2.785308837890625000e+00	2.783747673034667969e+00	2.782832145690917969e+00	2.782001972198486328e+00	2.781059503555297852e+00	2.780405521392822266e+00	2.780060529708862305e+00	2.779932737350463867e+00	2.780716180801391602e+00
2.793277502059936523e+00	2.792692184448242188e+00	2.791659355163574219e+00	2.790931224822998047e+00	2.790625810623168945e+00	2.790484666824340820e+00	2.790230512619018555e+00	2.789592742919921875e+00	2.788385868072509766e+00	2.786611795425415039e+00	2.784810304641723633e+00	2.783285140991210938e+00	2.781840085983276367e+00	2.780251979827880859e+00	2.778809547424316406e+00	2.778124570846557617e+00	2.778569698333740234e+00	2.780048131942749023e+00	2.779709339141845703e+00	2.778198003768920898e+00	2.778142929077148438e+00	2.779323101043701172e+00	2.780591726303100586e+00	2.780819654464721680e+00	2.779525041580200195e+00	2.777510166168212891e+00	2.776093006134033203e+00	2.775189638137817383e+00	2.774295568466186523e+00	2.773469448089599609e+00	2.772912740707397461e+00	2.772114276885986328e+00	2.771087169647216797e+00	2.771321296691894531e+00	2.773600816726684570e+00	2.777197360992431641e+00	2.780128002166748047e+00	2.781333446502685547e+00	2.781778573989868164e+00	2.782309055328369141e+00	2.783074855804443359e+00	2.783885478973388672e+00	2.784626007080078125e+00	2.785098314285278320e+00	2.785041570663452148e+00	2.784670829772949219e+00	2.784503698348999023e+00	2.784913778305053711e+00	2.786204576492309570e+00	2.788837671279907227e+00	2.792885065078735352e+00	2.797388792037963867e+00	2.800955533981323242e+00	2.803374290466308594e+00	2.805589914321899414e+00	2.808059215545654297e+00	2.810378074645996094e+00	2.811793565750122070e+00	2.812258958816528320e+00	2.812131881713867188e+00	2.810204029083251953e+00	2.804183959960937500e+00	2.796353340148925781e+00	2.790272712707519531e+00	2.787054777145385742e+00	2.786462545394897461e+00	2.787430286407470703e+00	2.789014101028442383e+00	2.790882349014282227e+00	2.792689561843872070e+00	2.793447017669677734e+00	2.793400764465332031e+00
2.782855033874511719e+00	2.783342599868774414e+00	2.783468484878540039e+00	2.783857107162475586e+00	2.784952402114868164e+00	2.787104129791259766e+00	2.790503978729248047e+00	2.794932842254638672e+00	2.799131631851196289e+00	2.801475763320922852e+00	2.801594495773315430e+00	2.799630641937255859e+00	2.795962572097778320e+00	2.791225910186767578e+00	2.786368846893310547e+00	2.782314777374267578e+00	2.779117584228515625e+00	2.776315450668334961e+00	2.774569034576416016e+00	2.774347066879272461e+00	2.774455070495605469e+00	2.775380849838256836e+00	2.777681350708007812e+00	2.780533790588378906e+00	2.781468629837036133e+00	2.779383659362792969e+00	2.776287317276000977e+00	2.773251771926879883e+00	2.771265745162963867e+00	2.770943641662597656e+00	2.772112607955932617e+00	2.773981809616088867e+00	2.775677204132080078e+00	2.776686191558837891e+00	2.776726245880126953e+00	2.776014328002929688e+00	2.775483846664428711e+00	2.776053190231323242e+00	2.777930974960327148e+00	2.780719518661499023e+00	2.783849954605102539e+00	2.786581754684448242e+00	2.787955284118652344e+00	2.787397623062133789e+00	2.786141395568847656e+00	2.785398960113525391e+00	2.785392999649047852e+00	2.785488128662109375e+00	2.786419630050659180e+00	2.788696050643920898e+00	2.791414499282836914e+00	2.793724536895751953e+00	2.795572757720947266e+00	2.797495365142822266e+00	2.799948215484619141e+00	2.802422046661376953e+00	2.803728818893432617e+00	2.802830457687377930e+00	2.800463914871215820e+00	2.798112630844116211e+00	2.796445131301879883e+00	2.795398950576782227e+00	2.794494628906250000e+00	2.793134212493896484e+00	2.791157245635986328e+00	2.788899183273315430e+00	2.785587072372436523e+00	2.781852245330810547e+00	2.779318571090698242e+00	2.778596639633178711e+00	2.779619693756103516e+00	2.781461715698242188e+00
2.783128261566162109e+00	2.785597801208496094e+00	2.787048578262329102e+00	2.787895917892456055e+00	2.789250850677490234e+00	2.792261838912963867e+00	2.796022176742553711e+00	2.800374031066894531e+00	2.805063247680664062e+00	2.808681488037109375e+00	2.809587240219116211e+00	2.807541370391845703e+00	2.803293228149414062e+00	2.797947406768798828e+00	2.792716741561889648e+00	2.788469791412353516e+00	2.785271883010864258e+00	2.782673597335815430e+00	2.780588388442993164e+00	2.779613733291625977e+00	2.780098438262939453e+00	2.781591653823852539e+00	2.782539844512939453e+00	2.782293319702148438e+00	2.781959772109985352e+00	2.781185865402221680e+00	2.780074119567871094e+00	2.779161214828491211e+00	2.778724670410156250e+00	2.778701782226562500e+00	2.778907060623168945e+00	2.779131174087524414e+00	2.779347896575927734e+00	2.778915643692016602e+00	2.777829885482788086e+00	2.776588916778564453e+00	2.775919675827026367e+00	2.776479959487915039e+00	2.778699874877929688e+00	2.782389879226684570e+00	2.786010265350341797e+00	2.788394212722778320e+00	2.788674116134643555e+00	2.787057399749755859e+00	2.785265207290649414e+00	2.784121751785278320e+00	2.783926725387573242e+00	2.784843206405639648e+00	2.786661624908447266e+00	2.788610219955444336e+00	2.790184259414672852e+00	2.791477680206298828e+00	2.792678594589233398e+00	2.793865442276000977e+00	2.794929981231689453e+00	2.795817613601684570e+00	2.795861959457397461e+00	2.794083118438720703e+00	2.792134284973144531e+00	2.790159940719604492e+00	2.788163185119628906e+00	2.786376714706420898e+00	2.784990549087524414e+00	2.783750295639038086e+00	2.782221555709838867e+00	2.780710458755493164e+00	2.779806137084960938e+00	2.779318571090698242e+00	2.778624773025512695e+00	2.778072834014892578e+00	2.778584241867065430e+00	2.780447483062744141e+00
2.780317306518554688e+00	2.783306598663330078e+00	2.786000251770019531e+00	2.787727355957031250e+00	2.789046764373779297e+00	2.790246963500976562e+00	2.791258573532104492e+00	2.792200565338134766e+00	2.793001651763916016e+00	2.793484687805175781e+00	2.793561220169067383e+00	2.792861938476562500e+00	2.790859460830688477e+00	2.788128852844238281e+00	2.785790920257568359e+00	2.784490585327148438e+00	2.784413099288940430e+00	2.785158872604370117e+00	2.786389350891113281e+00	2.787864446640014648e+00	2.789057016372680664e+00	2.789763212203979492e+00	2.789948940277099609e+00	2.789005279541015625e+00	2.786567449569702148e+00	2.783777475357055664e+00	2.782031059265136719e+00	2.781736612319946289e+00	2.782269477844238281e+00	2.782339334487915039e+00	2.781560897827148438e+00	2.780632257461547852e+00	2.779787063598632812e+00	2.778844594955444336e+00	2.778210401535034180e+00	2.778262853622436523e+00	2.779235839843750000e+00	2.781360626220703125e+00	2.784290075302124023e+00	2.787263870239257812e+00	2.789880037307739258e+00	2.791738510131835938e+00	2.790189027786254883e+00	2.788003921508789062e+00	2.786819696426391602e+00	2.786301374435424805e+00	2.786117792129516602e+00	2.786179542541503906e+00	2.786629915237426758e+00	2.787218570709228516e+00	2.787580490112304688e+00	2.788177251815795898e+00	2.789453506469726562e+00	2.790925979614257812e+00	2.791998386383056641e+00	2.792059183120727539e+00	2.791160583496093750e+00	2.789822816848754883e+00	2.788027286529541016e+00	2.786143779754638672e+00	2.784565687179565430e+00	2.783442497253417969e+00	2.782409667968750000e+00	2.781059503555297852e+00	2.779579877853393555e+00	2.778402566909790039e+00	2.777837514877319336e+00	2.777556657791137695e+00	2.776619911193847656e+00	2.775480031967163086e+00	2.775712251663208008e+00	2.777584552764892578e+00
2.797448635101318359e+00	2.803971767425537109e+00	2.815468788146972656e+00	2.833657264709472656e+00	2.861354112625122070e+00	2.899868726730346680e+00	2.927606582641601562e+00	2.902011394500732422e+00	2.859135866165161133e+00	2.829509496688842773e+00	2.811232805252075195e+00	2.800865888595581055e+00	2.795995473861694336e+00	2.794657707214355469e+00	2.795009136199951172e+00	2.795984268188476562e+00	2.797045946121215820e+00	2.797779321670532227e+00	2.798036813735961914e+00	2.797980070114135742e+00	2.797568559646606445e+00	2.796171903610229492e+00	2.794006347656250000e+00	2.791718244552612305e+00	2.789464235305786133e+00	2.788396596908569336e+00	2.789217948913574219e+00	2.791641473770141602e+00	2.794712066650390625e+00	2.797152757644653320e+00	2.798707485198974609e+00	2.798672437667846680e+00	2.797670364379882812e+00	2.798804759979248047e+00	2.803012371063232422e+00	2.811237096786499023e+00	2.824216365814208984e+00	2.842102050781250000e+00	2.865031003952026367e+00	2.894095182418823242e+00	2.931821346282958984e+00	2.981470823287963867e+00	3.022035360336303711e+00	3.002418756484985352e+00	2.960533142089843750e+00	2.921976327896118164e+00	2.889303684234619141e+00	2.863996744155883789e+00	2.845010757446289062e+00	2.831505537033081055e+00	2.822812557220458984e+00	2.817689418792724609e+00	2.814588785171508789e+00	2.812230587005615234e+00	2.809913158416748047e+00	2.807438611984252930e+00	2.805029869079589844e+00	2.803051471710205078e+00	2.801674365997314453e+00	2.800847530364990234e+00	2.800279855728149414e+00	2.799517393112182617e+00	2.799115180969238281e+00	2.799265861511230469e+00	2.799932956695556641e+00	2.800894737243652344e+00	2.801537036895751953e+00	2.801187038421630859e+00	2.799559116363525391e+00	2.797108650207519531e+00	2.795057535171508789e+00	2.794799089431762695e+00
2.794280052185058594e+00	2.801208019256591797e+00	2.813297033309936523e+00	2.830145835876464844e+00	2.855052471160888672e+00	2.891399860382080078e+00	2.922533750534057617e+00	2.901290893554687500e+00	2.860136270523071289e+00	2.830895423889160156e+00	2.812065839767456055e+00	2.800705194473266602e+00	2.794741868972778320e+00	2.792721271514892578e+00	2.793454170227050781e+00	2.795739173889160156e+00	2.798370361328125000e+00	2.800290107727050781e+00	2.801137685775756836e+00	2.801036596298217773e+00	2.800145387649536133e+00	2.798136472702026367e+00	2.794448852539062500e+00	2.791394948959350586e+00	2.789738893508911133e+00	2.789202690124511719e+00	2.789784431457519531e+00	2.791321516036987305e+00	2.793088436126708984e+00	2.794285058975219727e+00	2.794404983520507812e+00	2.792912721633911133e+00	2.791815996170043945e+00	2.792731523513793945e+00	2.796789646148681641e+00	2.805030822753906250e+00	2.818495988845825195e+00	2.838165521621704102e+00	2.864753723144531250e+00	2.898519754409790039e+00	2.939348936080932617e+00	2.988341569900512695e+00	3.026436567306518555e+00	3.009197473526000977e+00	2.972862482070922852e+00	2.941021919250488281e+00	2.912313461303710938e+00	2.886271715164184570e+00	2.864887475967407227e+00	2.848720312118530273e+00	2.836897134780883789e+00	2.827939271926879883e+00	2.820825576782226562e+00	2.815385341644287109e+00	2.811589717864990234e+00	2.808787584304809570e+00	2.806007862091064453e+00	2.803418636322021484e+00	2.801142215728759766e+00	2.799120187759399414e+00	2.797620296478271484e+00	2.797256231307983398e+00	2.798376798629760742e+00	2.800446510314941406e+00	2.802743911743164062e+00	2.804015398025512695e+00	2.803910493850708008e+00	2.803244829177856445e+00	2.800368309020996094e+00	2.796035528182983398e+00	2.792705774307250977e+00	2.791770219802856445e+00
2.794553279876708984e+00	2.800041913986206055e+00	2.810823678970336914e+00	2.828523635864257812e+00	2.855618000030517578e+00	2.894421339035034180e+00	2.928302764892578125e+00	2.906356096267700195e+00	2.862663507461547852e+00	2.831660270690917969e+00	2.812319993972778320e+00	2.800599336624145508e+00	2.794409275054931641e+00	2.792244911193847656e+00	2.792882680892944336e+00	2.795156478881835938e+00	2.797990322113037109e+00	2.800346136093139648e+00	2.800960063934326172e+00	2.799702882766723633e+00	2.797600030899047852e+00	2.795414209365844727e+00	2.792904138565063477e+00	2.790768146514892578e+00	2.789461612701416016e+00	2.788956165313720703e+00	2.789122819900512695e+00	2.789757251739501953e+00	2.790754556655883789e+00	2.791774034500122070e+00	2.792013883590698242e+00	2.791391611099243164e+00	2.790853738784790039e+00	2.791559457778930664e+00	2.794770240783691406e+00	2.801848649978637695e+00	2.814113140106201172e+00	2.832547664642333984e+00	2.857866525650024414e+00	2.890924453735351562e+00	2.933042287826538086e+00	2.984905242919921875e+00	3.022672176361083984e+00	3.003353595733642578e+00	2.968357324600219727e+00	2.938626766204833984e+00	2.913038730621337891e+00	2.890017747879028320e+00	2.870074510574340820e+00	2.853839159011840820e+00	2.841563701629638672e+00	2.832478284835815430e+00	2.825182914733886719e+00	2.819082736968994141e+00	2.813877344131469727e+00	2.809289932250976562e+00	2.805476427078247070e+00	2.802339076995849609e+00	2.799831151962280273e+00	2.797812223434448242e+00	2.796402454376220703e+00	2.796070098876953125e+00	2.797497272491455078e+00	2.800792455673217773e+00	2.803294181823730469e+00	2.804470062255859375e+00	2.804459571838378906e+00	2.802989721298217773e+00	2.799935102462768555e+00	2.796771526336669922e+00	2.794382810592651367e+00	2.793197154998779297e+00
2.785878181457519531e+00	2.787475347518920898e+00	2.789882421493530273e+00	2.792509317398071289e+00	2.793878078460693359e+00	2.792738914489746094e+00	2.789667129516601562e+00	2.786728382110595703e+00	2.785027265548706055e+00	2.784474372863769531e+00	2.784683704376220703e+00	2.785277366638183594e+00	2.785941362380981445e+00	2.786288738250732422e+00	2.785912752151489258e+00	2.784925222396850586e+00	2.784208059310913086e+00	2.784729480743408203e+00	2.786726236343383789e+00	2.788657903671264648e+00	2.789342403411865234e+00	2.787942171096801758e+00	2.786259651184082031e+00	2.786199331283569336e+00	2.787843465805053711e+00	2.790954113006591797e+00	2.795335054397583008e+00	2.801067113876342773e+00	2.808382511138916016e+00	2.817735671997070312e+00	2.829647302627563477e+00	2.845153808593750000e+00	2.863142728805541992e+00	2.879199266433715820e+00	2.889325857162475586e+00	2.890900373458862305e+00	2.886476993560791016e+00	2.880355596542358398e+00	2.874943494796752930e+00	2.870864152908325195e+00	2.867929220199584961e+00	2.865458726882934570e+00	2.861105442047119141e+00	2.855295419692993164e+00	2.846823930740356445e+00	2.834950208663940430e+00	2.823581695556640625e+00	2.813065290451049805e+00	2.803971052169799805e+00	2.796633243560791016e+00	2.791103363037109375e+00	2.787111759185791016e+00	2.784074306488037109e+00	2.781327009201049805e+00	2.779967069625854492e+00	2.781216859817504883e+00	2.783834934234619141e+00	2.786411523818969727e+00	2.789975166320800781e+00	2.794422626495361328e+00	2.798301935195922852e+00	2.799571752548217773e+00	2.798205375671386719e+00	2.796615839004516602e+00	2.795575618743896484e+00	2.794021368026733398e+00	2.791844129562377930e+00	2.789353132247924805e+00	2.787701606750488281e+00	2.786759138107299805e+00	2.785876750946044922e+00	2.785373449325561523e+00
2.787168025970458984e+00	2.789700984954833984e+00	2.791553258895874023e+00	2.792427062988281250e+00	2.791958570480346680e+00	2.790713787078857422e+00	2.789979457855224609e+00	2.788936376571655273e+00	2.787193536758422852e+00	2.786818027496337891e+00	2.787654399871826172e+00	2.789060592651367188e+00	2.790113687515258789e+00	2.789910316467285156e+00	2.788195133209228516e+00	2.785744428634643555e+00	2.783885240554809570e+00	2.783539056777954102e+00	2.784440755844116211e+00	2.785659551620483398e+00	2.786602020263671875e+00	2.786531686782836914e+00	2.785827636718750000e+00	2.785835981369018555e+00	2.787559747695922852e+00	2.791460752487182617e+00	2.797697067260742188e+00	2.805898189544677734e+00	2.815644025802612305e+00	2.827020645141601562e+00	2.840292930603027344e+00	2.857840776443481445e+00	2.878108024597167969e+00	2.896318435668945312e+00	2.908307075500488281e+00	2.910823345184326172e+00	2.903773307800292969e+00	2.890322208404541016e+00	2.874200344085693359e+00	2.857767343521118164e+00	2.842624425888061523e+00	2.829652547836303711e+00	2.819636583328247070e+00	2.811651468276977539e+00	2.805238723754882812e+00	2.800739526748657227e+00	2.797138452529907227e+00	2.793381690979003906e+00	2.789415836334228516e+00	2.785381078720092773e+00	2.781836748123168945e+00	2.779226064682006836e+00	2.777424812316894531e+00	2.776569843292236328e+00	2.777672290802001953e+00	2.781626701354980469e+00	2.785436630249023438e+00	2.786343336105346680e+00	2.788956880569458008e+00	2.792558670043945312e+00	2.794882535934448242e+00	2.795041799545288086e+00	2.793448209762573242e+00	2.790896654129028320e+00	2.787988662719726562e+00	2.785283565521240234e+00	2.783428430557250977e+00	2.782860994338989258e+00	2.783035278320312500e+00	2.783076763153076172e+00	2.783304691314697266e+00	2.784648180007934570e+00
2.800989389419555664e+00	2.802385330200195312e+00	2.802693128585815430e+00	2.803176403045654297e+00	2.803278684616088867e+00	2.802573204040527344e+00	2.801548957824707031e+00	2.800655603408813477e+00	2.798903465270996094e+00	2.796498775482177734e+00	2.794791698455810547e+00	2.793926000595092773e+00	2.793653488159179688e+00	2.793691873550415039e+00	2.793410778045654297e+00	2.792371511459350586e+00	2.791049957275390625e+00	2.790095806121826172e+00	2.789960145950317383e+00	2.790686607360839844e+00	2.791650533676147461e+00	2.792241096496582031e+00	2.792767286300659180e+00	2.793717384338378906e+00	2.795727729797363281e+00	2.799496889114379883e+00	2.804782390594482422e+00	2.811322212219238281e+00	2.819022417068481445e+00	2.826735973358154297e+00	2.836554288864135742e+00	2.850780248641967773e+00	2.867584943771362305e+00	2.884378910064697266e+00	2.897324085235595703e+00	2.902300357818603516e+00	2.898509025573730469e+00	2.887960433959960938e+00	2.873749256134033203e+00	2.858689308166503906e+00	2.845696687698364258e+00	2.833710193634033203e+00	2.823337554931640625e+00	2.816841840744018555e+00	2.813080072402954102e+00	2.808176755905151367e+00	2.801672935485839844e+00	2.796107530593872070e+00	2.791942358016967773e+00	2.788861751556396484e+00	2.786566495895385742e+00	2.785091876983642578e+00	2.784357786178588867e+00	2.784279108047485352e+00	2.784974336624145508e+00	2.786295652389526367e+00	2.787978649139404297e+00	2.789644718170166016e+00	2.790931224822998047e+00	2.792058706283569336e+00	2.793301820755004883e+00	2.794438600540161133e+00	2.795124053955078125e+00	2.795395374298095703e+00	2.795203685760498047e+00	2.794507980346679688e+00	2.793992757797241211e+00	2.794396162033081055e+00	2.795042037963867188e+00	2.795651435852050781e+00	2.796468257904052734e+00	2.798254489898681641e+00
2.819668292999267578e+00	2.818474531173706055e+00	2.813459157943725586e+00	2.810246467590332031e+00	2.808308362960815430e+00	2.807161808013916016e+00	2.805933713912963867e+00	2.803419828414916992e+00	2.800361394882202148e+00	2.797708034515380859e+00	2.795697212219238281e+00	2.793646097183227539e+00	2.791558027267456055e+00	2.789727687835693359e+00	2.788009643554687500e+00	2.786165237426757812e+00	2.784204959869384766e+00	2.782504558563232422e+00	2.781523227691650391e+00	2.781476736068725586e+00	2.781834125518798828e+00	2.781611680984497070e+00	2.781981229782104492e+00	2.783923149108886719e+00	2.787446737289428711e+00	2.791787862777709961e+00	2.795352935791015625e+00	2.796942234039306641e+00	2.795721769332885742e+00	2.791876554489135742e+00	2.787685394287109375e+00	2.785029649734497070e+00	2.784830093383789062e+00	2.786557674407958984e+00	2.789033651351928711e+00	2.791510820388793945e+00	2.793817281723022461e+00	2.795305728912353516e+00	2.794762849807739258e+00	2.793584346771240234e+00	2.794701099395751953e+00	2.799279928207397461e+00	2.804384946823120117e+00	2.806469917297363281e+00	2.808231353759765625e+00	2.808699131011962891e+00	2.806465148925781250e+00	2.801887035369873047e+00	2.796263456344604492e+00	2.791472434997558594e+00	2.788552284240722656e+00	2.787479639053344727e+00	2.787992954254150391e+00	2.789689302444458008e+00	2.791475534439086914e+00	2.792483091354370117e+00	2.793074131011962891e+00	2.793647527694702148e+00	2.794229507446289062e+00	2.794508457183837891e+00	2.794129610061645508e+00	2.793015956878662109e+00	2.791634321212768555e+00	2.791015863418579102e+00	2.790955781936645508e+00	2.789139986038208008e+00	2.787421941757202148e+00	2.787691354751586914e+00	2.790146827697753906e+00	2.794130802154541016e+00	2.800003528594970703e+00	2.809545993804931641e+00
2.824355602264404297e+00	2.827147245407104492e+00	2.824557065963745117e+00	2.823412656784057617e+00	2.820966243743896484e+00	2.817230939865112305e+00	2.812958240509033203e+00	2.807544946670532227e+00	2.802205324172973633e+00	2.798332214355468750e+00	2.796184778213500977e+00	2.794703722000122070e+00	2.792929887771606445e+00	2.791230678558349609e+00	2.789782762527465820e+00	2.788401365280151367e+00	2.787359714508056641e+00	2.786798477172851562e+00	2.786950349807739258e+00	2.788046598434448242e+00	2.788789033889770508e+00	2.788211345672607422e+00	2.788529872894287109e+00	2.790293455123901367e+00	2.793205499649047852e+00	2.796321868896484375e+00	2.797659873962402344e+00	2.795880317687988281e+00	2.791453361511230469e+00	2.786427974700927734e+00	2.783025264739990234e+00	2.782114267349243164e+00	2.783651351928710938e+00	2.786847114562988281e+00	2.790298938751220703e+00	2.793332338333129883e+00	2.796485424041748047e+00	2.800047159194946289e+00	2.804332971572875977e+00	2.810643911361694336e+00	2.820040941238403320e+00	2.832102775573730469e+00	2.843028068542480469e+00	2.848946332931518555e+00	2.851241588592529297e+00	2.849375724792480469e+00	2.843201160430908203e+00	2.833466291427612305e+00	2.822054386138916016e+00	2.811763525009155273e+00	2.803613424301147461e+00	2.797357559204101562e+00	2.793506145477294922e+00	2.791818380355834961e+00	2.791512250900268555e+00	2.792160272598266602e+00	2.793450355529785156e+00	2.794837951660156250e+00	2.795791864395141602e+00	2.796037197113037109e+00	2.795798063278198242e+00	2.795375108718872070e+00	2.794800519943237305e+00	2.794252634048461914e+00	2.793869256973266602e+00	2.793298721313476562e+00	2.792704105377197266e+00	2.792989730834960938e+00	2.794770956039428711e+00	2.798014879226684570e+00	2.803215980529785156e+00	2.812282562255859375e+00
2.824129343032836914e+00	2.829379796981811523e+00	2.827356815338134766e+00	2.827559947967529297e+00	2.821335792541503906e+00	2.813165187835693359e+00	2.806700229644775391e+00	2.801454782485961914e+00	2.797198057174682617e+00	2.794127702713012695e+00	2.792232275009155273e+00	2.791001796722412109e+00	2.790026664733886719e+00	2.789294242858886719e+00	2.788841009140014648e+00	2.788517951965332031e+00	2.787839889526367188e+00	2.786867380142211914e+00	2.785863876342773438e+00	2.785112142562866211e+00	2.784703493118286133e+00	2.784649372100830078e+00	2.785275697708129883e+00	2.787215232849121094e+00	2.790546417236328125e+00	2.794286251068115234e+00	2.797273635864257812e+00	2.797972917556762695e+00	2.795846223831176758e+00	2.792554855346679688e+00	2.789672374725341797e+00	2.788393735885620117e+00	2.788679838180541992e+00	2.789869546890258789e+00	2.791322231292724609e+00	2.793179273605346680e+00	2.795502185821533203e+00	2.797964811325073242e+00	2.801023006439208984e+00	2.806067466735839844e+00	2.813880443572998047e+00	2.823792695999145508e+00	2.833522081375122070e+00	2.840675592422485352e+00	2.845237731933593750e+00	2.845531702041625977e+00	2.841317892074584961e+00	2.831995248794555664e+00	2.819819927215576172e+00	2.808792829513549805e+00	2.799835920333862305e+00	2.792953252792358398e+00	2.788498640060424805e+00	2.785957336425781250e+00	2.784914970397949219e+00	2.785340309143066406e+00	2.786607980728149414e+00	2.787927389144897461e+00	2.789269685745239258e+00	2.790934801101684570e+00	2.792584657669067383e+00	2.793843507766723633e+00	2.794758796691894531e+00	2.795121192932128906e+00	2.794875621795654297e+00	2.794413566589355469e+00	2.794407367706298828e+00	2.795345544815063477e+00	2.797539234161376953e+00	2.801102638244628906e+00	2.806268692016601562e+00	2.813760519027709961e+00
2.802152395248413086e+00	2.804447650909423828e+00	2.803609132766723633e+00	2.802288770675659180e+00	2.801612138748168945e+00	2.801286220550537109e+00	2.800630331039428711e+00	2.799457073211669922e+00	2.798072576522827148e+00	2.796943902969360352e+00	2.796338796615600586e+00	2.795989751815795898e+00	2.795331716537475586e+00	2.793266773223876953e+00	2.790176868438720703e+00	2.787223339080810547e+00	2.785294055938720703e+00	2.785173177719116211e+00	2.786391735076904297e+00	2.787707090377807617e+00	2.788669109344482422e+00	2.789260149002075195e+00	2.789991855621337891e+00	2.791177988052368164e+00	2.791974782943725586e+00	2.791677236557006836e+00	2.790945768356323242e+00	2.790083169937133789e+00	2.789217472076416016e+00	2.788220405578613281e+00	2.787856817245483398e+00	2.788152694702148438e+00	2.788908243179321289e+00	2.790599584579467773e+00	2.793423891067504883e+00	2.796377182006835938e+00	2.798305749893188477e+00	2.799678564071655273e+00	2.801447629928588867e+00	2.804365396499633789e+00	2.807875871658325195e+00	2.811382293701171875e+00	2.815869569778442383e+00	2.820583820343017578e+00	2.823764801025390625e+00	2.824894428253173828e+00	2.824548959732055664e+00	2.822661876678466797e+00	2.817800998687744141e+00	2.810986042022705078e+00	2.804115772247314453e+00	2.798335552215576172e+00	2.793968677520751953e+00	2.790648221969604492e+00	2.788408041000366211e+00	2.787743091583251953e+00	2.788392305374145508e+00	2.789425134658813477e+00	2.790342092514038086e+00	2.791523456573486328e+00	2.792669534683227539e+00	2.793107748031616211e+00	2.792892932891845703e+00	2.792577743530273438e+00	2.792476177215576172e+00	2.792199611663818359e+00	2.791586637496948242e+00	2.791588068008422852e+00	2.792696475982666016e+00	2.793195486068725586e+00	2.794673919677734375e+00	2.798197031021118164e+00
2.786417961120605469e+00	2.791248798370361328e+00	2.796399593353271484e+00	2.800637722015380859e+00	2.803056716918945312e+00	2.803477764129638672e+00	2.802226066589355469e+00	2.799827575683593750e+00	2.796998977661132812e+00	2.794280290603637695e+00	2.791733264923095703e+00	2.789164543151855469e+00	2.786590337753295898e+00	2.784144878387451172e+00	2.782027006149291992e+00	2.780426740646362305e+00	2.780282020568847656e+00	2.782044649124145508e+00	2.784517765045166016e+00	2.786309003829956055e+00	2.785740852355957031e+00	2.783055305480957031e+00	2.779744148254394531e+00	2.777768135070800781e+00	2.777789115905761719e+00	2.778883695602416992e+00	2.780625343322753906e+00	2.783678293228149414e+00	2.786946296691894531e+00	2.788709640502929688e+00	2.789248466491699219e+00	2.788954734802246094e+00	2.788018941879272461e+00	2.787264108657836914e+00	2.787657022476196289e+00	2.789376258850097656e+00	2.792129516601562500e+00	2.795190811157226562e+00	2.797503232955932617e+00	2.798834085464477539e+00	2.799913883209228516e+00	2.801237583160400391e+00	2.803216457366943359e+00	2.805330038070678711e+00	2.805163145065307617e+00	2.804245471954345703e+00	2.803556442260742188e+00	2.801948070526123047e+00	2.798941135406494141e+00	2.795783758163452148e+00	2.793483972549438477e+00	2.791719675064086914e+00	2.789486885070800781e+00	2.786422491073608398e+00	2.782948493957519531e+00	2.779997825622558594e+00	2.778100013732910156e+00	2.777529478073120117e+00	2.778410911560058594e+00	2.780260324478149414e+00	2.781811714172363281e+00	2.782254695892333984e+00	2.782447338104248047e+00	2.782853126525878906e+00	2.783289432525634766e+00	2.783615827560424805e+00	2.783461809158325195e+00	2.782782077789306641e+00	2.782122611999511719e+00	2.781769275665283203e+00	2.781673908233642578e+00	2.783020019531250000e+00
2.791290521621704102e+00	2.793907403945922852e+00	2.796595096588134766e+00	2.798974037170410156e+00	2.800732612609863281e+00	2.801759719848632812e+00	2.802126169204711914e+00	2.801478624343872070e+00	2.799313306808471680e+00	2.796022415161132812e+00	2.791628599166870117e+00	2.787134885787963867e+00	2.783980846405029297e+00	2.782098770141601562e+00	2.780965805053710938e+00	2.780995130538940430e+00	2.782061815261840820e+00	2.783358812332153320e+00	2.784370422363281250e+00	2.785015106201171875e+00	2.785140752792358398e+00	2.784534931182861328e+00	2.783162355422973633e+00	2.781614065170288086e+00	2.780791282653808594e+00	2.781261444091796875e+00	2.783046960830688477e+00	2.785712242126464844e+00	2.787889003753662109e+00	2.789128780364990234e+00	2.789232254028320312e+00	2.788420438766479492e+00	2.787059307098388672e+00	2.785636425018310547e+00	2.784691572189331055e+00	2.784630537033081055e+00	2.785455226898193359e+00	2.786588191986083984e+00	2.787409543991088867e+00	2.788051843643188477e+00	2.788659095764160156e+00	2.789013147354125977e+00	2.789098501205444336e+00	2.789491653442382812e+00	2.790649652481079102e+00	2.791909456253051758e+00	2.791619539260864258e+00	2.789760351181030273e+00	2.787716150283813477e+00	2.786024570465087891e+00	2.784569740295410156e+00	2.783330917358398438e+00	2.782494068145751953e+00	2.781825065612792969e+00	2.780984640121459961e+00	2.780237674713134766e+00	2.779957294464111328e+00	2.780451774597167969e+00	2.782037258148193359e+00	2.784327030181884766e+00	2.786110877990722656e+00	2.786800384521484375e+00	2.787030458450317383e+00	2.786579608917236328e+00	2.785917997360229492e+00	2.786000251770019531e+00	2.786572694778442383e+00	2.786787033081054688e+00	2.786561727523803711e+00	2.786719322204589844e+00	2.787601947784423828e+00	2.789132833480834961e+00
2.786123275756835938e+00	2.788208484649658203e+00	2.790443181991577148e+00	2.792499303817749023e+00	2.794038772583007812e+00	2.794925928115844727e+00	2.795441389083862305e+00	2.795904159545898438e+00	2.796106338500976562e+00	2.795116662979125977e+00	2.792186975479125977e+00	2.788324594497680664e+00	2.785324335098266602e+00	2.783885478973388672e+00	2.783607482910156250e+00	2.783805131912231445e+00	2.784329414367675781e+00	2.785435438156127930e+00	2.786871433258056641e+00	2.787982463836669922e+00	2.787659406661987305e+00	2.784724473953247070e+00	2.780885696411132812e+00	2.778017044067382812e+00	2.776695251464843750e+00	2.776993989944458008e+00	2.778414011001586914e+00	2.780716180801391602e+00	2.783418655395507812e+00	2.784847974777221680e+00	2.784652948379516602e+00	2.784158229827880859e+00	2.783164978027343750e+00	2.782007694244384766e+00	2.781828880310058594e+00	2.783058404922485352e+00	2.784911870956420898e+00	2.786452531814575195e+00	2.787564039230346680e+00	2.788324356079101562e+00	2.788596153259277344e+00	2.788444519042968750e+00	2.788284540176391602e+00	2.788540124893188477e+00	2.789084434509277344e+00	2.789054632186889648e+00	2.787794589996337891e+00	2.785611629486083984e+00	2.783426046371459961e+00	2.781857490539550781e+00	2.781037807464599609e+00	2.780798673629760742e+00	2.780747652053833008e+00	2.780431270599365234e+00	2.779742479324340820e+00	2.779233932495117188e+00	2.779679059982299805e+00	2.781002283096313477e+00	2.782335758209228516e+00	2.783336877822875977e+00	2.784385442733764648e+00	2.785311222076416016e+00	2.785873413085937500e+00	2.786222219467163086e+00	2.786594390869140625e+00	2.787406206130981445e+00	2.787931919097900391e+00	2.786708593368530273e+00	2.784736156463623047e+00	2.783408880233764648e+00	2.783340930938720703e+00	2.784416198730468750e+00
2.788675308227539062e+00	2.791214942932128906e+00	2.793291568756103516e+00	2.794331789016723633e+00	2.794340610504150391e+00	2.793763875961303711e+00	2.793202638626098633e+00	2.792989253997802734e+00	2.792870998382568359e+00	2.791880130767822266e+00	2.789156436920166016e+00	2.785275459289550781e+00	2.781601667404174805e+00	2.778946161270141602e+00	2.777557849884033203e+00	2.777235984802246094e+00	2.777277469635009766e+00	2.777575731277465820e+00	2.778371572494506836e+00	2.779650211334228516e+00	2.780595779418945312e+00	2.779799222946166992e+00	2.778163433074951172e+00	2.776932239532470703e+00	2.776026964187622070e+00	2.775554180145263672e+00	2.775823593139648438e+00	2.776679754257202148e+00	2.778068542480468750e+00	2.779468297958374023e+00	2.779705524444580078e+00	2.779624462127685547e+00	2.780359268188476562e+00	2.781252861022949219e+00	2.782001733779907227e+00	2.782937288284301758e+00	2.784202337265014648e+00	2.785888671875000000e+00	2.787379980087280273e+00	2.788164377212524414e+00	2.789016485214233398e+00	2.789940118789672852e+00	2.790696382522583008e+00	2.791265249252319336e+00	2.791378021240234375e+00	2.790638446807861328e+00	2.789273262023925781e+00	2.787959337234497070e+00	2.787122488021850586e+00	2.786346912384033203e+00	2.785067319869995117e+00	2.783436298370361328e+00	2.781905174255371094e+00	2.780808210372924805e+00	2.780196189880371094e+00	2.779918909072875977e+00	2.779938459396362305e+00	2.780758380889892578e+00	2.782721757888793945e+00	2.785102128982543945e+00	2.787006855010986328e+00	2.788324356079101562e+00	2.789124727249145508e+00	2.789640426635742188e+00	2.789409637451171875e+00	2.788662195205688477e+00	2.787285089492797852e+00	2.785412788391113281e+00	2.783902645111083984e+00	2.783637285232543945e+00	2.784657001495361328e+00	2.786383628845214844e+00
2.793942928314208984e+00	2.795343637466430664e+00	2.795824766159057617e+00	2.795564413070678711e+00	2.795391559600830078e+00	2.795569181442260742e+00	2.795665740966796875e+00	2.795234918594360352e+00	2.794213294982910156e+00	2.792591810226440430e+00	2.790204286575317383e+00	2.787014245986938477e+00	2.783410310745239258e+00	2.779685974121093750e+00	2.776031970977783203e+00	2.773167848587036133e+00	2.771429061889648438e+00	2.770467519760131836e+00	2.770066261291503906e+00	2.769926548004150391e+00	2.769683599472045898e+00	2.769919872283935547e+00	2.770881891250610352e+00	2.771944522857666016e+00	2.772737026214599609e+00	2.773038864135742188e+00	2.772686719894409180e+00	2.771629095077514648e+00	2.770231485366821289e+00	2.769345760345458984e+00	2.769333362579345703e+00	2.769942522048950195e+00	2.771092891693115234e+00	2.772962808609008789e+00	2.775277376174926758e+00	2.777759790420532227e+00	2.780683517456054688e+00	2.783701419830322266e+00	2.786168098449707031e+00	2.788029670715332031e+00	2.788448333740234375e+00	2.788149833679199219e+00	2.788611650466918945e+00	2.788918972015380859e+00	2.787655591964721680e+00	2.786389112472534180e+00	2.785867452621459961e+00	2.786012887954711914e+00	2.786652326583862305e+00	2.786830186843872070e+00	2.786180496215820312e+00	2.785592555999755859e+00	2.785797595977783203e+00	2.786991596221923828e+00	2.788967370986938477e+00	2.791336297988891602e+00	2.793665885925292969e+00	2.794918775558471680e+00	2.795194864273071289e+00	2.795277833938598633e+00	2.794296741485595703e+00	2.792362213134765625e+00	2.790401220321655273e+00	2.788492202758789062e+00	2.786242008209228516e+00	2.784037351608276367e+00	2.782599449157714844e+00	2.782522201538085938e+00	2.783979415893554688e+00	2.786374568939208984e+00	2.789076089859008789e+00	2.791771650314331055e+00
2.791614055633544922e+00	2.792320013046264648e+00	2.793036222457885742e+00	2.794190645217895508e+00	2.795404672622680664e+00	2.796322107315063477e+00	2.796616792678833008e+00	2.795910358428955078e+00	2.794139385223388672e+00	2.791474342346191406e+00	2.788130998611450195e+00	2.784820318222045898e+00	2.782340049743652344e+00	2.780808210372924805e+00	2.779844284057617188e+00	2.779244184494018555e+00	2.779252052307128906e+00	2.778976917266845703e+00	2.778198242187500000e+00	2.777957201004028320e+00	2.778160095214843750e+00	2.778788328170776367e+00	2.779134988784790039e+00	2.779040575027465820e+00	2.779042959213256836e+00	2.779463291168212891e+00	2.780000209808349609e+00	2.780332326889038086e+00	2.780407905578613281e+00	2.779997825622558594e+00	2.779010295867919922e+00	2.777930498123168945e+00	2.777343034744262695e+00	2.776901245117187500e+00	2.776304483413696289e+00	2.776784181594848633e+00	2.778408288955688477e+00	2.779216289520263672e+00	2.779264450073242188e+00	2.779899120330810547e+00	2.781123399734497070e+00	2.782312870025634766e+00	2.783161640167236328e+00	2.783615589141845703e+00	2.783201456069946289e+00	2.781742811203002930e+00	2.779998779296875000e+00	2.778503179550170898e+00	2.777470827102661133e+00	2.776728630065917969e+00	2.776305437088012695e+00	2.776479721069335938e+00	2.777548789978027344e+00	2.779628515243530273e+00	2.782191991806030273e+00	2.784190893173217773e+00	2.785421133041381836e+00	2.786083459854125977e+00	2.786143302917480469e+00	2.785801887512207031e+00	2.785480976104736328e+00	2.785505533218383789e+00	2.786177873611450195e+00	2.787120342254638672e+00	2.787612199783325195e+00	2.787631988525390625e+00	2.787420034408569336e+00	2.786787748336791992e+00	2.786400318145751953e+00	2.786827802658081055e+00	2.788153648376464844e+00	2.790069580078125000e+00
2.786558628082275391e+00	2.788038492202758789e+00	2.789728164672851562e+00	2.790865421295166016e+00	2.791653633117675781e+00	2.792841196060180664e+00	2.794167280197143555e+00	2.794498443603515625e+00	2.793465375900268555e+00	2.791382551193237305e+00	2.788751125335693359e+00	2.785814285278320312e+00	2.782905340194702148e+00	2.780737400054931641e+00	2.779732704162597656e+00	2.779862165451049805e+00	2.781948089599609375e+00	2.783816099166870117e+00	2.784019947052001953e+00	2.784313917160034180e+00	2.783421277999877930e+00	2.783693790435791016e+00	2.784149169921875000e+00	2.784444332122802734e+00	2.784690380096435547e+00	2.785073280334472656e+00	2.785658597946166992e+00	2.786109924316406250e+00	2.786263227462768555e+00	2.786275863647460938e+00	2.785514831542968750e+00	2.783650159835815430e+00	2.781648397445678711e+00	2.779871702194213867e+00	2.777543067932128906e+00	2.775462150573730469e+00	2.774372816085815430e+00	2.774399280548095703e+00	2.775495052337646484e+00	2.777168512344360352e+00	2.778667211532592773e+00	2.779698610305786133e+00	2.780606031417846680e+00	2.781615018844604492e+00	2.782412767410278320e+00	2.782345294952392578e+00	2.781277656555175781e+00	2.779832839965820312e+00	2.778981447219848633e+00	2.778893947601318359e+00	2.778954267501831055e+00	2.779651880264282227e+00	2.781026601791381836e+00	2.782401561737060547e+00	2.783470630645751953e+00	2.784263610839843750e+00	2.784465312957763672e+00	2.783823251724243164e+00	2.782692909240722656e+00	2.781716346740722656e+00	2.781403303146362305e+00	2.781852483749389648e+00	2.782634496688842773e+00	2.783363103866577148e+00	2.784018516540527344e+00	2.784565687179565430e+00	2.784750223159790039e+00	2.784434318542480469e+00	2.784000158309936523e+00	2.783849477767944336e+00	2.784387826919555664e+00	2.785457372665405273e+00
2.784377574920654297e+00	2.785033464431762695e+00	2.786024093627929688e+00	2.787775754928588867e+00	2.790788412094116211e+00	2.794328927993774414e+00	2.797155857086181641e+00	2.798602819442749023e+00	2.798598766326904297e+00	2.797326803207397461e+00	2.794576406478881836e+00	2.790794849395751953e+00	2.787435054779052734e+00	2.784597396850585938e+00	2.782042026519775391e+00	2.780258655548095703e+00	2.779325723648071289e+00	2.778907537460327148e+00	2.779066324234008789e+00	2.779884815216064453e+00	2.781273841857910156e+00	2.783125162124633789e+00	2.785061359405517578e+00	2.786207437515258789e+00	2.786011219024658203e+00	2.785413503646850586e+00	2.785167694091796875e+00	2.785148143768310547e+00	2.784997701644897461e+00	2.784356355667114258e+00	2.783110141754150391e+00	2.780925989151000977e+00	2.777964830398559570e+00	2.775342226028442383e+00	2.773807525634765625e+00	2.773583173751831055e+00	2.773933649063110352e+00	2.774786233901977539e+00	2.776773691177368164e+00	2.779180526733398438e+00	2.781319141387939453e+00	2.782835721969604492e+00	2.783573389053344727e+00	2.783345460891723633e+00	2.782434463500976562e+00	2.781614542007446289e+00	2.781400918960571289e+00	2.781861066818237305e+00	2.782511234283447266e+00	2.783276557922363281e+00	2.783837556838989258e+00	2.783813238143920898e+00	2.784109592437744141e+00	2.784664630889892578e+00	2.785412311553955078e+00	2.786339521408081055e+00	2.787437200546264648e+00	2.788816928863525391e+00	2.790584564208984375e+00	2.792310476303100586e+00	2.793033361434936523e+00	2.792221307754516602e+00	2.790742158889770508e+00	2.789587974548339844e+00	2.788912773132324219e+00	2.788618803024291992e+00	2.788515567779541016e+00	2.788198471069335938e+00	2.787441492080688477e+00	2.786782264709472656e+00	2.786081075668334961e+00	2.784854412078857422e+00
2.782968282699584961e+00	2.783483266830444336e+00	2.784807205200195312e+00	2.786168813705444336e+00	2.787081241607666016e+00	2.787997961044311523e+00	2.789499759674072266e+00	2.791511774063110352e+00	2.793379783630371094e+00	2.794223785400390625e+00	2.793324232101440430e+00	2.790927886962890625e+00	2.787974596023559570e+00	2.784439325332641602e+00	2.780447483062744141e+00	2.776583671569824219e+00	2.773466587066650391e+00	2.771776199340820312e+00	2.771607398986816406e+00	2.772347688674926758e+00	2.773759126663208008e+00	2.775272130966186523e+00	2.775956869125366211e+00	2.776210784912109375e+00	2.776060819625854492e+00	2.775090456008911133e+00	2.775350093841552734e+00	2.776950597763061523e+00	2.778960943222045898e+00	2.780663013458251953e+00	2.781570434570312500e+00	2.780614614486694336e+00	2.778091192245483398e+00	2.775264263153076172e+00	2.772893667221069336e+00	2.771453142166137695e+00	2.771836757659912109e+00	2.774268388748168945e+00	2.777677059173583984e+00	2.780632019042968750e+00	2.782267570495605469e+00	2.782672166824340820e+00	2.782238721847534180e+00	2.781418561935424805e+00	2.780829906463623047e+00	2.781019449234008789e+00	2.781693458557128906e+00	2.781935453414916992e+00	2.781824111938476562e+00	2.782090663909912109e+00	2.783114433288574219e+00	2.782858133316040039e+00	2.781573057174682617e+00	2.781116724014282227e+00	2.782171964645385742e+00	2.784054040908813477e+00	2.786153316497802734e+00	2.788144588470458984e+00	2.789582014083862305e+00	2.790125131607055664e+00	2.790089845657348633e+00	2.790136337280273438e+00	2.790231227874755859e+00	2.790343999862670898e+00	2.790149927139282227e+00	2.789211750030517578e+00	2.788249731063842773e+00	2.787622213363647461e+00	2.787166357040405273e+00	2.787027120590209961e+00	2.785922765731811523e+00	2.783901929855346680e+00
2.811127185821533203e+00	2.816054821014404297e+00	2.824845314025878906e+00	2.839251518249511719e+00	2.862401008605957031e+00	2.900624275207519531e+00	2.947315216064453125e+00	2.927054882049560547e+00	2.885280609130859375e+00	2.855912208557128906e+00	2.836915731430053711e+00	2.825275421142578125e+00	2.818658590316772461e+00	2.814514875411987305e+00	2.811561584472656250e+00	2.810302734375000000e+00	2.810911655426025391e+00	2.812937259674072266e+00	2.815457820892333984e+00	2.817448854446411133e+00	2.818281888961791992e+00	2.817772150039672852e+00	2.816118240356445312e+00	2.813941001892089844e+00	2.811951637268066406e+00	2.810423374176025391e+00	2.809313774108886719e+00	2.808593273162841797e+00	2.808291673660278320e+00	2.808582544326782227e+00	2.809741258621215820e+00	2.811966896057128906e+00	2.815042495727539062e+00	2.818936586380004883e+00	2.824408531188964844e+00	2.832903861999511719e+00	2.846738338470458984e+00	2.867587327957153320e+00	2.895666360855102539e+00	2.929507493972778320e+00	2.964185237884521484e+00	2.989164113998413086e+00	2.991025447845458984e+00	2.968340635299682617e+00	2.934628486633300781e+00	2.901115179061889648e+00	2.872747898101806641e+00	2.850934743881225586e+00	2.835326910018920898e+00	2.824460268020629883e+00	2.816819190979003906e+00	2.811647653579711914e+00	2.808641195297241211e+00	2.807290315628051758e+00	2.807146072387695312e+00	2.807923793792724609e+00	2.808727979660034180e+00	2.808979272842407227e+00	2.809111833572387695e+00	2.810035228729248047e+00	2.812148809432983398e+00	2.815045118331909180e+00	2.817927598953247070e+00	2.820293426513671875e+00	2.821638584136962891e+00	2.821356773376464844e+00	2.819435834884643555e+00	2.816473722457885742e+00	2.813312292098999023e+00	2.810694694519042969e+00	2.809103488922119141e+00	2.809034585952758789e+00
2.814803838729858398e+00	2.819058895111083984e+00	2.827470779418945312e+00	2.841687440872192383e+00	2.864911317825317383e+00	2.904354572296142578e+00	2.954879283905029297e+00	2.932931423187255859e+00	2.889709234237670898e+00	2.859987497329711914e+00	2.840605974197387695e+00	2.828059673309326172e+00	2.820171833038330078e+00	2.815601110458374023e+00	2.813697576522827148e+00	2.814005851745605469e+00	2.815830469131469727e+00	2.818353176116943359e+00	2.820874214172363281e+00	2.822720050811767578e+00	2.823240518569946289e+00	2.822144031524658203e+00	2.819863319396972656e+00	2.817344665527343750e+00	2.815405368804931641e+00	2.814336538314819336e+00	2.813935041427612305e+00	2.813782691955566406e+00	2.813674449920654297e+00	2.813772201538085938e+00	2.814251422882080078e+00	2.815617322921752930e+00	2.818267822265625000e+00	2.822254180908203125e+00	2.827856063842773438e+00	2.836564064025878906e+00	2.850727081298828125e+00	2.871940374374389648e+00	2.900326728820800781e+00	2.934381484985351562e+00	2.969173669815063477e+00	2.993952751159667969e+00	2.995027780532836914e+00	2.971830368041992188e+00	2.937927484512329102e+00	2.904190778732299805e+00	2.875521183013916016e+00	2.853534221649169922e+00	2.838170528411865234e+00	2.828234434127807617e+00	2.821966886520385742e+00	2.817479848861694336e+00	2.814201831817626953e+00	2.812148809432983398e+00	2.811385869979858398e+00	2.811935901641845703e+00	2.813031673431396484e+00	2.813601970672607422e+00	2.813734054565429688e+00	2.814550399780273438e+00	2.816693782806396484e+00	2.819422483444213867e+00	2.822153806686401367e+00	2.825036525726318359e+00	2.826988697052001953e+00	2.827044010162353516e+00	2.825249433517456055e+00	2.822371006011962891e+00	2.819321155548095703e+00	2.816765785217285156e+00	2.814808845520019531e+00	2.813736915588378906e+00
2.821485996246337891e+00	2.825690269470214844e+00	2.833750724792480469e+00	2.847132444381713867e+00	2.869214296340942383e+00	2.907385110855102539e+00	2.956299066543579102e+00	2.935302734375000000e+00	2.893856287002563477e+00	2.865411281585693359e+00	2.846842050552368164e+00	2.834718704223632812e+00	2.826947450637817383e+00	2.822417020797729492e+00	2.820534706115722656e+00	2.820732355117797852e+00	2.822376728057861328e+00	2.824811935424804688e+00	2.827446460723876953e+00	2.829644680023193359e+00	2.830653190612792969e+00	2.829952716827392578e+00	2.827855348587036133e+00	2.825368165969848633e+00	2.823182582855224609e+00	2.821472167968750000e+00	2.820451498031616211e+00	2.819907665252685547e+00	2.819473505020141602e+00	2.819348335266113281e+00	2.820003032684326172e+00	2.821730375289916992e+00	2.824673891067504883e+00	2.828752517700195312e+00	2.834222078323364258e+00	2.842555046081542969e+00	2.856281042098999023e+00	2.877297401428222656e+00	2.905501365661621094e+00	2.939404487609863281e+00	2.974294900894165039e+00	2.998727798461914062e+00	2.998831033706665039e+00	2.974865674972534180e+00	2.940524578094482422e+00	2.906953334808349609e+00	2.879014730453491211e+00	2.858183383941650391e+00	2.844173669815063477e+00	2.835303783416748047e+00	2.829170227050781250e+00	2.823782444000244141e+00	2.819409132003784180e+00	2.817290067672729492e+00	2.817739486694335938e+00	2.820153236389160156e+00	2.822563886642456055e+00	2.823002576828002930e+00	2.822061538696289062e+00	2.821450471878051758e+00	2.822165966033935547e+00	2.824574232101440430e+00	2.828387022018432617e+00	2.832481622695922852e+00	2.835302114486694336e+00	2.835897922515869141e+00	2.834390640258789062e+00	2.831258535385131836e+00	2.827329397201538086e+00	2.823888540267944336e+00	2.821689844131469727e+00	2.820531606674194336e+00
2.823036432266235352e+00	2.828222990036010742e+00	2.836830615997314453e+00	2.850193262100219727e+00	2.871801853179931641e+00	2.909408569335937500e+00	2.957450151443481445e+00	2.935252904891967773e+00	2.894346714019775391e+00	2.866427898406982422e+00	2.848068475723266602e+00	2.835978746414184570e+00	2.828234672546386719e+00	2.823729515075683594e+00	2.821864604949951172e+00	2.822135925292968750e+00	2.823898553848266602e+00	2.826482057571411133e+00	2.829377412796020508e+00	2.832001447677612305e+00	2.833528757095336914e+00	2.833209753036499023e+00	2.831057310104370117e+00	2.827942371368408203e+00	2.824912071228027344e+00	2.822888135910034180e+00	2.822152614593505859e+00	2.822136878967285156e+00	2.822100400924682617e+00	2.821934461593627930e+00	2.822237730026245117e+00	2.823669910430908203e+00	2.826468706130981445e+00	2.830486297607421875e+00	2.835825920104980469e+00	2.843893289566040039e+00	2.857292175292968750e+00	2.878030300140380859e+00	2.906370639801025391e+00	2.940825700759887695e+00	2.976376533508300781e+00	3.001470088958740234e+00	3.001692295074462891e+00	2.977327346801757812e+00	2.942666053771972656e+00	2.908823966979980469e+00	2.880620241165161133e+00	2.859476089477539062e+00	2.845015048980712891e+00	2.835421323776245117e+00	2.828500747680664062e+00	2.823187589645385742e+00	2.819776535034179688e+00	2.818841218948364258e+00	2.820417165756225586e+00	2.823498725891113281e+00	2.825676202774047852e+00	2.825147151947021484e+00	2.823189020156860352e+00	2.822064876556396484e+00	2.823091268539428711e+00	2.826556444168090820e+00	2.831550836563110352e+00	2.836115121841430664e+00	2.838515043258666992e+00	2.838367700576782227e+00	2.836077451705932617e+00	2.832083463668823242e+00	2.827568054199218750e+00	2.823654174804687500e+00	2.821179866790771484e+00	2.820812225341796875e+00
2.825738191604614258e+00	2.831166982650756836e+00	2.839688539505004883e+00	2.852776050567626953e+00	2.874093055725097656e+00	2.911429882049560547e+00	2.959032058715820312e+00	2.935470581054687500e+00	2.894694089889526367e+00	2.867285966873168945e+00	2.849582433700561523e+00	2.838083028793334961e+00	2.830662012100219727e+00	2.826184272766113281e+00	2.824198961257934570e+00	2.824308633804321289e+00	2.825923204421997070e+00	2.828512430191040039e+00	2.831626892089843750e+00	2.834557294845581055e+00	2.836215257644653320e+00	2.835542201995849609e+00	2.832550048828125000e+00	2.828658819198608398e+00	2.825472593307495117e+00	2.823808670043945312e+00	2.823534965515136719e+00	2.823863983154296875e+00	2.823892354965209961e+00	2.823504686355590820e+00	2.823585987091064453e+00	2.825027227401733398e+00	2.828108787536621094e+00	2.832530975341796875e+00	2.838149547576904297e+00	2.846255302429199219e+00	2.859463691711425781e+00	2.879707574844360352e+00	2.907700538635253906e+00	2.942430019378662109e+00	2.978588581085205078e+00	3.004377365112304688e+00	3.004862546920776367e+00	2.980031013488769531e+00	2.944777488708496094e+00	2.910564661026000977e+00	2.882268905639648438e+00	2.861301183700561523e+00	2.847154140472412109e+00	2.837730646133422852e+00	2.830661773681640625e+00	2.825032234191894531e+00	2.821365833282470703e+00	2.820366859436035156e+00	2.822219371795654297e+00	2.825928688049316406e+00	2.828731298446655273e+00	2.828516244888305664e+00	2.826356410980224609e+00	2.824635744094848633e+00	2.825078964233398438e+00	2.828071355819702148e+00	2.832807064056396484e+00	2.837371826171875000e+00	2.839801311492919922e+00	2.839459419250488281e+00	2.836932182312011719e+00	2.833114385604858398e+00	2.828937292098999023e+00	2.825323343276977539e+00	2.823137760162353516e+00	2.823118448257446289e+00
2.825899124145507812e+00	2.831238746643066406e+00	2.839657783508300781e+00	2.852517843246459961e+00	2.873397588729858398e+00	2.909713983535766602e+00	2.955321788787841797e+00	2.934254646301269531e+00	2.894833326339721680e+00	2.867998361587524414e+00	2.850422382354736328e+00	2.838796615600585938e+00	2.831174612045288086e+00	2.826586723327636719e+00	2.824624538421630859e+00	2.824874162673950195e+00	2.826763868331909180e+00	2.829568147659301758e+00	2.832512140274047852e+00	2.835144758224487305e+00	2.836659908294677734e+00	2.835970878601074219e+00	2.832970142364501953e+00	2.829090356826782227e+00	2.825981616973876953e+00	2.824380636215209961e+00	2.824169635772705078e+00	2.824596166610717773e+00	2.824715375900268555e+00	2.824387073516845703e+00	2.824490308761596680e+00	2.825889825820922852e+00	2.828816413879394531e+00	2.832994699478149414e+00	2.838371753692626953e+00	2.846171855926513672e+00	2.859064340591430664e+00	2.879438877105712891e+00	2.907954692840576172e+00	2.943074703216552734e+00	2.979312419891357422e+00	3.004789829254150391e+00	3.004751920700073242e+00	2.979717254638671875e+00	2.944538354873657227e+00	2.910390615463256836e+00	2.882092714309692383e+00	2.861149311065673828e+00	2.847155809402465820e+00	2.837975263595581055e+00	2.831116199493408203e+00	2.825602531433105469e+00	2.821967601776123047e+00	2.820986747741699219e+00	2.822916030883789062e+00	2.826704502105712891e+00	2.829320669174194336e+00	2.828574180603027344e+00	2.826182365417480469e+00	2.824775695800781250e+00	2.825514554977416992e+00	2.828591823577880859e+00	2.833303213119506836e+00	2.837874174118041992e+00	2.840422868728637695e+00	2.840281248092651367e+00	2.837898492813110352e+00	2.834053754806518555e+00	2.829769134521484375e+00	2.826011896133422852e+00	2.823638677597045898e+00	2.823426246643066406e+00
2.825989961624145508e+00	2.831468582153320312e+00	2.840067148208618164e+00	2.853158473968505859e+00	2.874438047409057617e+00	2.911865472793579102e+00	2.959455013275146484e+00	2.935713768005371094e+00	2.895153045654296875e+00	2.867933750152587891e+00	2.850351572036743164e+00	2.838856697082519531e+00	2.831355810165405273e+00	2.826816558837890625e+00	2.824853420257568359e+00	2.825132369995117188e+00	2.827081441879272461e+00	2.829768419265747070e+00	2.832648277282714844e+00	2.835393905639648438e+00	2.836859941482543945e+00	2.836035728454589844e+00	2.832923173904418945e+00	2.828941583633422852e+00	2.825797319412231445e+00	2.824290990829467773e+00	2.824271917343139648e+00	2.824844360351562500e+00	2.824976444244384766e+00	2.824605941772460938e+00	2.824663400650024414e+00	2.826065063476562500e+00	2.828997611999511719e+00	2.833053588867187500e+00	2.838226079940795898e+00	2.845890522003173828e+00	2.858724355697631836e+00	2.879021644592285156e+00	2.907334566116333008e+00	2.942147493362426758e+00	2.978063106536865234e+00	3.003221750259399414e+00	3.002986669540405273e+00	2.978013277053833008e+00	2.943210601806640625e+00	2.909599781036376953e+00	2.881809711456298828e+00	2.861257553100585938e+00	2.847473144531250000e+00	2.838202238082885742e+00	2.831084251403808594e+00	2.825373888015747070e+00	2.821703433990478516e+00	2.820807933807373047e+00	2.822835922241210938e+00	2.826678991317749023e+00	2.829292774200439453e+00	2.828453063964843750e+00	2.825871706008911133e+00	2.824306488037109375e+00	2.825095176696777344e+00	2.828349590301513672e+00	2.833181142807006836e+00	2.837725400924682617e+00	2.840061902999877930e+00	2.839587211608886719e+00	2.836996555328369141e+00	2.833258628845214844e+00	2.829216480255126953e+00	2.825680017471313477e+00	2.823483467102050781e+00	2.823403358459472656e+00
2.825206041336059570e+00	2.830390214920043945e+00	2.838888406753540039e+00	2.852154016494750977e+00	2.873741865158081055e+00	2.911462783813476562e+00	2.959186792373657227e+00	2.935358285903930664e+00	2.894723176956176758e+00	2.867425918579101562e+00	2.849785566329956055e+00	2.838244915008544922e+00	2.830682516098022461e+00	2.826064586639404297e+00	2.823966979980468750e+00	2.824060678482055664e+00	2.825864791870117188e+00	2.828600406646728516e+00	2.831573963165283203e+00	2.834153413772583008e+00	2.835514068603515625e+00	2.834819793701171875e+00	2.832052469253540039e+00	2.828476190567016602e+00	2.825578927993774414e+00	2.824054479598999023e+00	2.823698520660400391e+00	2.823788166046142578e+00	2.823614358901977539e+00	2.823165178298950195e+00	2.823311567306518555e+00	2.824857234954833984e+00	2.827886104583740234e+00	2.832091093063354492e+00	2.837486743927001953e+00	2.845318794250488281e+00	2.858265399932861328e+00	2.878726720809936523e+00	2.907332420349121094e+00	2.942546844482421875e+00	2.978908538818359375e+00	3.004458904266357422e+00	3.004554748535156250e+00	2.979685544967651367e+00	2.944557428359985352e+00	2.910520315170288086e+00	2.882447242736816406e+00	2.861734867095947266e+00	2.847822904586791992e+00	2.838444709777832031e+00	2.831089973449707031e+00	2.825096368789672852e+00	2.821234464645385742e+00	2.820244312286376953e+00	2.822226285934448242e+00	2.825938701629638672e+00	2.828220129013061523e+00	2.827117919921875000e+00	2.824529409408569336e+00	2.823076486587524414e+00	2.823977947235107422e+00	2.827305078506469727e+00	2.832184314727783203e+00	2.836801290512084961e+00	2.839247465133666992e+00	2.838908910751342773e+00	2.836474180221557617e+00	2.832862615585327148e+00	2.828876495361328125e+00	2.825356006622314453e+00	2.823130130767822266e+00	2.822901964187622070e+00
2.826232194900512695e+00	2.831659078598022461e+00	2.840109586715698242e+00	2.852951526641845703e+00	2.873773336410522461e+00	2.909961938858032227e+00	2.956354141235351562e+00	2.935895919799804688e+00	2.895848751068115234e+00	2.868643522262573242e+00	2.851037502288818359e+00	2.839428663253784180e+00	2.831618547439575195e+00	2.826604366302490234e+00	2.824140310287475586e+00	2.824012041091918945e+00	2.825762033462524414e+00	2.828735113143920898e+00	2.832127332687377930e+00	2.835097074508666992e+00	2.836805343627929688e+00	2.836302995681762695e+00	2.833390712738037109e+00	2.829380273818969727e+00	2.826039314270019531e+00	2.824281454086303711e+00	2.823972940444946289e+00	2.824318170547485352e+00	2.824381113052368164e+00	2.823940753936767578e+00	2.823830842971801758e+00	2.825018405914306641e+00	2.827857255935668945e+00	2.832119703292846680e+00	2.837715625762939453e+00	2.845794439315795898e+00	2.858866453170776367e+00	2.879231214523315430e+00	2.907656431198120117e+00	2.942756652832031250e+00	2.979184627532958984e+00	3.005012273788452148e+00	3.005312681198120117e+00	2.980471849441528320e+00	2.945182561874389648e+00	2.910855293273925781e+00	2.882467508316040039e+00	2.861538648605346680e+00	2.847550868988037109e+00	2.838231086730957031e+00	2.831099748611450195e+00	2.825345039367675781e+00	2.821645736694335938e+00	2.820808172225952148e+00	2.823004245758056641e+00	2.826956987380981445e+00	2.829335212707519531e+00	2.828118085861206055e+00	2.825384855270385742e+00	2.823849439620971680e+00	2.824719429016113281e+00	2.828060150146484375e+00	2.832972288131713867e+00	2.837542533874511719e+00	2.839874744415283203e+00	2.839452266693115234e+00	2.836948871612548828e+00	2.833259344100952148e+00	2.829238414764404297e+00	2.825747489929199219e+00	2.823630571365356445e+00	2.823623657226562500e+00
2.827051877975463867e+00	2.832452535629272461e+00	2.840942859649658203e+00	2.853913068771362305e+00	2.875075340270996094e+00	2.912366390228271484e+00	2.959553003311157227e+00	2.936524391174316406e+00	2.895952224731445312e+00	2.868663311004638672e+00	2.851197719573974609e+00	2.839919328689575195e+00	2.832552433013916016e+00	2.827846288681030273e+00	2.825369119644165039e+00	2.825041770935058594e+00	2.826559782028198242e+00	2.829333305358886719e+00	2.832669973373413086e+00	2.835760116577148438e+00	2.837596416473388672e+00	2.837152242660522461e+00	2.834270000457763672e+00	2.830283164978027344e+00	2.826940059661865234e+00	2.825136899948120117e+00	2.824792623519897461e+00	2.825116872787475586e+00	2.825124979019165039e+00	2.824620246887207031e+00	2.824470758438110352e+00	2.825644731521606445e+00	2.828489542007446289e+00	2.832782983779907227e+00	2.838372468948364258e+00	2.846302747726440430e+00	2.859158039093017578e+00	2.879396438598632812e+00	2.907809019088745117e+00	2.943060398101806641e+00	2.979972839355468750e+00	3.006654739379882812e+00	3.007421016693115234e+00	2.982326745986938477e+00	2.946721553802490234e+00	2.912233591079711914e+00	2.883825302124023438e+00	2.862960815429687500e+00	2.849005937576293945e+00	2.839562416076660156e+00	2.832253217697143555e+00	2.826415538787841797e+00	2.822715997695922852e+00	2.821869850158691406e+00	2.823973655700683594e+00	2.827792882919311523e+00	2.830139160156250000e+00	2.828969955444335938e+00	2.826328516006469727e+00	2.824926853179931641e+00	2.825824022293090820e+00	2.828995943069458008e+00	2.833659887313842773e+00	2.838072061538696289e+00	2.840359449386596680e+00	2.839957952499389648e+00	2.837554931640625000e+00	2.834031343460083008e+00	2.830135583877563477e+00	2.826666116714477539e+00	2.824515581130981445e+00	2.824478864669799805e+00
2.826701164245605469e+00	2.832254171371459961e+00	2.840814590454101562e+00	2.853796482086181641e+00	2.874954462051391602e+00	2.912286758422851562e+00	2.959505796432495117e+00	2.936593055725097656e+00	2.895804643630981445e+00	2.868451118469238281e+00	2.850857257843017578e+00	2.839323997497558594e+00	2.831723213195800781e+00	2.827074050903320312e+00	2.824977159500122070e+00	2.825085878372192383e+00	2.826913356781005859e+00	2.829754829406738281e+00	2.832924127578735352e+00	2.835826873779296875e+00	2.837555408477783203e+00	2.837056159973144531e+00	2.834163188934326172e+00	2.830232381820678711e+00	2.827000141143798828e+00	2.825293302536010742e+00	2.824951410293579102e+00	2.825196027755737305e+00	2.825085878372192383e+00	2.824504613876342773e+00	2.824395895004272461e+00	2.825637817382812500e+00	2.828457593917846680e+00	2.832667350769042969e+00	2.838146209716796875e+00	2.845952510833740234e+00	2.858720541000366211e+00	2.878911495208740234e+00	2.907233476638793945e+00	2.942262649536132812e+00	2.978815555572509766e+00	3.005186319351196289e+00	3.005980253219604492e+00	2.981135129928588867e+00	2.945880413055419922e+00	2.911732196807861328e+00	2.883525133132934570e+00	2.862626075744628906e+00	2.848490715026855469e+00	2.839034080505371094e+00	2.831883907318115234e+00	2.826176404953002930e+00	2.822530269622802734e+00	2.821718931198120117e+00	2.823887586593627930e+00	2.827749252319335938e+00	2.830073595046997070e+00	2.828817844390869141e+00	2.825978517532348633e+00	2.824337959289550781e+00	2.825130224227905273e+00	2.828389644622802734e+00	2.833200931549072266e+00	2.837696790695190430e+00	2.839994668960571289e+00	2.839558124542236328e+00	2.837101221084594727e+00	2.833539009094238281e+00	2.829648494720458984e+00	2.826207637786865234e+00	2.824055433273315430e+00	2.824020862579345703e+00
2.827019453048706055e+00	2.832460165023803711e+00	2.841060161590576172e+00	2.854132890701293945e+00	2.875399351119995117e+00	2.913085460662841797e+00	2.960451841354370117e+00	2.936976671218872070e+00	2.896048784255981445e+00	2.868805408477783203e+00	2.851279258728027344e+00	2.839740514755249023e+00	2.832081317901611328e+00	2.827351570129394531e+00	2.825203657150268555e+00	2.825255870819091797e+00	2.826976537704467773e+00	2.829783439636230469e+00	2.833103656768798828e+00	2.836215734481811523e+00	2.838067770004272461e+00	2.837521314620971680e+00	2.834434270858764648e+00	2.830316781997680664e+00	2.826994180679321289e+00	2.825287580490112305e+00	2.825139284133911133e+00	2.825845241546630859e+00	2.826466798782348633e+00	2.826731443405151367e+00	2.826565027236938477e+00	2.826710939407348633e+00	2.828835248947143555e+00	2.832848310470581055e+00	2.838325977325439453e+00	2.846216678619384766e+00	2.859120607376098633e+00	2.879442214965820312e+00	2.907825231552124023e+00	2.942816019058227539e+00	2.979234933853149414e+00	3.005459785461425781e+00	3.006089448928833008e+00	2.980936288833618164e+00	2.945433616638183594e+00	2.911144256591796875e+00	2.882803916931152344e+00	2.861872911453247070e+00	2.847937107086181641e+00	2.838810682296752930e+00	2.831953048706054688e+00	2.826429367065429688e+00	2.822888374328613281e+00	2.822103738784790039e+00	2.824191093444824219e+00	2.827972888946533203e+00	2.830281496047973633e+00	2.828985691070556641e+00	2.826062917709350586e+00	2.824346303939819336e+00	2.825159549713134766e+00	2.828578948974609375e+00	2.833599090576171875e+00	2.838189125061035156e+00	2.840434551239013672e+00	2.839926719665527344e+00	2.837470531463623047e+00	2.833963632583618164e+00	2.830141544342041016e+00	2.826758146286010742e+00	2.824615001678466797e+00	2.824498891830444336e+00
2.826555252075195312e+00	2.832177162170410156e+00	2.840934276580810547e+00	2.854006528854370117e+00	2.875233888626098633e+00	2.912932634353637695e+00	2.959785938262939453e+00	2.935977458953857422e+00	2.895360231399536133e+00	2.868287324905395508e+00	2.850883007049560547e+00	2.839415788650512695e+00	2.831737756729125977e+00	2.826925516128540039e+00	2.824677944183349609e+00	2.824639320373535156e+00	2.826293468475341797e+00	2.829094886779785156e+00	2.832467794418334961e+00	2.835658311843872070e+00	2.837624549865722656e+00	2.837219238281250000e+00	2.834152936935424805e+00	2.829904794692993164e+00	2.826523780822753906e+00	2.824990272521972656e+00	2.825060844421386719e+00	2.825778722763061523e+00	2.826075792312622070e+00	2.825583457946777344e+00	2.825022459030151367e+00	2.825678348541259766e+00	2.828239440917968750e+00	2.832454442977905273e+00	2.838044643402099609e+00	2.846022844314575195e+00	2.859038591384887695e+00	2.879497766494750977e+00	2.907883882522583008e+00	2.942927122116088867e+00	2.979596138000488281e+00	3.006146907806396484e+00	3.007076740264892578e+00	2.981994152069091797e+00	2.946158170700073242e+00	2.911436080932617188e+00	2.882787227630615234e+00	2.861606597900390625e+00	2.847479104995727539e+00	2.838255167007446289e+00	2.831375837326049805e+00	2.825815916061401367e+00	2.822186231613159180e+00	2.821390390396118164e+00	2.823673963546752930e+00	2.827718257904052734e+00	2.830119371414184570e+00	2.828793048858642578e+00	2.825824260711669922e+00	2.824044227600097656e+00	2.824802398681640625e+00	2.828225374221801758e+00	2.833327293395996094e+00	2.838056087493896484e+00	2.840454578399658203e+00	2.840072631835937500e+00	2.837644815444946289e+00	2.833989858627319336e+00	2.829922914505004883e+00	2.826324701309204102e+00	2.824064254760742188e+00	2.823941946029663086e+00
2.826620101928710938e+00	2.832038402557373047e+00	2.840763092041015625e+00	2.854090213775634766e+00	2.875620126724243164e+00	2.913566827774047852e+00	2.960262775421142578e+00	2.935901641845703125e+00	2.895381450653076172e+00	2.868300437927246094e+00	2.850868701934814453e+00	2.839421033859252930e+00	2.831821441650390625e+00	2.827095270156860352e+00	2.824905157089233398e+00	2.824911355972290039e+00	2.826576948165893555e+00	2.829296588897705078e+00	2.832511663436889648e+00	2.835533142089843750e+00	2.837367057800292969e+00	2.836966037750244141e+00	2.834195852279663086e+00	2.830389976501464844e+00	2.827176570892333984e+00	2.825423002243041992e+00	2.825137615203857422e+00	2.825453519821166992e+00	2.825307607650756836e+00	2.824574947357177734e+00	2.824314117431640625e+00	2.825565814971923828e+00	2.828562974929809570e+00	2.832921028137207031e+00	2.838392257690429688e+00	2.846112489700317383e+00	2.858902454376220703e+00	2.879286766052246094e+00	2.907879829406738281e+00	2.943112373352050781e+00	2.979880332946777344e+00	3.006691455841064453e+00	3.007910251617431641e+00	2.982819318771362305e+00	2.946763753890991211e+00	2.911833763122558594e+00	2.883100986480712891e+00	2.861958026885986328e+00	2.847873926162719727e+00	2.838675498962402344e+00	2.831778049468994141e+00	2.826197862625122070e+00	2.822660207748413086e+00	2.822013616561889648e+00	2.824316740036010742e+00	2.828325510025024414e+00	2.830838680267333984e+00	2.829572200775146484e+00	2.826545953750610352e+00	2.824704885482788086e+00	2.825441598892211914e+00	2.828791379928588867e+00	2.833730697631835938e+00	2.838322401046752930e+00	2.840653657913208008e+00	2.840225934982299805e+00	2.837813615798950195e+00	2.834334135055541992e+00	2.830473423004150391e+00	2.826914310455322266e+00	2.824532032012939453e+00	2.824220895767211914e+00
2.826645851135253906e+00	2.831915616989135742e+00	2.840520620346069336e+00	2.853871822357177734e+00	2.875672340393066406e+00	2.914151430130004883e+00	2.961086988449096680e+00	2.935966730117797852e+00	2.895358085632324219e+00	2.868063926696777344e+00	2.850399494171142578e+00	2.838835954666137695e+00	2.831317663192749023e+00	2.826849222183227539e+00	2.825009584426879883e+00	2.825343132019042969e+00	2.827150821685791016e+00	2.829751968383789062e+00	2.832699537277221680e+00	2.835439920425415039e+00	2.837023496627807617e+00	2.836441993713378906e+00	2.833692550659179688e+00	2.830260515213012695e+00	2.827667236328125000e+00	2.825999021530151367e+00	2.825225830078125000e+00	2.825176000595092773e+00	2.824917554855346680e+00	2.824300289154052734e+00	2.824321746826171875e+00	2.825912475585937500e+00	2.829095840454101562e+00	2.833302259445190430e+00	2.838481664657592773e+00	2.846007347106933594e+00	2.858708143234252930e+00	2.879060745239257812e+00	2.907690048217773438e+00	2.943057775497436523e+00	2.979795932769775391e+00	3.006244659423828125e+00	3.007328033447265625e+00	2.982509613037109375e+00	2.946856260299682617e+00	2.912278413772583008e+00	2.883805036544799805e+00	2.862942218780517578e+00	2.849146842956542969e+00	2.839965343475341797e+00	2.832946538925170898e+00	2.827275276184082031e+00	2.823361158370971680e+00	2.821919441223144531e+00	2.823409318923950195e+00	2.826917648315429688e+00	2.829464435577392578e+00	2.828857421875000000e+00	2.826659440994262695e+00	2.825284004211425781e+00	2.826007604598999023e+00	2.828979492187500000e+00	2.833495378494262695e+00	2.837918043136596680e+00	2.840330123901367188e+00	2.840101003646850586e+00	2.837933778762817383e+00	2.834786415100097656e+00	2.831272840499877930e+00	2.827680587768554688e+00	2.824995994567871094e+00	2.824425220489501953e+00
2.828891277313232422e+00	2.834416151046752930e+00	2.842895507812500000e+00	2.855776786804199219e+00	2.877019166946411133e+00	2.915200471878051758e+00	2.962160348892211914e+00	2.937462329864501953e+00	2.896814584732055664e+00	2.869801998138427734e+00	2.852566003799438477e+00	2.841310262680053711e+00	2.833766222000122070e+00	2.828929424285888672e+00	2.826555252075195312e+00	2.826411962509155273e+00	2.828040122985839844e+00	2.830848693847656250e+00	2.834222078323364258e+00	2.837404727935791016e+00	2.839347600936889648e+00	2.838915824890136719e+00	2.835880517959594727e+00	2.831661701202392578e+00	2.828190565109252930e+00	2.826486587524414062e+00	2.826428413391113281e+00	2.827041864395141602e+00	2.827095985412597656e+00	2.826328992843627930e+00	2.825881958007812500e+00	2.826951265335083008e+00	2.829841852188110352e+00	2.834167957305908203e+00	2.839627981185913086e+00	2.847266674041748047e+00	2.859891176223754883e+00	2.880145072937011719e+00	2.908767461776733398e+00	2.944224119186401367e+00	2.981103658676147461e+00	3.007750034332275391e+00	3.008564710617065430e+00	2.983159065246582031e+00	2.947353601455688477e+00	2.912808179855346680e+00	2.884423017501831055e+00	2.863610744476318359e+00	2.849759578704833984e+00	2.840549468994140625e+00	2.833461284637451172e+00	2.827683687210083008e+00	2.824035644531250000e+00	2.823536396026611328e+00	2.826509952545166016e+00	2.831323385238647461e+00	2.833655595779418945e+00	2.831767320632934570e+00	2.828369140625000000e+00	2.826235294342041016e+00	2.826754570007324219e+00	2.830099344253540039e+00	2.835182666778564453e+00	2.839853763580322266e+00	2.842155933380126953e+00	2.841670989990234375e+00	2.839204788208007812e+00	2.835678815841674805e+00	2.831822872161865234e+00	2.828377246856689453e+00	2.826210975646972656e+00	2.826192378997802734e+00
2.828544616699218750e+00	2.834164619445800781e+00	2.842797040939331055e+00	2.855802297592163086e+00	2.877004861831665039e+00	2.914026498794555664e+00	2.954554796218872070e+00	2.932591199874877930e+00	2.894447803497314453e+00	2.868578433990478516e+00	2.851906538009643555e+00	2.840953588485717773e+00	2.833610534667968750e+00	2.828959465026855469e+00	2.826722383499145508e+00	2.826582670211791992e+00	2.828096866607666016e+00	2.830765962600708008e+00	2.834044933319091797e+00	2.837206602096557617e+00	2.839175462722778320e+00	2.838744401931762695e+00	2.835661649703979492e+00	2.831432580947875977e+00	2.828043937683105469e+00	2.826453924179077148e+00	2.826480865478515625e+00	2.827173233032226562e+00	2.827286720275878906e+00	2.826517581939697266e+00	2.826053857803344727e+00	2.827151775360107422e+00	2.830099582672119141e+00	2.834443092346191406e+00	2.839862823486328125e+00	2.847403764724731445e+00	2.859839200973510742e+00	2.879804372787475586e+00	2.908054113388061523e+00	2.943108558654785156e+00	2.979771137237548828e+00	3.006607294082641602e+00	3.007669687271118164e+00	2.982234716415405273e+00	2.946394681930541992e+00	2.911849260330200195e+00	2.883505582809448242e+00	2.862737894058227539e+00	2.848940849304199219e+00	2.839838981628417969e+00	2.832886934280395508e+00	2.827227354049682617e+00	2.823652029037475586e+00	2.823132514953613281e+00	2.825888395309448242e+00	2.830441474914550781e+00	2.832981586456298828e+00	2.831289291381835938e+00	2.827895641326904297e+00	2.825847148895263672e+00	2.826532602310180664e+00	2.830032348632812500e+00	2.835222244262695312e+00	2.839895725250244141e+00	2.842072725296020508e+00	2.841418743133544922e+00	2.838820934295654297e+00	2.835228443145751953e+00	2.831368923187255859e+00	2.827956914901733398e+00	2.825823307037353516e+00	2.825818777084350586e+00
2.827141046524047852e+00	2.833050489425659180e+00	2.841981887817382812e+00	2.855181455612182617e+00	2.876130580902099609e+00	2.913306951522827148e+00	2.959264516830444336e+00	2.934801101684570312e+00	2.894965410232543945e+00	2.868232250213623047e+00	2.851125240325927734e+00	2.839908123016357422e+00	2.832311391830444336e+00	2.827394485473632812e+00	2.824976921081542969e+00	2.824834108352661133e+00	2.826482295989990234e+00	2.829333305358886719e+00	2.832832574844360352e+00	2.836296081542968750e+00	2.838634252548217773e+00	2.838387966156005859e+00	2.835015296936035156e+00	2.830234766006469727e+00	2.826329469680786133e+00	2.824434041976928711e+00	2.824428558349609375e+00	2.825254440307617188e+00	2.825506210327148438e+00	2.824763774871826172e+00	2.824197292327880859e+00	2.825158596038818359e+00	2.828050851821899414e+00	2.832442760467529297e+00	2.837846517562866211e+00	2.845129013061523438e+00	2.857106447219848633e+00	2.876533269882202148e+00	2.904184818267822266e+00	2.938510894775390625e+00	2.974445104598999023e+00	3.001177072525024414e+00	3.003318309783935547e+00	2.979355573654174805e+00	2.944400787353515625e+00	2.910205364227294922e+00	2.882011890411376953e+00	2.861441135406494141e+00	2.847910642623901367e+00	2.838934421539306641e+00	2.831890583038330078e+00	2.826050043106079102e+00	2.822323560714721680e+00	2.821728467941284180e+00	2.824539422988891602e+00	2.829355001449584961e+00	2.832124710083007812e+00	2.829971075057983398e+00	2.825914621353149414e+00	2.823615074157714844e+00	2.824464321136474609e+00	2.828376531600952148e+00	2.834043979644775391e+00	2.839055061340332031e+00	2.841258287429809570e+00	2.840312719345092773e+00	2.837305545806884766e+00	2.833378791809082031e+00	2.829317569732666016e+00	2.825864553451538086e+00	2.823867797851562500e+00	2.824120998382568359e+00
2.822150230407714844e+00	2.828036069869995117e+00	2.837205886840820312e+00	2.850996971130371094e+00	2.873098850250244141e+00	2.911580562591552734e+00	2.958383321762084961e+00	2.933585405349731445e+00	2.892724037170410156e+00	2.865031242370605469e+00	2.847210884094238281e+00	2.835592746734619141e+00	2.827948570251464844e+00	2.823188066482543945e+00	2.820829391479492188e+00	2.820553541183471680e+00	2.821993827819824219e+00	2.824612855911254883e+00	2.827784776687622070e+00	2.830690383911132812e+00	2.832282066345214844e+00	2.831633329391479492e+00	2.828658580780029297e+00	2.824730157852172852e+00	2.821620464324951172e+00	2.820185184478759766e+00	2.820218086242675781e+00	2.820819854736328125e+00	2.820941448211669922e+00	2.820348978042602539e+00	2.820045948028564453e+00	2.821167707443237305e+00	2.824048519134521484e+00	2.828261852264404297e+00	2.833516597747802734e+00	2.840968608856201172e+00	2.853381395339965820e+00	2.873196601867675781e+00	2.900995016098022461e+00	2.935361146926879883e+00	2.971496105194091797e+00	2.998513460159301758e+00	3.000919103622436523e+00	2.977162361145019531e+00	2.942083358764648438e+00	2.907693386077880859e+00	2.879160642623901367e+00	2.857969045639038086e+00	2.843587875366210938e+00	2.833956956863403320e+00	2.826794147491455078e+00	2.821226119995117188e+00	2.817747116088867188e+00	2.817021131515502930e+00	2.819157361984252930e+00	2.822914600372314453e+00	2.825156688690185547e+00	2.823902130126953125e+00	2.821042060852050781e+00	2.819323778152465820e+00	2.820102930068969727e+00	2.823514938354492188e+00	2.828608274459838867e+00	2.833357334136962891e+00	2.835802078247070312e+00	2.835411548614501953e+00	2.832878828048706055e+00	2.829147338867187500e+00	2.825075387954711914e+00	2.821510314941406250e+00	2.819318532943725586e+00	2.819327354431152344e+00
2.802333831787109375e+00	2.807781934738159180e+00	2.817849159240722656e+00	2.833969593048095703e+00	2.858958721160888672e+00	2.897461652755737305e+00	2.928555727005004883e+00	2.907331705093383789e+00	2.873223543167114258e+00	2.846814155578613281e+00	2.828521490097045898e+00	2.816313743591308594e+00	2.808614969253540039e+00	2.804325342178344727e+00	2.802109003067016602e+00	2.801265954971313477e+00	2.802090644836425781e+00	2.804169416427612305e+00	2.806746244430541992e+00	2.808845996856689453e+00	2.809540987014770508e+00	2.808676958084106445e+00	2.806809902191162109e+00	2.804650545120239258e+00	2.802923679351806641e+00	2.801902532577514648e+00	2.801558494567871094e+00	2.801643133163452148e+00	2.801730871200561523e+00	2.801946401596069336e+00	2.802640438079833984e+00	2.803801536560058594e+00	2.805811643600463867e+00	2.809051275253295898e+00	2.814511299133300781e+00	2.823572874069213867e+00	2.837722778320312500e+00	2.858038663864135742e+00	2.884693861007690430e+00	2.916406154632568359e+00	2.948785066604614258e+00	2.972635507583618164e+00	2.975779294967651367e+00	2.956213474273681641e+00	2.925270557403564453e+00	2.893361568450927734e+00	2.865589141845703125e+00	2.843876600265502930e+00	2.828369379043579102e+00	2.817076206207275391e+00	2.808676242828369141e+00	2.802961349487304688e+00	2.799382686614990234e+00	2.797653913497924805e+00	2.797562837600708008e+00	2.798723459243774414e+00	2.800371170043945312e+00	2.801162719726562500e+00	2.800875663757324219e+00	2.801178932189941406e+00	2.802682399749755859e+00	2.805327415466308594e+00	2.808692455291748047e+00	2.811928749084472656e+00	2.814056158065795898e+00	2.814527750015258789e+00	2.813227176666259766e+00	2.810395002365112305e+00	2.806866884231567383e+00	2.803554296493530273e+00	2.801196813583374023e+00	2.800486803054809570e+00
2.790010929107666016e+00	2.789273500442504883e+00	2.790011882781982422e+00	2.791636943817138672e+00	2.793661355972290039e+00	2.796221017837524414e+00	2.799059867858886719e+00	2.801110982894897461e+00	2.800874710083007812e+00	2.798635482788085938e+00	2.795533657073974609e+00	2.791629314422607422e+00	2.787126064300537109e+00	2.782776594161987305e+00	2.779451131820678711e+00	2.777662515640258789e+00	2.777128219604492188e+00	2.777085781097412109e+00	2.777179002761840820e+00	2.777540683746337891e+00	2.778577089309692383e+00	2.780036449432373047e+00	2.781129360198974609e+00	2.782864570617675781e+00	2.785951375961303711e+00	2.789128065109252930e+00	2.789625167846679688e+00	2.787387132644653320e+00	2.784096479415893555e+00	2.781281232833862305e+00	2.779648780822753906e+00	2.778784036636352539e+00	2.778530597686767578e+00	2.779331207275390625e+00	2.780728340148925781e+00	2.782102823257446289e+00	2.783924102783203125e+00	2.786390304565429688e+00	2.789026737213134766e+00	2.791650533676147461e+00	2.793460369110107422e+00	2.794341087341308594e+00	2.794925212860107422e+00	2.794827222824096680e+00	2.793448209762573242e+00	2.791485309600830078e+00	2.789802074432373047e+00	2.788619041442871094e+00	2.787684202194213867e+00	2.785424232482910156e+00	2.781713485717773438e+00	2.779170036315917969e+00	2.778243541717529297e+00	2.778684139251708984e+00	2.780520915985107422e+00	2.783941745758056641e+00	2.788586378097534180e+00	2.793264865875244141e+00	2.798119544982910156e+00	2.803008794784545898e+00	2.806737899780273438e+00	2.808421611785888672e+00	2.807736396789550781e+00	2.805127382278442383e+00	2.801952362060546875e+00	2.799203395843505859e+00	2.796984434127807617e+00	2.794978618621826172e+00	2.793893814086914062e+00	2.794079542160034180e+00	2.794049978256225586e+00	2.792152404785156250e+00
2.786837339401245117e+00	2.792006731033325195e+00	2.798398494720458984e+00	2.804518461227416992e+00	2.809839010238647461e+00	2.814132452011108398e+00	2.815262556076049805e+00	2.811247348785400391e+00	2.804579973220825195e+00	2.797801733016967773e+00	2.791596174240112305e+00	2.785975933074951172e+00	2.780918836593627930e+00	2.776625394821166992e+00	2.773918628692626953e+00	2.773298740386962891e+00	2.774275779724121094e+00	2.775966644287109375e+00	2.777823448181152344e+00	2.779436588287353516e+00	2.780146598815917969e+00	2.779251337051391602e+00	2.777346611022949219e+00	2.775526762008666992e+00	2.774452209472656250e+00	2.774204254150390625e+00	2.774440288543701172e+00	2.774499893188476562e+00	2.774063587188720703e+00	2.773533105850219727e+00	2.773377418518066406e+00	2.773895025253295898e+00	2.775329589843750000e+00	2.778198719024658203e+00	2.782963752746582031e+00	2.789751768112182617e+00	2.798480987548828125e+00	2.809003829956054688e+00	2.821234703063964844e+00	2.834780693054199219e+00	2.848031759262084961e+00	2.856992244720458984e+00	2.858617067337036133e+00	2.851735830307006836e+00	2.839794158935546875e+00	2.826355218887329102e+00	2.813526391983032227e+00	2.802669048309326172e+00	2.794545412063598633e+00	2.787932634353637695e+00	2.781439304351806641e+00	2.777259349822998047e+00	2.775485515594482422e+00	2.775194168090820312e+00	2.775100469589233398e+00	2.775358200073242188e+00	2.776598930358886719e+00	2.777713060379028320e+00	2.778108596801757812e+00	2.779347896575927734e+00	2.781499862670898438e+00	2.783655881881713867e+00	2.785159111022949219e+00	2.786002397537231445e+00	2.786335229873657227e+00	2.786103725433349609e+00	2.785325050354003906e+00	2.784258127212524414e+00	2.783144474029541016e+00	2.782177209854125977e+00	2.781986474990844727e+00	2.783459901809692383e+00
2.802549123764038086e+00	2.816308021545410156e+00	2.834957838058471680e+00	2.857969284057617188e+00	2.876811265945434570e+00	2.875895023345947266e+00	2.857706785202026367e+00	2.835232496261596680e+00	2.817208051681518555e+00	2.804521083831787109e+00	2.796267986297607422e+00	2.791639804840087891e+00	2.790032148361206055e+00	2.789842367172241211e+00	2.789818525314331055e+00	2.791608572006225586e+00	2.794495582580566406e+00	2.797344684600830078e+00	2.799288988113403320e+00	2.799535512924194336e+00	2.797634124755859375e+00	2.793849945068359375e+00	2.789311885833740234e+00	2.785348415374755859e+00	2.782980918884277344e+00	2.782691955566406250e+00	2.784016132354736328e+00	2.785663127899169922e+00	2.786063671112060547e+00	2.784605741500854492e+00	2.782608747482299805e+00	2.782022476196289062e+00	2.783972978591918945e+00	2.788290500640869141e+00	2.793817043304443359e+00	2.799727201461791992e+00	2.806675434112548828e+00	2.816656827926635742e+00	2.831448554992675781e+00	2.850949048995971680e+00	2.872519254684448242e+00	2.891711950302124023e+00	2.903733968734741211e+00	2.904814720153808594e+00	2.894042015075683594e+00	2.875009536743164062e+00	2.853611469268798828e+00	2.834232807159423828e+00	2.818660736083984375e+00	2.806895256042480469e+00	2.798525571823120117e+00	2.793119192123413086e+00	2.789962530136108398e+00	2.788337945938110352e+00	2.787558794021606445e+00	2.786722183227539062e+00	2.785796165466308594e+00	2.785453319549560547e+00	2.786101102828979492e+00	2.787801027297973633e+00	2.790101766586303711e+00	2.792137622833251953e+00	2.793206453323364258e+00	2.793164730072021484e+00	2.792194366455078125e+00	2.790708780288696289e+00	2.789330959320068359e+00	2.788315773010253906e+00	2.787579059600830078e+00	2.787348747253417969e+00	2.788847208023071289e+00	2.793563127517700195e+00
2.817986488342285156e+00	2.821852922439575195e+00	2.828442811965942383e+00	2.838482856750488281e+00	2.853440284729003906e+00	2.875530481338500977e+00	2.902857303619384766e+00	2.926982164382934570e+00	2.932632207870483398e+00	2.908003330230712891e+00	2.871281862258911133e+00	2.846852302551269531e+00	2.832617282867431641e+00	2.824081659317016602e+00	2.819252252578735352e+00	2.817267894744873047e+00	2.817140579223632812e+00	2.818504095077514648e+00	2.820938825607299805e+00	2.823643445968627930e+00	2.825716972351074219e+00	2.826436281204223633e+00	2.825436830520629883e+00	2.823108673095703125e+00	2.820390224456787109e+00	2.818051099777221680e+00	2.816390514373779297e+00	2.815355777740478516e+00	2.814838886260986328e+00	2.814896583557128906e+00	2.815648078918457031e+00	2.817219257354736328e+00	2.819855213165283203e+00	2.824014663696289062e+00	2.830483675003051758e+00	2.840706586837768555e+00	2.856325864791870117e+00	2.877737998962402344e+00	2.903706073760986328e+00	2.930850982666015625e+00	2.952490091323852539e+00	2.961027145385742188e+00	2.953175544738769531e+00	2.932667016983032227e+00	2.906595230102539062e+00	2.881217002868652344e+00	2.860172271728515625e+00	2.844545125961303711e+00	2.833570480346679688e+00	2.825737953186035156e+00	2.819994688034057617e+00	2.816032409667968750e+00	2.814200162887573242e+00	2.814764976501464844e+00	2.817055463790893555e+00	2.819132804870605469e+00	2.819054841995239258e+00	2.816897153854370117e+00	2.813945531845092773e+00	2.811581134796142578e+00	2.810938358306884766e+00	2.812503814697265625e+00	2.815845727920532227e+00	2.819800138473510742e+00	2.823151588439941406e+00	2.825180053710937500e+00	2.825641393661499023e+00	2.824501991271972656e+00	2.821955442428588867e+00	2.819120168685913086e+00	2.817126512527465820e+00	2.816560268402099609e+00
2.822926521301269531e+00	2.825164079666137695e+00	2.829415798187255859e+00	2.836614847183227539e+00	2.848611831665039062e+00	2.868047237396240234e+00	2.897961378097534180e+00	2.935333728790283203e+00	2.954608201980590820e+00	2.930999040603637695e+00	2.891116619110107422e+00	2.863456010818481445e+00	2.846024751663208008e+00	2.834788084030151367e+00	2.827761173248291016e+00	2.823969364166259766e+00	2.822711706161499023e+00	2.823527336120605469e+00	2.825834751129150391e+00	2.828757286071777344e+00	2.831236600875854492e+00	2.832362651824951172e+00	2.831864356994628906e+00	2.830143928527832031e+00	2.827965259552001953e+00	2.826126575469970703e+00	2.825076103210449219e+00	2.824610948562622070e+00	2.824057340621948242e+00	2.823409795761108398e+00	2.823318004608154297e+00	2.824338674545288086e+00	2.826760768890380859e+00	2.830876350402832031e+00	2.837490797042846680e+00	2.848219871520996094e+00	2.864655017852783203e+00	2.886898040771484375e+00	2.913501024246215820e+00	2.940600156784057617e+00	2.960819959640502930e+00	2.966369152069091797e+00	2.955117940902709961e+00	2.932287216186523438e+00	2.905458450317382812e+00	2.880812406539916992e+00	2.861172437667846680e+00	2.847163677215576172e+00	2.837800979614257812e+00	2.830958366394042969e+00	2.825379133224487305e+00	2.821313619613647461e+00	2.819481372833251953e+00	2.820193529129028320e+00	2.822907447814941406e+00	2.825511932373046875e+00	2.826045751571655273e+00	2.824038028717041016e+00	2.820698022842407227e+00	2.817980289459228516e+00	2.817336797714233398e+00	2.819198608398437500e+00	2.822703123092651367e+00	2.826610088348388672e+00	2.829999685287475586e+00	2.832082748413085938e+00	2.832479000091552734e+00	2.831290006637573242e+00	2.828996658325195312e+00	2.826305150985717773e+00	2.823980569839477539e+00	2.822647094726562500e+00
2.823934555053710938e+00	2.829562902450561523e+00	2.837813615798950195e+00	2.851485490798950195e+00	2.874458789825439453e+00	2.908848762512207031e+00	2.930421829223632812e+00	2.941473007202148438e+00	2.928519725799560547e+00	2.892397403717041016e+00	2.863100528717041016e+00	2.844488859176635742e+00	2.832661151885986328e+00	2.825514316558837891e+00	2.821986436843872070e+00	2.821128129959106445e+00	2.822035551071166992e+00	2.824054241180419922e+00	2.826624870300292969e+00	2.829227924346923828e+00	2.830878734588623047e+00	2.830653905868530273e+00	2.828617811203002930e+00	2.825416803359985352e+00	2.822126388549804688e+00	2.819712877273559570e+00	2.818562984466552734e+00	2.818413972854614258e+00	2.818467140197753906e+00	2.818127393722534180e+00	2.817899465560913086e+00	2.818728685379028320e+00	2.821079492568969727e+00	2.825054883956909180e+00	2.830799341201782227e+00	2.839125633239746094e+00	2.851843833923339844e+00	2.870429039001464844e+00	2.894728660583496094e+00	2.922538280487060547e+00	2.948637962341308594e+00	2.965626478195190430e+00	2.967398405075073242e+00	2.953385829925537109e+00	2.928935527801513672e+00	2.901686906814575195e+00	2.877100706100463867e+00	2.857618808746337891e+00	2.843707561492919922e+00	2.834190368652343750e+00	2.827562332153320312e+00	2.822725296020507812e+00	2.819143533706665039e+00	2.817344903945922852e+00	2.817273855209350586e+00	2.817805051803588867e+00	2.817900419235229492e+00	2.816957235336303711e+00	2.815619945526123047e+00	2.815116882324218750e+00	2.816355705261230469e+00	2.819436311721801758e+00	2.823426723480224609e+00	2.827063560485839844e+00	2.829404115676879883e+00	2.830085515975952148e+00	2.829313755035400391e+00	2.827350139617919922e+00	2.824365615844726562e+00	2.821503639221191406e+00	2.820005178451538086e+00	2.820637464523315430e+00
2.925469398498535156e+00	2.930792570114135742e+00	2.921294689178466797e+00	2.895892143249511719e+00	2.865321874618530273e+00	2.846635103225708008e+00	2.835745334625244141e+00	2.829421997070312500e+00	2.826205730438232422e+00	2.825381517410278320e+00	2.826441526412963867e+00	2.828804731369018555e+00	2.831567525863647461e+00	2.833657503128051758e+00	2.834404230117797852e+00	2.833883047103881836e+00	2.832633733749389648e+00	2.831144332885742188e+00	2.829622745513916016e+00	2.828302145004272461e+00	2.827321290969848633e+00	2.827057600021362305e+00	2.829008817672729492e+00	2.835682153701782227e+00	2.850159645080566406e+00	2.874555826187133789e+00	2.902586698532104492e+00	2.917667388916015625e+00	2.918431997299194336e+00	2.899555683135986328e+00	2.871941804885864258e+00	2.845396280288696289e+00	2.829485177993774414e+00	2.823157072067260742e+00	2.822666406631469727e+00	2.825596570968627930e+00	2.830369949340820312e+00	2.835776567459106445e+00	2.841460704803466797e+00	2.848582983016967773e+00	2.859305858612060547e+00	2.875439643859863281e+00	2.897170066833496094e+00	2.922363042831420898e+00	2.946316003799438477e+00	2.962444782257080078e+00	2.965378046035766602e+00	2.954137325286865234e+00	2.932576417922973633e+00	2.906510591506958008e+00	2.881048202514648438e+00	2.859950065612792969e+00	2.845055103302001953e+00	2.836371183395385742e+00	2.832623004913330078e+00	2.831961870193481445e+00	2.832638025283813477e+00	2.833436727523803711e+00	2.833792448043823242e+00	2.833483934402465820e+00	2.832098245620727539e+00	2.829928398132324219e+00	2.827808618545532227e+00	2.826462268829345703e+00	2.826676130294799805e+00	2.829274892807006836e+00	2.835087299346923828e+00	2.845117568969726562e+00	2.860661506652832031e+00	2.880986452102661133e+00	2.908850669860839844e+00	2.915499448776245117e+00
2.917033672332763672e+00	2.897577285766601562e+00	2.872370004653930664e+00	2.853265762329101562e+00	2.841406822204589844e+00	2.834261178970336914e+00	2.830216646194458008e+00	2.828463554382324219e+00	2.828629970550537109e+00	2.830602645874023438e+00	2.833987712860107422e+00	2.837826728820800781e+00	2.840245485305786133e+00	2.839634418487548828e+00	2.836916208267211914e+00	2.833677291870117188e+00	2.830781698226928711e+00	2.828818559646606445e+00	2.828154802322387695e+00	2.828827142715454102e+00	2.830773830413818359e+00	2.834666490554809570e+00	2.842299222946166992e+00	2.856342315673828125e+00	2.880787372589111328e+00	2.920342683792114258e+00	2.959071636199951172e+00	2.956444263458251953e+00	2.914970397949218750e+00	2.882416248321533203e+00	2.860052585601806641e+00	2.843122720718383789e+00	2.831821203231811523e+00	2.826062679290771484e+00	2.824579000473022461e+00	2.826004028320312500e+00	2.829171657562255859e+00	2.832924604415893555e+00	2.836091518402099609e+00	2.838306903839111328e+00	2.840720653533935547e+00	2.845689296722412109e+00	2.855762481689453125e+00	2.872399806976318359e+00	2.895241260528564453e+00	2.921811819076538086e+00	2.947317600250244141e+00	2.964667320251464844e+00	2.966953277587890625e+00	2.953006982803344727e+00	2.928838491439819336e+00	2.902250766754150391e+00	2.878416776657104492e+00	2.859977245330810547e+00	2.848457813262939453e+00	2.842856168746948242e+00	2.840600252151489258e+00	2.839382648468017578e+00	2.837721109390258789e+00	2.835136890411376953e+00	2.832103729248046875e+00	2.829385519027709961e+00	2.827690839767456055e+00	2.827906608581542969e+00	2.831224441528320312e+00	2.838972330093383789e+00	2.852708339691162109e+00	2.874730587005615234e+00	2.907144308090209961e+00	2.947029113769531250e+00	2.960031509399414062e+00	2.933422803878784180e+00
2.877727031707763672e+00	2.865534305572509766e+00	2.852695226669311523e+00	2.840911626815795898e+00	2.832059144973754883e+00	2.826006174087524414e+00	2.822468280792236328e+00	2.821286916732788086e+00	2.822132110595703125e+00	2.824429035186767578e+00	2.827329397201538086e+00	2.829723596572875977e+00	2.830487966537475586e+00	2.829289674758911133e+00	2.826999902725219727e+00	2.824691057205200195e+00	2.822921752929687500e+00	2.821950912475585938e+00	2.821991205215454102e+00	2.823330402374267578e+00	2.826696634292602539e+00	2.833397865295410156e+00	2.845293521881103516e+00	2.864996433258056641e+00	2.891314983367919922e+00	2.905252933502197266e+00	2.903938770294189453e+00	2.882988929748535156e+00	2.859400272369384766e+00	2.842583417892456055e+00	2.831857681274414062e+00	2.823919296264648438e+00	2.818541288375854492e+00	2.816454410552978516e+00	2.817170619964599609e+00	2.819717407226562500e+00	2.823141336441040039e+00	2.826529502868652344e+00	2.829255819320678711e+00	2.831389665603637695e+00	2.833888530731201172e+00	2.838563203811645508e+00	2.847478151321411133e+00	2.862048387527465820e+00	2.882446765899658203e+00	2.907083511352539062e+00	2.932334184646606445e+00	2.952469110488891602e+00	2.960864067077636719e+00	2.953934431076049805e+00	2.934417247772216797e+00	2.908867359161376953e+00	2.883414983749389648e+00	2.862108707427978516e+00	2.846918344497680664e+00	2.837442874908447266e+00	2.832858324050903320e+00	2.831333398818969727e+00	2.830438137054443359e+00	2.828653812408447266e+00	2.825946092605590820e+00	2.823140859603881836e+00	2.821347236633300781e+00	2.822247505187988281e+00	2.828197956085205078e+00	2.841989278793334961e+00	2.865050554275512695e+00	2.894601106643676758e+00	2.924597978591918945e+00	2.937405347824096680e+00	2.916604995727539062e+00	2.892787218093872070e+00
2.860584020614624023e+00	2.850560665130615234e+00	2.842010736465454102e+00	2.834369659423828125e+00	2.828175306320190430e+00	2.823805809020996094e+00	2.821485280990600586e+00	2.821207284927368164e+00	2.822593927383422852e+00	2.824877023696899414e+00	2.827008008956909180e+00	2.828073024749755859e+00	2.827813863754272461e+00	2.826463937759399414e+00	2.824296712875366211e+00	2.822206735610961914e+00	2.820958614349365234e+00	2.820637702941894531e+00	2.821294069290161133e+00	2.823487758636474609e+00	2.828402757644653320e+00	2.837778568267822266e+00	2.854252815246582031e+00	2.880670547485351562e+00	2.897775650024414062e+00	2.894069910049438477e+00	2.882841825485229492e+00	2.861002206802368164e+00	2.842970609664916992e+00	2.831192731857299805e+00	2.823978185653686523e+00	2.818742513656616211e+00	2.815363645553588867e+00	2.814632177352905273e+00	2.816118478775024414e+00	2.818913221359252930e+00	2.822143077850341797e+00	2.825105667114257812e+00	2.827466487884521484e+00	2.829486846923828125e+00	2.832181930541992188e+00	2.836970806121826172e+00	2.845241546630859375e+00	2.858179807662963867e+00	2.876413822174072266e+00	2.899136781692504883e+00	2.923496484756469727e+00	2.944538831710815430e+00	2.956426143646240234e+00	2.954693555831909180e+00	2.939398050308227539e+00	2.915467977523803711e+00	2.889299392700195312e+00	2.866060018539428711e+00	2.848370313644409180e+00	2.836920738220214844e+00	2.831027507781982422e+00	2.828831672668457031e+00	2.827884912490844727e+00	2.826408386230468750e+00	2.824107170104980469e+00	2.821758985519409180e+00	2.820498466491699219e+00	2.821960926055908203e+00	2.829024314880371094e+00	2.846230745315551758e+00	2.876641511917114258e+00	2.908501386642456055e+00	2.923853635787963867e+00	2.912986278533935547e+00	2.894125461578369141e+00	2.874387502670288086e+00
2.821482896804809570e+00	2.818272113800048828e+00	2.817882537841796875e+00	2.818671703338623047e+00	2.819569826126098633e+00	2.820341825485229492e+00	2.821133613586425781e+00	2.821943759918212891e+00	2.822553157806396484e+00	2.822628974914550781e+00	2.821874380111694336e+00	2.820308923721313477e+00	2.818439483642578125e+00	2.816972017288208008e+00	2.816648483276367188e+00	2.818404912948608398e+00	2.822551012039184570e+00	2.829290151596069336e+00	2.840016126632690430e+00	2.858661174774169922e+00	2.889874458312988281e+00	2.898693561553955078e+00	2.888756513595581055e+00	2.873551368713378906e+00	2.857964754104614258e+00	2.843571186065673828e+00	2.831820487976074219e+00	2.823107242584228516e+00	2.817308664321899414e+00	2.813941478729248047e+00	2.812419176101684570e+00	2.812285184860229492e+00	2.813350677490234375e+00	2.815374135971069336e+00	2.817872524261474609e+00	2.820248842239379883e+00	2.822085380554199219e+00	2.823293209075927734e+00	2.824443101882934570e+00	2.826427698135375977e+00	2.829656839370727539e+00	2.834021568298339844e+00	2.839441061019897461e+00	2.846526145935058594e+00	2.856770515441894531e+00	2.871361494064331055e+00	2.889883518218994141e+00	2.910088300704956055e+00	2.928618907928466797e+00	2.941895723342895508e+00	2.946254968643188477e+00	2.939159154891967773e+00	2.921284198760986328e+00	2.897065162658691406e+00	2.872254848480224609e+00	2.851306438446044922e+00	2.836413621902465820e+00	2.827515363693237305e+00	2.822779417037963867e+00	2.819807767868041992e+00	2.817094326019287109e+00	2.814651489257812500e+00	2.813627481460571289e+00	2.815751552581787109e+00	2.823833942413330078e+00	2.843631744384765625e+00	2.884534120559692383e+00	2.907587766647338867e+00	2.888955593109130859e+00	2.862833023071289062e+00	2.842329740524291992e+00	2.829084873199462891e+00
2.825692653656005859e+00	2.826571226119995117e+00	2.828955888748168945e+00	2.831386327743530273e+00	2.833172321319580078e+00	2.834304332733154297e+00	2.834681272506713867e+00	2.834012508392333984e+00	2.832275867462158203e+00	2.830115318298339844e+00	2.828507184982299805e+00	2.828248739242553711e+00	2.829714059829711914e+00	2.833092451095581055e+00	2.838526964187622070e+00	2.846930980682373047e+00	2.860826492309570312e+00	2.884270906448364258e+00	2.920844316482543945e+00	2.955817937850952148e+00	2.948363065719604492e+00	2.909463644027709961e+00	2.879692792892456055e+00	2.859931945800781250e+00	2.846048355102539062e+00	2.836116790771484375e+00	2.829529047012329102e+00	2.825968980789184570e+00	2.825001478195190430e+00	2.826259136199951172e+00	2.829229593276977539e+00	2.833195447921752930e+00	2.837154626846313477e+00	2.839835166931152344e+00	2.840117931365966797e+00	2.837817192077636719e+00	2.833991050720214844e+00	2.830250263214111328e+00	2.827631950378417969e+00	2.826310873031616211e+00	2.825912237167358398e+00	2.826019525527954102e+00	2.826768636703491211e+00	2.828691482543945312e+00	2.832167863845825195e+00	2.838286876678466797e+00	2.848088264465332031e+00	2.862210988998413086e+00	2.881568670272827148e+00	2.906216621398925781e+00	2.933745145797729492e+00	2.958744764328002930e+00	2.973758220672607422e+00	2.972656250000000000e+00	2.955262899398803711e+00	2.928116798400878906e+00	2.899410009384155273e+00	2.874714136123657227e+00	2.856710433959960938e+00	2.845320224761962891e+00	2.838333368301391602e+00	2.833079338073730469e+00	2.828353404998779297e+00	2.824781894683837891e+00	2.823508501052856445e+00	2.825225114822387695e+00	2.829627275466918945e+00	2.834517240524291992e+00	2.836935758590698242e+00	2.835431098937988281e+00	2.831278800964355469e+00	2.827376127243041992e+00
2.825556755065917969e+00	2.826192617416381836e+00	2.828382492065429688e+00	2.830727100372314453e+00	2.832437276840209961e+00	2.833564043045043945e+00	2.834035873413085938e+00	2.833510398864746094e+00	2.831818103790283203e+00	2.829440593719482422e+00	2.827320098876953125e+00	2.826419353485107422e+00	2.827442646026611328e+00	2.830668687820434570e+00	2.836136102676391602e+00	2.844450235366821289e+00	2.857774496078491211e+00	2.879880428314208984e+00	2.913922548294067383e+00	2.950367927551269531e+00	2.950975894927978516e+00	2.912951469421386719e+00	2.883460521697998047e+00	2.863386631011962891e+00	2.848625659942626953e+00	2.837779045104980469e+00	2.830286264419555664e+00	2.826044082641601562e+00	2.824798107147216797e+00	2.826014518737792969e+00	2.828860282897949219e+00	2.832415819168090820e+00	2.835942506790161133e+00	2.838426113128662109e+00	2.838742017745971680e+00	2.836704492568969727e+00	2.833313941955566406e+00	2.829942703247070312e+00	2.827514171600341797e+00	2.826214313507080078e+00	2.825719833374023438e+00	2.825666427612304688e+00	2.826110601425170898e+00	2.827679395675659180e+00	2.831241607666015625e+00	2.837630033493041992e+00	2.847623825073242188e+00	2.862155675888061523e+00	2.882293224334716797e+00	2.907929897308349609e+00	2.935200214385986328e+00	2.960258483886718750e+00	2.975338459014892578e+00	2.973714113235473633e+00	2.955632448196411133e+00	2.928177356719970703e+00	2.899461030960083008e+00	2.874792814254760742e+00	2.856604337692260742e+00	2.844741344451904297e+00	2.837241649627685547e+00	2.831753969192504883e+00	2.827221870422363281e+00	2.824156999588012695e+00	2.823547124862670898e+00	2.826122283935546875e+00	2.831770420074462891e+00	2.837329626083374023e+00	2.839016675949096680e+00	2.836633205413818359e+00	2.831793069839477539e+00	2.827477931976318359e+00
2.823308944702148438e+00	2.821736812591552734e+00	2.822329759597778320e+00	2.823779106140136719e+00	2.825151681900024414e+00	2.826258659362792969e+00	2.827016115188598633e+00	2.827102422714233398e+00	2.826340913772583008e+00	2.825003862380981445e+00	2.823632001876831055e+00	2.822808980941772461e+00	2.823085546493530273e+00	2.824931859970092773e+00	2.828858852386474609e+00	2.835727453231811523e+00	2.846786022186279297e+00	2.861582517623901367e+00	2.878066539764404297e+00	2.895807743072509766e+00	2.910801649093627930e+00	2.908261537551879883e+00	2.892619609832763672e+00	2.873938798904418945e+00	2.856279134750366211e+00	2.842808961868286133e+00	2.833845138549804688e+00	2.828516006469726562e+00	2.825597286224365234e+00	2.824507236480712891e+00	2.824999809265136719e+00	2.826659917831420898e+00	2.828756332397460938e+00	2.830234527587890625e+00	2.830259799957275391e+00	2.828933715820312500e+00	2.827109575271606445e+00	2.825563669204711914e+00	2.824475288391113281e+00	2.823684215545654297e+00	2.822897911071777344e+00	2.821795225143432617e+00	2.820705413818359375e+00	2.820933818817138672e+00	2.824039697647094727e+00	2.831165790557861328e+00	2.842897653579711914e+00	2.859485149383544922e+00	2.881042480468750000e+00	2.906107664108276367e+00	2.931479454040527344e+00	2.954047441482543945e+00	2.967318296432495117e+00	2.965896844863891602e+00	2.949723005294799805e+00	2.924670696258544922e+00	2.897814512252807617e+00	2.873835563659667969e+00	2.854988098144531250e+00	2.841453313827514648e+00	2.832250833511352539e+00	2.826123952865600586e+00	2.822154760360717773e+00	2.820266962051391602e+00	2.821547269821166992e+00	2.827985286712646484e+00	2.841393947601318359e+00	2.849055290222167969e+00	2.853163719177246094e+00	2.848263978958129883e+00	2.836576223373413086e+00	2.828014850616455078e+00
2.834230422973632812e+00	2.832791566848754883e+00	2.830860376358032227e+00	2.828588247299194336e+00	2.826287746429443359e+00	2.824334621429443359e+00	2.823294639587402344e+00	2.823967218399047852e+00	2.827134847640991211e+00	2.833504199981689453e+00	2.844036102294921875e+00	2.860787153244018555e+00	2.888725519180297852e+00	2.937934875488281250e+00	2.970290899276733398e+00	2.958961725234985352e+00	2.923022985458374023e+00	2.880107879638671875e+00	2.854065656661987305e+00	2.839530706405639648e+00	2.831208229064941406e+00	2.826457738876342773e+00	2.824391603469848633e+00	2.824933528900146484e+00	2.827750682830810547e+00	2.831847190856933594e+00	2.836019992828369141e+00	2.838986158370971680e+00	2.839927673339843750e+00	2.839004755020141602e+00	2.836837053298950195e+00	2.833913803100585938e+00	2.830474138259887695e+00	2.826760053634643555e+00	2.823616743087768555e+00	2.822535514831542969e+00	2.824824094772338867e+00	2.830869197845458984e+00	2.840502977371215820e+00	2.854350328445434570e+00	2.872168540954589844e+00	2.886381626129150391e+00	2.883252859115600586e+00	2.857266664505004883e+00	2.835827112197875977e+00	2.827357292175292969e+00	2.825784444808959961e+00	2.827879905700683594e+00	2.832219839096069336e+00	2.838340044021606445e+00	2.846817493438720703e+00	2.859416246414184570e+00	2.877923965454101562e+00	2.902453899383544922e+00	2.930755615234375000e+00	2.958103895187377930e+00	2.976114034652709961e+00	2.977066516876220703e+00	2.960506439208984375e+00	2.933134555816650391e+00	2.903539896011352539e+00	2.877879619598388672e+00	2.859224557876586914e+00	2.848386287689208984e+00	2.843729019165039062e+00	2.841943979263305664e+00	2.840419292449951172e+00	2.838572502136230469e+00	2.837010860443115234e+00	2.836191415786743164e+00	2.835760831832885742e+00	2.835179328918457031e+00
2.840217113494873047e+00	2.839217901229858398e+00	2.837440967559814453e+00	2.835029125213623047e+00	2.832368612289428711e+00	2.830053567886352539e+00	2.828847408294677734e+00	2.829386472702026367e+00	2.832253694534301758e+00	2.838211297988891602e+00	2.848183870315551758e+00	2.863765954971313477e+00	2.887999534606933594e+00	2.926133632659912109e+00	2.979840278625488281e+00	2.981339216232299805e+00	2.928831338882446289e+00	2.885299205780029297e+00	2.860340118408203125e+00	2.845963716506958008e+00	2.837357997894287109e+00	2.832133531570434570e+00	2.829586744308471680e+00	2.829658269882202148e+00	2.832117319107055664e+00	2.836248874664306641e+00	2.840812444686889648e+00	2.844291687011718750e+00	2.845741510391235352e+00	2.845302343368530273e+00	2.843547344207763672e+00	2.840860605239868164e+00	2.837513446807861328e+00	2.833781003952026367e+00	2.830269813537597656e+00	2.828325510025024414e+00	2.829324007034301758e+00	2.834005117416381836e+00	2.842668771743774414e+00	2.855813741683959961e+00	2.872869729995727539e+00	2.887399435043334961e+00	2.881579399108886719e+00	2.856889486312866211e+00	2.839232206344604492e+00	2.831672430038452148e+00	2.830004930496215820e+00	2.831468820571899414e+00	2.834791183471679688e+00	2.839696884155273438e+00	2.846845865249633789e+00	2.857926130294799805e+00	2.874781131744384766e+00	2.897952556610107422e+00	2.926062822341918945e+00	2.954817771911621094e+00	2.976486921310424805e+00	2.982135057449340820e+00	2.968513727188110352e+00	2.942097187042236328e+00	2.912575006484985352e+00	2.886764287948608398e+00	2.868041515350341797e+00	2.856956720352172852e+00	2.851473331451416016e+00	2.848548412322998047e+00	2.845993757247924805e+00	2.843490839004516602e+00	2.841754436492919922e+00	2.840901136398315430e+00	2.840666055679321289e+00	2.840588331222534180e+00
2.839582443237304688e+00	2.838600635528564453e+00	2.836739063262939453e+00	2.834133386611938477e+00	2.831320762634277344e+00	2.829074144363403320e+00	2.828208684921264648e+00	2.829497814178466797e+00	2.833714008331298828e+00	2.841080904006958008e+00	2.851497650146484375e+00	2.867697715759277344e+00	2.893521547317504883e+00	2.933472156524658203e+00	2.989016771316528320e+00	2.980297565460205078e+00	2.922337293624877930e+00	2.881216764450073242e+00	2.857688426971435547e+00	2.844005107879638672e+00	2.835876464843750000e+00	2.831138134002685547e+00	2.829089641571044922e+00	2.829649925231933594e+00	2.832573413848876953e+00	2.836966991424560547e+00	2.841430425643920898e+00	2.844615221023559570e+00	2.845731735229492188e+00	2.844995737075805664e+00	2.843068599700927734e+00	2.840405225753784180e+00	2.837193965911865234e+00	2.833586215972900391e+00	2.830178260803222656e+00	2.828308343887329102e+00	2.829387187957763672e+00	2.834147691726684570e+00	2.842887639999389648e+00	2.856063604354858398e+00	2.872814893722534180e+00	2.886215925216674805e+00	2.879001140594482422e+00	2.855654716491699219e+00	2.838996887207031250e+00	2.831439495086669922e+00	2.829544067382812500e+00	2.830782175064086914e+00	2.833860158920288086e+00	2.838428497314453125e+00	2.845074176788330078e+00	2.855375766754150391e+00	2.871348381042480469e+00	2.893856287002563477e+00	2.921684741973876953e+00	2.950767755508422852e+00	2.973683118820190430e+00	2.981524229049682617e+00	2.970174074172973633e+00	2.945036172866821289e+00	2.915750026702880859e+00	2.889634132385253906e+00	2.870468854904174805e+00	2.859331130981445312e+00	2.854178190231323242e+00	2.850448131561279297e+00	2.846592426300048828e+00	2.843348979949951172e+00	2.841177940368652344e+00	2.840146780014038086e+00	2.839898109436035156e+00	2.839881658554077148e+00
2.839944124221801758e+00	2.838817358016967773e+00	2.836933851242065430e+00	2.834325075149536133e+00	2.831456184387207031e+00	2.829131841659545898e+00	2.828261613845825195e+00	2.829665899276733398e+00	2.833978414535522461e+00	2.841686010360717773e+00	2.853399276733398438e+00	2.871975660324096680e+00	2.901512145996093750e+00	2.941840887069702148e+00	2.993088245391845703e+00	2.984416484832763672e+00	2.920813322067260742e+00	2.881331443786621094e+00	2.857813358306884766e+00	2.843675374984741211e+00	2.835241556167602539e+00	2.830472707748413086e+00	2.828489065170288086e+00	2.828970909118652344e+00	2.831588268280029297e+00	2.835654258728027344e+00	2.840088605880737305e+00	2.843572854995727539e+00	2.845152854919433594e+00	2.844757318496704102e+00	2.842942953109741211e+00	2.840276241302490234e+00	2.837021350860595703e+00	2.833389520645141602e+00	2.830121755599975586e+00	2.828601360321044922e+00	2.830104112625122070e+00	2.835040092468261719e+00	2.843090772628784180e+00	2.854114294052124023e+00	2.867414236068725586e+00	2.876227378845214844e+00	2.866724967956542969e+00	2.847386360168457031e+00	2.834687232971191406e+00	2.829517364501953125e+00	2.828994035720825195e+00	2.831130027770996094e+00	2.834869146347045898e+00	2.840043067932128906e+00	2.847621440887451172e+00	2.859530448913574219e+00	2.877534151077270508e+00	2.901804924011230469e+00	2.930398702621459961e+00	2.958560466766357422e+00	2.978165149688720703e+00	2.980520009994506836e+00	2.964041709899902344e+00	2.936461925506591797e+00	2.907198190689086914e+00	2.882422208786010742e+00	2.864915132522583008e+00	2.854840278625488281e+00	2.850260496139526367e+00	2.847865581512451172e+00	2.844758987426757812e+00	2.842058897018432617e+00	2.840749263763427734e+00	2.840468168258666992e+00	2.840542554855346680e+00	2.840460538864135742e+00
2.832501173019409180e+00	2.829597949981689453e+00	2.829308271408081055e+00	2.834218025207519531e+00	2.848649501800537109e+00	2.880365133285522461e+00	2.929224252700805664e+00	2.973870992660522461e+00	2.993906974792480469e+00	2.975006341934204102e+00	2.938564062118530273e+00	2.904707908630371094e+00	2.874544143676757812e+00	2.853552818298339844e+00	2.840672969818115234e+00	2.833491086959838867e+00	2.829884052276611328e+00	2.828558683395385742e+00	2.829188823699951172e+00	2.831673383712768555e+00	2.835621833801269531e+00	2.840308666229248047e+00	2.844164133071899414e+00	2.845175027847290039e+00	2.842913150787353516e+00	2.838902473449707031e+00	2.834793090820312500e+00	2.831758499145507812e+00	2.830426692962646484e+00	2.830808401107788086e+00	2.832545518875122070e+00	2.835803508758544922e+00	2.842195510864257812e+00	2.854409456253051758e+00	2.875442981719970703e+00	2.909261941909790039e+00	2.953115701675415039e+00	2.966165065765380859e+00	2.931183099746704102e+00	2.891707897186279297e+00	2.866534233093261719e+00	2.848777770996093750e+00	2.836534738540649414e+00	2.829353332519531250e+00	2.825885295867919922e+00	2.825172901153564453e+00	2.826508522033691406e+00	2.829135894775390625e+00	2.832382917404174805e+00	2.835653543472290039e+00	2.838431596755981445e+00	2.840754985809326172e+00	2.843072414398193359e+00	2.845949649810791016e+00	2.850673675537109375e+00	2.859594821929931641e+00	2.874845027923583984e+00	2.897172451019287109e+00	2.925202608108520508e+00	2.954656839370727539e+00	2.977579355239868164e+00	2.984781742095947266e+00	2.972557306289672852e+00	2.946583986282348633e+00	2.916309595108032227e+00	2.888854980468750000e+00	2.867995262145996094e+00	2.853736877441406250e+00	2.845806598663330078e+00	2.842052459716796875e+00	2.839348316192626953e+00	2.836137294769287109e+00
2.834006071090698242e+00	2.831455469131469727e+00	2.831751346588134766e+00	2.837638854980468750e+00	2.853480339050292969e+00	2.886695146560668945e+00	2.939046382904052734e+00	2.989797592163085938e+00	3.000951766967773438e+00	2.963213920593261719e+00	2.917035102844238281e+00	2.885418891906738281e+00	2.861519098281860352e+00	2.845413446426391602e+00	2.836097955703735352e+00	2.831668853759765625e+00	2.830176591873168945e+00	2.830526590347290039e+00	2.832566261291503906e+00	2.836252212524414062e+00	2.841050148010253906e+00	2.845670461654663086e+00	2.848467588424682617e+00	2.848095417022705078e+00	2.844681024551391602e+00	2.840000629425048828e+00	2.835822343826293945e+00	2.833263635635375977e+00	2.832688808441162109e+00	2.833820819854736328e+00	2.836455106735229492e+00	2.841445922851562500e+00	2.850859403610229492e+00	2.867790222167968750e+00	2.896531105041503906e+00	2.943819284439086914e+00	2.991360425949096680e+00	2.977373123168945312e+00	2.921297073364257812e+00	2.884833574295043945e+00	2.862439870834350586e+00	2.847587347030639648e+00	2.837845563888549805e+00	2.831848144531250000e+00	2.828626394271850586e+00	2.827852487564086914e+00	2.829199790954589844e+00	2.831992387771606445e+00	2.835517883300781250e+00	2.839137315750122070e+00	2.842255353927612305e+00	2.844651937484741211e+00	2.846557855606079102e+00	2.848624229431152344e+00	2.852167367935180664e+00	2.859360218048095703e+00	2.872561693191528320e+00	2.893027782440185547e+00	2.919931888580322266e+00	2.949799299240112305e+00	2.975407838821411133e+00	2.986909389495849609e+00	2.978388071060180664e+00	2.954044103622436523e+00	2.923628807067871094e+00	2.894916534423828125e+00	2.872119903564453125e+00	2.856727600097656250e+00	2.848152637481689453e+00	2.843878507614135742e+00	2.840887069702148438e+00	2.837552785873413086e+00
2.831911325454711914e+00	2.829437017440795898e+00	2.829189300537109375e+00	2.833880186080932617e+00	2.847843408584594727e+00	2.877891063690185547e+00	2.926959991455078125e+00	2.976340055465698242e+00	2.995058059692382812e+00	2.969535350799560547e+00	2.945656538009643555e+00	2.898879051208496094e+00	2.868998289108276367e+00	2.848711013793945312e+00	2.836706876754760742e+00	2.830371141433715820e+00	2.827441692352294922e+00	2.826601505279541016e+00	2.827597618103027344e+00	2.830501794815063477e+00	2.835000753402709961e+00	2.840121269226074219e+00	2.844152927398681641e+00	2.845167636871337891e+00	2.842744350433349609e+00	2.838498115539550781e+00	2.834196329116821289e+00	2.831032037734985352e+00	2.829572677612304688e+00	2.829797029495239258e+00	2.831511735916137695e+00	2.835239887237548828e+00	2.842809200286865234e+00	2.857062578201293945e+00	2.881648540496826172e+00	2.921420097351074219e+00	2.964842081069946289e+00	2.967139005661010742e+00	2.930672407150268555e+00	2.889632225036621094e+00	2.864337682723999023e+00	2.847693681716918945e+00	2.836232185363769531e+00	2.828971624374389648e+00	2.825117588043212891e+00	2.824169874191284180e+00	2.825549602508544922e+00	2.828463554382324219e+00	2.832021474838256836e+00	2.835517644882202148e+00	2.838528156280517578e+00	2.840909719467163086e+00	2.843169212341308594e+00	2.846294403076171875e+00	2.851622819900512695e+00	2.861192703247070312e+00	2.877147674560546875e+00	2.900277614593505859e+00	2.928969383239746094e+00	2.958673954010009766e+00	2.981022119522094727e+00	2.986477851867675781e+00	2.972105026245117188e+00	2.944601535797119141e+00	2.913583755493164062e+00	2.885770082473754883e+00	2.864530563354492188e+00	2.850805044174194336e+00	2.843596696853637695e+00	2.840188503265380859e+00	2.837740898132324219e+00	2.834957122802734375e+00
2.841010808944702148e+00	2.838123559951782227e+00	2.834966897964477539e+00	2.832162857055664062e+00	2.830367803573608398e+00	2.830235958099365234e+00	2.832217693328857422e+00	2.836468935012817383e+00	2.843817472457885742e+00	2.855910301208496094e+00	2.874909400939941406e+00	2.903708696365356445e+00	2.942785739898681641e+00	2.966243028640747070e+00	2.929920434951782227e+00	2.891009330749511719e+00	2.865729808807373047e+00	2.850177526473999023e+00	2.841083526611328125e+00	2.835965156555175781e+00	2.833124399185180664e+00	2.832071542739868164e+00	2.833065509796142578e+00	2.836166858673095703e+00	2.840776205062866211e+00	2.845558166503906250e+00	2.848713159561157227e+00	2.848961591720581055e+00	2.846549034118652344e+00	2.842865228652954102e+00	2.839199781417846680e+00	2.836090564727783203e+00	2.833581924438476562e+00	2.831832170486450195e+00	2.831681728363037109e+00	2.834451198577880859e+00	2.841178894042968750e+00	2.852557182312011719e+00	2.869700670242309570e+00	2.897048234939575195e+00	2.942342281341552734e+00	2.969091415405273438e+00	2.948196172714233398e+00	2.884067058563232422e+00	2.850618839263916016e+00	2.836929321289062500e+00	2.832280635833740234e+00	2.832098484039306641e+00	2.834142446517944336e+00	2.837324142456054688e+00	2.841347694396972656e+00	2.847007989883422852e+00	2.856230735778808594e+00	2.870978355407714844e+00	2.892331123352050781e+00	2.919393777847290039e+00	2.948551654815673828e+00	2.973060607910156250e+00	2.983983516693115234e+00	2.975811958312988281e+00	2.952287197113037109e+00	2.923125505447387695e+00	2.896265268325805664e+00	2.875823020935058594e+00	2.862691640853881836e+00	2.855388164520263672e+00	2.851365804672241211e+00	2.848776817321777344e+00	2.846744537353515625e+00	2.845261573791503906e+00	2.844273805618286133e+00	2.843080520629882812e+00
2.842059850692749023e+00	2.839348077774047852e+00	2.836242198944091797e+00	2.833314180374145508e+00	2.831280708312988281e+00	2.830863952636718750e+00	2.832708358764648438e+00	2.837303400039672852e+00	2.844989299774169922e+00	2.856682777404785156e+00	2.874658107757568359e+00	2.902157545089721680e+00	2.941015481948852539e+00	2.969540834426879883e+00	2.935605764389038086e+00	2.895817041397094727e+00	2.869740724563598633e+00	2.853477478027343750e+00	2.843667030334472656e+00	2.837793588638305664e+00	2.834314107894897461e+00	2.832930564880371094e+00	2.833861827850341797e+00	2.836994171142578125e+00	2.841621875762939453e+00	2.846430301666259766e+00	2.849698066711425781e+00	2.850155115127563477e+00	2.848095178604125977e+00	2.844839572906494141e+00	2.841425895690917969e+00	2.838299274444580078e+00	2.835589647293090820e+00	2.833518028259277344e+00	2.832922458648681641e+00	2.835169076919555664e+00	2.841507911682128906e+00	2.852876424789428711e+00	2.870515823364257812e+00	2.898589372634887695e+00	2.943162202835083008e+00	2.972745895385742188e+00	2.953699111938476562e+00	2.887248992919921875e+00	2.852327585220336914e+00	2.837997436523437500e+00	2.833205223083496094e+00	2.833101987838745117e+00	2.835318326950073242e+00	2.838789701461791992e+00	2.843369483947753906e+00	2.849619865417480469e+00	2.858816623687744141e+00	2.873764753341674805e+00	2.895535469055175781e+00	2.922799110412597656e+00	2.951569557189941406e+00	2.974700212478637695e+00	2.983211517333984375e+00	2.972683191299438477e+00	2.948110342025756836e+00	2.918982744216918945e+00	2.892818927764892578e+00	2.873476743698120117e+00	2.861400365829467773e+00	2.854932785034179688e+00	2.851610660552978516e+00	2.849678039550781250e+00	2.848438739776611328e+00	2.847023725509643555e+00	2.845499992370605469e+00	2.844047784805297852e+00
2.841893911361694336e+00	2.838987827301025391e+00	2.835860967636108398e+00	2.833019256591796875e+00	2.831127882003784180e+00	2.830899715423583984e+00	2.832965373992919922e+00	2.837741613388061523e+00	2.845702886581420898e+00	2.858153820037841797e+00	2.877263069152832031e+00	2.905504465103149414e+00	2.942182064056396484e+00	2.963571548461914062e+00	2.929840803146362305e+00	2.892419099807739258e+00	2.867742061614990234e+00	2.852305889129638672e+00	2.843002080917358398e+00	2.837530136108398438e+00	2.834316968917846680e+00	2.833026647567749023e+00	2.834004163742065430e+00	2.837131500244140625e+00	2.841611862182617188e+00	2.846154689788818359e+00	2.849243402481079102e+00	2.849724769592285156e+00	2.847754240036010742e+00	2.844475030899047852e+00	2.840986728668212891e+00	2.837862968444824219e+00	2.835222482681274414e+00	2.833298444747924805e+00	2.833025217056274414e+00	2.835858106613159180e+00	2.842978000640869141e+00	2.855106592178344727e+00	2.873237609863281250e+00	2.901683807373046875e+00	2.949759960174560547e+00	2.978062391281127930e+00	2.954596519470214844e+00	2.886708021163940430e+00	2.851782560348510742e+00	2.837679147720336914e+00	2.833066940307617188e+00	2.833115100860595703e+00	2.835427999496459961e+00	2.838888883590698242e+00	2.843215942382812500e+00	2.849041938781738281e+00	2.858204126358032227e+00	2.872856140136718750e+00	2.894032478332519531e+00	2.920746803283691406e+00	2.949334859848022461e+00	2.972942113876342773e+00	2.982647180557250977e+00	2.973454713821411133e+00	2.949636936187744141e+00	2.920733213424682617e+00	2.894272804260253906e+00	2.874222517013549805e+00	2.861479759216308594e+00	2.854624986648559570e+00	2.851117372512817383e+00	2.849042892456054688e+00	2.847606658935546875e+00	2.846522808074951172e+00	2.845555782318115234e+00	2.844153881072998047e+00
2.831820726394653320e+00	2.829316377639770508e+00	2.826978445053100586e+00	2.825222969055175781e+00	2.824081420898437500e+00	2.823845863342285156e+00	2.825964927673339844e+00	2.831460475921630859e+00	2.840220928192138672e+00	2.853693246841430664e+00	2.876062154769897461e+00	2.913205385208129883e+00	2.973726987838745117e+00	2.986875772476196289e+00	2.923751115798950195e+00	2.882853507995605469e+00	2.857157945632934570e+00	2.840997219085693359e+00	2.831386566162109375e+00	2.826326131820678711e+00	2.824513912200927734e+00	2.825072050094604492e+00	2.827570676803588867e+00	2.831672191619873047e+00	2.835803985595703125e+00	2.839143276214599609e+00	2.840963363647460938e+00	2.840654373168945312e+00	2.838830947875976562e+00	2.836452960968017578e+00	2.833052158355712891e+00	2.829694032669067383e+00	2.827121019363403320e+00	2.825644254684448242e+00	2.826192855834960938e+00	2.830059051513671875e+00	2.838548421859741211e+00	2.852083444595336914e+00	2.870995521545410156e+00	2.896082401275634766e+00	2.931387424468994141e+00	2.967309951782226562e+00	2.921588182449340820e+00	2.865543365478515625e+00	2.839179515838623047e+00	2.828534841537475586e+00	2.824885845184326172e+00	2.824811935424804688e+00	2.826753139495849609e+00	2.829779624938964844e+00	2.833661317825317383e+00	2.839233160018920898e+00	2.848243474960327148e+00	2.862556219100952148e+00	2.883510828018188477e+00	2.910699367523193359e+00	2.941052436828613281e+00	2.968054056167602539e+00	2.981766939163208008e+00	2.975108385086059570e+00	2.951709270477294922e+00	2.921771287918090820e+00	2.893399715423583984e+00	2.870833158493041992e+00	2.855806112289428711e+00	2.847827672958374023e+00	2.844116210937500000e+00	2.841858625411987305e+00	2.839836120605468750e+00	2.837913990020751953e+00	2.836071252822875977e+00	2.834103584289550781e+00
2.814041614532470703e+00	2.811735391616821289e+00	2.809693813323974609e+00	2.808072566986083984e+00	2.806460142135620117e+00	2.806237697601318359e+00	2.808571100234985352e+00	2.813468694686889648e+00	2.821632862091064453e+00	2.834883689880371094e+00	2.855757951736450195e+00	2.888870477676391602e+00	2.938830614089965820e+00	2.950125694274902344e+00	2.918081045150756836e+00	2.872384548187255859e+00	2.842598199844360352e+00	2.824430227279663086e+00	2.813371658325195312e+00	2.807221412658691406e+00	2.804874181747436523e+00	2.806069612503051758e+00	2.811301231384277344e+00	2.815797805786132812e+00	2.818739175796508789e+00	2.822190761566162109e+00	2.823884487152099609e+00	2.823271274566650391e+00	2.820886373519897461e+00	2.817511081695556641e+00	2.813894271850585938e+00	2.810700416564941406e+00	2.808341741561889648e+00	2.807383060455322266e+00	2.809163093566894531e+00	2.813618183135986328e+00	2.821548223495483398e+00	2.835403919219970703e+00	2.855457305908203125e+00	2.880060672760009766e+00	2.899512529373168945e+00	2.902627706527709961e+00	2.873562812805175781e+00	2.837288141250610352e+00	2.817625284194946289e+00	2.809369325637817383e+00	2.806794881820678711e+00	2.807137966156005859e+00	2.809180498123168945e+00	2.812254190444946289e+00	2.816421270370483398e+00	2.822747468948364258e+00	2.832987308502197266e+00	2.848622322082519531e+00	2.870640039443969727e+00	2.898597478866577148e+00	2.929136753082275391e+00	2.955474615097045898e+00	2.967951536178588867e+00	2.960073947906494141e+00	2.935535669326782227e+00	2.904633522033691406e+00	2.875693082809448242e+00	2.852921724319458008e+00	2.837623357772827148e+00	2.829208850860595703e+00	2.825211524963378906e+00	2.823039531707763672e+00	2.821365356445312500e+00	2.819711923599243164e+00	2.818008661270141602e+00	2.816168785095214844e+00
2.783297538757324219e+00	2.781710624694824219e+00	2.780312776565551758e+00	2.779040098190307617e+00	2.778254985809326172e+00	2.778611898422241211e+00	2.780714035034179688e+00	2.784956693649291992e+00	2.791737556457519531e+00	2.801887750625610352e+00	2.816676139831542969e+00	2.836166620254516602e+00	2.844106435775756836e+00	2.843649148941040039e+00	2.829025745391845703e+00	2.812848567962646484e+00	2.799331903457641602e+00	2.788676500320434570e+00	2.781033515930175781e+00	2.776464462280273438e+00	2.774781703948974609e+00	2.775808811187744141e+00	2.779152870178222656e+00	2.783584594726562500e+00	2.787347555160522461e+00	2.789563894271850586e+00	2.790068387985229492e+00	2.788839817047119141e+00	2.786531925201416016e+00	2.784213066101074219e+00	2.782335758209228516e+00	2.780558109283447266e+00	2.778649091720581055e+00	2.777146577835083008e+00	2.777142763137817383e+00	2.779906511306762695e+00	2.786471366882324219e+00	2.797135829925537109e+00	2.810942173004150391e+00	2.825320243835449219e+00	2.837989091873168945e+00	2.837863445281982422e+00	2.817509412765502930e+00	2.797031879425048828e+00	2.783993482589721680e+00	2.777053117752075195e+00	2.774003267288208008e+00	2.773164749145507812e+00	2.773930788040161133e+00	2.776112556457519531e+00	2.779688835144042969e+00	2.785094499588012695e+00	2.793114900588989258e+00	2.804655075073242188e+00	2.820888757705688477e+00	2.841708898544311523e+00	2.865034580230712891e+00	2.886997222900390625e+00	2.902382135391235352e+00	2.906304597854614258e+00	2.897775650024414062e+00	2.879856586456298828e+00	2.858139038085937500e+00	2.838660240173339844e+00	2.824363708496093750e+00	2.814533948898315430e+00	2.806966781616210938e+00	2.800507545471191406e+00	2.794853925704956055e+00	2.790408849716186523e+00	2.787346601486206055e+00	2.785143375396728516e+00
2.790068864822387695e+00	2.787957429885864258e+00	2.786217451095581055e+00	2.785109996795654297e+00	2.785322666168212891e+00	2.787339687347412109e+00	2.791264772415161133e+00	2.797211647033691406e+00	2.805773258209228516e+00	2.818079233169555664e+00	2.833563327789306641e+00	2.847764968872070312e+00	2.847444772720336914e+00	2.833423137664794922e+00	2.817730188369750977e+00	2.804413318634033203e+00	2.794678688049316406e+00	2.788332223892211914e+00	2.784896373748779297e+00	2.783934593200683594e+00	2.784955978393554688e+00	2.787420511245727539e+00	2.790760278701782227e+00	2.794294357299804688e+00	2.796549797058105469e+00	2.797157764434814453e+00	2.796490192413330078e+00	2.794945240020751953e+00	2.793068647384643555e+00	2.790692090988159180e+00	2.788447856903076172e+00	2.786956310272216797e+00	2.786435365676879883e+00	2.787765264511108398e+00	2.792053699493408203e+00	2.799333095550537109e+00	2.808291196823120117e+00	2.819378614425659180e+00	2.832496404647827148e+00	2.845739364624023438e+00	2.855981588363647461e+00	2.847832679748535156e+00	2.821777582168579102e+00	2.801083803176879883e+00	2.789391756057739258e+00	2.783793687820434570e+00	2.781981229782104492e+00	2.782483100891113281e+00	2.784119844436645508e+00	2.786069869995117188e+00	2.787959098815917969e+00	2.790257215499877930e+00	2.795264482498168945e+00	2.804229021072387695e+00	2.817873001098632812e+00	2.836533069610595703e+00	2.859040975570678711e+00	2.882570266723632812e+00	2.902850627899169922e+00	2.915792942047119141e+00	2.918683052062988281e+00	2.910280942916870117e+00	2.891709566116333008e+00	2.868169307708740234e+00	2.845983028411865234e+00	2.828568220138549805e+00	2.816112041473388672e+00	2.807476758956909180e+00	2.801842927932739258e+00	2.798347473144531250e+00	2.795423507690429688e+00	2.792548179626464844e+00
2.787745237350463867e+00	2.785865783691406250e+00	2.784640312194824219e+00	2.784731626510620117e+00	2.786459207534790039e+00	2.789947748184204102e+00	2.795291900634765625e+00	2.802258253097534180e+00	2.810474872589111328e+00	2.821051120758056641e+00	2.834724187850952148e+00	2.846280097961425781e+00	2.841932535171508789e+00	2.824919700622558594e+00	2.808841228485107422e+00	2.797531604766845703e+00	2.790168285369873047e+00	2.785753965377807617e+00	2.783811807632446289e+00	2.783876419067382812e+00	2.785261631011962891e+00	2.787377595901489258e+00	2.789865970611572266e+00	2.792213678359985352e+00	2.793716669082641602e+00	2.794045209884643555e+00	2.793371677398681641e+00	2.791955471038818359e+00	2.789997339248657227e+00	2.787666082382202148e+00	2.785287857055664062e+00	2.783719062805175781e+00	2.783936500549316406e+00	2.786637306213378906e+00	2.792236089706420898e+00	2.800927400588989258e+00	2.812486410140991211e+00	2.824940204620361328e+00	2.835280418395996094e+00	2.845768690109252930e+00	2.841780900955200195e+00	2.826356649398803711e+00	2.807442426681518555e+00	2.792752265930175781e+00	2.784404754638671875e+00	2.780456542968750000e+00	2.779361724853515625e+00	2.779919862747192383e+00	2.781281948089599609e+00	2.783129453659057617e+00	2.785301446914672852e+00	2.788721561431884766e+00	2.795062780380249023e+00	2.805596590042114258e+00	2.820890903472900391e+00	2.839856863021850586e+00	2.862124204635620117e+00	2.886399269104003906e+00	2.908566236495971680e+00	2.923276662826538086e+00	2.925831079483032227e+00	2.914482355117797852e+00	2.892850637435913086e+00	2.867399930953979492e+00	2.843490600585937500e+00	2.824007034301757812e+00	2.809820175170898438e+00	2.800472259521484375e+00	2.794946193695068359e+00	2.791968107223510742e+00	2.790375709533691406e+00	2.789278507232666016e+00
2.783465623855590820e+00	2.781380176544189453e+00	2.779746294021606445e+00	2.779299974441528320e+00	2.780690908432006836e+00	2.784430265426635742e+00	2.790632486343383789e+00	2.798010587692260742e+00	2.805887222290039062e+00	2.815698385238647461e+00	2.828590631484985352e+00	2.843294620513916016e+00	2.846379995346069336e+00	2.832435369491577148e+00	2.815720558166503906e+00	2.802506685256958008e+00	2.792867422103881836e+00	2.786244630813598633e+00	2.782156229019165039e+00	2.780119895935058594e+00	2.779967308044433594e+00	2.781742095947265625e+00	2.784949541091918945e+00	2.788574934005737305e+00	2.791553735733032227e+00	2.793086767196655273e+00	2.792711734771728516e+00	2.790501594543457031e+00	2.787276506423950195e+00	2.784156799316406250e+00	2.781957149505615234e+00	2.780904531478881836e+00	2.780986785888671875e+00	2.782685518264770508e+00	2.787151575088500977e+00	2.795086145401000977e+00	2.806008815765380859e+00	2.816845417022705078e+00	2.825006961822509766e+00	2.830307245254516602e+00	2.821959018707275391e+00	2.808244705200195312e+00	2.795539855957031250e+00	2.785661458969116211e+00	2.779694557189941406e+00	2.777520895004272461e+00	2.778074979782104492e+00	2.779408931732177734e+00	2.780215024948120117e+00	2.781494617462158203e+00	2.783923387527465820e+00	2.788012981414794922e+00	2.794952392578125000e+00	2.805698394775390625e+00	2.820815086364746094e+00	2.840021848678588867e+00	2.862620115280151367e+00	2.886577367782592773e+00	2.907451629638671875e+00	2.919349908828735352e+00	2.917645215988159180e+00	2.902900695800781250e+00	2.881252527236938477e+00	2.858103036880493164e+00	2.836518764495849609e+00	2.819052457809448242e+00	2.805948972702026367e+00	2.797233581542968750e+00	2.792638778686523438e+00	2.790213108062744141e+00	2.788129329681396484e+00	2.785758495330810547e+00
2.790706396102905273e+00	2.788751125335693359e+00	2.786725759506225586e+00	2.785194873809814453e+00	2.784757852554321289e+00	2.786231517791748047e+00	2.790189504623413086e+00	2.796584606170654297e+00	2.804621696472167969e+00	2.813117742538452148e+00	2.821721553802490234e+00	2.831557273864746094e+00	2.841522932052612305e+00	2.844047307968139648e+00	2.830148696899414062e+00	2.814903974533081055e+00	2.802887439727783203e+00	2.793457746505737305e+00	2.786423683166503906e+00	2.781654357910156250e+00	2.779022932052612305e+00	2.778724431991577148e+00	2.780918359756469727e+00	2.785137414932250977e+00	2.790204763412475586e+00	2.794472455978393555e+00	2.796032667160034180e+00	2.794202804565429688e+00	2.790439367294311523e+00	2.786865711212158203e+00	2.784369468688964844e+00	2.782462120056152344e+00	2.780704259872436523e+00	2.780086040496826172e+00	2.782306432723999023e+00	2.788444757461547852e+00	2.798666954040527344e+00	2.812470436096191406e+00	2.832394361495971680e+00	2.866106271743774414e+00	2.884736299514770508e+00	2.855024814605712891e+00	2.824671983718872070e+00	2.803001880645751953e+00	2.790652751922607422e+00	2.785719394683837891e+00	2.785815000534057617e+00	2.787233829498291016e+00	2.788111448287963867e+00	2.790139675140380859e+00	2.794116735458374023e+00	2.800358295440673828e+00	2.809791326522827148e+00	2.823742628097534180e+00	2.842832326889038086e+00	2.865878105163574219e+00	2.889643430709838867e+00	2.908844709396362305e+00	2.916704893112182617e+00	2.909093141555786133e+00	2.888815402984619141e+00	2.863423109054565430e+00	2.839627265930175781e+00	2.820476770401000977e+00	2.806775808334350586e+00	2.798214197158813477e+00	2.793652534484863281e+00	2.791772603988647461e+00	2.791438341140747070e+00	2.791851043701171875e+00	2.792260885238647461e+00	2.791958093643188477e+00
2.793411731719970703e+00	2.791433811187744141e+00	2.789500474929809570e+00	2.787930250167846680e+00	2.787120103836059570e+00	2.787819385528564453e+00	2.790803194046020508e+00	2.796465635299682617e+00	2.804472208023071289e+00	2.813351392745971680e+00	2.821613311767578125e+00	2.828462123870849609e+00	2.834469079971313477e+00	2.835087299346923828e+00	2.822567701339721680e+00	2.809312105178833008e+00	2.799207448959350586e+00	2.791334390640258789e+00	2.785355329513549805e+00	2.781482458114624023e+00	2.779718875885009766e+00	2.780007362365722656e+00	2.782509565353393555e+00	2.786935329437255859e+00	2.792104721069335938e+00	2.795761108398437500e+00	2.796430587768554688e+00	2.794640302658081055e+00	2.791485786437988281e+00	2.788181543350219727e+00	2.785591602325439453e+00	2.783936262130737305e+00	2.782375097274780273e+00	2.781102657318115234e+00	2.782658576965332031e+00	2.788526058197021484e+00	2.799126386642456055e+00	2.814416646957397461e+00	2.835710525512695312e+00	2.868929147720336914e+00	2.887671232223510742e+00	2.856738328933715820e+00	2.823608875274658203e+00	2.802235841751098633e+00	2.790676116943359375e+00	2.785565614700317383e+00	2.784472703933715820e+00	2.785185337066650391e+00	2.786392450332641602e+00	2.788822174072265625e+00	2.792973756790161133e+00	2.799137353897094727e+00	2.808022022247314453e+00	2.821009874343872070e+00	2.839224815368652344e+00	2.861962556838989258e+00	2.886354923248291016e+00	2.907228469848632812e+00	2.917281150817871094e+00	2.910988569259643555e+00	2.890628099441528320e+00	2.864884853363037109e+00	2.840751886367797852e+00	2.820905208587646484e+00	2.806817770004272461e+00	2.798362731933593750e+00	2.794107913970947266e+00	2.792629003524780273e+00	2.792914152145385742e+00	2.794131278991699219e+00	2.795125722885131836e+00	2.794868707656860352e+00
2.799722909927368164e+00	2.798893690109252930e+00	2.798032522201538086e+00	2.796905279159545898e+00	2.795182228088378906e+00	2.793430089950561523e+00	2.792113065719604492e+00	2.791135311126708984e+00	2.790123939514160156e+00	2.788495302200317383e+00	2.786213874816894531e+00	2.783806324005126953e+00	2.781446456909179688e+00	2.779228687286376953e+00	2.777211427688598633e+00	2.775343179702758789e+00	2.773931980133056641e+00	2.773242235183715820e+00	2.773205995559692383e+00	2.773765802383422852e+00	2.774848222732543945e+00	2.776001453399658203e+00	2.776732683181762695e+00	2.777178525924682617e+00	2.777357101440429688e+00	2.776951313018798828e+00	2.776144504547119141e+00	2.775672197341918945e+00	2.775979995727539062e+00	2.776739358901977539e+00	2.777226209640502930e+00	2.777276992797851562e+00	2.777200222015380859e+00	2.777081966400146484e+00	2.776953220367431641e+00	2.777550458908081055e+00	2.779614686965942383e+00	2.782869100570678711e+00	2.785381793975830078e+00	2.786231517791748047e+00	2.785914659500122070e+00	2.783359766006469727e+00	2.779850959777832031e+00	2.777124643325805664e+00	2.775586366653442383e+00	2.774915456771850586e+00	2.774914741516113281e+00	2.775402307510375977e+00	2.776139736175537109e+00	2.776885271072387695e+00	2.777342796325683594e+00	2.777865886688232422e+00	2.779017448425292969e+00	2.781033992767333984e+00	2.783964157104492188e+00	2.787714481353759766e+00	2.792039871215820312e+00	2.796561956405639648e+00	2.800902605056762695e+00	2.803801536560058594e+00	2.803829431533813477e+00	2.802867174148559570e+00	2.803397178649902344e+00	2.806284666061401367e+00	2.811222791671752930e+00	2.815596818923950195e+00	2.815089702606201172e+00	2.810253381729125977e+00	2.805411100387573242e+00	2.802361488342285156e+00	2.800897598266601562e+00	2.800304651260375977e+00
2.798433303833007812e+00	2.794773578643798828e+00	2.791632175445556641e+00	2.789036035537719727e+00	2.786536693572998047e+00	2.783942222595214844e+00	2.781831264495849609e+00	2.780940532684326172e+00	2.781231164932250977e+00	2.782083749771118164e+00	2.782791852951049805e+00	2.782976865768432617e+00	2.782532691955566406e+00	2.781688690185546875e+00	2.780774593353271484e+00	2.780240535736083984e+00	2.780235052108764648e+00	2.780290842056274414e+00	2.779839277267456055e+00	2.779308080673217773e+00	2.779249191284179688e+00	2.779475688934326172e+00	2.779566049575805664e+00	2.779418945312500000e+00	2.778758525848388672e+00	2.777607917785644531e+00	2.776529073715209961e+00	2.776150941848754883e+00	2.776706695556640625e+00	2.777812242507934570e+00	2.779056549072265625e+00	2.779736995697021484e+00	2.780606508255004883e+00	2.782737255096435547e+00	2.785222053527832031e+00	2.787182807922363281e+00	2.788401126861572266e+00	2.788478374481201172e+00	2.787256002426147461e+00	2.784852266311645508e+00	2.782331466674804688e+00	2.780437707901000977e+00	2.779309749603271484e+00	2.778220415115356445e+00	2.777168512344360352e+00	2.776352882385253906e+00	2.775898456573486328e+00	2.775974035263061523e+00	2.776498317718505859e+00	2.777140855789184570e+00	2.777415513992309570e+00	2.776459217071533203e+00	2.775317907333374023e+00	2.775063753128051758e+00	2.775996208190917969e+00	2.778100728988647461e+00	2.781123638153076172e+00	2.785098791122436523e+00	2.790025234222412109e+00	2.795045137405395508e+00	2.798080921173095703e+00	2.800527095794677734e+00	2.804350137710571289e+00	2.810468673706054688e+00	2.820646524429321289e+00	2.833625316619873047e+00	2.840397119522094727e+00	2.835373640060424805e+00	2.824867010116577148e+00	2.814841747283935547e+00	2.807430982589721680e+00	2.802394390106201172e+00
2.795935630798339844e+00	2.794238567352294922e+00	2.793101787567138672e+00	2.792537689208984375e+00	2.791345596313476562e+00	2.789691686630249023e+00	2.789483785629272461e+00	2.791278362274169922e+00	2.795308351516723633e+00	2.800808906555175781e+00	2.805589437484741211e+00	2.806165456771850586e+00	2.801342964172363281e+00	2.794970035552978516e+00	2.789557695388793945e+00	2.785403490066528320e+00	2.782407283782958984e+00	2.780587911605834961e+00	2.779891729354858398e+00	2.780343532562255859e+00	2.781880140304565430e+00	2.783753633499145508e+00	2.784803867340087891e+00	2.784334421157836914e+00	2.782616138458251953e+00	2.780401229858398438e+00	2.778215408325195312e+00	2.776488780975341797e+00	2.775557279586791992e+00	2.775622844696044922e+00	2.777924060821533203e+00	2.783701419830322266e+00	2.793474435806274414e+00	2.807283878326416016e+00	2.821644306182861328e+00	2.828177690505981445e+00	2.825329542160034180e+00	2.818431138992309570e+00	2.809119462966918945e+00	2.798528671264648438e+00	2.789417505264282227e+00	2.783167600631713867e+00	2.779537200927734375e+00	2.778056383132934570e+00	2.778280019760131836e+00	2.779798746109008789e+00	2.781918048858642578e+00	2.783361673355102539e+00	2.783293485641479492e+00	2.782124996185302734e+00	2.780460357666015625e+00	2.779100894927978516e+00	2.778364181518554688e+00	2.778572797775268555e+00	2.781270027160644531e+00	2.786967754364013672e+00	2.795212507247924805e+00	2.806016445159912109e+00	2.819173574447631836e+00	2.832918405532836914e+00	2.844423055648803711e+00	2.851027250289916992e+00	2.851063251495361328e+00	2.845069646835327148e+00	2.836624383926391602e+00	2.830575942993164062e+00	2.828395843505859375e+00	2.825822591781616211e+00	2.819188117980957031e+00	2.810321092605590820e+00	2.803170442581176758e+00	2.798632860183715820e+00
2.785798549652099609e+00	2.785363435745239258e+00	2.785738945007324219e+00	2.787061214447021484e+00	2.789410114288330078e+00	2.791451215744018555e+00	2.792060852050781250e+00	2.792465448379516602e+00	2.794327974319458008e+00	2.797533512115478516e+00	2.802164316177368164e+00	2.805753946304321289e+00	2.803262948989868164e+00	2.798273324966430664e+00	2.793613672256469727e+00	2.789615392684936523e+00	2.786427736282348633e+00	2.784335136413574219e+00	2.783597946166992188e+00	2.784093618392944336e+00	2.785258769989013672e+00	2.786572456359863281e+00	2.787524938583374023e+00	2.787284374237060547e+00	2.785606861114501953e+00	2.783182382583618164e+00	2.780863761901855469e+00	2.778933048248291016e+00	2.777479171752929688e+00	2.777407646179199219e+00	2.779551744461059570e+00	2.784623384475708008e+00	2.792785167694091797e+00	2.805202245712280273e+00	2.820160150527954102e+00	2.828816652297973633e+00	2.825585842132568359e+00	2.816176652908325195e+00	2.806074857711791992e+00	2.797711849212646484e+00	2.791249513626098633e+00	2.785468816757202148e+00	2.780774116516113281e+00	2.778552293777465820e+00	2.778629302978515625e+00	2.779953718185424805e+00	2.781914949417114258e+00	2.783877134323120117e+00	2.784444570541381836e+00	2.783280372619628906e+00	2.781151294708251953e+00	2.779096126556396484e+00	2.778022289276123047e+00	2.778920412063598633e+00	2.782711029052734375e+00	2.789363622665405273e+00	2.798130273818969727e+00	2.808504343032836914e+00	2.820063114166259766e+00	2.832066297531127930e+00	2.842310190200805664e+00	2.847416877746582031e+00	2.845067262649536133e+00	2.836028099060058594e+00	2.823968172073364258e+00	2.812393903732299805e+00	2.802831888198852539e+00	2.795718193054199219e+00	2.791139125823974609e+00	2.788486480712890625e+00	2.787465095520019531e+00	2.787014961242675781e+00
2.791911363601684570e+00	2.792268037796020508e+00	2.792229652404785156e+00	2.792479038238525391e+00	2.793570756912231445e+00	2.795610904693603516e+00	2.798542261123657227e+00	2.802251338958740234e+00	2.805937528610229492e+00	2.808335065841674805e+00	2.809202432632446289e+00	2.808315515518188477e+00	2.805728673934936523e+00	2.802234411239624023e+00	2.798812866210937500e+00	2.795979738235473633e+00	2.793364763259887695e+00	2.790921926498413086e+00	2.788967370986938477e+00	2.788109064102172852e+00	2.788127422332763672e+00	2.788650035858154297e+00	2.788899898529052734e+00	2.787618637084960938e+00	2.784700632095336914e+00	2.781024932861328125e+00	2.777758121490478516e+00	2.775666236877441406e+00	2.774976015090942383e+00	2.776009321212768555e+00	2.779617786407470703e+00	2.786068439483642578e+00	2.794289112091064453e+00	2.805422306060791016e+00	2.818760156631469727e+00	2.827554225921630859e+00	2.826849699020385742e+00	2.820363759994506836e+00	2.811948299407958984e+00	2.802604913711547852e+00	2.793369054794311523e+00	2.785761356353759766e+00	2.780640363693237305e+00	2.778374433517456055e+00	2.778682231903076172e+00	2.780742168426513672e+00	2.783560037612915039e+00	2.786094903945922852e+00	2.787541151046752930e+00	2.787665128707885742e+00	2.786996364593505859e+00	2.786112785339355469e+00	2.784821033477783203e+00	2.783419609069824219e+00	2.783702373504638672e+00	2.787237644195556641e+00	2.793952941894531250e+00	2.801567554473876953e+00	2.810915231704711914e+00	2.821685075759887695e+00	2.831480264663696289e+00	2.836494445800781250e+00	2.833976030349731445e+00	2.825135707855224609e+00	2.813525199890136719e+00	2.802420139312744141e+00	2.793931245803833008e+00	2.788820505142211914e+00	2.787067174911499023e+00	2.787619113922119141e+00	2.789017677307128906e+00	2.790777683258056641e+00
2.796685457229614258e+00	2.796733379364013672e+00	2.796824693679809570e+00	2.797711610794067383e+00	2.799297094345092773e+00	2.800729751586914062e+00	2.801016330718994141e+00	2.799339771270751953e+00	2.796802759170532227e+00	2.795035123825073242e+00	2.794352769851684570e+00	2.794432163238525391e+00	2.794777870178222656e+00	2.794882535934448242e+00	2.794518232345581055e+00	2.793398857116699219e+00	2.791047096252441406e+00	2.787751436233520508e+00	2.784737348556518555e+00	2.783108472824096680e+00	2.783240079879760742e+00	2.784368276596069336e+00	2.785157442092895508e+00	2.784783601760864258e+00	2.783103942871093750e+00	2.781007289886474609e+00	2.779410123825073242e+00	2.778773784637451172e+00	2.779278039932250977e+00	2.780012845993041992e+00	2.780046701431274414e+00	2.780355691909790039e+00	2.781607151031494141e+00	2.783099174499511719e+00	2.783907651901245117e+00	2.784583330154418945e+00	2.785845994949340820e+00	2.787365198135375977e+00	2.788372039794921875e+00	2.788892507553100586e+00	2.789436578750610352e+00	2.790067911148071289e+00	2.789968729019165039e+00	2.788687467575073242e+00	2.787706136703491211e+00	2.787821292877197266e+00	2.789167642593383789e+00	2.790838003158569336e+00	2.791106700897216797e+00	2.790487766265869141e+00	2.788217306137084961e+00	2.785716772079467773e+00	2.784055233001708984e+00	2.782996892929077148e+00	2.782300949096679688e+00	2.781830787658691406e+00	2.781539916992187500e+00	2.781432151794433594e+00	2.781745910644531250e+00	2.782767772674560547e+00	2.783985614776611328e+00	2.784271717071533203e+00	2.783576011657714844e+00	2.782376050949096680e+00	2.781391382217407227e+00	2.781535625457763672e+00	2.783410787582397461e+00	2.786764621734619141e+00	2.790490388870239258e+00	2.793246984481811523e+00	2.794726371765136719e+00	2.795976638793945312e+00
2.783113241195678711e+00	2.786032199859619141e+00	2.791450500488281250e+00	2.798530340194702148e+00	2.804113626480102539e+00	2.804534912109375000e+00	2.802110433578491211e+00	2.799938678741455078e+00	2.798200368881225586e+00	2.797686338424682617e+00	2.798869371414184570e+00	2.801426410675048828e+00	2.804458379745483398e+00	2.806617736816406250e+00	2.806299209594726562e+00	2.802711248397827148e+00	2.796922922134399414e+00	2.790931701660156250e+00	2.786206722259521484e+00	2.783514022827148438e+00	2.783105850219726562e+00	2.784687280654907227e+00	2.786439895629882812e+00	2.785297870635986328e+00	2.781460046768188477e+00	2.777450799942016602e+00	2.774874687194824219e+00	2.774061441421508789e+00	2.774772405624389648e+00	2.776546716690063477e+00	2.778851509094238281e+00	2.781420946121215820e+00	2.784091711044311523e+00	2.786086559295654297e+00	2.786745786666870117e+00	2.786173582077026367e+00	2.785236120223999023e+00	2.784461021423339844e+00	2.784010171890258789e+00	2.783982038497924805e+00	2.784291982650756836e+00	2.784636497497558594e+00	2.784730672836303711e+00	2.784582138061523438e+00	2.784486055374145508e+00	2.784639120101928711e+00	2.785034894943237305e+00	2.784974336624145508e+00	2.784621000289916992e+00	2.784515142440795898e+00	2.784375905990600586e+00	2.783775091171264648e+00	2.782931566238403320e+00	2.782249927520751953e+00	2.781608104705810547e+00	2.780963182449340820e+00	2.780682802200317383e+00	2.781085252761840820e+00	2.782148599624633789e+00	2.783590793609619141e+00	2.784663677215576172e+00	2.784765481948852539e+00	2.784443855285644531e+00	2.784024477005004883e+00	2.783535003662109375e+00	2.783138751983642578e+00	2.782863616943359375e+00	2.782438516616821289e+00	2.781723499298095703e+00	2.781133651733398438e+00	2.781232595443725586e+00	2.782040834426879883e+00
2.783710718154907227e+00	2.785689592361450195e+00	2.789918422698974609e+00	2.794832468032836914e+00	2.797202110290527344e+00	2.796462774276733398e+00	2.795895338058471680e+00	2.796298980712890625e+00	2.797589302062988281e+00	2.799539089202880859e+00	2.801676034927368164e+00	2.803657770156860352e+00	2.804869174957275391e+00	2.804389953613281250e+00	2.802026271820068359e+00	2.798436164855957031e+00	2.793802738189697266e+00	2.789263010025024414e+00	2.785230398178100586e+00	2.783105611801147461e+00	2.783158063888549805e+00	2.784710884094238281e+00	2.785905599594116211e+00	2.784501552581787109e+00	2.781653165817260742e+00	2.779608249664306641e+00	2.778728961944580078e+00	2.778445243835449219e+00	2.778335809707641602e+00	2.778558015823364258e+00	2.779561758041381836e+00	2.781498670578002930e+00	2.783716440200805664e+00	2.785680532455444336e+00	2.786485671997070312e+00	2.787085771560668945e+00	2.787820100784301758e+00	2.787626266479492188e+00	2.786335229873657227e+00	2.784720659255981445e+00	2.783538103103637695e+00	2.783168554306030273e+00	2.783288002014160156e+00	2.782698392868041992e+00	2.781277894973754883e+00	2.780483961105346680e+00	2.780735254287719727e+00	2.781727552413940430e+00	2.782865047454833984e+00	2.783695697784423828e+00	2.783801794052124023e+00	2.783276081085205078e+00	2.783333778381347656e+00	2.784426450729370117e+00	2.786267757415771484e+00	2.788458347320556641e+00	2.790989637374877930e+00	2.793650150299072266e+00	2.795823812484741211e+00	2.796638488769531250e+00	2.795765399932861328e+00	2.794320106506347656e+00	2.793513059616088867e+00	2.793784856796264648e+00	2.794500112533569336e+00	2.794467210769653320e+00	2.793258666992187500e+00	2.791370630264282227e+00	2.789338111877441406e+00	2.787407875061035156e+00	2.785400629043579102e+00	2.783844470977783203e+00
2.796499967575073242e+00	2.792390346527099609e+00	2.791236877441406250e+00	2.791431903839111328e+00	2.791579961776733398e+00	2.791805267333984375e+00	2.792619943618774414e+00	2.793917894363403320e+00	2.795453310012817383e+00	2.797373294830322266e+00	2.799694776535034180e+00	2.801809072494506836e+00	2.802753686904907227e+00	2.801731824874877930e+00	2.798579931259155273e+00	2.794372320175170898e+00	2.790608167648315430e+00	2.787893772125244141e+00	2.785858631134033203e+00	2.785128831863403320e+00	2.785531520843505859e+00	2.786298513412475586e+00	2.787517547607421875e+00	2.789571523666381836e+00	2.792329549789428711e+00	2.795081377029418945e+00	2.796258687973022461e+00	2.795885324478149414e+00	2.795492410659790039e+00	2.795717954635620117e+00	2.795773029327392578e+00	2.795509338378906250e+00	2.794385433197021484e+00	2.792195796966552734e+00	2.790371656417846680e+00	2.789961814880371094e+00	2.789919853210449219e+00	2.789320468902587891e+00	2.788452625274658203e+00	2.788065671920776367e+00	2.788488626480102539e+00	2.789059877395629883e+00	2.788528919219970703e+00	2.787839651107788086e+00	2.787587404251098633e+00	2.787420511245727539e+00	2.787439584732055664e+00	2.787441015243530273e+00	2.786630392074584961e+00	2.785031557083129883e+00	2.783682107925415039e+00	2.783175945281982422e+00	2.783213853836059570e+00	2.783254384994506836e+00	2.783261537551879883e+00	2.783963918685913086e+00	2.785699605941772461e+00	2.788308858871459961e+00	2.791592597961425781e+00	2.794914484024047852e+00	2.796640396118164062e+00	2.796181201934814453e+00	2.796156167984008789e+00	2.798103094100952148e+00	2.800316095352172852e+00	2.800740242004394531e+00	2.800106048583984375e+00	2.799031734466552734e+00	2.797397375106811523e+00	2.796815872192382812e+00	2.798111677169799805e+00	2.799939632415771484e+00
2.796280622482299805e+00	2.791972398757934570e+00	2.790266513824462891e+00	2.790237426757812500e+00	2.791142463684082031e+00	2.792486667633056641e+00	2.794027805328369141e+00	2.795726060867309570e+00	2.797349452972412109e+00	2.798616170883178711e+00	2.799405574798583984e+00	2.799383163452148438e+00	2.797980070114135742e+00	2.795443058013916016e+00	2.792632579803466797e+00	2.789846420288085938e+00	2.787081480026245117e+00	2.784829378128051758e+00	2.783316135406494141e+00	2.782344818115234375e+00	2.781825780868530273e+00	2.782120704650878906e+00	2.783462524414062500e+00	2.785601139068603516e+00	2.788753509521484375e+00	2.792509078979492188e+00	2.794705867767333984e+00	2.795084714889526367e+00	2.794929504394531250e+00	2.793954610824584961e+00	2.792039155960083008e+00	2.790204763412475586e+00	2.788739204406738281e+00	2.787614107131958008e+00	2.787303209304809570e+00	2.788406133651733398e+00	2.788719654083251953e+00	2.788255929946899414e+00	2.787842035293579102e+00	2.787621736526489258e+00	2.787626266479492188e+00	2.787876605987548828e+00	2.788217067718505859e+00	2.788354873657226562e+00	2.788028240203857422e+00	2.787211179733276367e+00	2.786454677581787109e+00	2.785920143127441406e+00	2.785294294357299805e+00	2.784270286560058594e+00	2.783175706863403320e+00	2.782459735870361328e+00	2.781754493713378906e+00	2.780474424362182617e+00	2.779220104217529297e+00	2.778852701187133789e+00	2.779719114303588867e+00	2.781616687774658203e+00	2.783916711807250977e+00	2.786570787429809570e+00	2.790028333663940430e+00	2.791285037994384766e+00	2.790016651153564453e+00	2.790422677993774414e+00	2.791350364685058594e+00	2.791700124740600586e+00	2.792477607727050781e+00	2.793951034545898438e+00	2.795089006423950195e+00	2.796223402023315430e+00	2.798163175582885742e+00	2.799950361251831055e+00
2.798394203186035156e+00	2.794626235961914062e+00	2.791553735733032227e+00	2.789304971694946289e+00	2.788064241409301758e+00	2.788180828094482422e+00	2.789934158325195312e+00	2.793408632278442383e+00	2.797113656997680664e+00	2.799969673156738281e+00	2.803907394409179688e+00	2.810006618499755859e+00	2.819737195968627930e+00	2.832215309143066406e+00	2.836415529251098633e+00	2.826464653015136719e+00	2.812630891799926758e+00	2.802606582641601562e+00	2.796209096908569336e+00	2.792278766632080078e+00	2.789897203445434570e+00	2.788320302963256836e+00	2.787297487258911133e+00	2.787292480468750000e+00	2.789067983627319336e+00	2.792726039886474609e+00	2.796995162963867188e+00	2.799886465072631836e+00	2.800749063491821289e+00	2.799236536026000977e+00	2.795420408248901367e+00	2.791191577911376953e+00	2.787160396575927734e+00	2.783882856369018555e+00	2.782989978790283203e+00	2.784663915634155273e+00	2.783440828323364258e+00	2.784030675888061523e+00	2.788496732711791992e+00	2.795673847198486328e+00	2.801954746246337891e+00	2.803147554397583008e+00	2.799884557723999023e+00	2.795788049697875977e+00	2.793312549591064453e+00	2.792470216751098633e+00	2.791528224945068359e+00	2.790028333663940430e+00	2.788655757904052734e+00	2.787547111511230469e+00	2.787044286727905273e+00	2.787622928619384766e+00	2.789785385131835938e+00	2.793988227844238281e+00	2.799919366836547852e+00	2.806843280792236328e+00	2.813645601272583008e+00	2.817496061325073242e+00	2.815147876739501953e+00	2.808262586593627930e+00	2.802556991577148438e+00	2.799843311309814453e+00	2.794703483581542969e+00	2.792762279510498047e+00	2.793491840362548828e+00	2.794428348541259766e+00	2.795307636260986328e+00	2.796357631683349609e+00	2.796999692916870117e+00	2.797573804855346680e+00	2.798886299133300781e+00	2.800277709960937500e+00
2.792595386505126953e+00	2.792384624481201172e+00	2.790468215942382812e+00	2.788376569747924805e+00	2.786849260330200195e+00	2.785660982131958008e+00	2.785147666931152344e+00	2.785919666290283203e+00	2.788383245468139648e+00	2.792767047882080078e+00	2.799099683761596680e+00	2.807628631591796875e+00	2.818950653076171875e+00	2.832189798355102539e+00	2.837904453277587891e+00	2.826616764068603516e+00	2.810504436492919922e+00	2.798465490341186523e+00	2.790763378143310547e+00	2.786210536956787109e+00	2.783897876739501953e+00	2.783312082290649414e+00	2.783813953399658203e+00	2.784664154052734375e+00	2.786066055297851562e+00	2.789222002029418945e+00	2.794802427291870117e+00	2.801309108734130859e+00	2.803234815597534180e+00	2.797874689102172852e+00	2.790721416473388672e+00	2.784518718719482422e+00	2.779697656631469727e+00	2.777024745941162109e+00	2.776726245880126953e+00	2.778360843658447266e+00	2.780880928039550781e+00	2.783595561981201172e+00	2.786830663681030273e+00	2.789977788925170898e+00	2.790597438812255859e+00	2.789734840393066406e+00	2.788502216339111328e+00	2.787198543548583984e+00	2.786528587341308594e+00	2.786330938339233398e+00	2.786207199096679688e+00	2.786198616027832031e+00	2.785825252532958984e+00	2.784985780715942383e+00	2.784699440002441406e+00	2.785990715026855469e+00	2.789432764053344727e+00	2.795351505279541016e+00	2.803378582000732422e+00	2.812917232513427734e+00	2.823259592056274414e+00	2.830777168273925781e+00	2.830653190612792969e+00	2.823374509811401367e+00	2.813908576965332031e+00	2.805205345153808594e+00	2.798126935958862305e+00	2.793029546737670898e+00	2.789755821228027344e+00	2.787860631942749023e+00	2.787146568298339844e+00	2.787607431411743164e+00	2.788846731185913086e+00	2.790123701095581055e+00	2.791020870208740234e+00	2.791805982589721680e+00
2.795636892318725586e+00	2.795729160308837891e+00	2.793740987777709961e+00	2.791832923889160156e+00	2.790712356567382812e+00	2.789425373077392578e+00	2.787489175796508789e+00	2.785234212875366211e+00	2.783491849899291992e+00	2.782641410827636719e+00	2.782473564147949219e+00	2.782563209533691406e+00	2.782459020614624023e+00	2.781919002532958984e+00	2.780968189239501953e+00	2.779729604721069336e+00	2.778410673141479492e+00	2.777382612228393555e+00	2.777019500732421875e+00	2.777390003204345703e+00	2.777778148651123047e+00	2.778157234191894531e+00	2.779267549514770508e+00	2.781012535095214844e+00	2.782816886901855469e+00	2.784708023071289062e+00	2.787504196166992188e+00	2.791594982147216797e+00	2.793281793594360352e+00	2.789291143417358398e+00	2.784184455871582031e+00	2.779656410217285156e+00	2.776246070861816406e+00	2.774760723114013672e+00	2.775217056274414062e+00	2.776924610137939453e+00	2.778634786605834961e+00	2.779550313949584961e+00	2.779633045196533203e+00	2.779335737228393555e+00	2.778916120529174805e+00	2.778491735458374023e+00	2.778453588485717773e+00	2.779657363891601562e+00	2.781954050064086914e+00	2.783702135086059570e+00	2.784713983535766602e+00	2.785053968429565430e+00	2.783983230590820312e+00	2.782364845275878906e+00	2.781232833862304688e+00	2.780744791030883789e+00	2.780746698379516602e+00	2.781116962432861328e+00	2.781769275665283203e+00	2.782652139663696289e+00	2.783917427062988281e+00	2.785912036895751953e+00	2.788125514984130859e+00	2.789533376693725586e+00	2.790058135986328125e+00	2.789958715438842773e+00	2.789045333862304688e+00	2.787505865097045898e+00	2.785854578018188477e+00	2.784649133682250977e+00	2.784475326538085938e+00	2.785391092300415039e+00	2.787216901779174805e+00	2.789599895477294922e+00	2.792052745819091797e+00	2.794149875640869141e+00
2.818851232528686523e+00	2.817101716995239258e+00	2.815504550933837891e+00	2.814204692840576172e+00	2.814051389694213867e+00	2.815703153610229492e+00	2.819149255752563477e+00	2.825185060501098633e+00	2.836282014846801758e+00	2.856812000274658203e+00	2.889786243438720703e+00	2.922180652618408203e+00	2.936987638473510742e+00	2.923144340515136719e+00	2.883003234863281250e+00	2.851171970367431641e+00	2.831341266632080078e+00	2.820055007934570312e+00	2.814629793167114258e+00	2.813603162765502930e+00	2.815631151199340820e+00	2.818906545639038086e+00	2.823402643203735352e+00	2.829084396362304688e+00	2.834469079971313477e+00	2.836470127105712891e+00	2.834547758102416992e+00	2.829704046249389648e+00	2.823318243026733398e+00	2.817194938659667969e+00	2.812793016433715820e+00	2.810870170593261719e+00	2.812142610549926758e+00	2.817386627197265625e+00	2.827385425567626953e+00	2.842825412750244141e+00	2.864464998245239258e+00	2.893614053726196289e+00	2.913678407669067383e+00	2.881078958511352539e+00	2.849886178970336914e+00	2.832973241806030273e+00	2.822902202606201172e+00	2.817057609558105469e+00	2.814774274826049805e+00	2.814496278762817383e+00	2.815064430236816406e+00	2.815925121307373047e+00	2.816585302352905273e+00	2.817208290100097656e+00	2.818629980087280273e+00	2.822155714035034180e+00	2.828999280929565430e+00	2.839979410171508789e+00	2.856638669967651367e+00	2.880514860153198242e+00	2.911444902420043945e+00	2.947439908981323242e+00	2.981888294219970703e+00	3.001449584960937500e+00	2.994913339614868164e+00	2.967478752136230469e+00	2.932428359985351562e+00	2.898749351501464844e+00	2.870552539825439453e+00	2.849231719970703125e+00	2.834983348846435547e+00	2.826959848403930664e+00	2.823688507080078125e+00	2.823118925094604492e+00	2.822594404220581055e+00	2.820811986923217773e+00
2.827877521514892578e+00	2.825297117233276367e+00	2.822564840316772461e+00	2.820135831832885742e+00	2.818934679031372070e+00	2.819705724716186523e+00	2.823238849639892578e+00	2.830830335617065430e+00	2.844270467758178711e+00	2.866604328155517578e+00	2.899276971817016602e+00	2.931408643722534180e+00	2.944097280502319336e+00	2.927849292755126953e+00	2.887382030487060547e+00	2.855735063552856445e+00	2.836400747299194336e+00	2.825892686843872070e+00	2.821166992187500000e+00	2.819871187210083008e+00	2.821110725402832031e+00	2.824751615524291992e+00	2.829921245574951172e+00	2.835358858108520508e+00	2.839655160903930664e+00	2.841216087341308594e+00	2.839126586914062500e+00	2.833991527557373047e+00	2.827574253082275391e+00	2.821684122085571289e+00	2.817533731460571289e+00	2.815857648849487305e+00	2.817247629165649414e+00	2.822438716888427734e+00	2.832582712173461914e+00	2.849008083343505859e+00	2.873146772384643555e+00	2.906173944473266602e+00	2.934381961822509766e+00	2.904824256896972656e+00	2.872262954711914062e+00	2.852007627487182617e+00	2.835449457168579102e+00	2.824912548065185547e+00	2.819901704788208008e+00	2.818670511245727539e+00	2.819719791412353516e+00	2.821825504302978516e+00	2.823908329010009766e+00	2.825356006622314453e+00	2.826498031616210938e+00	2.828782558441162109e+00	2.834266901016235352e+00	2.844958066940307617e+00	2.862429857254028320e+00	2.887314796447753906e+00	2.919134140014648438e+00	2.955676317214965820e+00	2.990059375762939453e+00	3.009252071380615234e+00	3.002180576324462891e+00	2.974513292312622070e+00	2.939127683639526367e+00	2.904948234558105469e+00	2.876309871673583984e+00	2.854990720748901367e+00	2.841107845306396484e+00	2.833657264709472656e+00	2.830640792846679688e+00	2.829923868179321289e+00	2.830082654953002930e+00	2.829718589782714844e+00
2.835052490234375000e+00	2.833214998245239258e+00	2.830542802810668945e+00	2.827413082122802734e+00	2.825183153152465820e+00	2.825457334518432617e+00	2.829399347305297852e+00	2.837489843368530273e+00	2.850832700729370117e+00	2.872791528701782227e+00	2.905533075332641602e+00	2.937480211257934570e+00	2.947496175765991211e+00	2.930553436279296875e+00	2.891205072402954102e+00	2.860636711120605469e+00	2.842450141906738281e+00	2.833202600479125977e+00	2.829797983169555664e+00	2.829145431518554688e+00	2.830121755599975586e+00	2.833188295364379883e+00	2.837708473205566406e+00	2.842588901519775391e+00	2.846360683441162109e+00	2.847440719604492188e+00	2.845047950744628906e+00	2.839855432510375977e+00	2.833531379699707031e+00	2.827915191650390625e+00	2.824280977249145508e+00	2.823039293289184570e+00	2.824366569519042969e+00	2.829131841659545898e+00	2.838898420333862305e+00	2.855333566665649414e+00	2.880310535430908203e+00	2.916278362274169922e+00	2.950839042663574219e+00	2.926896095275878906e+00	2.894951581954956055e+00	2.868438959121704102e+00	2.845992565155029297e+00	2.832480430603027344e+00	2.826435565948486328e+00	2.825106382369995117e+00	2.826478481292724609e+00	2.829014539718627930e+00	2.831379175186157227e+00	2.832830429077148438e+00	2.833562612533569336e+00	2.835017204284667969e+00	2.839562177658081055e+00	2.849524497985839844e+00	2.866540431976318359e+00	2.891099452972412109e+00	2.922511577606201172e+00	2.958680629730224609e+00	2.992938041687011719e+00	3.012105703353881836e+00	3.005119800567626953e+00	2.977568387985229492e+00	2.942159414291381836e+00	2.908158540725708008e+00	2.880180120468139648e+00	2.859730482101440430e+00	2.846503734588623047e+00	2.839452266693115234e+00	2.836820602416992188e+00	2.836327314376831055e+00	2.836353063583374023e+00	2.836069107055664062e+00
2.834663391113281250e+00	2.832614183425903320e+00	2.829715490341186523e+00	2.826649427413940430e+00	2.824903249740600586e+00	2.825778484344482422e+00	2.830005645751953125e+00	2.838233470916748047e+00	2.851703643798828125e+00	2.873307704925537109e+00	2.905076026916503906e+00	2.936328411102294922e+00	2.949611902236938477e+00	2.933845281600952148e+00	2.892728567123413086e+00	2.861460208892822266e+00	2.842783451080322266e+00	2.832622051239013672e+00	2.827833652496337891e+00	2.826807498931884766e+00	2.828766822814941406e+00	2.832823991775512695e+00	2.837949037551879883e+00	2.843132019042968750e+00	2.847060918807983398e+00	2.848238945007324219e+00	2.845916271209716797e+00	2.840801715850830078e+00	2.834580183029174805e+00	2.828999996185302734e+00	2.825283288955688477e+00	2.823875665664672852e+00	2.824966669082641602e+00	2.829408645629882812e+00	2.838947534561157227e+00	2.855368137359619141e+00	2.880235195159912109e+00	2.915291547775268555e+00	2.949661016464233398e+00	2.927403688430786133e+00	2.894655942916870117e+00	2.867246866226196289e+00	2.844547510147094727e+00	2.831646919250488281e+00	2.826396703720092773e+00	2.825486421585083008e+00	2.826620101928710938e+00	2.828708410263061523e+00	2.830777168273925781e+00	2.832130193710327148e+00	2.833022832870483398e+00	2.834871053695678711e+00	2.839927434921264648e+00	2.850475788116455078e+00	2.868000507354736328e+00	2.892133474349975586e+00	2.922206401824951172e+00	2.957507848739624023e+00	2.991297245025634766e+00	3.010243415832519531e+00	3.003303289413452148e+00	2.976111888885498047e+00	2.941212892532348633e+00	2.907802104949951172e+00	2.880364179611206055e+00	2.859971046447753906e+00	2.846477270126342773e+00	2.839386224746704102e+00	2.836732864379882812e+00	2.836231708526611328e+00	2.836260795593261719e+00	2.835851430892944336e+00
2.836522817611694336e+00	2.834497213363647461e+00	2.831864118576049805e+00	2.829151868820190430e+00	2.827661991119384766e+00	2.828564167022705078e+00	2.832509756088256836e+00	2.840122938156127930e+00	2.852990865707397461e+00	2.874314546585083008e+00	2.906077384948730469e+00	2.936571121215820312e+00	2.948364019393920898e+00	2.933016777038574219e+00	2.893630743026733398e+00	2.863738298416137695e+00	2.845819473266601562e+00	2.835675001144409180e+00	2.830482244491577148e+00	2.829034805297851562e+00	2.830741643905639648e+00	2.834927558898925781e+00	2.840650558471679688e+00	2.846605062484741211e+00	2.850960493087768555e+00	2.851859331130981445e+00	2.848744153976440430e+00	2.842896461486816406e+00	2.836565017700195312e+00	2.831719398498535156e+00	2.829309463500976562e+00	2.828953981399536133e+00	2.829803466796875000e+00	2.833093881607055664e+00	2.841443061828613281e+00	2.856861114501953125e+00	2.880810976028442383e+00	2.915425777435302734e+00	2.949188947677612305e+00	2.931361436843872070e+00	2.903199195861816406e+00	2.877076148986816406e+00	2.853927850723266602e+00	2.838727235794067383e+00	2.830982685089111328e+00	2.828038454055786133e+00	2.828239202499389648e+00	2.830392122268676758e+00	2.833116292953491211e+00	2.835405349731445312e+00	2.837042808532714844e+00	2.838814258575439453e+00	2.842688083648681641e+00	2.851392507553100586e+00	2.867148160934448242e+00	2.890761852264404297e+00	2.921764135360717773e+00	2.957869529724121094e+00	2.992138385772705078e+00	3.011299371719360352e+00	3.004323244094848633e+00	2.976983547210693359e+00	2.941795587539672852e+00	2.908014535903930664e+00	2.880529642105102539e+00	2.861164569854736328e+00	2.849733591079711914e+00	2.844151735305786133e+00	2.841648817062377930e+00	2.840306520462036133e+00	2.839225053787231445e+00	2.838037729263305664e+00
2.836872100830078125e+00	2.834817647933959961e+00	2.832150220870971680e+00	2.829478740692138672e+00	2.828028917312622070e+00	2.828855514526367188e+00	2.832579851150512695e+00	2.839822053909301758e+00	2.852208375930786133e+00	2.873142004013061523e+00	2.905050277709960938e+00	2.936464071273803711e+00	2.948605537414550781e+00	2.932854890823364258e+00	2.893865108489990234e+00	2.864293336868286133e+00	2.846408843994140625e+00	2.836234092712402344e+00	2.831025838851928711e+00	2.829450130462646484e+00	2.830945968627929688e+00	2.834976911544799805e+00	2.840724945068359375e+00	2.846847295761108398e+00	2.851304054260253906e+00	2.852127313613891602e+00	2.848791360855102539e+00	2.842785358428955078e+00	2.836617946624755859e+00	2.832257986068725586e+00	2.830464839935302734e+00	2.830367088317871094e+00	2.831055641174316406e+00	2.833976268768310547e+00	2.841702222824096680e+00	2.856287240982055664e+00	2.879449605941772461e+00	2.913168430328369141e+00	2.944691658020019531e+00	2.928686857223510742e+00	2.903562545776367188e+00	2.877754211425781250e+00	2.855015039443969727e+00	2.839608907699584961e+00	2.831150770187377930e+00	2.828147411346435547e+00	2.828692197799682617e+00	2.831076860427856445e+00	2.833853006362915039e+00	2.836045265197753906e+00	2.837470293045043945e+00	2.839000940322875977e+00	2.842724800109863281e+00	2.851361513137817383e+00	2.867101669311523438e+00	2.890843391418457031e+00	2.922038316726684570e+00	2.958173751831054688e+00	2.992204427719116211e+00	3.011010408401489258e+00	3.003901481628417969e+00	2.976652383804321289e+00	2.941648006439208984e+00	2.908024072647094727e+00	2.880604743957519531e+00	2.861178874969482422e+00	2.849580526351928711e+00	2.843947887420654297e+00	2.841580152511596680e+00	2.840381622314453125e+00	2.839423179626464844e+00	2.838339090347290039e+00
2.837951660156250000e+00	2.835938692092895508e+00	2.833246469497680664e+00	2.830539941787719727e+00	2.829053401947021484e+00	2.829844236373901367e+00	2.833551168441772461e+00	2.840762615203857422e+00	2.853023529052734375e+00	2.873746871948242188e+00	2.905575752258300781e+00	2.937000036239624023e+00	2.949849843978881836e+00	2.933500528335571289e+00	2.893767595291137695e+00	2.864254236221313477e+00	2.846664667129516602e+00	2.836825370788574219e+00	2.831867456436157227e+00	2.830329418182373047e+00	2.831771850585937500e+00	2.835789203643798828e+00	2.841559171676635742e+00	2.847742080688476562e+00	2.852156877517700195e+00	2.852714300155639648e+00	2.849186897277832031e+00	2.843304634094238281e+00	2.837331056594848633e+00	2.832869052886962891e+00	2.830644130706787109e+00	2.830374240875244141e+00	2.831351041793823242e+00	2.834534883499145508e+00	2.842448711395263672e+00	2.857283592224121094e+00	2.880571365356445312e+00	2.913903713226318359e+00	2.944034814834594727e+00	2.927598714828491211e+00	2.903351783752441406e+00	2.877843379974365234e+00	2.855102539062500000e+00	2.839984416961669922e+00	2.831873416900634766e+00	2.828918695449829102e+00	2.829515457153320312e+00	2.831991910934448242e+00	2.834812879562377930e+00	2.837006092071533203e+00	2.838459968566894531e+00	2.840028285980224609e+00	2.843673944473266602e+00	2.852160692214965820e+00	2.867762804031372070e+00	2.891412258148193359e+00	2.922589302062988281e+00	2.958820343017578125e+00	2.993137836456298828e+00	3.012301683425903320e+00	3.005099534988403320e+00	2.977459430694580078e+00	2.942255735397338867e+00	2.908651828765869141e+00	2.881411314010620117e+00	2.862380743026733398e+00	2.851223468780517578e+00	2.845409393310546875e+00	2.842608451843261719e+00	2.841185569763183594e+00	2.840224266052246094e+00	2.839278697967529297e+00
2.837774515151977539e+00	2.836157798767089844e+00	2.833852052688598633e+00	2.831358909606933594e+00	2.829806804656982422e+00	2.830303430557250977e+00	2.833677768707275391e+00	2.840678691864013672e+00	2.852962493896484375e+00	2.874000549316406250e+00	2.906101226806640625e+00	2.936716794967651367e+00	2.949065685272216797e+00	2.932849884033203125e+00	2.893144369125366211e+00	2.863679170608520508e+00	2.846244573593139648e+00	2.836745738983154297e+00	2.832328796386718750e+00	2.831384420394897461e+00	2.832880973815917969e+00	2.836426258087158203e+00	2.841648340225219727e+00	2.847402095794677734e+00	2.851710081100463867e+00	2.852565765380859375e+00	2.849520921707153320e+00	2.843799114227294922e+00	2.837461471557617188e+00	2.832509040832519531e+00	2.830034017562866211e+00	2.829733848571777344e+00	2.830827951431274414e+00	2.834178686141967773e+00	2.842186450958251953e+00	2.856953382492065430e+00	2.879980564117431641e+00	2.912745237350463867e+00	2.941972732543945312e+00	2.926859855651855469e+00	2.902999162673950195e+00	2.877982139587402344e+00	2.855052947998046875e+00	2.840054988861083984e+00	2.832596778869628906e+00	2.829948425292968750e+00	2.830329656600952148e+00	2.832415103912353516e+00	2.834829330444335938e+00	2.836695432662963867e+00	2.837982416152954102e+00	2.839625358581542969e+00	2.843574047088623047e+00	2.852338314056396484e+00	2.868075370788574219e+00	2.891786098480224609e+00	2.922968149185180664e+00	2.959087610244750977e+00	2.993256092071533203e+00	3.012404918670654297e+00	3.005464553833007812e+00	2.978102684020996094e+00	2.942898988723754883e+00	2.909109115600585938e+00	2.881531953811645508e+00	2.861925601959228516e+00	2.850132226943969727e+00	2.844310760498046875e+00	2.841809034347534180e+00	2.840568304061889648e+00	2.839693069458007812e+00	2.838854312896728516e+00
2.837988853454589844e+00	2.836081981658935547e+00	2.833567857742309570e+00	2.830919742584228516e+00	2.829339027404785156e+00	2.829954862594604492e+00	2.833465337753295898e+00	2.840546369552612305e+00	2.852867603302001953e+00	2.873920440673828125e+00	2.906001806259155273e+00	2.936490297317504883e+00	2.948387861251831055e+00	2.931945562362670898e+00	2.893059492111206055e+00	2.864066123962402344e+00	2.846814393997192383e+00	2.837056875228881836e+00	2.831936120986938477e+00	2.830353975296020508e+00	2.831877231597900391e+00	2.835959911346435547e+00	2.841789960861206055e+00	2.848123550415039062e+00	2.852961063385009766e+00	2.853913307189941406e+00	2.850239753723144531e+00	2.843874931335449219e+00	2.837330102920532227e+00	2.832431554794311523e+00	2.830082178115844727e+00	2.829972743988037109e+00	2.831336975097656250e+00	2.834845066070556641e+00	2.842788934707641602e+00	2.857369661331176758e+00	2.880141258239746094e+00	2.912574768066406250e+00	2.941464424133300781e+00	2.926485061645507812e+00	2.903562068939208984e+00	2.879367113113403320e+00	2.857009410858154297e+00	2.841133117675781250e+00	2.832746267318725586e+00	2.829762697219848633e+00	2.830168247222900391e+00	2.832460403442382812e+00	2.835263729095458984e+00	2.837792158126831055e+00	2.839634180068969727e+00	2.841127634048461914e+00	2.844495534896850586e+00	2.852634429931640625e+00	2.867982387542724609e+00	2.891525745391845703e+00	2.922650098800659180e+00	2.958766222000122070e+00	2.992840528488159180e+00	3.011917114257812500e+00	3.005142927169799805e+00	2.977993488311767578e+00	2.942905902862548828e+00	2.909201383590698242e+00	2.881836652755737305e+00	2.862621545791625977e+00	2.851282119750976562e+00	2.845792055130004883e+00	2.843340635299682617e+00	2.841880559921264648e+00	2.840650796890258789e+00	2.839427947998046875e+00
2.838711261749267578e+00	2.836631536483764648e+00	2.833907127380371094e+00	2.831184864044189453e+00	2.829673051834106445e+00	2.830348014831542969e+00	2.833774805068969727e+00	2.840599060058593750e+00	2.852562904357910156e+00	2.873267412185668945e+00	2.905300617218017578e+00	2.936152696609497070e+00	2.949054718017578125e+00	2.933804750442504883e+00	2.894606590270996094e+00	2.865130662918090820e+00	2.847467899322509766e+00	2.837442398071289062e+00	2.832281112670898438e+00	2.830784082412719727e+00	2.832362174987792969e+00	2.836391925811767578e+00	2.842081785202026367e+00	2.848251104354858398e+00	2.852891683578491211e+00	2.853641510009765625e+00	2.849915266036987305e+00	2.843599557876586914e+00	2.837178707122802734e+00	2.832504272460937500e+00	2.830400228500366211e+00	2.830489873886108398e+00	2.831950426101684570e+00	2.835422039031982422e+00	2.843311309814453125e+00	2.857875823974609375e+00	2.880671739578247070e+00	2.913316965103149414e+00	2.942196846008300781e+00	2.927124500274658203e+00	2.904359340667724609e+00	2.879497289657592773e+00	2.856650829315185547e+00	2.840984821319580078e+00	2.832476615905761719e+00	2.829558849334716797e+00	2.830292940139770508e+00	2.832923650741577148e+00	2.836032867431640625e+00	2.838691711425781250e+00	2.840480566024780273e+00	2.841958999633789062e+00	2.845190286636352539e+00	2.853268861770629883e+00	2.868680238723754883e+00	2.892342090606689453e+00	2.923609733581542969e+00	2.959886550903320312e+00	2.994102954864501953e+00	3.013022661209106445e+00	3.005626916885375977e+00	2.977869987487792969e+00	2.942478656768798828e+00	2.908690929412841797e+00	2.881319522857666016e+00	2.862146854400634766e+00	2.850971937179565430e+00	2.845746040344238281e+00	2.843559741973876953e+00	2.842340707778930664e+00	2.841314554214477539e+00	2.840192794799804688e+00
2.838690996170043945e+00	2.836680889129638672e+00	2.833960294723510742e+00	2.831205129623413086e+00	2.829543113708496094e+00	2.829967021942138672e+00	2.833170175552368164e+00	2.839848518371582031e+00	2.851671934127807617e+00	2.872118473052978516e+00	2.903704166412353516e+00	2.934882879257202148e+00	2.949371337890625000e+00	2.933649301528930664e+00	2.894255638122558594e+00	2.864986419677734375e+00	2.847421169281005859e+00	2.837411165237426758e+00	2.832258224487304688e+00	2.830808877944946289e+00	2.832463741302490234e+00	2.836576461791992188e+00	2.842349529266357422e+00	2.848577976226806641e+00	2.853188276290893555e+00	2.853808403015136719e+00	2.849973917007446289e+00	2.843641757965087891e+00	2.837280750274658203e+00	2.832705020904541016e+00	2.830672264099121094e+00	2.830726623535156250e+00	2.832004785537719727e+00	2.835197448730468750e+00	2.842809677124023438e+00	2.857209444046020508e+00	2.879913091659545898e+00	2.912186145782470703e+00	2.941017389297485352e+00	2.927949190139770508e+00	2.905446052551269531e+00	2.879817485809326172e+00	2.856451511383056641e+00	2.840581417083740234e+00	2.832249164581298828e+00	2.829577684402465820e+00	2.830463409423828125e+00	2.833092927932739258e+00	2.836011886596679688e+00	2.838317632675170898e+00	2.839779376983642578e+00	2.841145277023315430e+00	2.844601154327392578e+00	2.853045940399169922e+00	2.868787050247192383e+00	2.892727851867675781e+00	2.924226999282836914e+00	2.960598945617675781e+00	2.994563817977905273e+00	3.012876749038696289e+00	3.005015373229980469e+00	2.977085590362548828e+00	2.941692829132080078e+00	2.908035755157470703e+00	2.880863428115844727e+00	2.861862897872924805e+00	2.850693225860595703e+00	2.845247268676757812e+00	2.842820882797241211e+00	2.841583967208862305e+00	2.840772628784179688e+00	2.839954376220703125e+00
2.837776899337768555e+00	2.835974931716918945e+00	2.833339452743530273e+00	2.830534219741821289e+00	2.828782320022583008e+00	2.829175710678100586e+00	2.832425355911254883e+00	2.839228153228759766e+00	2.851247072219848633e+00	2.871790885925292969e+00	2.902897357940673828e+00	2.933990955352783203e+00	2.949266910552978516e+00	2.933243274688720703e+00	2.893948554992675781e+00	2.864631891250610352e+00	2.846757411956787109e+00	2.836550474166870117e+00	2.831331491470336914e+00	2.829863071441650391e+00	2.831501245498657227e+00	2.835613727569580078e+00	2.841420412063598633e+00	2.847675323486328125e+00	2.852235078811645508e+00	2.852823495864868164e+00	2.849111557006835938e+00	2.842934370040893555e+00	2.836661815643310547e+00	2.832107543945312500e+00	2.830063343048095703e+00	2.830110788345336914e+00	2.831492900848388672e+00	2.835145473480224609e+00	2.843096017837524414e+00	2.856740474700927734e+00	2.878629446029663086e+00	2.909790754318237305e+00	2.939072132110595703e+00	2.928496837615966797e+00	2.905170202255249023e+00	2.878610849380493164e+00	2.855035305023193359e+00	2.839456796646118164e+00	2.831501722335815430e+00	2.829057693481445312e+00	2.829960346221923828e+00	2.832389354705810547e+00	2.834951877593994141e+00	2.836862564086914062e+00	2.838064670562744141e+00	2.839484214782714844e+00	2.843239068984985352e+00	2.851982593536376953e+00	2.867846012115478516e+00	2.891717195510864258e+00	2.922999858856201172e+00	2.959052801132202148e+00	2.992709159851074219e+00	3.010900735855102539e+00	3.003163337707519531e+00	2.975568294525146484e+00	2.940506458282470703e+00	2.907065153121948242e+00	2.879986763000488281e+00	2.860949277877807617e+00	2.849594593048095703e+00	2.843894243240356445e+00	2.841320037841796875e+00	2.840115308761596680e+00	2.839440107345581055e+00	2.838807344436645508e+00
2.837315559387207031e+00	2.835527420043945312e+00	2.832828044891357422e+00	2.829909563064575195e+00	2.828047037124633789e+00	2.828387022018432617e+00	2.831679344177246094e+00	2.838587760925292969e+00	2.850674867630004883e+00	2.871196269989013672e+00	2.902482271194458008e+00	2.934492111206054688e+00	2.949337005615234375e+00	2.932307243347167969e+00	2.892502784729003906e+00	2.863114356994628906e+00	2.845475435256958008e+00	2.835503101348876953e+00	2.830473423004150391e+00	2.829162120819091797e+00	2.830954551696777344e+00	2.835243225097656250e+00	2.841207265853881836e+00	2.847527265548706055e+00	2.852070569992065430e+00	2.852640867233276367e+00	2.848932504653930664e+00	2.842746973037719727e+00	2.836434125900268555e+00	2.831814765930175781e+00	2.829657077789306641e+00	2.829472780227661133e+00	2.830472707748413086e+00	2.833591461181640625e+00	2.841374397277832031e+00	2.855963468551635742e+00	2.878532648086547852e+00	2.909615278244018555e+00	2.937405586242675781e+00	2.926276683807373047e+00	2.902169466018676758e+00	2.875954151153564453e+00	2.853023767471313477e+00	2.838033437728881836e+00	2.830593109130859375e+00	2.828591823577880859e+00	2.829806804656982422e+00	2.832333087921142578e+00	2.834756612777709961e+00	2.836359977722167969e+00	2.837237596511840820e+00	2.838450908660888672e+00	2.842137098312377930e+00	2.850898981094360352e+00	2.866780042648315430e+00	2.890593051910400391e+00	2.921724319458007812e+00	2.957594633102416992e+00	2.991272687911987305e+00	3.009923219680786133e+00	3.002666473388671875e+00	2.975356817245483398e+00	2.940459489822387695e+00	2.907049417495727539e+00	2.879852294921875000e+00	2.860537767410278320e+00	2.848843097686767578e+00	2.842938899993896484e+00	2.840373039245605469e+00	2.839293956756591797e+00	2.838769197463989258e+00	2.838264703750610352e+00
2.835339546203613281e+00	2.833518743515014648e+00	2.830713510513305664e+00	2.827650308609008789e+00	2.825635194778442383e+00	2.825863599777221680e+00	2.829163551330566406e+00	2.836255073547363281e+00	2.848686456680297852e+00	2.869651079177856445e+00	2.901408910751342773e+00	2.933962106704711914e+00	2.948542833328247070e+00	2.931154251098632812e+00	2.890882492065429688e+00	2.860913991928100586e+00	2.842866659164428711e+00	2.832721710205078125e+00	2.827705621719360352e+00	2.826473474502563477e+00	2.828311920166015625e+00	2.832553863525390625e+00	2.838342905044555664e+00	2.844382524490356445e+00	2.848695993423461914e+00	2.849325895309448242e+00	2.845905065536499023e+00	2.839960336685180664e+00	2.833721160888671875e+00	2.829010009765625000e+00	2.826651811599731445e+00	2.826264142990112305e+00	2.827222824096679688e+00	2.830573558807373047e+00	2.838751792907714844e+00	2.853747844696044922e+00	2.876711845397949219e+00	2.908189773559570312e+00	2.936271190643310547e+00	2.924437522888183594e+00	2.899141073226928711e+00	2.872265100479125977e+00	2.849056720733642578e+00	2.834188222885131836e+00	2.827065706253051758e+00	2.825380802154541016e+00	2.826861619949340820e+00	2.829598188400268555e+00	2.832154750823974609e+00	2.833793163299560547e+00	2.834653615951538086e+00	2.835882425308227539e+00	2.839654445648193359e+00	2.848532676696777344e+00	2.864496231079101562e+00	2.888333082199096680e+00	2.919453144073486328e+00	2.955313205718994141e+00	2.988974571228027344e+00	3.007535696029663086e+00	3.000112771987915039e+00	2.972696781158447266e+00	2.937773704528808594e+00	2.904326915740966797e+00	2.877048015594482422e+00	2.857645034790039062e+00	2.845919370651245117e+00	2.840093612670898438e+00	2.837726354598999023e+00	2.836900949478149414e+00	2.836595535278320312e+00	2.836232423782348633e+00
2.834932565689086914e+00	2.833067893981933594e+00	2.830189943313598633e+00	2.827060699462890625e+00	2.824988126754760742e+00	2.825166702270507812e+00	2.828445196151733398e+00	2.835572004318237305e+00	2.848084211349487305e+00	2.869123458862304688e+00	2.900960445404052734e+00	2.933732748031616211e+00	2.948225021362304688e+00	2.930982351303100586e+00	2.890631675720214844e+00	2.860399961471557617e+00	2.842165470123291016e+00	2.831981420516967773e+00	2.827048778533935547e+00	2.825934171676635742e+00	2.827843904495239258e+00	2.832058668136596680e+00	2.837709188461303711e+00	2.843557596206665039e+00	2.847763776779174805e+00	2.848495483398437500e+00	2.845309972763061523e+00	2.839561700820922852e+00	2.833391666412353516e+00	2.828604936599731445e+00	2.826059579849243164e+00	2.825478792190551758e+00	2.826397180557250977e+00	2.829905509948730469e+00	2.838311672210693359e+00	2.853492736816406250e+00	2.876578330993652344e+00	2.908088684082031250e+00	2.935832262039184570e+00	2.923354148864746094e+00	2.898743867874145508e+00	2.871724367141723633e+00	2.848103523254394531e+00	2.833261013031005859e+00	2.826325893402099609e+00	2.824796438217163086e+00	2.826365232467651367e+00	2.829150199890136719e+00	2.831730365753173828e+00	2.833349943161010742e+00	2.834175109863281250e+00	2.835422754287719727e+00	2.839301109313964844e+00	2.848335266113281250e+00	2.864441871643066406e+00	2.888377189636230469e+00	2.919572830200195312e+00	2.955546140670776367e+00	2.989320993423461914e+00	3.007785797119140625e+00	3.000051975250244141e+00	2.972259998321533203e+00	2.937106132507324219e+00	2.903596401214599609e+00	2.876311540603637695e+00	2.856874704360961914e+00	2.845086336135864258e+00	2.839242935180664062e+00	2.836954116821289062e+00	2.836265087127685547e+00	2.836089372634887695e+00	2.835808038711547852e+00
2.833783626556396484e+00	2.831784248352050781e+00	2.828801393508911133e+00	2.825591564178466797e+00	2.823475360870361328e+00	2.823672056198120117e+00	2.827070951461791992e+00	2.834445953369140625e+00	2.847229003906250000e+00	2.868240833282470703e+00	2.899478912353515625e+00	2.932707071304321289e+00	2.948757886886596680e+00	2.930760860443115234e+00	2.890164852142333984e+00	2.859562158584594727e+00	2.841117143630981445e+00	2.830939531326293945e+00	2.826200962066650391e+00	2.825338125228881836e+00	2.827431201934814453e+00	2.831709146499633789e+00	2.837328433990478516e+00	2.843130111694335938e+00	2.847396135330200195e+00	2.848344326019287109e+00	2.845386981964111328e+00	2.839712142944335938e+00	2.833396911621093750e+00	2.828226566314697266e+00	2.825105667114257812e+00	2.823987245559692383e+00	2.824741363525390625e+00	2.828439950942993164e+00	2.837081193923950195e+00	2.852389812469482422e+00	2.875557899475097656e+00	2.907101631164550781e+00	2.935584068298339844e+00	2.923727273941040039e+00	2.897808790206909180e+00	2.870372533798217773e+00	2.846624612808227539e+00	2.832042455673217773e+00	2.825374126434326172e+00	2.823948383331298828e+00	2.825452804565429688e+00	2.828068256378173828e+00	2.830463409423828125e+00	2.831948041915893555e+00	2.832745790481567383e+00	2.834125995635986328e+00	2.838277339935302734e+00	2.847618818283081055e+00	2.863948345184326172e+00	2.887948036193847656e+00	2.919028997421264648e+00	2.954724073410034180e+00	2.988160610198974609e+00	3.006571531295776367e+00	2.999313354492187500e+00	2.972167968750000000e+00	2.937451124191284180e+00	2.904083967208862305e+00	2.876708745956420898e+00	2.856999397277832031e+00	2.844837665557861328e+00	2.838664531707763672e+00	2.836199045181274414e+00	2.835446119308471680e+00	2.835206270217895508e+00	2.834807634353637695e+00
2.836859464645385742e+00	2.834630966186523438e+00	2.831617116928100586e+00	2.828599929809570312e+00	2.826862812042236328e+00	2.827466487884521484e+00	2.831031084060668945e+00	2.838118076324462891e+00	2.850203037261962891e+00	2.870360851287841797e+00	2.900779724121093750e+00	2.932507276535034180e+00	2.947883605957031250e+00	2.932890415191650391e+00	2.893824338912963867e+00	2.864542722702026367e+00	2.846996068954467773e+00	2.836563110351562500e+00	2.830747127532958984e+00	2.828743219375610352e+00	2.830171823501586914e+00	2.834524154663085938e+00	2.841074705123901367e+00	2.848546504974365234e+00	2.854307413101196289e+00	2.854964733123779297e+00	2.850228071212768555e+00	2.843031167984008789e+00	2.836075782775878906e+00	2.831199169158935547e+00	2.829251766204833984e+00	2.829781532287597656e+00	2.831294298171997070e+00	2.833904743194580078e+00	2.840827703475952148e+00	2.854699134826660156e+00	2.876969575881958008e+00	2.908406496047973633e+00	2.938135385513305664e+00	2.927008628845214844e+00	2.902466058731079102e+00	2.877022266387939453e+00	2.853843688964843750e+00	2.838007926940917969e+00	2.829687118530273438e+00	2.827136039733886719e+00	2.828185796737670898e+00	2.830888271331787109e+00	2.833746194839477539e+00	2.835858345031738281e+00	2.837146520614624023e+00	2.838560581207275391e+00	2.842155456542968750e+00	2.850567579269409180e+00	2.866020202636718750e+00	2.889511108398437500e+00	2.920536518096923828e+00	2.956607341766357422e+00	2.990669250488281250e+00	3.009249925613403320e+00	3.001477003097534180e+00	2.973755598068237305e+00	2.938671112060546875e+00	2.905222177505493164e+00	2.878163099288940430e+00	2.859253168106079102e+00	2.848223447799682617e+00	2.843034744262695312e+00	2.840935707092285156e+00	2.839938640594482422e+00	2.839183807373046875e+00	2.838274478912353516e+00
2.830752611160278320e+00	2.828008890151977539e+00	2.824876070022583008e+00	2.822164535522460938e+00	2.820783138275146484e+00	2.821478128433227539e+00	2.824848651885986328e+00	2.831592559814453125e+00	2.843359231948852539e+00	2.863535881042480469e+00	2.895009756088256836e+00	2.929332494735717773e+00	2.949000835418701172e+00	2.935942411422729492e+00	2.893483638763427734e+00	2.861706733703613281e+00	2.842615365982055664e+00	2.831489562988281250e+00	2.825397729873657227e+00	2.823199510574340820e+00	2.824351310729980469e+00	2.828194141387939453e+00	2.833982944488525391e+00	2.840646505355834961e+00	2.845929384231567383e+00	2.846879243850708008e+00	2.842978715896606445e+00	2.836473941802978516e+00	2.829880237579345703e+00	2.825097322463989258e+00	2.823040008544921875e+00	2.823267459869384766e+00	2.824694871902465820e+00	2.827875852584838867e+00	2.835395812988281250e+00	2.849699258804321289e+00	2.872392892837524414e+00	2.905364990234375000e+00	2.936521530151367188e+00	2.922499895095825195e+00	2.897522449493408203e+00	2.872587680816650391e+00	2.848465442657470703e+00	2.832243442535400391e+00	2.823559045791625977e+00	2.820463657379150391e+00	2.821051359176635742e+00	2.823726654052734375e+00	2.827025413513183594e+00	2.829649686813354492e+00	2.831130266189575195e+00	2.832540512084960938e+00	2.836291790008544922e+00	2.845173358917236328e+00	2.861310482025146484e+00	2.885567903518676758e+00	2.917422056198120117e+00	2.954373359680175781e+00	2.988960742950439453e+00	3.006725072860717773e+00	2.997279644012451172e+00	2.968391418457031250e+00	2.932887077331542969e+00	2.899459362030029297e+00	2.872539758682250977e+00	2.853750228881835938e+00	2.842781305313110352e+00	2.837605237960815430e+00	2.835534811019897461e+00	2.834606170654296875e+00	2.833844184875488281e+00	2.832684993743896484e+00
2.822325229644775391e+00	2.819814682006835938e+00	2.817058324813842773e+00	2.814730167388916016e+00	2.813583374023437500e+00	2.814301967620849609e+00	2.817438125610351562e+00	2.823654651641845703e+00	2.834625005722045898e+00	2.854115009307861328e+00	2.886527299880981445e+00	2.924153089523315430e+00	2.946187496185302734e+00	2.933414220809936523e+00	2.890062808990478516e+00	2.857330322265625000e+00	2.837386369705200195e+00	2.825406074523925781e+00	2.818279266357421875e+00	2.814879179000854492e+00	2.815038204193115234e+00	2.818532466888427734e+00	2.824580192565917969e+00	2.831630229949951172e+00	2.837194919586181641e+00	2.838676929473876953e+00	2.835621118545532227e+00	2.829889059066772461e+00	2.823846101760864258e+00	2.819368124008178711e+00	2.817395210266113281e+00	2.817581653594970703e+00	2.818988561630249023e+00	2.822262048721313477e+00	2.829857826232910156e+00	2.843924283981323242e+00	2.865899801254272461e+00	2.898169517517089844e+00	2.926957130432128906e+00	2.899170637130737305e+00	2.878896713256835938e+00	2.859616279602050781e+00	2.838318586349487305e+00	2.823208332061767578e+00	2.815515756607055664e+00	2.813066482543945312e+00	2.813711404800415039e+00	2.815867662429809570e+00	2.818442583084106445e+00	2.820756435394287109e+00	2.822695493698120117e+00	2.825195550918579102e+00	2.830325603485107422e+00	2.840502500534057617e+00	2.857594490051269531e+00	2.882394790649414062e+00	2.914434194564819336e+00	2.951236486434936523e+00	2.985312223434448242e+00	3.002469539642333984e+00	2.992128133773803711e+00	2.962269544601440430e+00	2.926369190216064453e+00	2.892948865890502930e+00	2.866073369979858398e+00	2.847139120101928711e+00	2.835730791091918945e+00	2.829895019531250000e+00	2.827227830886840820e+00	2.826003551483154297e+00	2.825213909149169922e+00	2.824134826660156250e+00
2.810606241226196289e+00	2.808608531951904297e+00	2.805857896804809570e+00	2.803123474121093750e+00	2.801123380661010742e+00	2.800514936447143555e+00	2.802033185958862305e+00	2.806706666946411133e+00	2.816241741180419922e+00	2.833475351333618164e+00	2.862122535705566406e+00	2.903624057769775391e+00	2.943368434906005859e+00	2.925089120864868164e+00	2.880273103713989258e+00	2.845667362213134766e+00	2.823786020278930664e+00	2.810570240020751953e+00	2.803294420242309570e+00	2.800445556640625000e+00	2.801053285598754883e+00	2.804279565811157227e+00	2.809123039245605469e+00	2.814324140548706055e+00	2.818404912948608398e+00	2.819946765899658203e+00	2.818255901336669922e+00	2.813932657241821289e+00	2.808512926101684570e+00	2.803578376770019531e+00	2.800292253494262695e+00	2.799510002136230469e+00	2.801874876022338867e+00	2.807862281799316406e+00	2.818081617355346680e+00	2.833253860473632812e+00	2.852972745895385742e+00	2.870330333709716797e+00	2.870555877685546875e+00	2.847298145294189453e+00	2.824601411819458008e+00	2.811090230941772461e+00	2.803368806838989258e+00	2.799680948257446289e+00	2.798889636993408203e+00	2.799926757812500000e+00	2.801792860031127930e+00	2.803645133972167969e+00	2.805031299591064453e+00	2.806092739105224609e+00	2.807556390762329102e+00	2.810692787170410156e+00	2.817114114761352539e+00	2.828317642211914062e+00	2.845484256744384766e+00	2.869289398193359375e+00	2.899647235870361328e+00	2.934714555740356445e+00	2.967921257019042969e+00	2.985607624053955078e+00	2.975564718246459961e+00	2.945942163467407227e+00	2.911058902740478516e+00	2.878719091415405273e+00	2.852121829986572266e+00	2.832316875457763672e+00	2.819278955459594727e+00	2.812136888504028320e+00	2.809463024139404297e+00	2.809530496597290039e+00	2.810612916946411133e+00	2.811257600784301758e+00
2.788448572158813477e+00	2.788908243179321289e+00	2.789213895797729492e+00	2.788647413253784180e+00	2.788348913192749023e+00	2.789282083511352539e+00	2.791363239288330078e+00	2.794144153594970703e+00	2.797180891036987305e+00	2.799415588378906250e+00	2.799781084060668945e+00	2.799008131027221680e+00	2.796776771545410156e+00	2.792337179183959961e+00	2.787974357604980469e+00	2.784106016159057617e+00	2.780926704406738281e+00	2.778700351715087891e+00	2.777416467666625977e+00	2.776722908020019531e+00	2.776202917098999023e+00	2.776563882827758789e+00	2.777976274490356445e+00	2.779772996902465820e+00	2.781135320663452148e+00	2.781459331512451172e+00	2.781541824340820312e+00	2.782579660415649414e+00	2.783580303192138672e+00	2.783666849136352539e+00	2.783415555953979492e+00	2.782198905944824219e+00	2.780506372451782227e+00	2.780035495758056641e+00	2.781364202499389648e+00	2.784723997116088867e+00	2.789542198181152344e+00	2.791869163513183594e+00	2.790342092514038086e+00	2.787027359008789062e+00	2.783313751220703125e+00	2.781000375747680664e+00	2.781074047088623047e+00	2.782752513885498047e+00	2.784680604934692383e+00	2.787450313568115234e+00	2.790430068969726562e+00	2.791396617889404297e+00	2.790058135986328125e+00	2.788356542587280273e+00	2.786553621292114258e+00	2.784206628799438477e+00	2.783231496810913086e+00	2.784383296966552734e+00	2.787685155868530273e+00	2.792880535125732422e+00	2.799905776977539062e+00	2.808880805969238281e+00	2.819295167922973633e+00	2.829194545745849609e+00	2.834435939788818359e+00	2.832395553588867188e+00	2.825381517410278320e+00	2.816291093826293945e+00	2.808092355728149414e+00	2.802011251449584961e+00	2.797882318496704102e+00	2.795129060745239258e+00	2.793342113494873047e+00	2.792319297790527344e+00	2.791009664535522461e+00	2.789221763610839844e+00
2.802784204483032227e+00	2.800252914428710938e+00	2.798873901367187500e+00	2.799786329269409180e+00	2.804134130477905273e+00	2.813291549682617188e+00	2.829724311828613281e+00	2.852757453918457031e+00	2.870027542114257812e+00	2.882351160049438477e+00	2.870267152786254883e+00	2.855813026428222656e+00	2.843405246734619141e+00	2.829475402832031250e+00	2.816951036453247070e+00	2.808171033859252930e+00	2.802792549133300781e+00	2.800559520721435547e+00	2.800631999969482422e+00	2.802070140838623047e+00	2.804099559783935547e+00	2.806361913681030273e+00	2.808229684829711914e+00	2.808829545974731445e+00	2.807874679565429688e+00	2.805986642837524414e+00	2.804090023040771484e+00	2.802614212036132812e+00	2.801549196243286133e+00	2.801257848739624023e+00	2.802446365356445312e+00	2.805831670761108398e+00	2.812760591506958008e+00	2.824943542480468750e+00	2.843777656555175781e+00	2.869632482528686523e+00	2.882193326950073242e+00	2.881641626358032227e+00	2.866765260696411133e+00	2.848542690277099609e+00	2.831098079681396484e+00	2.816198587417602539e+00	2.805527925491333008e+00	2.799433469772338867e+00	2.797186613082885742e+00	2.797449588775634766e+00	2.798913478851318359e+00	2.801038503646850586e+00	2.803291320800781250e+00	2.805272340774536133e+00	2.807057380676269531e+00	2.808400869369506836e+00	2.810187101364135742e+00	2.813678026199340820e+00	2.820115566253662109e+00	2.830688714981079102e+00	2.846492052078247070e+00	2.867901325225830078e+00	2.893353223800659180e+00	2.918879985809326172e+00	2.937759399414062500e+00	2.943937301635742188e+00	2.933768033981323242e+00	2.911407470703125000e+00	2.884321689605712891e+00	2.858639001846313477e+00	2.838134527206420898e+00	2.824139356613159180e+00	2.815921545028686523e+00	2.811354160308837891e+00	2.808480501174926758e+00	2.805712461471557617e+00
2.836025238037109375e+00	2.833290338516235352e+00	2.832982778549194336e+00	2.837948560714721680e+00	2.853398323059082031e+00	2.891573667526245117e+00	2.964815139770507812e+00	3.035531759262084961e+00	2.973958730697631836e+00	2.937206506729125977e+00	2.900308370590209961e+00	2.871404647827148438e+00	2.852302789688110352e+00	2.840707778930664062e+00	2.834728956222534180e+00	2.832536697387695312e+00	2.832494020462036133e+00	2.833913326263427734e+00	2.836912870407104492e+00	2.841324329376220703e+00	2.845906496047973633e+00	2.849144220352172852e+00	2.850169658660888672e+00	2.848177194595336914e+00	2.843965768814086914e+00	2.839420318603515625e+00	2.836044788360595703e+00	2.834579229354858398e+00	2.835132837295532227e+00	2.837453603744506836e+00	2.841571092605590820e+00	2.848987817764282227e+00	2.862488508224487305e+00	2.885452508926391602e+00	2.922320365905761719e+00	2.974588632583618164e+00	2.980239868164062500e+00	2.936054706573486328e+00	2.897559165954589844e+00	2.870845794677734375e+00	2.853260755538940430e+00	2.841987371444702148e+00	2.834828853607177734e+00	2.830926179885864258e+00	2.829894542694091797e+00	2.830958604812622070e+00	2.833269596099853516e+00	2.836186170578002930e+00	2.839200258255004883e+00	2.841957569122314453e+00	2.844282150268554688e+00	2.846170663833618164e+00	2.847754478454589844e+00	2.849413156509399414e+00	2.852023124694824219e+00	2.857201576232910156e+00	2.867320775985717773e+00	2.884294033050537109e+00	2.908410787582397461e+00	2.937786102294921875e+00	2.967298984527587891e+00	2.987901449203491211e+00	2.990054130554199219e+00	2.972308158874511719e+00	2.943130970001220703e+00	2.912179708480834961e+00	2.885512828826904297e+00	2.865851879119873047e+00	2.853589057922363281e+00	2.846958875656127930e+00	2.842994213104248047e+00	2.839510202407836914e+00
2.834934234619140625e+00	2.832175016403198242e+00	2.831872463226318359e+00	2.836795330047607422e+00	2.852314949035644531e+00	2.892154932022094727e+00	2.969244956970214844e+00	3.012816905975341797e+00	2.963788986206054688e+00	2.943234443664550781e+00	2.901414394378662109e+00	2.869647264480590820e+00	2.850546598434448242e+00	2.839636325836181641e+00	2.834083557128906250e+00	2.831963777542114258e+00	2.831859350204467773e+00	2.833165884017944336e+00	2.835932493209838867e+00	2.840020656585693359e+00	2.844632625579833984e+00	2.848212957382202148e+00	2.849185943603515625e+00	2.847078800201416016e+00	2.843041419982910156e+00	2.838943719863891602e+00	2.835958957672119141e+00	2.834545135498046875e+00	2.834877014160156250e+00	2.836981058120727539e+00	2.841347694396972656e+00	2.849687337875366211e+00	2.864773511886596680e+00	2.890304327011108398e+00	2.932929992675781250e+00	3.000769853591918945e+00	2.979876518249511719e+00	2.927566289901733398e+00	2.892703771591186523e+00	2.867883920669555664e+00	2.851131677627563477e+00	2.840947628021240234e+00	2.834763050079345703e+00	2.830928325653076172e+00	2.829756975173950195e+00	2.830879449844360352e+00	2.833292007446289062e+00	2.836179733276367188e+00	2.839065551757812500e+00	2.841670751571655273e+00	2.843831062316894531e+00	2.845541238784790039e+00	2.847033500671386719e+00	2.848779201507568359e+00	2.851564407348632812e+00	2.856883525848388672e+00	2.866978406906127930e+00	2.883848905563354492e+00	2.907899379730224609e+00	2.937333106994628906e+00	2.967055320739746094e+00	2.988078832626342773e+00	2.990823268890380859e+00	2.973464012145996094e+00	2.944229602813720703e+00	2.912941694259643555e+00	2.885831356048583984e+00	2.865629911422729492e+00	2.852781772613525391e+00	2.845774650573730469e+00	2.841784238815307617e+00	2.838413953781127930e+00
2.833314180374145508e+00	2.830100536346435547e+00	2.829407691955566406e+00	2.833904743194580078e+00	2.848958015441894531e+00	2.888138294219970703e+00	2.968804121017456055e+00	3.008355140686035156e+00	2.961200714111328125e+00	2.947493553161621094e+00	2.902673959732055664e+00	2.867403745651245117e+00	2.847901344299316406e+00	2.837099075317382812e+00	2.831771612167358398e+00	2.829807996749877930e+00	2.829810857772827148e+00	2.831209421157836914e+00	2.833900213241577148e+00	2.837664127349853516e+00	2.841840982437133789e+00	2.845204830169677734e+00	2.846201419830322266e+00	2.844245910644531250e+00	2.840561866760253906e+00	2.836818218231201172e+00	2.834025621414184570e+00	2.832801103591918945e+00	2.833255052566528320e+00	2.835310935974121094e+00	2.839597702026367188e+00	2.847966670989990234e+00	2.863137722015380859e+00	2.888744354248046875e+00	2.932272434234619141e+00	2.997189521789550781e+00	2.970095872879028320e+00	2.921445369720458984e+00	2.888777017593383789e+00	2.864809513092041016e+00	2.847792148590087891e+00	2.836728572845458984e+00	2.830444812774658203e+00	2.827785730361938477e+00	2.827690839767456055e+00	2.829222679138183594e+00	2.831621408462524414e+00	2.834499120712280273e+00	2.837502479553222656e+00	2.840319156646728516e+00	2.842682361602783203e+00	2.844447135925292969e+00	2.845727920532226562e+00	2.847034454345703125e+00	2.849468469619750977e+00	2.854652643203735352e+00	2.864771604537963867e+00	2.881820201873779297e+00	2.906039953231811523e+00	2.935479640960693359e+00	2.965144157409667969e+00	2.986156702041625977e+00	2.989315509796142578e+00	2.972743034362792969e+00	2.943952560424804688e+00	2.912648439407348633e+00	2.885361433029174805e+00	2.865087032318115234e+00	2.852334976196289062e+00	2.845361948013305664e+00	2.841155290603637695e+00	2.837334156036376953e+00
2.818090915679931641e+00	2.815639495849609375e+00	2.813727617263793945e+00	2.813054800033569336e+00	2.814563035964965820e+00	2.819158315658569336e+00	2.827653408050537109e+00	2.841492652893066406e+00	2.868473529815673828e+00	2.887107372283935547e+00	2.894288063049316406e+00	2.893585205078125000e+00	2.880914926528930664e+00	2.852512359619140625e+00	2.833485841751098633e+00	2.823424100875854492e+00	2.818535089492797852e+00	2.816709280014038086e+00	2.816656112670898438e+00	2.817805290222167969e+00	2.819796323776245117e+00	2.822100639343261719e+00	2.824191808700561523e+00	2.825720787048339844e+00	2.826411247253417969e+00	2.826005220413208008e+00	2.824540376663208008e+00	2.822010755538940430e+00	2.819450616836547852e+00	2.818220853805541992e+00	2.819379329681396484e+00	2.823879718780517578e+00	2.832989215850830078e+00	2.849247455596923828e+00	2.875326156616210938e+00	2.898401260375976562e+00	2.897847652435302734e+00	2.895289421081542969e+00	2.900904178619384766e+00	2.902349233627319336e+00	2.895055294036865234e+00	2.873985052108764648e+00	2.849902868270874023e+00	2.830996036529541016e+00	2.820800304412841797e+00	2.816154718399047852e+00	2.815072059631347656e+00	2.816564798355102539e+00	2.819397211074829102e+00	2.822369337081909180e+00	2.824857234954833984e+00	2.827151536941528320e+00	2.830469131469726562e+00	2.836763620376586914e+00	2.848163604736328125e+00	2.865697145462036133e+00	2.888784408569335938e+00	2.915656328201293945e+00	2.943074226379394531e+00	2.965456247329711914e+00	2.975750684738159180e+00	2.969788551330566406e+00	2.949648141860961914e+00	2.922451257705688477e+00	2.895042896270751953e+00	2.871048688888549805e+00	2.852113962173461914e+00	2.838819026947021484e+00	2.830653429031372070e+00	2.826025009155273438e+00	2.823193550109863281e+00	2.820718288421630859e+00
2.833473205566406250e+00	2.827548742294311523e+00	2.824533700942993164e+00	2.825578451156616211e+00	2.832366228103637695e+00	2.848534107208251953e+00	2.876064777374267578e+00	2.880787849426269531e+00	2.871430635452270508e+00	2.860444545745849609e+00	2.847048044204711914e+00	2.835634231567382812e+00	2.828680992126464844e+00	2.825900077819824219e+00	2.826064348220825195e+00	2.827730894088745117e+00	2.830077171325683594e+00	2.832950592041015625e+00	2.835963010787963867e+00	2.838606357574462891e+00	2.840149402618408203e+00	2.839818716049194336e+00	2.837464570999145508e+00	2.833954095840454102e+00	2.830658912658691406e+00	2.828505277633666992e+00	2.827982187271118164e+00	2.829814434051513672e+00	2.834762811660766602e+00	2.844254970550537109e+00	2.860726118087768555e+00	2.886715173721313477e+00	2.920559883117675781e+00	2.922572135925292969e+00	2.887393951416015625e+00	2.862872362136840820e+00	2.847942590713500977e+00	2.837973594665527344e+00	2.831036090850830078e+00	2.826748609542846680e+00	2.824585199356079102e+00	2.824109792709350586e+00	2.825180292129516602e+00	2.827245473861694336e+00	2.829508304595947266e+00	2.831179141998291016e+00	2.831837415695190430e+00	2.831603765487670898e+00	2.830900907516479492e+00	2.830222129821777344e+00	2.830022335052490234e+00	2.830664873123168945e+00	2.832337141036987305e+00	2.834914207458496094e+00	2.838111639022827148e+00	2.842199563980102539e+00	2.848345041275024414e+00	2.858629703521728516e+00	2.875835657119750977e+00	2.901961088180541992e+00	2.937447547912597656e+00	2.981112480163574219e+00	3.029317378997802734e+00	3.074750423431396484e+00	3.079650878906250000e+00	3.024059772491455078e+00	2.969832420349121094e+00	2.925661325454711914e+00	2.892010688781738281e+00	2.868196487426757812e+00	2.852326869964599609e+00	2.841541767120361328e+00
2.840918779373168945e+00	2.833033561706542969e+00	2.828283071517944336e+00	2.825758218765258789e+00	2.825185060501098633e+00	2.826171875000000000e+00	2.827543258666992188e+00	2.827708244323730469e+00	2.826464653015136719e+00	2.824611663818359375e+00	2.823080539703369141e+00	2.822758674621582031e+00	2.823953390121459961e+00	2.826476812362670898e+00	2.829588174819946289e+00	2.832406282424926758e+00	2.834444284439086914e+00	2.835526227951049805e+00	2.835604190826416016e+00	2.834648370742797852e+00	2.832662820816040039e+00	2.829824924468994141e+00	2.826712131500244141e+00	2.824362754821777344e+00	2.823565721511840820e+00	2.824554443359375000e+00	2.827666997909545898e+00	2.833439350128173828e+00	2.843501806259155273e+00	2.860137701034545898e+00	2.884544849395751953e+00	2.912621259689331055e+00	2.917921304702758789e+00	2.887299537658691406e+00	2.859739065170288086e+00	2.842106580734252930e+00	2.831563711166381836e+00	2.825594663619995117e+00	2.822937488555908203e+00	2.823017120361328125e+00	2.824934959411621094e+00	2.827405691146850586e+00	2.830247163772583008e+00	2.833317041397094727e+00	2.835615873336791992e+00	2.836147308349609375e+00	2.834368944168090820e+00	2.830647230148315430e+00	2.826364994049072266e+00	2.822871685028076172e+00	2.820788621902465820e+00	2.820127487182617188e+00	2.820642948150634766e+00	2.822048187255859375e+00	2.824290275573730469e+00	2.827466487884521484e+00	2.830988168716430664e+00	2.836720705032348633e+00	2.846287250518798828e+00	2.861063241958618164e+00	2.883183479309082031e+00	2.914769649505615234e+00	2.956695079803466797e+00	3.005312919616699219e+00	3.044903755187988281e+00	3.046399831771850586e+00	3.015395402908325195e+00	2.974900484085083008e+00	2.934990644454956055e+00	2.900358438491821289e+00	2.873101711273193359e+00	2.853650093078613281e+00
2.839326858520507812e+00	2.831462383270263672e+00	2.826857089996337891e+00	2.825085401535034180e+00	2.826367378234863281e+00	2.831332683563232422e+00	2.838512420654296875e+00	2.839603185653686523e+00	2.834485530853271484e+00	2.829026460647583008e+00	2.825029373168945312e+00	2.823031187057495117e+00	2.823290109634399414e+00	2.825618267059326172e+00	2.829145431518554688e+00	2.832626819610595703e+00	2.835176467895507812e+00	2.836441755294799805e+00	2.836392879486083984e+00	2.835102558135986328e+00	2.832687139511108398e+00	2.829393863677978516e+00	2.825884819030761719e+00	2.823170185089111328e+00	2.822364807128906250e+00	2.824375867843627930e+00	2.829591274261474609e+00	2.838370323181152344e+00	2.852065086364746094e+00	2.873866081237792969e+00	2.908856391906738281e+00	2.964279890060424805e+00	2.952004194259643555e+00	2.896100044250488281e+00	2.862886428833007812e+00	2.843587636947631836e+00	2.832252979278564453e+00	2.825924158096313477e+00	2.823057413101196289e+00	2.822621107101440430e+00	2.823805570602416992e+00	2.825907230377197266e+00	2.828781366348266602e+00	2.831946134567260742e+00	2.834476709365844727e+00	2.835438728332519531e+00	2.834329366683959961e+00	2.831487178802490234e+00	2.828039646148681641e+00	2.825130939483642578e+00	2.823357343673706055e+00	2.822782993316650391e+00	2.823266983032226562e+00	2.824829578399658203e+00	2.827777624130249023e+00	2.831374645233154297e+00	2.833898305892944336e+00	2.837951660156250000e+00	2.845744848251342773e+00	2.859204053878784180e+00	2.880234241485595703e+00	2.909726142883300781e+00	2.947068691253662109e+00	2.988643169403076172e+00	3.022199630737304688e+00	3.028126239776611328e+00	3.004585266113281250e+00	2.967017173767089844e+00	2.928564310073852539e+00	2.895497560501098633e+00	2.869869232177734375e+00	2.851600885391235352e+00
2.844551563262939453e+00	2.835746765136718750e+00	2.830355405807495117e+00	2.828101396560668945e+00	2.829165697097778320e+00	2.833770036697387695e+00	2.840251922607421875e+00	2.840948581695556641e+00	2.835280418395996094e+00	2.829609394073486328e+00	2.826117753982543945e+00	2.825309753417968750e+00	2.827067375183105469e+00	2.830374240875244141e+00	2.834226131439208984e+00	2.837610006332397461e+00	2.839533090591430664e+00	2.839600563049316406e+00	2.837990045547485352e+00	2.835239887237548828e+00	2.831885814666748047e+00	2.828423023223876953e+00	2.825745820999145508e+00	2.824988603591918945e+00	2.827130317687988281e+00	2.832879543304443359e+00	2.842809438705444336e+00	2.858188152313232422e+00	2.882485151290893555e+00	2.922540187835693359e+00	2.973995923995971680e+00	2.949034214019775391e+00	2.907027482986450195e+00	2.876902818679809570e+00	2.856045484542846680e+00	2.842313766479492188e+00	2.833531379699707031e+00	2.828129053115844727e+00	2.825234413146972656e+00	2.824444532394409180e+00	2.825509786605834961e+00	2.828045129776000977e+00	2.831425428390502930e+00	2.834845304489135742e+00	2.837478160858154297e+00	2.838583707809448242e+00	2.837772130966186523e+00	2.835366249084472656e+00	2.832363605499267578e+00	2.829775810241699219e+00	2.828124761581420898e+00	2.827485084533691406e+00	2.827718496322631836e+00	2.828668117523193359e+00	2.830297470092773438e+00	2.832517862319946289e+00	2.835037946701049805e+00	2.837897300720214844e+00	2.842232465744018555e+00	2.850363969802856445e+00	2.864583730697631836e+00	2.885849714279174805e+00	2.913418292999267578e+00	2.944099426269531250e+00	2.971399307250976562e+00	2.986353158950805664e+00	2.982400655746459961e+00	2.961159229278564453e+00	2.931287765502929688e+00	2.901435852050781250e+00	2.876422405242919922e+00	2.857692956924438477e+00
2.848548889160156250e+00	2.838404417037963867e+00	2.832003831863403320e+00	2.828598737716674805e+00	2.828130006790161133e+00	2.831037521362304688e+00	2.835788726806640625e+00	2.836487293243408203e+00	2.832407712936401367e+00	2.827850341796875000e+00	2.824891567230224609e+00	2.824228525161743164e+00	2.825954437255859375e+00	2.829525947570800781e+00	2.833736419677734375e+00	2.837053775787353516e+00	2.838440418243408203e+00	2.837703466415405273e+00	2.835314750671386719e+00	2.832137584686279297e+00	2.828886985778808594e+00	2.825999259948730469e+00	2.824469566345214844e+00	2.825304746627807617e+00	2.828824043273925781e+00	2.835427284240722656e+00	2.846349000930786133e+00	2.863731861114501953e+00	2.891591548919677734e+00	2.933305025100708008e+00	2.960434675216674805e+00	2.931098937988281250e+00	2.894198894500732422e+00	2.867205619812011719e+00	2.848763465881347656e+00	2.836833477020263672e+00	2.829519510269165039e+00	2.825483560562133789e+00	2.823860883712768555e+00	2.824077367782592773e+00	2.825781106948852539e+00	2.828628301620483398e+00	2.832029342651367188e+00	2.835227966308593750e+00	2.837491989135742188e+00	2.838210105895996094e+00	2.837062597274780273e+00	2.834462165832519531e+00	2.831347227096557617e+00	2.828498363494873047e+00	2.826629161834716797e+00	2.825813293457031250e+00	2.825817108154296875e+00	2.826507568359375000e+00	2.827884435653686523e+00	2.829889535903930664e+00	2.832287311553955078e+00	2.834916353225708008e+00	2.838476181030273438e+00	2.844986438751220703e+00	2.856899023056030273e+00	2.875745296478271484e+00	2.901378154754638672e+00	2.931378841400146484e+00	2.960537195205688477e+00	2.980663537979125977e+00	2.983778953552246094e+00	2.968299150466918945e+00	2.940888881683349609e+00	2.910780429840087891e+00	2.884194135665893555e+00	2.863510847091674805e+00
2.901176929473876953e+00	2.876876831054687500e+00	2.858196020126342773e+00	2.844689846038818359e+00	2.835264205932617188e+00	2.828973531723022461e+00	2.825235128402709961e+00	2.823328971862792969e+00	2.822517633438110352e+00	2.822474241256713867e+00	2.823251962661743164e+00	2.825073719024658203e+00	2.827521324157714844e+00	2.829732179641723633e+00	2.830789327621459961e+00	2.829983711242675781e+00	2.827294349670410156e+00	2.823466062545776367e+00	2.819637060165405273e+00	2.816969156265258789e+00	2.816418409347534180e+00	2.818790435791015625e+00	2.824840068817138672e+00	2.835527896881103516e+00	2.852946758270263672e+00	2.882321596145629883e+00	2.926968336105346680e+00	2.961944580078125000e+00	2.936486721038818359e+00	2.893864154815673828e+00	2.864518165588378906e+00	2.845058202743530273e+00	2.832799673080444336e+00	2.825630187988281250e+00	2.821995258331298828e+00	2.820814609527587891e+00	2.821388721466064453e+00	2.823104619979858398e+00	2.825322866439819336e+00	2.827448368072509766e+00	2.829034805297851562e+00	2.829927682876586914e+00	2.830045938491821289e+00	2.829379320144653320e+00	2.827964305877685547e+00	2.825704813003540039e+00	2.822649717330932617e+00	2.819737911224365234e+00	2.818353891372680664e+00	2.819304466247558594e+00	2.822304725646972656e+00	2.826127290725708008e+00	2.829304695129394531e+00	2.830080032348632812e+00	2.826060295104980469e+00	2.821462392807006836e+00	2.819832324981689453e+00	2.820607662200927734e+00	2.822389841079711914e+00	2.824301719665527344e+00	2.826470851898193359e+00	2.830426454544067383e+00	2.838684320449829102e+00	2.853398561477661133e+00	2.875163078308105469e+00	2.902647733688354492e+00	2.932315349578857422e+00	2.958340644836425781e+00	2.973576545715332031e+00	2.972597837448120117e+00	2.955662250518798828e+00	2.929220676422119141e+00
2.882727146148681641e+00	2.863343477249145508e+00	2.849124908447265625e+00	2.838830709457397461e+00	2.831588029861450195e+00	2.826881170272827148e+00	2.824329614639282227e+00	2.823450326919555664e+00	2.823592185974121094e+00	2.824182510375976562e+00	2.825143098831176758e+00	2.826873779296875000e+00	2.829643726348876953e+00	2.832950592041015625e+00	2.835507392883300781e+00	2.836076498031616211e+00	2.834307909011840820e+00	2.830764055252075195e+00	2.826445341110229492e+00	2.822478055953979492e+00	2.819928884506225586e+00	2.819738626480102539e+00	2.822731971740722656e+00	2.829569578170776367e+00	2.840899467468261719e+00	2.858414888381958008e+00	2.885910987854003906e+00	2.925404787063598633e+00	2.975880384445190430e+00	2.944485425949096680e+00	2.898560047149658203e+00	2.868484020233154297e+00	2.849426507949829102e+00	2.837632894515991211e+00	2.830742120742797852e+00	2.826961517333984375e+00	2.825124025344848633e+00	2.824858903884887695e+00	2.825863599777221680e+00	2.827641487121582031e+00	2.830014705657958984e+00	2.832563877105712891e+00	2.834596395492553711e+00	2.835463047027587891e+00	2.834960699081420898e+00	2.832972526550292969e+00	2.829532623291015625e+00	2.825716495513916016e+00	2.823141574859619141e+00	2.822571754455566406e+00	2.823646545410156250e+00	2.825457096099853516e+00	2.826873064041137695e+00	2.826467275619506836e+00	2.824351787567138672e+00	2.822936058044433594e+00	2.823283910751342773e+00	2.824858903884887695e+00	2.827247858047485352e+00	2.830025196075439453e+00	2.833570480346679688e+00	2.839816093444824219e+00	2.851576328277587891e+00	2.870570421218872070e+00	2.896152019500732422e+00	2.925547838211059570e+00	2.953200101852416992e+00	2.971439838409423828e+00	2.974029779434204102e+00	2.960169315338134766e+00	2.935318470001220703e+00	2.907541513442993164e+00
2.873980998992919922e+00	2.857856035232543945e+00	2.847033500671386719e+00	2.839724063873291016e+00	2.834620714187622070e+00	2.831158876419067383e+00	2.829189300537109375e+00	2.828541517257690430e+00	2.828768253326416016e+00	2.829442262649536133e+00	2.830573081970214844e+00	2.832618713378906250e+00	2.835692882537841797e+00	2.839147090911865234e+00	2.841740369796752930e+00	2.842391967773437500e+00	2.840783119201660156e+00	2.837350368499755859e+00	2.832915067672729492e+00	2.828513383865356445e+00	2.825293779373168945e+00	2.824319601058959961e+00	2.826447248458862305e+00	2.832148075103759766e+00	2.841598510742187500e+00	2.855853796005249023e+00	2.879137039184570312e+00	2.921293258666992188e+00	2.974018335342407227e+00	2.958403348922729492e+00	2.915090084075927734e+00	2.882163047790527344e+00	2.860233545303344727e+00	2.846272945404052734e+00	2.837724685668945312e+00	2.832657337188720703e+00	2.829874753952026367e+00	2.828851222991943359e+00	2.829385757446289062e+00	2.831339120864868164e+00	2.834252595901489258e+00	2.837426424026489258e+00	2.840100526809692383e+00	2.841492652893066406e+00	2.841245889663696289e+00	2.839367151260375977e+00	2.835955142974853516e+00	2.831913232803344727e+00	2.828883886337280273e+00	2.827872276306152344e+00	2.828632116317749023e+00	2.830228567123413086e+00	2.831744194030761719e+00	2.831977128982543945e+00	2.830337762832641602e+00	2.828668594360351562e+00	2.828809261322021484e+00	2.830788373947143555e+00	2.833868741989135742e+00	2.837642431259155273e+00	2.842492580413818359e+00	2.850109577178955078e+00	2.863134622573852539e+00	2.883390426635742188e+00	2.910303592681884766e+00	2.939893245697021484e+00	2.964911460876464844e+00	2.977290391921997070e+00	2.971819639205932617e+00	2.951193332672119141e+00	2.923473358154296875e+00	2.896301269531250000e+00
2.868028640747070312e+00	2.854027986526489258e+00	2.844949722290039062e+00	2.838910341262817383e+00	2.834789037704467773e+00	2.832143783569335938e+00	2.830765724182128906e+00	2.830295085906982422e+00	2.830354690551757812e+00	2.830752134323120117e+00	2.831762313842773438e+00	2.833906173706054688e+00	2.837169647216796875e+00	2.840791463851928711e+00	2.843520402908325195e+00	2.844287395477294922e+00	2.842732906341552734e+00	2.839264869689941406e+00	2.834794759750366211e+00	2.830439090728759766e+00	2.827270984649658203e+00	2.826234102249145508e+00	2.828126430511474609e+00	2.833433866500854492e+00	2.842302560806274414e+00	2.855341911315917969e+00	2.875755548477172852e+00	2.912175178527832031e+00	2.967287540435791016e+00	2.980020999908447266e+00	2.929754257202148438e+00	2.890098094940185547e+00	2.865525245666503906e+00	2.850137472152709961e+00	2.840667724609375000e+00	2.834896802902221680e+00	2.831502199172973633e+00	2.830019474029541016e+00	2.830374002456665039e+00	2.832327604293823242e+00	2.835295200347900391e+00	2.838555335998535156e+00	2.841404199600219727e+00	2.843205213546752930e+00	2.843418359756469727e+00	2.841832160949707031e+00	2.838595867156982422e+00	2.834462404251098633e+00	2.830990791320800781e+00	2.829470634460449219e+00	2.830039024353027344e+00	2.831863164901733398e+00	2.833692312240600586e+00	2.834130764007568359e+00	2.832640647888183594e+00	2.831019639968872070e+00	2.831140041351318359e+00	2.833197355270385742e+00	2.836448669433593750e+00	2.840552091598510742e+00	2.845956563949584961e+00	2.854522466659545898e+00	2.869000434875488281e+00	2.890677928924560547e+00	2.918092727661132812e+00	2.946613073348999023e+00	2.968757629394531250e+00	2.976490020751953125e+00	2.966245651245117188e+00	2.942650318145751953e+00	2.914352416992187500e+00	2.888340473175048828e+00
2.862150907516479492e+00	2.847438573837280273e+00	2.837975740432739258e+00	2.832052469253540039e+00	2.828220129013061523e+00	2.825626134872436523e+00	2.824084043502807617e+00	2.823565959930419922e+00	2.823855876922607422e+00	2.824613094329833984e+00	2.825770616531372070e+00	2.827611923217773438e+00	2.830238819122314453e+00	2.833215951919555664e+00	2.835594415664672852e+00	2.836427688598632812e+00	2.835324764251708984e+00	2.832418918609619141e+00	2.828080892562866211e+00	2.823474407196044922e+00	2.820093154907226562e+00	2.819085836410522461e+00	2.821246862411499023e+00	2.826966285705566406e+00	2.836373329162597656e+00	2.850319623947143555e+00	2.871320009231567383e+00	2.903967618942260742e+00	2.941466808319091797e+00	2.965885162353515625e+00	2.934902906417846680e+00	2.883222579956054688e+00	2.856849431991577148e+00	2.841279983520507812e+00	2.831740140914916992e+00	2.826038122177124023e+00	2.823135137557983398e+00	2.822611331939697266e+00	2.824000358581542969e+00	2.826420307159423828e+00	2.829309940338134766e+00	2.832351922988891602e+00	2.834867238998413086e+00	2.836154460906982422e+00	2.835703372955322266e+00	2.833456516265869141e+00	2.829504489898681641e+00	2.825201749801635742e+00	2.822356462478637695e+00	2.821629762649536133e+00	2.822933197021484375e+00	2.825425624847412109e+00	2.827605247497558594e+00	2.827832698822021484e+00	2.825894832611083984e+00	2.824206352233886719e+00	2.824386596679687500e+00	2.826747417449951172e+00	2.830585956573486328e+00	2.835061550140380859e+00	2.840809822082519531e+00	2.849669933319091797e+00	2.864248991012573242e+00	2.885772705078125000e+00	2.912900686264038086e+00	2.941360235214233398e+00	2.963657379150390625e+00	2.971528053283691406e+00	2.961451768875122070e+00	2.937976598739624023e+00	2.909594297409057617e+00	2.883166790008544922e+00
2.856842041015625000e+00	2.839527368545532227e+00	2.827762842178344727e+00	2.822329759597778320e+00	2.823424816131591797e+00	2.829710006713867188e+00	2.836472511291503906e+00	2.836595535278320312e+00	2.829190731048583984e+00	2.820454597473144531e+00	2.814391851425170898e+00	2.811373710632324219e+00	2.810764312744140625e+00	2.811760663986206055e+00	2.813367605209350586e+00	2.814509153366088867e+00	2.814356088638305664e+00	2.812561273574829102e+00	2.809372186660766602e+00	2.805752038955688477e+00	2.802933454513549805e+00	2.801891565322875977e+00	2.803390264511108398e+00	2.808116912841796875e+00	2.816843748092651367e+00	2.830469846725463867e+00	2.851205110549926758e+00	2.883632421493530273e+00	2.927338123321533203e+00	2.937293052673339844e+00	2.896756887435913086e+00	2.859789133071899414e+00	2.835034370422363281e+00	2.819260358810424805e+00	2.809850454330444336e+00	2.805130243301391602e+00	2.803851842880249023e+00	2.805138111114501953e+00	2.808328390121459961e+00	2.812330484390258789e+00	2.816056013107299805e+00	2.818662643432617188e+00	2.819248676300048828e+00	2.818431138992309570e+00	2.816703081130981445e+00	2.814403057098388672e+00	2.811565399169921875e+00	2.808465242385864258e+00	2.806117296218872070e+00	2.805304050445556641e+00	2.806266307830810547e+00	2.808672189712524414e+00	2.811478853225708008e+00	2.813253879547119141e+00	2.813195705413818359e+00	2.811755895614624023e+00	2.810192584991455078e+00	2.809406280517578125e+00	2.810190916061401367e+00	2.813465833663940430e+00	2.819622993469238281e+00	2.829716920852661133e+00	2.844639539718627930e+00	2.864777088165283203e+00	2.889693737030029297e+00	2.917060852050781250e+00	2.941441059112548828e+00	2.954924583435058594e+00	2.951583623886108398e+00	2.932954311370849609e+00	2.906419992446899414e+00	2.879561424255371094e+00
2.819771528244018555e+00	2.819427728652954102e+00	2.821784019470214844e+00	2.827943086624145508e+00	2.838372468948364258e+00	2.854534149169921875e+00	2.878430843353271484e+00	2.907213449478149414e+00	2.920718908309936523e+00	2.903470039367675781e+00	2.873373985290527344e+00	2.849637269973754883e+00	2.833774089813232422e+00	2.823201417922973633e+00	2.815943956375122070e+00	2.811668395996093750e+00	2.810007572174072266e+00	2.810290575027465820e+00	2.811714410781860352e+00	2.813694953918457031e+00	2.815914392471313477e+00	2.817790985107421875e+00	2.818661928176879883e+00	2.818670272827148438e+00	2.818578004837036133e+00	2.817877054214477539e+00	2.816544055938720703e+00	2.815941095352172852e+00	2.816038370132446289e+00	2.816493272781372070e+00	2.817047357559204102e+00	2.817793846130371094e+00	2.819160938262939453e+00	2.821787118911743164e+00	2.826878070831298828e+00	2.836267232894897461e+00	2.851386070251464844e+00	2.872188806533813477e+00	2.896761894226074219e+00	2.921097278594970703e+00	2.938623905181884766e+00	2.942587137222290039e+00	2.931297540664672852e+00	2.909886598587036133e+00	2.885603904724121094e+00	2.863772630691528320e+00	2.846832275390625000e+00	2.834558486938476562e+00	2.825308561325073242e+00	2.818315267562866211e+00	2.813369274139404297e+00	2.810922861099243164e+00	2.811818361282348633e+00	2.815893888473510742e+00	2.820091724395751953e+00	2.820225000381469727e+00	2.816557407379150391e+00	2.811982393264770508e+00	2.808222770690917969e+00	2.806383848190307617e+00	2.807085990905761719e+00	2.810239553451538086e+00	2.814867734909057617e+00	2.819366216659545898e+00	2.822926044464111328e+00	2.825644731521606445e+00	2.827310323715209961e+00	2.827452182769775391e+00	2.826047420501708984e+00	2.823749780654907227e+00	2.821570396423339844e+00	2.820356130599975586e+00
2.816220998764038086e+00	2.816402196884155273e+00	2.820011138916015625e+00	2.827682495117187500e+00	2.839734792709350586e+00	2.856296062469482422e+00	2.879293680191040039e+00	2.906226634979248047e+00	2.918043375015258789e+00	2.902330636978149414e+00	2.871828317642211914e+00	2.847848176956176758e+00	2.832204341888427734e+00	2.821895837783813477e+00	2.815052747726440430e+00	2.810921669006347656e+00	2.809145450592041016e+00	2.809296607971191406e+00	2.810917377471923828e+00	2.813565969467163086e+00	2.816514253616333008e+00	2.818810462951660156e+00	2.819714784622192383e+00	2.819416761398315430e+00	2.818417072296142578e+00	2.816906452178955078e+00	2.816137552261352539e+00	2.816200256347656250e+00	2.816357851028442383e+00	2.816803693771362305e+00	2.817482471466064453e+00	2.818146228790283203e+00	2.819020986557006836e+00	2.821117877960205078e+00	2.825884342193603516e+00	2.835169792175292969e+00	2.850321769714355469e+00	2.871260404586791992e+00	2.896114110946655273e+00	2.920719623565673828e+00	2.938401937484741211e+00	2.942609310150146484e+00	2.931591510772705078e+00	2.910349607467651367e+00	2.886185884475708008e+00	2.864632844924926758e+00	2.848120927810668945e+00	2.835151195526123047e+00	2.825530052185058594e+00	2.818545818328857422e+00	2.813389301300048828e+00	2.810368299484252930e+00	2.810292243957519531e+00	2.813197851181030273e+00	2.817109584808349609e+00	2.818618297576904297e+00	2.816842555999755859e+00	2.812896013259887695e+00	2.808745145797729492e+00	2.806462764739990234e+00	2.806708097457885742e+00	2.809563398361206055e+00	2.814268589019775391e+00	2.819319963455200195e+00	2.823843002319335938e+00	2.827675819396972656e+00	2.830192327499389648e+00	2.830668687820434570e+00	2.828952550888061523e+00	2.825599670410156250e+00	2.821725845336914062e+00	2.818371295928955078e+00
2.830980777740478516e+00	2.819915294647216797e+00	2.816626787185668945e+00	2.821972131729125977e+00	2.836928367614746094e+00	2.848629474639892578e+00	2.831979274749755859e+00	2.812264680862426758e+00	2.801869153976440430e+00	2.797174692153930664e+00	2.795723199844360352e+00	2.796370267868041992e+00	2.798236846923828125e+00	2.800309181213378906e+00	2.801525115966796875e+00	2.801486968994140625e+00	2.800511360168457031e+00	2.799155950546264648e+00	2.797733306884765625e+00	2.796757698059082031e+00	2.797248840332031250e+00	2.798440456390380859e+00	2.798493862152099609e+00	2.797395229339599609e+00	2.797944307327270508e+00	2.803779840469360352e+00	2.817631721496582031e+00	2.840405702590942383e+00	2.866720438003540039e+00	2.884335517883300781e+00	2.880878686904907227e+00	2.856888294219970703e+00	2.833035230636596680e+00	2.815724372863769531e+00	2.805368185043334961e+00	2.800109386444091797e+00	2.798594713211059570e+00	2.800256013870239258e+00	2.803549051284790039e+00	2.806043863296508789e+00	2.807729005813598633e+00	2.809248924255371094e+00	2.809949159622192383e+00	2.809106588363647461e+00	2.806546449661254883e+00	2.802824497222900391e+00	2.798830747604370117e+00	2.795217990875244141e+00	2.792596101760864258e+00	2.791544675827026367e+00	2.792068243026733398e+00	2.793702840805053711e+00	2.795652389526367188e+00	2.797008037567138672e+00	2.797298908233642578e+00	2.797088146209716797e+00	2.796873092651367188e+00	2.795612573623657227e+00	2.795596122741699219e+00	2.798187971115112305e+00	2.803531885147094727e+00	2.812201261520385742e+00	2.825509071350097656e+00	2.844453096389770508e+00	2.868235588073730469e+00	2.893401861190795898e+00	2.913583517074584961e+00	2.921038389205932617e+00	2.913470745086669922e+00	2.894918203353881836e+00	2.871536970138549805e+00	2.848941326141357422e+00
2.846717596054077148e+00	2.831662416458129883e+00	2.825342893600463867e+00	2.830164432525634766e+00	2.849703788757324219e+00	2.864927768707275391e+00	2.843388557434082031e+00	2.820819616317749023e+00	2.810538768768310547e+00	2.806788921356201172e+00	2.806197404861450195e+00	2.807415485382080078e+00	2.809733390808105469e+00	2.812330961227416992e+00	2.814166545867919922e+00	2.814376115798950195e+00	2.812727928161621094e+00	2.809861421585083008e+00	2.807094812393188477e+00	2.805881738662719727e+00	2.806950807571411133e+00	2.809486389160156250e+00	2.812275648117065430e+00	2.816765546798706055e+00	2.827086925506591797e+00	2.848177194595336914e+00	2.885935783386230469e+00	2.936779499053955078e+00	2.926012277603149414e+00	2.890061378479003906e+00	2.860139608383178711e+00	2.837154388427734375e+00	2.821176290512084961e+00	2.810913562774658203e+00	2.805045366287231445e+00	2.802548170089721680e+00	2.801621675491333008e+00	2.801736116409301758e+00	2.803447484970092773e+00	2.806339979171752930e+00	2.809132814407348633e+00	2.810863018035888672e+00	2.811358451843261719e+00	2.810680389404296875e+00	2.808653116226196289e+00	2.805533885955810547e+00	2.802336215972900391e+00	2.800137042999267578e+00	2.799389839172363281e+00	2.799822568893432617e+00	2.800943136215209961e+00	2.802291631698608398e+00	2.803339004516601562e+00	2.803820133209228516e+00	2.803988456726074219e+00	2.804343223571777344e+00	2.804915904998779297e+00	2.805560350418090820e+00	2.806830644607543945e+00	2.809232950210571289e+00	2.813434600830078125e+00	2.820873737335205078e+00	2.833679199218750000e+00	2.852782487869262695e+00	2.877205610275268555e+00	2.903504848480224609e+00	2.926420211791992188e+00	2.940173625946044922e+00	2.938920736312866211e+00	2.921946287155151367e+00	2.895827054977416992e+00	2.868974208831787109e+00
2.840288400650024414e+00	2.825431346893310547e+00	2.818679571151733398e+00	2.821601152420043945e+00	2.837198257446289062e+00	2.848121881484985352e+00	2.826555252075195312e+00	2.810170650482177734e+00	2.802808284759521484e+00	2.800101280212402344e+00	2.799817800521850586e+00	2.800903797149658203e+00	2.802771568298339844e+00	2.804804563522338867e+00	2.806237936019897461e+00	2.806543350219726562e+00	2.805771350860595703e+00	2.804522752761840820e+00	2.803704261779785156e+00	2.804262638092041016e+00	2.806755065917968750e+00	2.810880184173583984e+00	2.816113233566284180e+00	2.824115514755249023e+00	2.838504076004028320e+00	2.862879276275634766e+00	2.902091979980468750e+00	2.947846412658691406e+00	2.917241811752319336e+00	2.874148845672607422e+00	2.845143318176269531e+00	2.825456619262695312e+00	2.812235832214355469e+00	2.803596735000610352e+00	2.798222064971923828e+00	2.795369148254394531e+00	2.794774293899536133e+00	2.796210050582885742e+00	2.799069643020629883e+00	2.802368164062500000e+00	2.804751396179199219e+00	2.805896520614624023e+00	2.806582450866699219e+00	2.806416988372802734e+00	2.804453134536743164e+00	2.801203489303588867e+00	2.798320531845092773e+00	2.796612977981567383e+00	2.795890808105468750e+00	2.795701026916503906e+00	2.796303749084472656e+00	2.797171115875244141e+00	2.797395944595336914e+00	2.796805381774902344e+00	2.796126127243041992e+00	2.796165704727172852e+00	2.797318458557128906e+00	2.799515485763549805e+00	2.801939249038696289e+00	2.803783178329467773e+00	2.806780338287353516e+00	2.813245773315429688e+00	2.825052976608276367e+00	2.842833757400512695e+00	2.864736080169677734e+00	2.886142015457153320e+00	2.904566764831542969e+00	2.918165445327758789e+00	2.921322822570800781e+00	2.910042047500610352e+00	2.887517452239990234e+00	2.862051486968994141e+00
2.885020256042480469e+00	2.859455108642578125e+00	2.839212656021118164e+00	2.824448108673095703e+00	2.814456224441528320e+00	2.808230638504028320e+00	2.804753303527832031e+00	2.802711486816406250e+00	2.801317930221557617e+00	2.800410509109497070e+00	2.799938917160034180e+00	2.800219058990478516e+00	2.801675319671630859e+00	2.804222583770751953e+00	2.806243658065795898e+00	2.806392431259155273e+00	2.805645465850830078e+00	2.804707527160644531e+00	2.803946733474731445e+00	2.803633928298950195e+00	2.804476499557495117e+00	2.807564020156860352e+00	2.813918828964233398e+00	2.824625253677368164e+00	2.840788364410400391e+00	2.864503145217895508e+00	2.897454977035522461e+00	2.935861587524414062e+00	2.926094532012939453e+00	2.879989147186279297e+00	2.849050998687744141e+00	2.829413414001464844e+00	2.817425012588500977e+00	2.810374975204467773e+00	2.805973529815673828e+00	2.802939414978027344e+00	2.801562309265136719e+00	2.801825284957885742e+00	2.803139925003051758e+00	2.804964303970336914e+00	2.806543111801147461e+00	2.807341337203979492e+00	2.807681083679199219e+00	2.807475090026855469e+00	2.805591583251953125e+00	2.803473949432373047e+00	2.802398443222045898e+00	2.801497936248779297e+00	2.800645828247070312e+00	2.800867319107055664e+00	2.801872253417968750e+00	2.802570343017578125e+00	2.801794290542602539e+00	2.799117565155029297e+00	2.796044588088989258e+00	2.794423341751098633e+00	2.794670343399047852e+00	2.796241044998168945e+00	2.798369407653808594e+00	2.800728797912597656e+00	2.803782224655151367e+00	2.808663845062255859e+00	2.817198753356933594e+00	2.831036090850830078e+00	2.850481033325195312e+00	2.875503540039062500e+00	2.905784606933593750e+00	2.938574790954589844e+00	2.961249828338623047e+00	2.962445735931396484e+00	2.944128274917602539e+00	2.914531946182250977e+00
2.861270904541015625e+00	2.843317270278930664e+00	2.828287839889526367e+00	2.815624713897705078e+00	2.806013107299804688e+00	2.799715518951416016e+00	2.795689582824707031e+00	2.791975975036621094e+00	2.788546323776245117e+00	2.786681413650512695e+00	2.786489248275756836e+00	2.787445545196533203e+00	2.788879632949829102e+00	2.790384531021118164e+00	2.791813373565673828e+00	2.792853832244873047e+00	2.793143510818481445e+00	2.792765378952026367e+00	2.792038917541503906e+00	2.790561914443969727e+00	2.788605213165283203e+00	2.787330389022827148e+00	2.787569284439086914e+00	2.789918899536132812e+00	2.794175863265991211e+00	2.800761699676513672e+00	2.810874700546264648e+00	2.824216365814208984e+00	2.838540792465209961e+00	2.847698926925659180e+00	2.844299316406250000e+00	2.829374551773071289e+00	2.811841011047363281e+00	2.799602508544921875e+00	2.793178558349609375e+00	2.790342807769775391e+00	2.788903474807739258e+00	2.787569522857666016e+00	2.786176443099975586e+00	2.785294771194458008e+00	2.785492658615112305e+00	2.786987781524658203e+00	2.789709091186523438e+00	2.792218446731567383e+00	2.793159008026123047e+00	2.792925596237182617e+00	2.791779279708862305e+00	2.789995908737182617e+00	2.787412881851196289e+00	2.785032749176025391e+00	2.783409833908081055e+00	2.782948732376098633e+00	2.783912658691406250e+00	2.785854101181030273e+00	2.787875890731811523e+00	2.789331197738647461e+00	2.790039300918579102e+00	2.790205955505371094e+00	2.790351867675781250e+00	2.791249752044677734e+00	2.793537616729736328e+00	2.797700881958007812e+00	2.804793834686279297e+00	2.816013336181640625e+00	2.832286357879638672e+00	2.853351116180419922e+00	2.876459360122680664e+00	2.896604776382446289e+00	2.908861637115478516e+00	2.909999370574951172e+00	2.899953603744506836e+00	2.881387233734130859e+00
2.800878763198852539e+00	2.795744895935058594e+00	2.790721416473388672e+00	2.787011384963989258e+00	2.785562753677368164e+00	2.785679578781127930e+00	2.784916400909423828e+00	2.782675266265869141e+00	2.780593633651733398e+00	2.779325723648071289e+00	2.778697967529296875e+00	2.778451442718505859e+00	2.778209924697875977e+00	2.777633666992187500e+00	2.776652336120605469e+00	2.775626897811889648e+00	2.774775505065917969e+00	2.773947477340698242e+00	2.773185253143310547e+00	2.773087501525878906e+00	2.774436235427856445e+00	2.777484655380249023e+00	2.781819820404052734e+00	2.786830663681030273e+00	2.792171955108642578e+00	2.797954082489013672e+00	2.803878545761108398e+00	2.807516336441040039e+00	2.806031942367553711e+00	2.800662279129028320e+00	2.794677257537841797e+00	2.789288997650146484e+00	2.784406661987304688e+00	2.780619621276855469e+00	2.778587102890014648e+00	2.778188705444335938e+00	2.778849840164184570e+00	2.780043363571166992e+00	2.781406164169311523e+00	2.782600164413452148e+00	2.783492803573608398e+00	2.783928632736206055e+00	2.782333135604858398e+00	2.779445886611938477e+00	2.776105165481567383e+00	2.773490667343139648e+00	2.772370100021362305e+00	2.772449254989624023e+00	2.773112297058105469e+00	2.773782968521118164e+00	2.774278402328491211e+00	2.774744272232055664e+00	2.775215387344360352e+00	2.776513099670410156e+00	2.778862953186035156e+00	2.780707597732543945e+00	2.781713008880615234e+00	2.782548666000366211e+00	2.783190488815307617e+00	2.783618211746215820e+00	2.784045934677124023e+00	2.784914970397949219e+00	2.786937713623046875e+00	2.790336132049560547e+00	2.794572591781616211e+00	2.799110651016235352e+00	2.803647279739379883e+00	2.808085441589355469e+00	2.811746597290039062e+00	2.812891006469726562e+00	2.810295820236206055e+00	2.805741310119628906e+00
2.809923410415649414e+00	2.803234100341796875e+00	2.795939922332763672e+00	2.789879322052001953e+00	2.785708427429199219e+00	2.783099651336669922e+00	2.781606912612915039e+00	2.780882120132446289e+00	2.780445098876953125e+00	2.779866218566894531e+00	2.778903484344482422e+00	2.777329444885253906e+00	2.775308847427368164e+00	2.773389101028442383e+00	2.772179126739501953e+00	2.772140979766845703e+00	2.773305416107177734e+00	2.775336742401123047e+00	2.778194427490234375e+00	2.782697677612304688e+00	2.789697170257568359e+00	2.798338890075683594e+00	2.804886579513549805e+00	2.807440280914306641e+00	2.807156562805175781e+00	2.805737257003784180e+00	2.804141998291015625e+00	2.800442218780517578e+00	2.792453289031982422e+00	2.786340713500976562e+00	2.783386468887329102e+00	2.781981706619262695e+00	2.780911445617675781e+00	2.779778718948364258e+00	2.778743743896484375e+00	2.778065681457519531e+00	2.777902364730834961e+00	2.778757572174072266e+00	2.780662536621093750e+00	2.782462358474731445e+00	2.782777309417724609e+00	2.781271934509277344e+00	2.778454542160034180e+00	2.775744676589965820e+00	2.774191379547119141e+00	2.774227380752563477e+00	2.776051998138427734e+00	2.779598712921142578e+00	2.785382509231567383e+00	2.793930530548095703e+00	2.805006742477416992e+00	2.812477350234985352e+00	2.804208278656005859e+00	2.792834281921386719e+00	2.785508871078491211e+00	2.782135248184204102e+00	2.781141996383666992e+00	2.781535387039184570e+00	2.782985448837280273e+00	2.784559726715087891e+00	2.785603284835815430e+00	2.786043882369995117e+00	2.786827802658081055e+00	2.787684679031372070e+00	2.788682460784912109e+00	2.790638208389282227e+00	2.794290304183959961e+00	2.799816608428955078e+00	2.807134866714477539e+00	2.813954830169677734e+00	2.815948724746704102e+00	2.814315557479858398e+00
2.809519052505493164e+00	2.802746295928955078e+00	2.794578075408935547e+00	2.787670850753784180e+00	2.782870769500732422e+00	2.779776096343994141e+00	2.778298377990722656e+00	2.778237342834472656e+00	2.779058694839477539e+00	2.779949188232421875e+00	2.780395984649658203e+00	2.780404090881347656e+00	2.780207395553588867e+00	2.780253648757934570e+00	2.781014204025268555e+00	2.782887935638427734e+00	2.786118745803833008e+00	2.790486574172973633e+00	2.795499563217163086e+00	2.801250696182250977e+00	2.808334112167358398e+00	2.816210746765136719e+00	2.821560144424438477e+00	2.820803642272949219e+00	2.815290451049804688e+00	2.809194326400756836e+00	2.804053068161010742e+00	2.799462556838989258e+00	2.795265197753906250e+00	2.792401790618896484e+00	2.790545463562011719e+00	2.788016796112060547e+00	2.785154581069946289e+00	2.782598972320556641e+00	2.780426025390625000e+00	2.778807401657104492e+00	2.777929067611694336e+00	2.777687072753906250e+00	2.777911186218261719e+00	2.778394699096679688e+00	2.778651952743530273e+00	2.777715444564819336e+00	2.775947332382202148e+00	2.774610280990600586e+00	2.774412870407104492e+00	2.775542974472045898e+00	2.777935028076171875e+00	2.781643390655517578e+00	2.787897586822509766e+00	2.797877788543701172e+00	2.809520483016967773e+00	2.816610097885131836e+00	2.809681415557861328e+00	2.797693490982055664e+00	2.788229465484619141e+00	2.782133340835571289e+00	2.778521537780761719e+00	2.777423620223999023e+00	2.778243541717529297e+00	2.779475212097167969e+00	2.780161142349243164e+00	2.781085014343261719e+00	2.782742977142333984e+00	2.784841060638427734e+00	2.787258863449096680e+00	2.790269613265991211e+00	2.794231176376342773e+00	2.799143314361572266e+00	2.804652214050292969e+00	2.809401512145996094e+00	2.812259912490844727e+00	2.812699794769287109e+00
2.778511285781860352e+00	2.777659654617309570e+00	2.777814149856567383e+00	2.779110908508300781e+00	2.781394481658935547e+00	2.783984661102294922e+00	2.786138296127319336e+00	2.787396669387817383e+00	2.787713766098022461e+00	2.787460088729858398e+00	2.787168025970458984e+00	2.787189960479736328e+00	2.787575960159301758e+00	2.787993431091308594e+00	2.788437366485595703e+00	2.789457559585571289e+00	2.789487600326538086e+00	2.788856506347656250e+00	2.788335800170898438e+00	2.787498950958251953e+00	2.786387920379638672e+00	2.785230875015258789e+00	2.784219026565551758e+00	2.783509969711303711e+00	2.783233165740966797e+00	2.783513545989990234e+00	2.784576892852783203e+00	2.786632061004638672e+00	2.789417505264282227e+00	2.791537046432495117e+00	2.789317369461059570e+00	2.783149719238281250e+00	2.777851343154907227e+00	2.775323390960693359e+00	2.773828029632568359e+00	2.773728847503662109e+00	2.774939537048339844e+00	2.776634931564331055e+00	2.778298854827880859e+00	2.779788017272949219e+00	2.780889511108398438e+00	2.781723499298095703e+00	2.782272100448608398e+00	2.782426357269287109e+00	2.782359600067138672e+00	2.781737804412841797e+00	2.780346155166625977e+00	2.779182672500610352e+00	2.779114007949829102e+00	2.780030727386474609e+00	2.781331300735473633e+00	2.782562971115112305e+00	2.783513784408569336e+00	2.784120798110961914e+00	2.784496545791625977e+00	2.785049676895141602e+00	2.786273717880249023e+00	2.788191318511962891e+00	2.790222167968750000e+00	2.791194200515747070e+00	2.790190458297729492e+00	2.787787437438964844e+00	2.785571098327636719e+00	2.784744739532470703e+00	2.785698175430297852e+00	2.788305044174194336e+00	2.791678190231323242e+00	2.792982816696166992e+00	2.791005849838256836e+00	2.787297248840332031e+00	2.783464908599853516e+00	2.780432462692260742e+00
2.792241096496582031e+00	2.790662050247192383e+00	2.789971351623535156e+00	2.789374113082885742e+00	2.788589954376220703e+00	2.787418127059936523e+00	2.785560846328735352e+00	2.783747673034667969e+00	2.782595634460449219e+00	2.782197475433349609e+00	2.782682418823242188e+00	2.783936977386474609e+00	2.785329103469848633e+00	2.786002874374389648e+00	2.786060333251953125e+00	2.785887479782104492e+00	2.784664154052734375e+00	2.783021450042724609e+00	2.781830549240112305e+00	2.781382083892822266e+00	2.781718254089355469e+00	2.782241344451904297e+00	2.782679796218872070e+00	2.783243656158447266e+00	2.784139633178710938e+00	2.785423517227172852e+00	2.787959814071655273e+00	2.792655467987060547e+00	2.798245906829833984e+00	2.799666643142700195e+00	2.794423103332519531e+00	2.786875486373901367e+00	2.781203985214233398e+00	2.779492616653442383e+00	2.780058860778808594e+00	2.780054092407226562e+00	2.780613183975219727e+00	2.780273914337158203e+00	2.780102491378784180e+00	2.780109405517578125e+00	2.779566526412963867e+00	2.778738260269165039e+00	2.778324842453002930e+00	2.778406858444213867e+00	2.778493165969848633e+00	2.778169155120849609e+00	2.777551174163818359e+00	2.777155637741088867e+00	2.777417898178100586e+00	2.778424501419067383e+00	2.779970407485961914e+00	2.781908750534057617e+00	2.783901214599609375e+00	2.784987211227416992e+00	2.784984350204467773e+00	2.784986257553100586e+00	2.785818099975585938e+00	2.787688732147216797e+00	2.790197372436523438e+00	2.792856216430664062e+00	2.794323921203613281e+00	2.792714118957519531e+00	2.789809226989746094e+00	2.788518428802490234e+00	2.790155410766601562e+00	2.794994831085205078e+00	2.801908254623413086e+00	2.807662963867187500e+00	2.808408975601196289e+00	2.804462432861328125e+00	2.799352645874023438e+00	2.795123815536499023e+00
2.809739112854003906e+00	2.806455135345458984e+00	2.802921772003173828e+00	2.799338579177856445e+00	2.796025037765502930e+00	2.793088436126708984e+00	2.790632963180541992e+00	2.788482189178466797e+00	2.786586046218872070e+00	2.784742116928100586e+00	2.782303810119628906e+00	2.780134677886962891e+00	2.778841495513916016e+00	2.778337001800537109e+00	2.778275251388549805e+00	2.777657508850097656e+00	2.775764465332031250e+00	2.773072004318237305e+00	2.770529747009277344e+00	2.769056081771850586e+00	2.769064903259277344e+00	2.770296812057495117e+00	2.772161245346069336e+00	2.774579048156738281e+00	2.777598142623901367e+00	2.781165838241577148e+00	2.785488128662109375e+00	2.790185451507568359e+00	2.792942285537719727e+00	2.790454149246215820e+00	2.785266637802124023e+00	2.780492305755615234e+00	2.777596950531005859e+00	2.776747226715087891e+00	2.777417898178100586e+00	2.778804302215576172e+00	2.780261039733886719e+00	2.781525850296020508e+00	2.782286167144775391e+00	2.781762361526489258e+00	2.780160188674926758e+00	2.778370857238769531e+00	2.777025938034057617e+00	2.776338338851928711e+00	2.775954723358154297e+00	2.775612592697143555e+00	2.775404930114746094e+00	2.775238037109375000e+00	2.774930477142333984e+00	2.774761199951171875e+00	2.775071144104003906e+00	2.775753021240234375e+00	2.776470422744750977e+00	2.777129650115966797e+00	2.778038024902343750e+00	2.779670476913452148e+00	2.782153606414794922e+00	2.785249710083007812e+00	2.788547039031982422e+00	2.791109323501586914e+00	2.791948795318603516e+00	2.791350126266479492e+00	2.790483236312866211e+00	2.790861368179321289e+00	2.793919324874877930e+00	2.800146579742431641e+00	2.808509588241577148e+00	2.816249132156372070e+00	2.820116758346557617e+00	2.819602489471435547e+00	2.816593408584594727e+00	2.813055276870727539e+00
2.801810026168823242e+00	2.800100803375244141e+00	2.799017429351806641e+00	2.799221992492675781e+00	2.800621509552001953e+00	2.801596164703369141e+00	2.799229383468627930e+00	2.792245388031005859e+00	2.786490917205810547e+00	2.782191514968872070e+00	2.779171943664550781e+00	2.777552843093872070e+00	2.776799440383911133e+00	2.776138544082641602e+00	2.775079250335693359e+00	2.773477554321289062e+00	2.771252632141113281e+00	2.768812894821166992e+00	2.767320871353149414e+00	2.767454624176025391e+00	2.768876075744628906e+00	2.770658731460571289e+00	2.771820545196533203e+00	2.772285461425781250e+00	2.773167133331298828e+00	2.774493694305419922e+00	2.775415420532226562e+00	2.775383234024047852e+00	2.774820089340209961e+00	2.774048089981079102e+00	2.773520469665527344e+00	2.773841142654418945e+00	2.775041580200195312e+00	2.776695013046264648e+00	2.778357267379760742e+00	2.779447078704833984e+00	2.780096530914306641e+00	2.780557155609130859e+00	2.780825138092041016e+00	2.780577898025512695e+00	2.779918432235717773e+00	2.779565811157226562e+00	2.779624700546264648e+00	2.779794931411743164e+00	2.779644966125488281e+00	2.778924942016601562e+00	2.777859687805175781e+00	2.776710748672485352e+00	2.775578737258911133e+00	2.774545669555664062e+00	2.773850202560424805e+00	2.773679018020629883e+00	2.773674488067626953e+00	2.773660182952880859e+00	2.774143934249877930e+00	2.775500297546386719e+00	2.777882814407348633e+00	2.780815839767456055e+00	2.783411264419555664e+00	2.785310506820678711e+00	2.786405086517333984e+00	2.786480426788330078e+00	2.785761594772338867e+00	2.784920692443847656e+00	2.784391641616821289e+00	2.784699440002441406e+00	2.786526203155517578e+00	2.790225267410278320e+00	2.795028686523437500e+00	2.799445629119873047e+00	2.802283763885498047e+00	2.802958250045776367e+00
2.790686130523681641e+00	2.791978597640991211e+00	2.795343160629272461e+00	2.801063299179077148e+00	2.807604789733886719e+00	2.810784816741943359e+00	2.809350967407226562e+00	2.804031848907470703e+00	2.798807621002197266e+00	2.795432090759277344e+00	2.792952299118041992e+00	2.789784908294677734e+00	2.787095546722412109e+00	2.785812854766845703e+00	2.785152673721313477e+00	2.783734798431396484e+00	2.780589580535888672e+00	2.776890993118286133e+00	2.774447202682495117e+00	2.774193286895751953e+00	2.775696516036987305e+00	2.776406049728393555e+00	2.775223255157470703e+00	2.773213863372802734e+00	2.771689891815185547e+00	2.771072626113891602e+00	2.771253347396850586e+00	2.772083044052124023e+00	2.773661136627197266e+00	2.775563955307006836e+00	2.777124643325805664e+00	2.778111934661865234e+00	2.778671264648437500e+00	2.779098749160766602e+00	2.779387950897216797e+00	2.779607057571411133e+00	2.780198097229003906e+00	2.781484842300415039e+00	2.782274961471557617e+00	2.780654907226562500e+00	2.779191732406616211e+00	2.778216600418090820e+00	2.777622222900390625e+00	2.777307271957397461e+00	2.777196168899536133e+00	2.777212619781494141e+00	2.777283191680908203e+00	2.777454614639282227e+00	2.777867078781127930e+00	2.778723478317260742e+00	2.780103683471679688e+00	2.781631708145141602e+00	2.783220052719116211e+00	2.784978151321411133e+00	2.786859273910522461e+00	2.789511442184448242e+00	2.793179512023925781e+00	2.796380996704101562e+00	2.797298908233642578e+00	2.796267509460449219e+00	2.794141054153442383e+00	2.791359663009643555e+00	2.788224458694458008e+00	2.785273313522338867e+00	2.783280134201049805e+00	2.782835483551025391e+00	2.784175157546997070e+00	2.787226915359497070e+00	2.790428876876831055e+00	2.791379928588867188e+00	2.790961027145385742e+00	2.790579557418823242e+00
2.785861253738403320e+00	2.789997339248657227e+00	2.799077033996582031e+00	2.812158107757568359e+00	2.819931268692016602e+00	2.816804409027099609e+00	2.810111045837402344e+00	2.803414344787597656e+00	2.800001859664916992e+00	2.799466133117675781e+00	2.799551963806152344e+00	2.798310756683349609e+00	2.795612812042236328e+00	2.792358875274658203e+00	2.788886547088623047e+00	2.785127401351928711e+00	2.781128406524658203e+00	2.777337074279785156e+00	2.775719404220581055e+00	2.777237653732299805e+00	2.780689716339111328e+00	2.784546136856079102e+00	2.786310434341430664e+00	2.783993721008300781e+00	2.779856920242309570e+00	2.776705503463745117e+00	2.775080680847167969e+00	2.774839639663696289e+00	2.775900363922119141e+00	2.778305530548095703e+00	2.781264305114746094e+00	2.783515691757202148e+00	2.784530162811279297e+00	2.783442497253417969e+00	2.780765533447265625e+00	2.778476476669311523e+00	2.777349710464477539e+00	2.777256011962890625e+00	2.777609348297119141e+00	2.777634143829345703e+00	2.777228116989135742e+00	2.776943445205688477e+00	2.777158737182617188e+00	2.777974843978881836e+00	2.778978824615478516e+00	2.779648303985595703e+00	2.780100584030151367e+00	2.780669927597045898e+00	2.781457424163818359e+00	2.782293319702148438e+00	2.783015727996826172e+00	2.783661842346191406e+00	2.784195661544799805e+00	2.784397125244140625e+00	2.784503936767578125e+00	2.784855604171752930e+00	2.785592794418334961e+00	2.786650180816650391e+00	2.787448644638061523e+00	2.787557601928710938e+00	2.787026882171630859e+00	2.786201715469360352e+00	2.785447597503662109e+00	2.784940242767333984e+00	2.784715414047241211e+00	2.784816741943359375e+00	2.785377740859985352e+00	2.786031961441040039e+00	2.786409854888916016e+00	2.786590099334716797e+00	2.785979509353637695e+00	2.785105705261230469e+00
2.782298564910888672e+00	2.785135746002197266e+00	2.791448593139648438e+00	2.801595687866210938e+00	2.808978796005249023e+00	2.807318449020385742e+00	2.802442312240600586e+00	2.798453807830810547e+00	2.797428846359252930e+00	2.798600673675537109e+00	2.799676418304443359e+00	2.798897027969360352e+00	2.796418428421020508e+00	2.793031215667724609e+00	2.788956642150878906e+00	2.784326314926147461e+00	2.779912948608398438e+00	2.776514291763305664e+00	2.774895668029785156e+00	2.775686979293823242e+00	2.778674602508544922e+00	2.782590627670288086e+00	2.785460710525512695e+00	2.785652875900268555e+00	2.783173322677612305e+00	2.779078006744384766e+00	2.775580167770385742e+00	2.774231910705566406e+00	2.774463891983032227e+00	2.775557756423950195e+00	2.776859760284423828e+00	2.777758121490478516e+00	2.778598785400390625e+00	2.779436588287353516e+00	2.779512166976928711e+00	2.778430700302124023e+00	2.776902675628662109e+00	2.775610685348510742e+00	2.774469137191772461e+00	2.773337125778198242e+00	2.772478580474853516e+00	2.772281885147094727e+00	2.772909402847290039e+00	2.774247884750366211e+00	2.775929450988769531e+00	2.777743816375732422e+00	2.779828548431396484e+00	2.782255411148071289e+00	2.784861087799072266e+00	2.787313938140869141e+00	2.789420127868652344e+00	2.791343927383422852e+00	2.792176961898803711e+00	2.792354822158813477e+00	2.792606592178344727e+00	2.792990446090698242e+00	2.794257879257202148e+00	2.796537160873413086e+00	2.798786640167236328e+00	2.799533605575561523e+00	2.798226118087768555e+00	2.795185565948486328e+00	2.790890455245971680e+00	2.786444664001464844e+00	2.782991409301757812e+00	2.781211614608764648e+00	2.781298637390136719e+00	2.782784223556518555e+00	2.784790992736816406e+00	2.785792827606201172e+00	2.783895969390869141e+00	2.782086133956909180e+00
2.791922330856323242e+00	2.787989616394042969e+00	2.785292863845825195e+00	2.784135341644287109e+00	2.784108161926269531e+00	2.784205198287963867e+00	2.783696889877319336e+00	2.782751321792602539e+00	2.781596899032592773e+00	2.780646562576293945e+00	2.780088424682617188e+00	2.779609203338623047e+00	2.779116392135620117e+00	2.778874397277832031e+00	2.778742074966430664e+00	2.777760744094848633e+00	2.775228977203369141e+00	2.772180318832397461e+00	2.769725561141967773e+00	2.768435478210449219e+00	2.768715381622314453e+00	2.770893573760986328e+00	2.774555444717407227e+00	2.778202056884765625e+00	2.780119180679321289e+00	2.779923915863037109e+00	2.778430461883544922e+00	2.776374101638793945e+00	2.774156570434570312e+00	2.771798610687255859e+00	2.769414901733398438e+00	2.767617702484130859e+00	2.767245054244995117e+00	2.768478870391845703e+00	2.770722866058349609e+00	2.773013114929199219e+00	2.774669885635375977e+00	2.775442838668823242e+00	2.775329828262329102e+00	2.775047779083251953e+00	2.775084733963012695e+00	2.775492429733276367e+00	2.775975465774536133e+00	2.776108026504516602e+00	2.775960683822631836e+00	2.775972604751586914e+00	2.776483058929443359e+00	2.777541399002075195e+00	2.778960943222045898e+00	2.780471563339233398e+00	2.781651973724365234e+00	2.782083749771118164e+00	2.782137155532836914e+00	2.783086776733398438e+00	2.785785675048828125e+00	2.790301799774169922e+00	2.796573162078857422e+00	2.804464340209960938e+00	2.812260866165161133e+00	2.815823554992675781e+00	2.811994314193725586e+00	2.803754091262817383e+00	2.795408725738525391e+00	2.788987398147583008e+00	2.785445928573608398e+00	2.785170316696166992e+00	2.787940502166748047e+00	2.792489290237426758e+00	2.796561241149902344e+00	2.798950672149658203e+00	2.798857212066650391e+00	2.796097278594970703e+00
2.786511898040771484e+00	2.785250902175903320e+00	2.784412384033203125e+00	2.783367633819580078e+00	2.782518386840820312e+00	2.781601190567016602e+00	2.780250549316406250e+00	2.778158187866210938e+00	2.775946140289306641e+00	2.774438142776489258e+00	2.773878574371337891e+00	2.774073839187622070e+00	2.774527311325073242e+00	2.774748802185058594e+00	2.774510622024536133e+00	2.773584127426147461e+00	2.772032022476196289e+00	2.770418643951416016e+00	2.769302129745483398e+00	2.769093990325927734e+00	2.770235538482666016e+00	2.773267984390258789e+00	2.778112411499023438e+00	2.782017469406127930e+00	2.783167600631713867e+00	2.782333850860595703e+00	2.779860258102416992e+00	2.776896953582763672e+00	2.773495197296142578e+00	2.769871234893798828e+00	2.766861200332641602e+00	2.765449047088623047e+00	2.766057729721069336e+00	2.768391609191894531e+00	2.771625280380249023e+00	2.774646997451782227e+00	2.776161670684814453e+00	2.775714397430419922e+00	2.773963451385498047e+00	2.772531986236572266e+00	2.772304296493530273e+00	2.772927999496459961e+00	2.773801326751708984e+00	2.774571418762207031e+00	2.775005102157592773e+00	2.774522781372070312e+00	2.773740768432617188e+00	2.773838043212890625e+00	2.774960994720458984e+00	2.776319265365600586e+00	2.777541875839233398e+00	2.778898954391479492e+00	2.780446052551269531e+00	2.783055305480957031e+00	2.787328004837036133e+00	2.793245315551757812e+00	2.800899744033813477e+00	2.809916734695434570e+00	2.818081855773925781e+00	2.820770978927612305e+00	2.816259860992431641e+00	2.808629512786865234e+00	2.801387071609497070e+00	2.795248746871948242e+00	2.790404796600341797e+00	2.787778854370117188e+00	2.787546157836914062e+00	2.788721084594726562e+00	2.790046930313110352e+00	2.790579080581665039e+00	2.790076494216918945e+00	2.788550615310668945e+00
2.781541824340820312e+00	2.780062198638916016e+00	2.779011487960815430e+00	2.778355598449707031e+00	2.777363538742065430e+00	2.775976181030273438e+00	2.774468898773193359e+00	2.773206472396850586e+00	2.772416353225708008e+00	2.772014141082763672e+00	2.771703481674194336e+00	2.771515130996704102e+00	2.771668195724487305e+00	2.771958112716674805e+00	2.772001504898071289e+00	2.771779298782348633e+00	2.770745754241943359e+00	2.769136190414428711e+00	2.768557310104370117e+00	2.769119739532470703e+00	2.770709276199340820e+00	2.773123979568481445e+00	2.775937080383300781e+00	2.778383731842041016e+00	2.779738664627075195e+00	2.780348062515258789e+00	2.780018091201782227e+00	2.778540849685668945e+00	2.776190519332885742e+00	2.773900747299194336e+00	2.772885322570800781e+00	2.773689270019531250e+00	2.772920608520507812e+00	2.770153999328613281e+00	2.769525051116943359e+00	2.770533323287963867e+00	2.771600723266601562e+00	2.771593093872070312e+00	2.772673606872558594e+00	2.774399280548095703e+00	2.775870800018310547e+00	2.776906013488769531e+00	2.777151584625244141e+00	2.776395559310913086e+00	2.775642395019531250e+00	2.775571823120117188e+00	2.775895357131958008e+00	2.776346445083618164e+00	2.777319908142089844e+00	2.778992652893066406e+00	2.780583143234252930e+00	2.781729698181152344e+00	2.783109903335571289e+00	2.785113096237182617e+00	2.788214206695556641e+00	2.792731285095214844e+00	2.798223257064819336e+00	2.803304195404052734e+00	2.806063413619995117e+00	2.805568933486938477e+00	2.802493095397949219e+00	2.798318624496459961e+00	2.794241428375244141e+00	2.790741443634033203e+00	2.788399934768676758e+00	2.788424730300903320e+00	2.791018962860107422e+00	2.791778802871704102e+00	2.790312767028808594e+00	2.788703441619873047e+00	2.786000013351440430e+00	2.783326387405395508e+00
2.775501728057861328e+00	2.774025201797485352e+00	2.773355007171630859e+00	2.773755550384521484e+00	2.775446891784667969e+00	2.777953624725341797e+00	2.779057025909423828e+00	2.778428316116333008e+00	2.777239561080932617e+00	2.776008129119873047e+00	2.775145053863525391e+00	2.774687767028808594e+00	2.774484634399414062e+00	2.774070262908935547e+00	2.772988557815551758e+00	2.771339178085327148e+00	2.769738435745239258e+00	2.768672704696655273e+00	2.768145084381103516e+00	2.768131017684936523e+00	2.768945217132568359e+00	2.770846843719482422e+00	2.773659706115722656e+00	2.776043653488159180e+00	2.777238607406616211e+00	2.778370141983032227e+00	2.779657125473022461e+00	2.780736207962036133e+00	2.780862808227539062e+00	2.779697179794311523e+00	2.778014659881591797e+00	2.776131391525268555e+00	2.774124860763549805e+00	2.772560834884643555e+00	2.771773576736450195e+00	2.771955013275146484e+00	2.773086309432983398e+00	2.774675846099853516e+00	2.776470661163330078e+00	2.778362989425659180e+00	2.779875040054321289e+00	2.780306339263916016e+00	2.779188632965087891e+00	2.777426481246948242e+00	2.776290655136108398e+00	2.776314020156860352e+00	2.777351140975952148e+00	2.778646707534790039e+00	2.779733657836914062e+00	2.780994892120361328e+00	2.782665729522705078e+00	2.785319805145263672e+00	2.789765357971191406e+00	2.796268463134765625e+00	2.804431915283203125e+00	2.813442945480346680e+00	2.822367906570434570e+00	2.829745769500732422e+00	2.833355903625488281e+00	2.831692695617675781e+00	2.825516462326049805e+00	2.816591739654541016e+00	2.806905984878540039e+00	2.798437595367431641e+00	2.791694879531860352e+00	2.786897420883178711e+00	2.784168481826782227e+00	2.782938957214355469e+00	2.782052993774414062e+00	2.780700445175170898e+00	2.779054164886474609e+00	2.777320861816406250e+00
2.772945404052734375e+00	2.770982027053833008e+00	2.770116329193115234e+00	2.770694971084594727e+00	2.772647857666015625e+00	2.775186538696289062e+00	2.777598381042480469e+00	2.779475212097167969e+00	2.779704093933105469e+00	2.778693437576293945e+00	2.777729988098144531e+00	2.777325630187988281e+00	2.777343273162841797e+00	2.777083396911621094e+00	2.775236606597900391e+00	2.772671461105346680e+00	2.770497560501098633e+00	2.768933534622192383e+00	2.768009662628173828e+00	2.767741680145263672e+00	2.768286466598510742e+00	2.769769430160522461e+00	2.771824359893798828e+00	2.773621559143066406e+00	2.775014877319335938e+00	2.776042699813842773e+00	2.776456594467163086e+00	2.776282787322998047e+00	2.775842666625976562e+00	2.775457143783569336e+00	2.775024175643920898e+00	2.774393320083618164e+00	2.774056911468505859e+00	2.774284839630126953e+00	2.774410247802734375e+00	2.774166822433471680e+00	2.774354696273803711e+00	2.775313377380371094e+00	2.776925802230834961e+00	2.778863430023193359e+00	2.780798912048339844e+00	2.781965732574462891e+00	2.781362295150756836e+00	2.779373168945312500e+00	2.777359962463378906e+00	2.775987386703491211e+00	2.775497674942016602e+00	2.776221513748168945e+00	2.778236150741577148e+00	2.781233549118041992e+00	2.784827709197998047e+00	2.789001226425170898e+00	2.794123411178588867e+00	2.800504446029663086e+00	2.808045864105224609e+00	2.816154718399047852e+00	2.823946237564086914e+00	2.829983949661254883e+00	2.832850456237792969e+00	2.832296609878540039e+00	2.829474449157714844e+00	2.824862003326416016e+00	2.817467927932739258e+00	2.808559417724609375e+00	2.800570964813232422e+00	2.793934822082519531e+00	2.788238286972045898e+00	2.783905982971191406e+00	2.781122922897338867e+00	2.779257774353027344e+00	2.777485847473144531e+00	2.775341272354125977e+00
2.787147283554077148e+00	2.783211469650268555e+00	2.779547214508056641e+00	2.776664733886718750e+00	2.775168895721435547e+00	2.775506496429443359e+00	2.777449846267700195e+00	2.780229330062866211e+00	2.782947778701782227e+00	2.783258676528930664e+00	2.780690908432006836e+00	2.778707742691040039e+00	2.777832508087158203e+00	2.777668714523315430e+00	2.777559757232666016e+00	2.776847362518310547e+00	2.775065660476684570e+00	2.772731542587280273e+00	2.770939111709594727e+00	2.770192623138427734e+00	2.770622968673706055e+00	2.772330522537231445e+00	2.775157690048217773e+00	2.778402090072631836e+00	2.781074285507202148e+00	2.782237291336059570e+00	2.781213521957397461e+00	2.778790950775146484e+00	2.776541471481323242e+00	2.775231838226318359e+00	2.774610996246337891e+00	2.773610830307006836e+00	2.772700548171997070e+00	2.772907495498657227e+00	2.773813009262084961e+00	2.775201082229614258e+00	2.776322364807128906e+00	2.776648759841918945e+00	2.776386737823486328e+00	2.776338100433349609e+00	2.777172088623046875e+00	2.778293132781982422e+00	2.779008150100708008e+00	2.779629230499267578e+00	2.780551195144653320e+00	2.782196998596191406e+00	2.784785985946655273e+00	2.787089586257934570e+00	2.789410829544067383e+00	2.793575525283813477e+00	2.797845602035522461e+00	2.799126863479614258e+00	2.800985574722290039e+00	2.804482221603393555e+00	2.809028625488281250e+00	2.814427375793457031e+00	2.820984601974487305e+00	2.828022718429565430e+00	2.834048986434936523e+00	2.836632966995239258e+00	2.832457542419433594e+00	2.823175430297851562e+00	2.813709259033203125e+00	2.806071281433105469e+00	2.799842834472656250e+00	2.793158769607543945e+00	2.788788557052612305e+00	2.787766456604003906e+00	2.789716958999633789e+00	2.793632745742797852e+00	2.794086694717407227e+00	2.790927171707153320e+00
2.787516832351684570e+00	2.786532402038574219e+00	2.784908771514892578e+00	2.783766031265258789e+00	2.783596754074096680e+00	2.784354448318481445e+00	2.785809516906738281e+00	2.787557601928710938e+00	2.788430213928222656e+00	2.787160396575927734e+00	2.784404039382934570e+00	2.781696319580078125e+00	2.779707193374633789e+00	2.778352737426757812e+00	2.776978731155395508e+00	2.775283813476562500e+00	2.773650407791137695e+00	2.772586345672607422e+00	2.772369146347045898e+00	2.772782564163208008e+00	2.773528575897216797e+00	2.774755954742431641e+00	2.776434421539306641e+00	2.777685403823852539e+00	2.777575016021728516e+00	2.777094841003417969e+00	2.776641607284545898e+00	2.776142358779907227e+00	2.775735378265380859e+00	2.775461435317993164e+00	2.775097131729125977e+00	2.774597167968750000e+00	2.774141788482666016e+00	2.773874282836914062e+00	2.773997545242309570e+00	2.774625778198242188e+00	2.775469541549682617e+00	2.776049137115478516e+00	2.776150226593017578e+00	2.775871753692626953e+00	2.775390148162841797e+00	2.774769067764282227e+00	2.774252176284790039e+00	2.774128437042236328e+00	2.774586439132690430e+00	2.775613069534301758e+00	2.776959657669067383e+00	2.778317451477050781e+00	2.779556989669799805e+00	2.781103610992431641e+00	2.783239841461181641e+00	2.785665273666381836e+00	2.787919759750366211e+00	2.789825439453125000e+00	2.791846990585327148e+00	2.794800043106079102e+00	2.799235820770263672e+00	2.804726362228393555e+00	2.809005975723266602e+00	2.809722185134887695e+00	2.806736946105957031e+00	2.802135705947875977e+00	2.797542572021484375e+00	2.793237209320068359e+00	2.788838386535644531e+00	2.785314798355102539e+00	2.783761501312255859e+00	2.783646821975708008e+00	2.783994197845458984e+00	2.784694910049438477e+00	2.785849571228027344e+00	2.787063598632812500e+00
2.782874345779418945e+00	2.781530618667602539e+00	2.780913591384887695e+00	2.781144618988037109e+00	2.782420873641967773e+00	2.784899473190307617e+00	2.788032054901123047e+00	2.790282249450683594e+00	2.790320396423339844e+00	2.788506746292114258e+00	2.785835266113281250e+00	2.783075332641601562e+00	2.780714273452758789e+00	2.778927326202392578e+00	2.777545928955078125e+00	2.776538372039794922e+00	2.776039600372314453e+00	2.775845527648925781e+00	2.775671243667602539e+00	2.775517940521240234e+00	2.775362730026245117e+00	2.775170564651489258e+00	2.774980545043945312e+00	2.774943828582763672e+00	2.775302648544311523e+00	2.776251792907714844e+00	2.777649164199829102e+00	2.778813362121582031e+00	2.778946638107299805e+00	2.777624130249023438e+00	2.775277376174926758e+00	2.772789001464843750e+00	2.771023511886596680e+00	2.770464181900024414e+00	2.771223545074462891e+00	2.773487091064453125e+00	2.776166439056396484e+00	2.777136087417602539e+00	2.777770042419433594e+00	2.779329776763916016e+00	2.781509637832641602e+00	2.783125400543212891e+00	2.782594203948974609e+00	2.780848026275634766e+00	2.779438257217407227e+00	2.778289318084716797e+00	2.777135372161865234e+00	2.776206731796264648e+00	2.775956153869628906e+00	2.776668548583984375e+00	2.778172731399536133e+00	2.780015945434570312e+00	2.781934976577758789e+00	2.784149646759033203e+00	2.786848783493041992e+00	2.789920091629028320e+00	2.793527603149414062e+00	2.797752857208251953e+00	2.801045656204223633e+00	2.801636934280395508e+00	2.799738883972167969e+00	2.796671390533447266e+00	2.793217182159423828e+00	2.789962768554687500e+00	2.787553787231445312e+00	2.786845684051513672e+00	2.787444353103637695e+00	2.787955045700073242e+00	2.788280963897705078e+00	2.788182020187377930e+00	2.786826848983764648e+00	2.784758090972900391e+00
2.786909103393554688e+00	2.784393310546875000e+00	2.783829927444458008e+00	2.785247564315795898e+00	2.788047075271606445e+00	2.791168451309204102e+00	2.793720245361328125e+00	2.795275211334228516e+00	2.795365333557128906e+00	2.792757987976074219e+00	2.788200378417968750e+00	2.784028530120849609e+00	2.781573772430419922e+00	2.781144618988037109e+00	2.782139301300048828e+00	2.781550645828247070e+00	2.779188156127929688e+00	2.777146816253662109e+00	2.775412797927856445e+00	2.774085998535156250e+00	2.773578166961669922e+00	2.773741483688354492e+00	2.774071216583251953e+00	2.774320840835571289e+00	2.774692535400390625e+00	2.775472402572631836e+00	2.776931285858154297e+00	2.779388427734375000e+00	2.782538890838623047e+00	2.785355567932128906e+00	2.786237239837646484e+00	2.784008026123046875e+00	2.780177354812622070e+00	2.777657270431518555e+00	2.778548240661621094e+00	2.779850721359252930e+00	2.779983997344970703e+00	2.781808137893676758e+00	2.784741401672363281e+00	2.788131952285766602e+00	2.791151762008666992e+00	2.792783975601196289e+00	2.792636632919311523e+00	2.790971279144287109e+00	2.787853479385375977e+00	2.783853769302368164e+00	2.780106306076049805e+00	2.777240276336669922e+00	2.775547266006469727e+00	2.775177240371704102e+00	2.776012659072875977e+00	2.777695417404174805e+00	2.779814481735229492e+00	2.782262802124023438e+00	2.785054206848144531e+00	2.787951707839965820e+00	2.790598154067993164e+00	2.792220592498779297e+00	2.792898893356323242e+00	2.793347358703613281e+00	2.793640136718750000e+00	2.793965816497802734e+00	2.795217752456665039e+00	2.797688722610473633e+00	2.799429655075073242e+00	2.801184415817260742e+00	2.802787065505981445e+00	2.803036451339721680e+00	2.801578998565673828e+00	2.798720836639404297e+00	2.794921159744262695e+00	2.790722370147705078e+00
2.786424160003662109e+00	2.786488771438598633e+00	2.790005207061767578e+00	2.797487497329711914e+00	2.805483579635620117e+00	2.806798458099365234e+00	2.802838563919067383e+00	2.800584793090820312e+00	2.799454689025878906e+00	2.796717166900634766e+00	2.791313171386718750e+00	2.785431623458862305e+00	2.780871391296386719e+00	2.777769804000854492e+00	2.775555133819580078e+00	2.773860454559326172e+00	2.772592306137084961e+00	2.771716594696044922e+00	2.771647691726684570e+00	2.772841215133666992e+00	2.774798631668090820e+00	2.775966405868530273e+00	2.775344610214233398e+00	2.773648262023925781e+00	2.772397041320800781e+00	2.772894620895385742e+00	2.775548696517944336e+00	2.779642581939697266e+00	2.783411979675292969e+00	2.784886121749877930e+00	2.783267498016357422e+00	2.779402732849121094e+00	2.775262117385864258e+00	2.772770404815673828e+00	2.772995710372924805e+00	2.775791406631469727e+00	2.779954195022583008e+00	2.784354209899902344e+00	2.789002895355224609e+00	2.793208360671997070e+00	2.795869112014770508e+00	2.796511173248291016e+00	2.795449256896972656e+00	2.793016195297241211e+00	2.790010213851928711e+00	2.786830186843872070e+00	2.783216476440429688e+00	2.779673099517822266e+00	2.776963949203491211e+00	2.775244951248168945e+00	2.774360895156860352e+00	2.774292945861816406e+00	2.774999856948852539e+00	2.776512861251831055e+00	2.779064416885375977e+00	2.782748222351074219e+00	2.787174463272094727e+00	2.791038513183593750e+00	2.793570041656494141e+00	2.795132160186767578e+00	2.795984029769897461e+00	2.796693563461303711e+00	2.796947717666625977e+00	2.796037197113037109e+00	2.796504974365234375e+00	2.799343347549438477e+00	2.803095102310180664e+00	2.804911851882934570e+00	2.803106069564819336e+00	2.798574686050415039e+00	2.793339967727661133e+00	2.788969516754150391e+00
2.791396141052246094e+00	2.794029712677001953e+00	2.802539587020874023e+00	2.817229986190795898e+00	2.827552556991577148e+00	2.821805238723754883e+00	2.809809446334838867e+00	2.801878690719604492e+00	2.795369625091552734e+00	2.789980649948120117e+00	2.786402940750122070e+00	2.784239768981933594e+00	2.783076763153076172e+00	2.782465696334838867e+00	2.781870365142822266e+00	2.780785799026489258e+00	2.779027223587036133e+00	2.777551412582397461e+00	2.777330398559570312e+00	2.778832674026489258e+00	2.782032251358032227e+00	2.784871816635131836e+00	2.783644914627075195e+00	2.778980255126953125e+00	2.774545907974243164e+00	2.772408723831176758e+00	2.772795915603637695e+00	2.774728536605834961e+00	2.776984930038452148e+00	2.778898239135742188e+00	2.779915809631347656e+00	2.779747247695922852e+00	2.779024839401245117e+00	2.778985023498535156e+00	2.780621051788330078e+00	2.780605792999267578e+00	2.781017065048217773e+00	2.783123731613159180e+00	2.785915851593017578e+00	2.789065122604370117e+00	2.791707515716552734e+00	2.792228221893310547e+00	2.790096759796142578e+00	2.787150621414184570e+00	2.784737110137939453e+00	2.782624483108520508e+00	2.780285358428955078e+00	2.777757167816162109e+00	2.775230646133422852e+00	2.773163318634033203e+00	2.771932601928710938e+00	2.771853446960449219e+00	2.772941112518310547e+00	2.774215221405029297e+00	2.775372266769409180e+00	2.777630805969238281e+00	2.781185626983642578e+00	2.785176753997802734e+00	2.787887811660766602e+00	2.789229631423950195e+00	2.790263652801513672e+00	2.791719675064086914e+00	2.793133020401000977e+00	2.793770313262939453e+00	2.795872926712036133e+00	2.799392461776733398e+00	2.803110122680664062e+00	2.805281162261962891e+00	2.804613113403320312e+00	2.801097154617309570e+00	2.796455621719360352e+00	2.792733669281005859e+00
2.793937683105468750e+00	2.795322656631469727e+00	2.802020311355590820e+00	2.813900470733642578e+00	2.824432134628295898e+00	2.818328380584716797e+00	2.804159402847290039e+00	2.794890880584716797e+00	2.789023160934448242e+00	2.785214185714721680e+00	2.782552242279052734e+00	2.780669212341308594e+00	2.779418945312500000e+00	2.778598308563232422e+00	2.777762651443481445e+00	2.776642799377441406e+00	2.775861263275146484e+00	2.775863409042358398e+00	2.776805162429809570e+00	2.779025554656982422e+00	2.782813310623168945e+00	2.786488771438598633e+00	2.785969257354736328e+00	2.781459093093872070e+00	2.776906490325927734e+00	2.774623870849609375e+00	2.774552583694458008e+00	2.775912284851074219e+00	2.778090953826904297e+00	2.780785083770751953e+00	2.783017158508300781e+00	2.783647060394287109e+00	2.782947540283203125e+00	2.782006502151489258e+00	2.781193733215332031e+00	2.780692100524902344e+00	2.781373500823974609e+00	2.782693624496459961e+00	2.783532619476318359e+00	2.784368753433227539e+00	2.785192966461181641e+00	2.785584211349487305e+00	2.785436391830444336e+00	2.784677028656005859e+00	2.783237695693969727e+00	2.781295776367187500e+00	2.779265403747558594e+00	2.777641773223876953e+00	2.777022123336791992e+00	2.777479648590087891e+00	2.778177022933959961e+00	2.779069900512695312e+00	2.780224800109863281e+00	2.780747175216674805e+00	2.780952453613281250e+00	2.781532049179077148e+00	2.782837629318237305e+00	2.785186529159545898e+00	2.788426399230957031e+00	2.791396379470825195e+00	2.793428182601928711e+00	2.794832706451416016e+00	2.796299219131469727e+00	2.798089504241943359e+00	2.800036430358886719e+00	2.802467107772827148e+00	2.805047750473022461e+00	2.806957244873046875e+00	2.806683540344238281e+00	2.803876638412475586e+00	2.799844741821289062e+00	2.796030044555664062e+00
2.794942617416381836e+00	2.791792631149291992e+00	2.792528390884399414e+00	2.794373512268066406e+00	2.795335292816162109e+00	2.795526504516601562e+00	2.795273780822753906e+00	2.794924259185791016e+00	2.794538497924804688e+00	2.793987751007080078e+00	2.793007373809814453e+00	2.791276693344116211e+00	2.788234949111938477e+00	2.784342288970947266e+00	2.780881881713867188e+00	2.778439044952392578e+00	2.777072668075561523e+00	2.776516675949096680e+00	2.776565313339233398e+00	2.777507305145263672e+00	2.779531478881835938e+00	2.782011508941650391e+00	2.783218860626220703e+00	2.782635688781738281e+00	2.782057046890258789e+00	2.781591415405273438e+00	2.780710935592651367e+00	2.779789924621582031e+00	2.779187917709350586e+00	2.779120206832885742e+00	2.779318332672119141e+00	2.778726100921630859e+00	2.777202606201171875e+00	2.776120185852050781e+00	2.777333498001098633e+00	2.782196760177612305e+00	2.785036563873291016e+00	2.786734104156494141e+00	2.789575815200805664e+00	2.792306184768676758e+00	2.793537616729736328e+00	2.793034076690673828e+00	2.791660785675048828e+00	2.790281772613525391e+00	2.789008140563964844e+00	2.787475347518920898e+00	2.785691261291503906e+00	2.784240961074829102e+00	2.783376932144165039e+00	2.782743692398071289e+00	2.782279729843139648e+00	2.782242774963378906e+00	2.782817363739013672e+00	2.783560037612915039e+00	2.783937931060791016e+00	2.784279584884643555e+00	2.785166740417480469e+00	2.787240982055664062e+00	2.790189027786254883e+00	2.792594909667968750e+00	2.794977426528930664e+00	2.797660589218139648e+00	2.800388813018798828e+00	2.802753925323486328e+00	2.803972482681274414e+00	2.804407596588134766e+00	2.805294990539550781e+00	2.807186365127563477e+00	2.810468196868896484e+00	2.813338994979858398e+00	2.810683727264404297e+00	2.802400827407836914e+00
2.790949583053588867e+00	2.787014484405517578e+00	2.784821748733520508e+00	2.784686565399169922e+00	2.785792589187622070e+00	2.786895990371704102e+00	2.787616729736328125e+00	2.788246393203735352e+00	2.788774013519287109e+00	2.788750648498535156e+00	2.787997484207153320e+00	2.786279201507568359e+00	2.782951354980468750e+00	2.779165029525756836e+00	2.776734113693237305e+00	2.775934696197509766e+00	2.776193857192993164e+00	2.777224779129028320e+00	2.778778314590454102e+00	2.780304670333862305e+00	2.781512737274169922e+00	2.782440900802612305e+00	2.782975912094116211e+00	2.782701969146728516e+00	2.782220125198364258e+00	2.781483411788940430e+00	2.780115604400634766e+00	2.779864549636840820e+00	2.780167818069458008e+00	2.780549526214599609e+00	2.780812978744506836e+00	2.780761480331420898e+00	2.780376672744750977e+00	2.780166625976562500e+00	2.780864238739013672e+00	2.782948017120361328e+00	2.786693096160888672e+00	2.791636943817138672e+00	2.796969652175903320e+00	2.800314188003540039e+00	2.800070047378540039e+00	2.797738075256347656e+00	2.795021295547485352e+00	2.792339086532592773e+00	2.789801120758056641e+00	2.787468910217285156e+00	2.786228179931640625e+00	2.786917448043823242e+00	2.787906646728515625e+00	2.788151979446411133e+00	2.788529634475708008e+00	2.788861036300659180e+00	2.789563894271850586e+00	2.790360212326049805e+00	2.791276931762695312e+00	2.792680501937866211e+00	2.794579744338989258e+00	2.797013044357299805e+00	2.800910949707031250e+00	2.806199073791503906e+00	2.808838844299316406e+00	2.807302474975585938e+00	2.805171489715576172e+00	2.803891420364379883e+00	2.803279399871826172e+00	2.802808046340942383e+00	2.801910400390625000e+00	2.801012039184570312e+00	2.800958156585693359e+00	2.801302194595336914e+00	2.799553632736206055e+00	2.795500040054321289e+00
2.784820795059204102e+00	2.784876108169555664e+00	2.785765171051025391e+00	2.786900281906127930e+00	2.787982940673828125e+00	2.789158344268798828e+00	2.790664672851562500e+00	2.791507244110107422e+00	2.790667533874511719e+00	2.788748741149902344e+00	2.786033868789672852e+00	2.783053636550903320e+00	2.780627727508544922e+00	2.779153108596801758e+00	2.778707265853881836e+00	2.779061794281005859e+00	2.779382944107055664e+00	2.779007673263549805e+00	2.778696298599243164e+00	2.778748750686645508e+00	2.779124021530151367e+00	2.779623985290527344e+00	2.779879808425903320e+00	2.779566526412963867e+00	2.778668165206909180e+00	2.778064012527465820e+00	2.777699947357177734e+00	2.777564048767089844e+00	2.777826070785522461e+00	2.778506755828857422e+00	2.779577016830444336e+00	2.780745267868041992e+00	2.781545400619506836e+00	2.781702041625976562e+00	2.781730413436889648e+00	2.782089233398437500e+00	2.783037185668945312e+00	2.784147262573242188e+00	2.785951137542724609e+00	2.788911104202270508e+00	2.792244195938110352e+00	2.793855905532836914e+00	2.792313337326049805e+00	2.790458440780639648e+00	2.789606571197509766e+00	2.788976192474365234e+00	2.788056135177612305e+00	2.786876916885375977e+00	2.785964965820312500e+00	2.785577058792114258e+00	2.785927772521972656e+00	2.787139654159545898e+00	2.788645744323730469e+00	2.789710998535156250e+00	2.790237426757812500e+00	2.790346860885620117e+00	2.790349960327148438e+00	2.790904283523559570e+00	2.792807579040527344e+00	2.795957088470458984e+00	2.799285650253295898e+00	2.801251173019409180e+00	2.801223993301391602e+00	2.800486087799072266e+00	2.799521923065185547e+00	2.797910213470458984e+00	2.796645164489746094e+00	2.795950174331665039e+00	2.794405937194824219e+00	2.791481256484985352e+00	2.788374662399291992e+00	2.786015510559082031e+00
2.790957212448120117e+00	2.789898633956909180e+00	2.790707826614379883e+00	2.794062376022338867e+00	2.799915313720703125e+00	2.807446479797363281e+00	2.815437316894531250e+00	2.820969343185424805e+00	2.820790290832519531e+00	2.815040588378906250e+00	2.806632280349731445e+00	2.797627449035644531e+00	2.789698600769042969e+00	2.783643484115600586e+00	2.779242515563964844e+00	2.775993585586547852e+00	2.773621559143066406e+00	2.772144079208374023e+00	2.771538734436035156e+00	2.771837711334228516e+00	2.773046493530273438e+00	2.774694442749023438e+00	2.776043653488159180e+00	2.777051687240600586e+00	2.777893066406250000e+00	2.778374671936035156e+00	2.778630971908569336e+00	2.778667926788330078e+00	2.778297901153564453e+00	2.777112960815429688e+00	2.775274991989135742e+00	2.773683547973632812e+00	2.773049116134643555e+00	2.773914813995361328e+00	2.776535749435424805e+00	2.780092954635620117e+00	2.784035444259643555e+00	2.788547039031982422e+00	2.792442083358764648e+00	2.793680429458618164e+00	2.793467521667480469e+00	2.793426752090454102e+00	2.793634176254272461e+00	2.793489933013916016e+00	2.792135715484619141e+00	2.789784669876098633e+00	2.787271499633789062e+00	2.784967184066772461e+00	2.783505916595458984e+00	2.783389329910278320e+00	2.784293413162231445e+00	2.785100460052490234e+00	2.785540819168090820e+00	2.785466670989990234e+00	2.784956216812133789e+00	2.784690618515014648e+00	2.785798788070678711e+00	2.789047479629516602e+00	2.794395923614501953e+00	2.800968170166015625e+00	2.806951045989990234e+00	2.809206962585449219e+00	2.805543899536132812e+00	2.799087047576904297e+00	2.794052362442016602e+00	2.791780471801757812e+00	2.792099952697753906e+00	2.794084310531616211e+00	2.795858621597290039e+00	2.796022653579711914e+00	2.794524669647216797e+00	2.792580127716064453e+00
2.792594194412231445e+00	2.792850255966186523e+00	2.795026540756225586e+00	2.799049377441406250e+00	2.805546283721923828e+00	2.816034555435180664e+00	2.829133987426757812e+00	2.837547063827514648e+00	2.836048126220703125e+00	2.826927185058593750e+00	2.813676118850708008e+00	2.801451683044433594e+00	2.792534112930297852e+00	2.786163330078125000e+00	2.781521558761596680e+00	2.778008460998535156e+00	2.774872064590454102e+00	2.772022008895874023e+00	2.770163059234619141e+00	2.769729614257812500e+00	2.770563602447509766e+00	2.772018194198608398e+00	2.773619890213012695e+00	2.775674104690551758e+00	2.778240919113159180e+00	2.781192541122436523e+00	2.784491539001464844e+00	2.787882089614868164e+00	2.789881229400634766e+00	2.788043498992919922e+00	2.783715963363647461e+00	2.779550075531005859e+00	2.777203559875488281e+00	2.777034997940063477e+00	2.778292179107666016e+00	2.780586242675781250e+00	2.784698009490966797e+00	2.791240930557250977e+00	2.799185037612915039e+00	2.804131984710693359e+00	2.804398536682128906e+00	2.802420377731323242e+00	2.798676729202270508e+00	2.794443130493164062e+00	2.790338277816772461e+00	2.786684274673461914e+00	2.784028053283691406e+00	2.782678604125976562e+00	2.782636642456054688e+00	2.783928394317626953e+00	2.786323547363281250e+00	2.789259910583496094e+00	2.791897296905517578e+00	2.793458223342895508e+00	2.794132709503173828e+00	2.794706344604492188e+00	2.795713186264038086e+00	2.797267675399780273e+00	2.799248456954956055e+00	2.801441192626953125e+00	2.801868915557861328e+00	2.800141572952270508e+00	2.797168970108032227e+00	2.794075250625610352e+00	2.792183876037597656e+00	2.792076587677001953e+00	2.793623685836791992e+00	2.795584201812744141e+00	2.796422481536865234e+00	2.796110868453979492e+00	2.795253992080688477e+00	2.793833017349243164e+00
2.783561706542968750e+00	2.783176183700561523e+00	2.784381866455078125e+00	2.787999629974365234e+00	2.795118331909179688e+00	2.806937456130981445e+00	2.821775436401367188e+00	2.831897735595703125e+00	2.831254720687866211e+00	2.822780609130859375e+00	2.809944391250610352e+00	2.797654867172241211e+00	2.788488864898681641e+00	2.782294273376464844e+00	2.778365135192871094e+00	2.775492668151855469e+00	2.773022413253784180e+00	2.771232128143310547e+00	2.770313739776611328e+00	2.770392656326293945e+00	2.771443367004394531e+00	2.773199558258056641e+00	2.775258064270019531e+00	2.777419805526733398e+00	2.779718160629272461e+00	2.782166004180908203e+00	2.784804344177246094e+00	2.787946462631225586e+00	2.790134191513061523e+00	2.788057804107666016e+00	2.784062147140502930e+00	2.780457496643066406e+00	2.778225183486938477e+00	2.777890205383300781e+00	2.779087543487548828e+00	2.781516551971435547e+00	2.786062240600585938e+00	2.792107582092285156e+00	2.799027681350708008e+00	2.803553819656372070e+00	2.802396535873413086e+00	2.798540353775024414e+00	2.793246030807495117e+00	2.787509441375732422e+00	2.782519102096557617e+00	2.779217004776000977e+00	2.778053522109985352e+00	2.778799772262573242e+00	2.780400753021240234e+00	2.782481431961059570e+00	2.785227298736572266e+00	2.788394451141357422e+00	2.791557550430297852e+00	2.794260740280151367e+00	2.796234130859375000e+00	2.797506809234619141e+00	2.798388481140136719e+00	2.799341440200805664e+00	2.800561428070068359e+00	2.801440000534057617e+00	2.801056146621704102e+00	2.799112081527709961e+00	2.795941114425659180e+00	2.792075395584106445e+00	2.788785457611083984e+00	2.787557840347290039e+00	2.788236141204833984e+00	2.789346933364868164e+00	2.789613008499145508e+00	2.788685321807861328e+00	2.786949396133422852e+00	2.785003662109375000e+00
2.783142566680908203e+00	2.782321214675903320e+00	2.782568216323852539e+00	2.784690380096435547e+00	2.788630962371826172e+00	2.793615818023681641e+00	2.797767162322998047e+00	2.798122406005859375e+00	2.794891119003295898e+00	2.789468288421630859e+00	2.783604860305786133e+00	2.779639959335327148e+00	2.777423381805419922e+00	2.776703357696533203e+00	2.777423858642578125e+00	2.777910709381103516e+00	2.777297735214233398e+00	2.776776790618896484e+00	2.776158094406127930e+00	2.775982618331909180e+00	2.776720523834228516e+00	2.777907609939575195e+00	2.778738737106323242e+00	2.778934717178344727e+00	2.778702020645141602e+00	2.778463840484619141e+00	2.778641462326049805e+00	2.779166460037231445e+00	2.779561042785644531e+00	2.779359340667724609e+00	2.778621435165405273e+00	2.778398036956787109e+00	2.779339790344238281e+00	2.780396223068237305e+00	2.780241727828979492e+00	2.779469013214111328e+00	2.778477191925048828e+00	2.777587413787841797e+00	2.776369094848632812e+00	2.775580883026123047e+00	2.775733470916748047e+00	2.776171684265136719e+00	2.776529073715209961e+00	2.776831150054931641e+00	2.777134418487548828e+00	2.777529478073120117e+00	2.778460264205932617e+00	2.780271530151367188e+00	2.782872438430786133e+00	2.786025047302246094e+00	2.789506673812866211e+00	2.792787551879882812e+00	2.795448541641235352e+00	2.797699213027954102e+00	2.799647569656372070e+00	2.800927877426147461e+00	2.801962852478027344e+00	2.803350925445556641e+00	2.804745912551879883e+00	2.805571794509887695e+00	2.805506706237792969e+00	2.804293394088745117e+00	2.801591873168945312e+00	2.797436237335205078e+00	2.793558835983276367e+00	2.791592359542846680e+00	2.791320800781250000e+00	2.791828155517578125e+00	2.791765689849853516e+00	2.790102243423461914e+00	2.787531375885009766e+00	2.784903526306152344e+00
2.789752006530761719e+00	2.788247823715209961e+00	2.787802934646606445e+00	2.788325548171997070e+00	2.789410352706909180e+00	2.791599035263061523e+00	2.795381069183349609e+00	2.799567699432373047e+00	2.801237821578979492e+00	2.797730684280395508e+00	2.791762351989746094e+00	2.787456035614013672e+00	2.784675836563110352e+00	2.782475709915161133e+00	2.781035661697387695e+00	2.780617952346801758e+00	2.780635833740234375e+00	2.780186891555786133e+00	2.778883457183837891e+00	2.777194976806640625e+00	2.775836467742919922e+00	2.775595188140869141e+00	2.776323080062866211e+00	2.777074098587036133e+00	2.777207612991333008e+00	2.776964187622070312e+00	2.777202367782592773e+00	2.777786970138549805e+00	2.775272846221923828e+00	2.772554159164428711e+00	2.771028280258178711e+00	2.771094322204589844e+00	2.772844076156616211e+00	2.775625228881835938e+00	2.778546333312988281e+00	2.780782461166381836e+00	2.781700849533081055e+00	2.781096696853637695e+00	2.779047012329101562e+00	2.776718139648437500e+00	2.775180578231811523e+00	2.774590492248535156e+00	2.774734735488891602e+00	2.775402069091796875e+00	2.777242422103881836e+00	2.780906200408935547e+00	2.782089233398437500e+00	2.781061887741088867e+00	2.781830310821533203e+00	2.783349752426147461e+00	2.785050868988037109e+00	2.786886453628540039e+00	2.789221525192260742e+00	2.792088031768798828e+00	2.795126199722290039e+00	2.798105478286743164e+00	2.801023483276367188e+00	2.804196357727050781e+00	2.807228565216064453e+00	2.808803796768188477e+00	2.808628320693969727e+00	2.807444095611572266e+00	2.805208206176757812e+00	2.801065683364868164e+00	2.795871019363403320e+00	2.792059898376464844e+00	2.790760993957519531e+00	2.791385412216186523e+00	2.791733264923095703e+00	2.791612148284912109e+00	2.791824579238891602e+00	2.791332483291625977e+00
2.794644117355346680e+00	2.791480541229248047e+00	2.788854360580444336e+00	2.787888050079345703e+00	2.788870573043823242e+00	2.791633129119873047e+00	2.795783996582031250e+00	2.799873828887939453e+00	2.800155878067016602e+00	2.794985294342041016e+00	2.788531064987182617e+00	2.783668041229248047e+00	2.780230045318603516e+00	2.778115034103393555e+00	2.777125597000122070e+00	2.776959896087646484e+00	2.777100086212158203e+00	2.777110815048217773e+00	2.776862859725952148e+00	2.776104927062988281e+00	2.775117874145507812e+00	2.774573087692260742e+00	2.774756431579589844e+00	2.775678634643554688e+00	2.776873826980590820e+00	2.776463985443115234e+00	2.774119615554809570e+00	2.771797418594360352e+00	2.770213127136230469e+00	2.769066333770751953e+00	2.768372774124145508e+00	2.768671512603759766e+00	2.770222902297973633e+00	2.772718906402587891e+00	2.775469303131103516e+00	2.777676105499267578e+00	2.778986454010009766e+00	2.779094696044921875e+00	2.777900457382202148e+00	2.776641845703125000e+00	2.776063203811645508e+00	2.775851488113403320e+00	2.775572299957275391e+00	2.775462388992309570e+00	2.775840997695922852e+00	2.776423931121826172e+00	2.777098417282104492e+00	2.778339624404907227e+00	2.779797554016113281e+00	2.780772686004638672e+00	2.781327724456787109e+00	2.781357765197753906e+00	2.780868291854858398e+00	2.780295372009277344e+00	2.779811143875122070e+00	2.779407978057861328e+00	2.779506206512451172e+00	2.780754327774047852e+00	2.783359527587890625e+00	2.787039518356323242e+00	2.791314601898193359e+00	2.795621633529663086e+00	2.798739671707153320e+00	2.798990726470947266e+00	2.796761751174926758e+00	2.794515132904052734e+00	2.794336080551147461e+00	2.796455383300781250e+00	2.798946857452392578e+00	2.799639225006103516e+00	2.798838853836059570e+00	2.797198057174682617e+00
2.918462514877319336e+00	2.887045145034790039e+00	2.862693786621093750e+00	2.845509529113769531e+00	2.834579706192016602e+00	2.827161550521850586e+00	2.821523189544677734e+00	2.817745208740234375e+00	2.814902067184448242e+00	2.813442468643188477e+00	2.813592195510864258e+00	2.815009593963623047e+00	2.817022562026977539e+00	2.819018840789794922e+00	2.820232868194580078e+00	2.819755077362060547e+00	2.817547321319580078e+00	2.814350605010986328e+00	2.810500621795654297e+00	2.806587219238281250e+00	2.804801464080810547e+00	2.806234121322631836e+00	2.810933589935302734e+00	2.819861650466918945e+00	2.835137367248535156e+00	2.858806610107421875e+00	2.894970655441284180e+00	2.944984436035156250e+00	2.949370861053466797e+00	2.892614126205444336e+00	2.853851318359375000e+00	2.831674098968505859e+00	2.819613218307495117e+00	2.814234972000122070e+00	2.814007520675659180e+00	2.816514730453491211e+00	2.816861152648925781e+00	2.818027257919311523e+00	2.820541620254516602e+00	2.823304176330566406e+00	2.825492620468139648e+00	2.826393127441406250e+00	2.825276374816894531e+00	2.822038888931274414e+00	2.817726612091064453e+00	2.813921213150024414e+00	2.811900854110717773e+00	2.811991453170776367e+00	2.813694715499877930e+00	2.817137241363525391e+00	2.822948217391967773e+00	2.829014778137207031e+00	2.826484441757202148e+00	2.817701101303100586e+00	2.811645030975341797e+00	2.809342861175537109e+00	2.809619903564453125e+00	2.811438798904418945e+00	2.813836812973022461e+00	2.815857172012329102e+00	2.817353725433349609e+00	2.820133686065673828e+00	2.827167034149169922e+00	2.840777397155761719e+00	2.862350702285766602e+00	2.892606258392333984e+00	2.931239366531372070e+00	2.974836587905883789e+00	3.009693861007690430e+00	3.014106988906860352e+00	2.990736246109008789e+00	2.954986810684204102e+00
2.918348789215087891e+00	2.887776374816894531e+00	2.865000724792480469e+00	2.849438667297363281e+00	2.838641166687011719e+00	2.830490350723266602e+00	2.824242830276489258e+00	2.820280313491821289e+00	2.818323612213134766e+00	2.817589998245239258e+00	2.818020820617675781e+00	2.819482564926147461e+00	2.821537494659423828e+00	2.823553562164306641e+00	2.824556827545166016e+00	2.823837041854858398e+00	2.821620464324951172e+00	2.818723917007446289e+00	2.815880775451660156e+00	2.813299894332885742e+00	2.811783552169799805e+00	2.812463998794555664e+00	2.816536188125610352e+00	2.824249982833862305e+00	2.838580369949340820e+00	2.861603736877441406e+00	2.896842718124389648e+00	2.946233987808227539e+00	2.952049016952514648e+00	2.896695613861083984e+00	2.858405828475952148e+00	2.836424589157104492e+00	2.824316501617431641e+00	2.818336963653564453e+00	2.816289663314819336e+00	2.816751718521118164e+00	2.818793535232543945e+00	2.821723222732543945e+00	2.824863433837890625e+00	2.827621936798095703e+00	2.829544782638549805e+00	2.830313682556152344e+00	2.829540729522705078e+00	2.826906442642211914e+00	2.822900295257568359e+00	2.818933010101318359e+00	2.816386699676513672e+00	2.815849065780639648e+00	2.817540645599365234e+00	2.821851253509521484e+00	2.829071760177612305e+00	2.836660146713256836e+00	2.835361242294311523e+00	2.826191186904907227e+00	2.818804979324340820e+00	2.815480709075927734e+00	2.815088748931884766e+00	2.816577911376953125e+00	2.818971872329711914e+00	2.821174860000610352e+00	2.822742223739624023e+00	2.825476884841918945e+00	2.832491874694824219e+00	2.846126079559326172e+00	2.867882490158081055e+00	2.898467540740966797e+00	2.937532186508178711e+00	2.981383085250854492e+00	3.014894723892211914e+00	3.016675472259521484e+00	2.991188764572143555e+00	2.954649686813354492e+00
2.921628475189208984e+00	2.891108512878417969e+00	2.868145942687988281e+00	2.852496862411499023e+00	2.842419385910034180e+00	2.835482597351074219e+00	2.830182790756225586e+00	2.826620578765869141e+00	2.825023651123046875e+00	2.824843883514404297e+00	2.825485944747924805e+00	2.826897144317626953e+00	2.828664779663085938e+00	2.830116510391235352e+00	2.830694913864135742e+00	2.830045223236083984e+00	2.828051090240478516e+00	2.825111627578735352e+00	2.821965456008911133e+00	2.819236040115356445e+00	2.817456007003784180e+00	2.817541599273681641e+00	2.820920228958129883e+00	2.829194068908691406e+00	2.843783855438232422e+00	2.866340637207031250e+00	2.900877714157104492e+00	2.949408054351806641e+00	2.954221010208129883e+00	2.900533914566040039e+00	2.864097595214843750e+00	2.843646764755249023e+00	2.832581758499145508e+00	2.826816797256469727e+00	2.824268102645874023e+00	2.823926210403442383e+00	2.825270652770996094e+00	2.827833414077758789e+00	2.830891132354736328e+00	2.833783388137817383e+00	2.836076259613037109e+00	2.837381839752197266e+00	2.837003707885742188e+00	2.834268093109130859e+00	2.829642295837402344e+00	2.824947595596313477e+00	2.822152137756347656e+00	2.822260141372680664e+00	2.825367927551269531e+00	2.831692934036254883e+00	2.842098951339721680e+00	2.855007648468017578e+00	2.857090711593627930e+00	2.842526674270629883e+00	2.829440593719482422e+00	2.823088645935058594e+00	2.821449756622314453e+00	2.822585582733154297e+00	2.825055599212646484e+00	2.827637195587158203e+00	2.829598665237426758e+00	2.832324504852294922e+00	2.839601039886474609e+00	2.853835821151733398e+00	2.875946521759033203e+00	2.906507968902587891e+00	2.944936037063598633e+00	2.988319635391235352e+00	3.021313905715942383e+00	3.020894527435302734e+00	2.994320392608642578e+00	2.957771778106689453e+00
2.922127008438110352e+00	2.891415596008300781e+00	2.868486881256103516e+00	2.853022813796997070e+00	2.843003749847412109e+00	2.835991382598876953e+00	2.830770254135131836e+00	2.827210903167724609e+00	2.825385332107543945e+00	2.825213670730590820e+00	2.826268196105957031e+00	2.827767372131347656e+00	2.829271078109741211e+00	2.830704927444458008e+00	2.831564664840698242e+00	2.831160068511962891e+00	2.829244613647460938e+00	2.826303243637084961e+00	2.823054552078247070e+00	2.820058822631835938e+00	2.818146944046020508e+00	2.818405389785766602e+00	2.822196960449218750e+00	2.830869436264038086e+00	2.845809459686279297e+00	2.868637800216674805e+00	2.903539657592773438e+00	2.954680681228637695e+00	2.956516504287719727e+00	2.900545120239257812e+00	2.864379405975341797e+00	2.844386339187622070e+00	2.833551406860351562e+00	2.827564477920532227e+00	2.824463844299316406e+00	2.823752403259277344e+00	2.825125217437744141e+00	2.827946901321411133e+00	2.831355571746826172e+00	2.834554672241210938e+00	2.836958646774291992e+00	2.838157415390014648e+00	2.837570667266845703e+00	2.834645986557006836e+00	2.829926252365112305e+00	2.825322628021240234e+00	2.822825431823730469e+00	2.823293685913085938e+00	2.826836347579956055e+00	2.834014654159545898e+00	2.845958232879638672e+00	2.862070322036743164e+00	2.868071079254150391e+00	2.851172447204589844e+00	2.834449529647827148e+00	2.825886249542236328e+00	2.822910070419311523e+00	2.823283195495605469e+00	2.825345516204833984e+00	2.827682733535766602e+00	2.829722166061401367e+00	2.832904100418090820e+00	2.840201139450073242e+00	2.854231595993041992e+00	2.876448392868041992e+00	2.907227039337158203e+00	2.946243524551391602e+00	2.990354776382446289e+00	3.023947000503540039e+00	3.022885084152221680e+00	2.995447158813476562e+00	2.958571195602416992e+00
2.923853158950805664e+00	2.893647670745849609e+00	2.871224403381347656e+00	2.856140613555908203e+00	2.846391201019287109e+00	2.839405059814453125e+00	2.833561658859252930e+00	2.829585313796997070e+00	2.827753543853759766e+00	2.827555656433105469e+00	2.828431844711303711e+00	2.830033779144287109e+00	2.832133293151855469e+00	2.834326982498168945e+00	2.835832118988037109e+00	2.835733890533447266e+00	2.833636760711669922e+00	2.830108404159545898e+00	2.826248407363891602e+00	2.823132514953613281e+00	2.821685314178466797e+00	2.822520494461059570e+00	2.826577425003051758e+00	2.835090875625610352e+00	2.849278926849365234e+00	2.870907545089721680e+00	2.905152559280395508e+00	2.957017183303833008e+00	2.958321094512939453e+00	2.901950836181640625e+00	2.866890907287597656e+00	2.848107576370239258e+00	2.838167190551757812e+00	2.832506418228149414e+00	2.829205036163330078e+00	2.828081846237182617e+00	2.829067707061767578e+00	2.831676244735717773e+00	2.835109472274780273e+00	2.838400840759277344e+00	2.840638160705566406e+00	2.841301679611206055e+00	2.840403556823730469e+00	2.837562561035156250e+00	2.833070278167724609e+00	2.828401803970336914e+00	2.825288057327270508e+00	2.825073480606079102e+00	2.828653812408447266e+00	2.836815834045410156e+00	2.851142406463623047e+00	2.872533082962036133e+00	2.888539075851440430e+00	2.869829893112182617e+00	2.844477891921997070e+00	2.831636190414428711e+00	2.827255725860595703e+00	2.827244758605957031e+00	2.829138278961181641e+00	2.831558227539062500e+00	2.833603143692016602e+00	2.836257457733154297e+00	2.842711448669433594e+00	2.856198072433471680e+00	2.878373384475708008e+00	2.909360170364379883e+00	2.948325634002685547e+00	2.992470264434814453e+00	3.026170253753662109e+00	3.024840831756591797e+00	2.996957063674926758e+00	2.959981203079223633e+00
2.923041105270385742e+00	2.893060684204101562e+00	2.870823860168457031e+00	2.855884790420532227e+00	2.845985174179077148e+00	2.838787794113159180e+00	2.833303451538085938e+00	2.829599857330322266e+00	2.827795267105102539e+00	2.827580690383911133e+00	2.828486204147338867e+00	2.830182075500488281e+00	2.832433700561523438e+00	2.834810733795166016e+00	2.836468935012817383e+00	2.836429119110107422e+00	2.834268808364868164e+00	2.830529451370239258e+00	2.826367139816284180e+00	2.823077440261840820e+00	2.821714639663696289e+00	2.822901010513305664e+00	2.827220916748046875e+00	2.835560798645019531e+00	2.849297285079956055e+00	2.870548725128173828e+00	2.904749870300292969e+00	2.957194805145263672e+00	2.958865642547607422e+00	2.902150392532348633e+00	2.866844177246093750e+00	2.847971916198730469e+00	2.838258504867553711e+00	2.833149909973144531e+00	2.830311536788940430e+00	2.829241991043090820e+00	2.829979419708251953e+00	2.832168102264404297e+00	2.835084915161132812e+00	2.837931394577026367e+00	2.840031147003173828e+00	2.840977907180786133e+00	2.840327978134155273e+00	2.837593793869018555e+00	2.833127021789550781e+00	2.828432321548461914e+00	2.825364589691162109e+00	2.825350522994995117e+00	2.829185009002685547e+00	2.837666511535644531e+00	2.852477073669433594e+00	2.874358892440795898e+00	2.890259742736816406e+00	2.871569156646728516e+00	2.845414876937866211e+00	2.832169294357299805e+00	2.827147960662841797e+00	2.826823711395263672e+00	2.829037427902221680e+00	2.831961631774902344e+00	2.834347009658813477e+00	2.837014913558959961e+00	2.843152761459350586e+00	2.856087684631347656e+00	2.877650976181030273e+00	2.908436536788940430e+00	2.947548389434814453e+00	2.992028236389160156e+00	3.025865077972412109e+00	3.023938894271850586e+00	2.995664834976196289e+00	2.958862304687500000e+00
2.923985004425048828e+00	2.893694639205932617e+00	2.871011257171630859e+00	2.855772972106933594e+00	2.846076250076293945e+00	2.839397907257080078e+00	2.834368944168090820e+00	2.830826997756958008e+00	2.828909397125244141e+00	2.828392028808593750e+00	2.828961133956909180e+00	2.830470561981201172e+00	2.832704305648803711e+00	2.835152149200439453e+00	2.836853504180908203e+00	2.836719751358032227e+00	2.834303855895996094e+00	2.830251216888427734e+00	2.825877189636230469e+00	2.822507858276367188e+00	2.821070671081542969e+00	2.822126626968383789e+00	2.826322555541992188e+00	2.834734201431274414e+00	2.848730087280273438e+00	2.870308399200439453e+00	2.905116081237792969e+00	2.959187746047973633e+00	2.959922790527343750e+00	2.903088331222534180e+00	2.867717266082763672e+00	2.848658323287963867e+00	2.838662385940551758e+00	2.833166837692260742e+00	2.830027341842651367e+00	2.828913211822509766e+00	2.829705238342285156e+00	2.831881523132324219e+00	2.834738969802856445e+00	2.837532520294189453e+00	2.839627027511596680e+00	2.840678691864013672e+00	2.840249300003051758e+00	2.837815046310424805e+00	2.833601951599121094e+00	2.828933000564575195e+00	2.825677633285522461e+00	2.825420618057250977e+00	2.829115152359008789e+00	2.837541580200195312e+00	2.852190732955932617e+00	2.873683214187622070e+00	2.889529705047607422e+00	2.872199535369873047e+00	2.845480203628540039e+00	2.831818580627441406e+00	2.827046155929565430e+00	2.826951503753662109e+00	2.829087257385253906e+00	2.831874132156372070e+00	2.834284782409667969e+00	2.837209939956665039e+00	2.843671560287475586e+00	2.856648683547973633e+00	2.877884626388549805e+00	2.908285617828369141e+00	2.947412252426147461e+00	2.992104768753051758e+00	3.026150226593017578e+00	3.024558782577514648e+00	2.996545791625976562e+00	2.959881782531738281e+00
2.924680709838867188e+00	2.893893957138061523e+00	2.870970487594604492e+00	2.855582714080810547e+00	2.845685005187988281e+00	2.838725328445434570e+00	2.833501338958740234e+00	2.829997062683105469e+00	2.828284740447998047e+00	2.828113317489624023e+00	2.829042434692382812e+00	2.830730438232421875e+00	2.832954645156860352e+00	2.835301876068115234e+00	2.836911439895629883e+00	2.836783409118652344e+00	2.834477424621582031e+00	2.830533981323242188e+00	2.826151847839355469e+00	2.822608470916748047e+00	2.820887088775634766e+00	2.821812152862548828e+00	2.826301097869873047e+00	2.835369110107421875e+00	2.850186109542846680e+00	2.872400283813476562e+00	2.907045602798461914e+00	2.960378885269165039e+00	2.960804224014282227e+00	2.903613090515136719e+00	2.867798328399658203e+00	2.848245382308959961e+00	2.837765932083129883e+00	2.832093715667724609e+00	2.829052686691284180e+00	2.828105926513671875e+00	2.829122066497802734e+00	2.831561565399169922e+00	2.834640979766845703e+00	2.837620019912719727e+00	2.839891672134399414e+00	2.841032505035400391e+00	2.840547084808349609e+00	2.837981700897216797e+00	2.833700895309448242e+00	2.829101562500000000e+00	2.825944423675537109e+00	2.825829505920410156e+00	2.829659461975097656e+00	2.837967395782470703e+00	2.852051496505737305e+00	2.872552633285522461e+00	2.886962175369262695e+00	2.870057344436645508e+00	2.844867706298828125e+00	2.831584453582763672e+00	2.827048778533935547e+00	2.827161788940429688e+00	2.829376459121704102e+00	2.831926822662353516e+00	2.833960294723510742e+00	2.836624145507812500e+00	2.843055009841918945e+00	2.856472492218017578e+00	2.878750085830688477e+00	2.910182476043701172e+00	2.949433565139770508e+00	2.993645191192626953e+00	3.027477025985717773e+00	3.026526927947998047e+00	2.998787403106689453e+00	2.961396932601928711e+00
2.924993991851806641e+00	2.894244909286499023e+00	2.871328353881835938e+00	2.855951309204101562e+00	2.846050262451171875e+00	2.839024782180786133e+00	2.833718538284301758e+00	2.830196619033813477e+00	2.828498601913452148e+00	2.828291177749633789e+00	2.829123735427856445e+00	2.830692529678344727e+00	2.832812547683715820e+00	2.835128068923950195e+00	2.836858749389648438e+00	2.836983442306518555e+00	2.834893703460693359e+00	2.830989122390747070e+00	2.826489925384521484e+00	2.822770833969116211e+00	2.820958137512207031e+00	2.821945667266845703e+00	2.826557159423828125e+00	2.835689306259155273e+00	2.850401878356933594e+00	2.872242689132690430e+00	2.906123638153076172e+00	2.958616495132446289e+00	2.961697816848754883e+00	2.905038356781005859e+00	2.868640184402465820e+00	2.848910331726074219e+00	2.838379144668579102e+00	2.832600593566894531e+00	2.829476833343505859e+00	2.828580856323242188e+00	2.829756021499633789e+00	2.832296609878540039e+00	2.835290670394897461e+00	2.838031291961669922e+00	2.840000152587890625e+00	2.840886354446411133e+00	2.840334892272949219e+00	2.837944984436035156e+00	2.834030628204345703e+00	2.829648017883300781e+00	2.826245307922363281e+00	2.825819253921508789e+00	2.829375028610229492e+00	2.837460279464721680e+00	2.851548433303833008e+00	2.872969627380371094e+00	2.890681743621826172e+00	2.876877784729003906e+00	2.848943471908569336e+00	2.833320140838623047e+00	2.827659845352172852e+00	2.827352285385131836e+00	2.829616308212280273e+00	2.832433223724365234e+00	2.834617614746093750e+00	2.837183713912963867e+00	2.843369007110595703e+00	2.856510639190673828e+00	2.878618955612182617e+00	2.910029888153076172e+00	2.949239492416381836e+00	2.993294477462768555e+00	3.026871204376220703e+00	3.025911569595336914e+00	2.998626708984375000e+00	2.961581230163574219e+00
2.926863431930541992e+00	2.895643711090087891e+00	2.872391223907470703e+00	2.856745004653930664e+00	2.846605539321899414e+00	2.839405059814453125e+00	2.834038257598876953e+00	2.830578804016113281e+00	2.829018354415893555e+00	2.828923463821411133e+00	2.829783916473388672e+00	2.831324577331542969e+00	2.833383798599243164e+00	2.835598945617675781e+00	2.837192773818969727e+00	2.837198972702026367e+00	2.835092306137084961e+00	2.831258058547973633e+00	2.826847553253173828e+00	2.823232650756835938e+00	2.821529150009155273e+00	2.822618246078491211e+00	2.827346324920654297e+00	2.836684465408325195e+00	2.851824045181274414e+00	2.874476194381713867e+00	2.909790515899658203e+00	2.963046312332153320e+00	2.955738544464111328e+00	2.900183677673339844e+00	2.866405487060546875e+00	2.847954511642456055e+00	2.837892770767211914e+00	2.832307577133178711e+00	2.829334974288940430e+00	2.828573703765869141e+00	2.829943895339965820e+00	2.832855701446533203e+00	2.836263179779052734e+00	2.839123725891113281e+00	2.840890884399414062e+00	2.841522693634033203e+00	2.840768098831176758e+00	2.838099718093872070e+00	2.833779573440551758e+00	2.829249620437622070e+00	2.826241731643676758e+00	2.826149463653564453e+00	2.829915523529052734e+00	2.838240146636962891e+00	2.852662086486816406e+00	2.874742269515991211e+00	2.893460035324096680e+00	2.877609968185424805e+00	2.849038839340209961e+00	2.833907127380371094e+00	2.828582763671875000e+00	2.828488349914550781e+00	2.830771923065185547e+00	2.833396673202514648e+00	2.835340499877929688e+00	2.837657451629638672e+00	2.843571662902832031e+00	2.856416463851928711e+00	2.878297805786132812e+00	2.909804821014404297e+00	2.948929786682128906e+00	2.992562770843505859e+00	3.027494668960571289e+00	3.028847932815551758e+00	3.001840114593505859e+00	2.964109420776367188e+00
2.927761793136596680e+00	2.896408319473266602e+00	2.873022079467773438e+00	2.857226848602294922e+00	2.846976280212402344e+00	2.839740276336669922e+00	2.834414243698120117e+00	2.831030845642089844e+00	2.829517126083374023e+00	2.829421758651733398e+00	2.830266237258911133e+00	2.831794500350952148e+00	2.833852529525756836e+00	2.836083412170410156e+00	2.837700366973876953e+00	2.837707757949829102e+00	2.835577487945556641e+00	2.831752538681030273e+00	2.827385187149047852e+00	2.823798656463623047e+00	2.822127103805541992e+00	2.823291778564453125e+00	2.828158378601074219e+00	2.837700605392456055e+00	2.853094339370727539e+00	2.875975608825683594e+00	2.911501407623291016e+00	2.964749097824096680e+00	2.955019474029541016e+00	2.899935722351074219e+00	2.866512298583984375e+00	2.848114490509033203e+00	2.838068485260009766e+00	2.832544326782226562e+00	2.829652547836303711e+00	2.829012393951416016e+00	2.830486774444580078e+00	2.833282470703125000e+00	2.836573600769042969e+00	2.839598417282104492e+00	2.841452360153198242e+00	2.841955661773681641e+00	2.841080904006958008e+00	2.838352680206298828e+00	2.834002256393432617e+00	2.829511404037475586e+00	2.826763153076171875e+00	2.827097415924072266e+00	2.831140756607055664e+00	2.839534759521484375e+00	2.853843212127685547e+00	2.875980854034423828e+00	2.895577907562255859e+00	2.878896951675415039e+00	2.849454641342163086e+00	2.834101915359497070e+00	2.828864812850952148e+00	2.828803539276123047e+00	2.831109523773193359e+00	2.833839178085327148e+00	2.835849523544311523e+00	2.838158369064331055e+00	2.844000816345214844e+00	2.856902122497558594e+00	2.879209518432617188e+00	2.911160707473754883e+00	2.950004339218139648e+00	2.993308067321777344e+00	3.028335809707641602e+00	3.030061960220336914e+00	3.003074645996093750e+00	2.965179443359375000e+00
2.927601814270019531e+00	2.896325111389160156e+00	2.873055458068847656e+00	2.857398509979248047e+00	2.847240686416625977e+00	2.839982748031616211e+00	2.834511041641235352e+00	2.830943822860717773e+00	2.829362154006958008e+00	2.829447984695434570e+00	2.830677986145019531e+00	2.832528114318847656e+00	2.834686756134033203e+00	2.836848735809326172e+00	2.838204383850097656e+00	2.837860107421875000e+00	2.835457324981689453e+00	2.831604242324829102e+00	2.827405929565429688e+00	2.823945045471191406e+00	2.822271108627319336e+00	2.823348760604858398e+00	2.828125953674316406e+00	2.837652206420898438e+00	2.853159427642822266e+00	2.876366376876831055e+00	2.912501096725463867e+00	2.965023994445800781e+00	2.952763557434082031e+00	2.898806571960449219e+00	2.865733385086059570e+00	2.847523212432861328e+00	2.837825059890747070e+00	2.832618713378906250e+00	2.829758644104003906e+00	2.828867673873901367e+00	2.829989433288574219e+00	2.832651376724243164e+00	2.835966348648071289e+00	2.838958024978637695e+00	2.840918302536010742e+00	2.841691732406616211e+00	2.840979099273681641e+00	2.838263034820556641e+00	2.833860158920288086e+00	2.829327583312988281e+00	2.826574325561523438e+00	2.826928377151489258e+00	2.831084966659545898e+00	2.839709997177124023e+00	2.854488611221313477e+00	2.877409696578979492e+00	2.896866798400878906e+00	2.877137899398803711e+00	2.847715854644775391e+00	2.833245277404785156e+00	2.828214645385742188e+00	2.827954530715942383e+00	2.830024957656860352e+00	2.832695484161376953e+00	2.834894418716430664e+00	2.837442636489868164e+00	2.843392133712768555e+00	2.856220960617065430e+00	2.878233671188354492e+00	2.909924030303955078e+00	2.948867559432983398e+00	2.992863655090332031e+00	3.028763532638549805e+00	3.030611753463745117e+00	3.003190040588378906e+00	2.965029239654541016e+00
2.926900863647460938e+00	2.895797014236450195e+00	2.872668981552124023e+00	2.857190370559692383e+00	2.847250938415527344e+00	2.840147495269775391e+00	2.834690093994140625e+00	2.831041097640991211e+00	2.829361200332641602e+00	2.829376220703125000e+00	2.830621480941772461e+00	2.832705259323120117e+00	2.835282564163208008e+00	2.837799310684204102e+00	2.839167833328247070e+00	2.838529586791992188e+00	2.835866689682006836e+00	2.831826686859130859e+00	2.827470302581787109e+00	2.823912620544433594e+00	2.822239160537719727e+00	2.823425292968750000e+00	2.828297138214111328e+00	2.837779998779296875e+00	2.853108644485473633e+00	2.876090526580810547e+00	2.911962032318115234e+00	2.964035987854003906e+00	2.952736854553222656e+00	2.899289846420288086e+00	2.866341114044189453e+00	2.848205089569091797e+00	2.838457345962524414e+00	2.833129882812500000e+00	2.830116033554077148e+00	2.829117298126220703e+00	2.830232143402099609e+00	2.832944631576538086e+00	2.836315393447875977e+00	2.839398860931396484e+00	2.841513395309448242e+00	2.842327594757080078e+00	2.841503143310546875e+00	2.838647603988647461e+00	2.834134340286254883e+00	2.829444646835327148e+00	2.826450109481811523e+00	2.826636552810668945e+00	2.830765724182128906e+00	2.839450836181640625e+00	2.854441165924072266e+00	2.877713441848754883e+00	2.897929430007934570e+00	2.880121469497680664e+00	2.849823236465454102e+00	2.834371328353881836e+00	2.828948259353637695e+00	2.828567028045654297e+00	2.830573320388793945e+00	2.833142042160034180e+00	2.835229873657226562e+00	2.837681293487548828e+00	2.843493223190307617e+00	2.856050729751586914e+00	2.877615213394165039e+00	2.909312009811401367e+00	2.949526786804199219e+00	2.993403196334838867e+00	3.028523445129394531e+00	3.029931783676147461e+00	3.002251863479614258e+00	2.964130163192749023e+00
2.926321268081665039e+00	2.895413875579833984e+00	2.872442483901977539e+00	2.857031106948852539e+00	2.847066640853881836e+00	2.839917421340942383e+00	2.834439992904663086e+00	2.830818653106689453e+00	2.829222679138183594e+00	2.829304456710815430e+00	2.830446243286132812e+00	2.832205057144165039e+00	2.834326505661010742e+00	2.836454868316650391e+00	2.837852954864501953e+00	2.837609052658081055e+00	2.835299491882324219e+00	2.831424236297607422e+00	2.827104330062866211e+00	2.823588848114013672e+00	2.821944475173950195e+00	2.823045730590820312e+00	2.827738046646118164e+00	2.837010145187377930e+00	2.852140426635742188e+00	2.875022411346435547e+00	2.910875558853149414e+00	2.962518453598022461e+00	2.952219486236572266e+00	2.899136066436767578e+00	2.866146326065063477e+00	2.847943067550659180e+00	2.838108301162719727e+00	2.832688808441162109e+00	2.829740762710571289e+00	2.828920602798461914e+00	2.830167770385742188e+00	2.832937002182006836e+00	2.836312294006347656e+00	2.839334964752197266e+00	2.841331243515014648e+00	2.842049121856689453e+00	2.841204643249511719e+00	2.838402509689331055e+00	2.833966732025146484e+00	2.829323291778564453e+00	2.826329946517944336e+00	2.826493501663208008e+00	2.830585956573486328e+00	2.839197158813476562e+00	2.854245662689208984e+00	2.877739429473876953e+00	2.897841930389404297e+00	2.879851102828979492e+00	2.850325107574462891e+00	2.834647655487060547e+00	2.828776359558105469e+00	2.828228235244750977e+00	2.830276489257812500e+00	2.832895040512084961e+00	2.834980487823486328e+00	2.837473630905151367e+00	2.843373298645019531e+00	2.855929374694824219e+00	2.877349853515625000e+00	2.908819437026977539e+00	2.949560642242431641e+00	2.993615150451660156e+00	3.028397321701049805e+00	3.029298543930053711e+00	3.001347541809082031e+00	2.963338613510131836e+00
2.926338672637939453e+00	2.895444393157958984e+00	2.872341156005859375e+00	2.856660604476928711e+00	2.846449613571166992e+00	2.839183807373046875e+00	2.833662271499633789e+00	2.829979419708251953e+00	2.828268766403198242e+00	2.828222990036010742e+00	2.829312562942504883e+00	2.831074714660644531e+00	2.833184242248535156e+00	2.835343837738037109e+00	2.836915016174316406e+00	2.836979627609252930e+00	2.834940910339355469e+00	2.831071853637695312e+00	2.826550960540771484e+00	2.822841167449951172e+00	2.821089744567871094e+00	2.822144985198974609e+00	2.826805591583251953e+00	2.836040258407592773e+00	2.851136445999145508e+00	2.874005794525146484e+00	2.909849405288696289e+00	2.961411952972412109e+00	2.951979398727416992e+00	2.898871898651123047e+00	2.865750551223754883e+00	2.847662687301635742e+00	2.837871789932250977e+00	2.832184791564941406e+00	2.829143524169921875e+00	2.828382015228271484e+00	2.829700708389282227e+00	2.832493066787719727e+00	2.835854291915893555e+00	2.838878870010375977e+00	2.840892314910888672e+00	2.841596841812133789e+00	2.840674877166748047e+00	2.837743759155273438e+00	2.833168745040893555e+00	2.828438520431518555e+00	2.825502395629882812e+00	2.825888633728027344e+00	2.830183744430541992e+00	2.838707685470581055e+00	2.853557825088500977e+00	2.876310110092163086e+00	2.892710208892822266e+00	2.872602462768554688e+00	2.846146821975708008e+00	2.832412958145141602e+00	2.827609300613403320e+00	2.827529430389404297e+00	2.829661130905151367e+00	2.832139968872070312e+00	2.833976984024047852e+00	2.836232900619506836e+00	2.842001914978027344e+00	2.854559421539306641e+00	2.875992536544799805e+00	2.907389402389526367e+00	2.948301792144775391e+00	2.992833852767944336e+00	3.027320623397827148e+00	3.027649402618408203e+00	3.000310182571411133e+00	2.963058233261108398e+00
2.924415111541748047e+00	2.893741130828857422e+00	2.870601654052734375e+00	2.854652404785156250e+00	2.843998908996582031e+00	2.836566925048828125e+00	2.831321477890014648e+00	2.828145503997802734e+00	2.826932430267333984e+00	2.827169656753540039e+00	2.828104734420776367e+00	2.829422473907470703e+00	2.831162452697753906e+00	2.833073377609252930e+00	2.834426403045654297e+00	2.834300518035888672e+00	2.832183361053466797e+00	2.828474760055541992e+00	2.824337720870971680e+00	2.821082592010498047e+00	2.819309234619140625e+00	2.820015192031860352e+00	2.824571371078491211e+00	2.834008693695068359e+00	2.849488496780395508e+00	2.872644662857055664e+00	2.908215761184692383e+00	2.957207918167114258e+00	2.946951866149902344e+00	2.895668029785156250e+00	2.863092422485351562e+00	2.845043182373046875e+00	2.835326671600341797e+00	2.830007553100585938e+00	2.827313899993896484e+00	2.826921701431274414e+00	2.828510761260986328e+00	2.831383943557739258e+00	2.834716558456420898e+00	2.837762832641601562e+00	2.839974880218505859e+00	2.841006755828857422e+00	2.840221166610717773e+00	2.836991071701049805e+00	2.832045793533325195e+00	2.827126741409301758e+00	2.824041604995727539e+00	2.824173927307128906e+00	2.828175067901611328e+00	2.836431264877319336e+00	2.850020885467529297e+00	2.869204044342041016e+00	2.879745960235595703e+00	2.860320568084716797e+00	2.839343070983886719e+00	2.828866243362426758e+00	2.825556993484497070e+00	2.826075077056884766e+00	2.828241348266601562e+00	2.830404758453369141e+00	2.831834554672241211e+00	2.834009647369384766e+00	2.840240478515625000e+00	2.853423595428466797e+00	2.874984502792358398e+00	2.905605316162109375e+00	2.945034503936767578e+00	2.988787889480590820e+00	3.022767066955566406e+00	3.023947954177856445e+00	2.997412204742431641e+00	2.960713863372802734e+00
2.921812534332275391e+00	2.891932249069213867e+00	2.869739055633544922e+00	2.854949235916137695e+00	2.845541477203369141e+00	2.838908195495605469e+00	2.833884716033935547e+00	2.830606222152709961e+00	2.829146146774291992e+00	2.829061746597290039e+00	2.829828500747680664e+00	2.831295251846313477e+00	2.833407163619995117e+00	2.835735082626342773e+00	2.837325811386108398e+00	2.837062358856201172e+00	2.834477424621582031e+00	2.830226421356201172e+00	2.825627088546752930e+00	2.822029113769531250e+00	2.820494413375854492e+00	2.821850061416625977e+00	2.826886653900146484e+00	2.836524963378906250e+00	2.851906776428222656e+00	2.874689579010009766e+00	2.909584760665893555e+00	2.956933498382568359e+00	2.947539806365966797e+00	2.897690296173095703e+00	2.865934133529663086e+00	2.848634719848632812e+00	2.839597940444946289e+00	2.834709882736206055e+00	2.832003831863403320e+00	2.831311225891113281e+00	2.832628488540649414e+00	2.835378646850585938e+00	2.838643074035644531e+00	2.841498613357543945e+00	2.843297958374023438e+00	2.843783140182495117e+00	2.842655181884765625e+00	2.839573144912719727e+00	2.834908246994018555e+00	2.829926252365112305e+00	2.826414346694946289e+00	2.826120615005493164e+00	2.830089569091796875e+00	2.839178323745727539e+00	2.855360031127929688e+00	2.881088256835937500e+00	2.907580137252807617e+00	2.893527030944824219e+00	2.853091239929199219e+00	2.834013223648071289e+00	2.827519416809082031e+00	2.826940774917602539e+00	2.829082250595092773e+00	2.831811904907226562e+00	2.833825349807739258e+00	2.835886240005493164e+00	2.841142892837524414e+00	2.853134870529174805e+00	2.873856782913208008e+00	2.904397487640380859e+00	2.944696664810180664e+00	2.989288330078125000e+00	3.024069070816040039e+00	3.023506879806518555e+00	2.994711637496948242e+00	2.957596302032470703e+00
2.920656919479370117e+00	2.890608549118041992e+00	2.868409872055053711e+00	2.853863000869750977e+00	2.844903230667114258e+00	2.838719606399536133e+00	2.833882808685302734e+00	2.830420017242431641e+00	2.828477144241333008e+00	2.827686071395874023e+00	2.827718973159790039e+00	2.828637123107910156e+00	2.830402851104736328e+00	2.832571029663085938e+00	2.834195375442504883e+00	2.834114551544189453e+00	2.831725120544433594e+00	2.827563762664794922e+00	2.822958946228027344e+00	2.819324016571044922e+00	2.817733526229858398e+00	2.818963527679443359e+00	2.823749542236328125e+00	2.833046913146972656e+00	2.848303556442260742e+00	2.872069358825683594e+00	2.910689830780029297e+00	2.966759204864501953e+00	2.951274156570434570e+00	2.896442174911499023e+00	2.863228559494018555e+00	2.845102071762084961e+00	2.835650444030761719e+00	2.830784082412719727e+00	2.828364849090576172e+00	2.827928304672241211e+00	2.829397916793823242e+00	2.832268953323364258e+00	2.835625171661376953e+00	2.838484525680541992e+00	2.840227603912353516e+00	2.840797662734985352e+00	2.840118885040283203e+00	2.837604999542236328e+00	2.832986354827880859e+00	2.827560901641845703e+00	2.823532342910766602e+00	2.822766304016113281e+00	2.826472520828247070e+00	2.835761070251464844e+00	2.852669715881347656e+00	2.879069328308105469e+00	2.905620813369750977e+00	2.892213344573974609e+00	2.851274967193603516e+00	2.831128597259521484e+00	2.823983192443847656e+00	2.823125362396240234e+00	2.825283288955688477e+00	2.828294515609741211e+00	2.830664634704589844e+00	2.832720279693603516e+00	2.837373971939086914e+00	2.848404169082641602e+00	2.868259429931640625e+00	2.897909164428710938e+00	2.937238931655883789e+00	2.983485460281372070e+00	3.021311998367309570e+00	3.022562503814697266e+00	2.993878126144409180e+00	2.956627845764160156e+00
2.921940088272094727e+00	2.891208410263061523e+00	2.868222713470458984e+00	2.852865934371948242e+00	2.843176364898681641e+00	2.836475372314453125e+00	2.831421375274658203e+00	2.827975988388061523e+00	2.826154232025146484e+00	2.825611352920532227e+00	2.826036214828491211e+00	2.827338457107543945e+00	2.829363346099853516e+00	2.831640720367431641e+00	2.833298921585083008e+00	2.833275318145751953e+00	2.830960988998413086e+00	2.826821327209472656e+00	2.822145700454711914e+00	2.818377971649169922e+00	2.816680669784545898e+00	2.817918300628662109e+00	2.822903394699096680e+00	2.832709550857543945e+00	2.848863601684570312e+00	2.873656988143920898e+00	2.912648200988769531e+00	2.968049526214599609e+00	2.952305078506469727e+00	2.897093296051025391e+00	2.862779855728149414e+00	2.843286514282226562e+00	2.832625865936279297e+00	2.826926708221435547e+00	2.824097156524658203e+00	2.823586940765380859e+00	2.825219154357910156e+00	2.828400135040283203e+00	2.832142591476440430e+00	2.835441112518310547e+00	2.837537050247192383e+00	2.837932825088500977e+00	2.836679935455322266e+00	2.833871841430664062e+00	2.829551935195922852e+00	2.824912786483764648e+00	2.821887731552124023e+00	2.822075843811035156e+00	2.826222419738769531e+00	2.834950923919677734e+00	2.850362777709960938e+00	2.875278949737548828e+00	2.901100873947143555e+00	2.883839607238769531e+00	2.846411705017089844e+00	2.829495906829833984e+00	2.823900938034057617e+00	2.823406457901000977e+00	2.825248003005981445e+00	2.827547073364257812e+00	2.829214334487915039e+00	2.831040143966674805e+00	2.836073875427246094e+00	2.847829103469848633e+00	2.868546247482299805e+00	2.899336338043212891e+00	2.940370321273803711e+00	2.988544464111328125e+00	3.026214599609375000e+00	3.026236057281494141e+00	2.996369123458862305e+00	2.958441972732543945e+00
2.919208049774169922e+00	2.886827707290649414e+00	2.861767053604125977e+00	2.844066619873046875e+00	2.832507848739624023e+00	2.825164318084716797e+00	2.820479154586791992e+00	2.817692518234252930e+00	2.816457033157348633e+00	2.816328048706054688e+00	2.816775798797607422e+00	2.817521333694458008e+00	2.818583250045776367e+00	2.819770812988281250e+00	2.820440769195556641e+00	2.819853782653808594e+00	2.817616224288940430e+00	2.813932418823242188e+00	2.809643507003784180e+00	2.806008815765380859e+00	2.804322242736816406e+00	2.805717706680297852e+00	2.811249732971191406e+00	2.822112560272216797e+00	2.839927434921264648e+00	2.867255926132202148e+00	2.910103321075439453e+00	2.969780683517456055e+00	2.949523210525512695e+00	2.890583515167236328e+00	2.853548049926757812e+00	2.831709384918212891e+00	2.819370746612548828e+00	2.813192605972290039e+00	2.811026573181152344e+00	2.811655759811401367e+00	2.814510107040405273e+00	2.818805932998657227e+00	2.823259115219116211e+00	2.826630115509033203e+00	2.828192472457885742e+00	2.827772617340087891e+00	2.825549364089965820e+00	2.821841716766357422e+00	2.817372322082519531e+00	2.813551425933837891e+00	2.811762809753417969e+00	2.812873363494873047e+00	2.816696882247924805e+00	2.822656869888305664e+00	2.831420421600341797e+00	2.840768337249755859e+00	2.841658353805541992e+00	2.829358816146850586e+00	2.817936420440673828e+00	2.812556743621826172e+00	2.811552047729492188e+00	2.813001155853271484e+00	2.815278768539428711e+00	2.817146301269531250e+00	2.818410873413085938e+00	2.820542573928833008e+00	2.826438665390014648e+00	2.838964939117431641e+00	2.859899997711181641e+00	2.890069484710693359e+00	2.929330825805664062e+00	2.974896907806396484e+00	3.013200521469116211e+00	3.019473075866699219e+00	2.993373632431030273e+00	2.956547021865844727e+00
2.809746980667114258e+00	2.803191661834716797e+00	2.797996759414672852e+00	2.793578863143920898e+00	2.790127277374267578e+00	2.787838220596313477e+00	2.786869525909423828e+00	2.787254333496093750e+00	2.788327455520629883e+00	2.788865804672241211e+00	2.788406848907470703e+00	2.786749124526977539e+00	2.784712791442871094e+00	2.782477855682373047e+00	2.780807256698608398e+00	2.780378103256225586e+00	2.780728816986083984e+00	2.780996561050415039e+00	2.780784606933593750e+00	2.780168056488037109e+00	2.779510498046875000e+00	2.779290437698364258e+00	2.780035972595214844e+00	2.782017469406127930e+00	2.784792661666870117e+00	2.787554025650024414e+00	2.790087461471557617e+00	2.792573213577270508e+00	2.792863607406616211e+00	2.789602756500244141e+00	2.786978006362915039e+00	2.786269426345825195e+00	2.787611722946166992e+00	2.790718555450439453e+00	2.794784545898437500e+00	2.798983097076416016e+00	2.802976369857788086e+00	2.806452035903930664e+00	2.809156656265258789e+00	2.810626268386840820e+00	2.810541152954101562e+00	2.809102773666381836e+00	2.806667566299438477e+00	2.803639173507690430e+00	2.800510883331298828e+00	2.796634912490844727e+00	2.792332172393798828e+00	2.789330720901489258e+00	2.787357568740844727e+00	2.785851240158081055e+00	2.784405946731567383e+00	2.783164739608764648e+00	2.781864881515502930e+00	2.779686212539672852e+00	2.777184486389160156e+00	2.775508880615234375e+00	2.775420427322387695e+00	2.777181386947631836e+00	2.780602931976318359e+00	2.784791707992553711e+00	2.788368940353393555e+00	2.791533708572387695e+00	2.795653343200683594e+00	2.801828861236572266e+00	2.810063362121582031e+00	2.819245576858520508e+00	2.826900482177734375e+00	2.831984758377075195e+00	2.834370374679565430e+00	2.832960844039916992e+00	2.826992750167846680e+00	2.818148136138916016e+00
2.856162548065185547e+00	2.839532613754272461e+00	2.827398777008056641e+00	2.818753004074096680e+00	2.812633991241455078e+00	2.808522224426269531e+00	2.806071996688842773e+00	2.804643154144287109e+00	2.803688049316406250e+00	2.803267002105712891e+00	2.803696632385253906e+00	2.805146932601928711e+00	2.807613611221313477e+00	2.810749292373657227e+00	2.813529491424560547e+00	2.814629077911376953e+00	2.813591003417968750e+00	2.810867071151733398e+00	2.807075262069702148e+00	2.802949190139770508e+00	2.799551963806152344e+00	2.798040628433227539e+00	2.799364328384399414e+00	2.804141044616699219e+00	2.812844514846801758e+00	2.826372861862182617e+00	2.847263336181640625e+00	2.879629373550415039e+00	2.917676448822021484e+00	2.922151327133178711e+00	2.889336347579956055e+00	2.857986927032470703e+00	2.835737943649291992e+00	2.821256160736083984e+00	2.812623500823974609e+00	2.807633399963378906e+00	2.804603099822998047e+00	2.803328037261962891e+00	2.803979635238647461e+00	2.806383371353149414e+00	2.809979200363159180e+00	2.813809156417846680e+00	2.816754341125488281e+00	2.817971944808959961e+00	2.817148208618164062e+00	2.814507484436035156e+00	2.810740470886230469e+00	2.806835889816284180e+00	2.803761720657348633e+00	2.802022695541381836e+00	2.801509380340576172e+00	2.801584720611572266e+00	2.801469326019287109e+00	2.800821542739868164e+00	2.800069570541381836e+00	2.800006389617919922e+00	2.801058292388916016e+00	2.803055524826049805e+00	2.805474996566772461e+00	2.808064222335815430e+00	2.811561346054077148e+00	2.818129777908325195e+00	2.830357789993286133e+00	2.849548101425170898e+00	2.874895572662353516e+00	2.902653932571411133e+00	2.926281929016113281e+00	2.938882589340209961e+00	2.937047719955444336e+00	2.922677755355834961e+00	2.900870800018310547e+00	2.877285480499267578e+00
2.863384008407592773e+00	2.848374128341674805e+00	2.838432073593139648e+00	2.831638574600219727e+00	2.826639413833618164e+00	2.823049783706665039e+00	2.820796012878417969e+00	2.819563388824462891e+00	2.819068908691406250e+00	2.819353580474853516e+00	2.820641040802001953e+00	2.823164701461791992e+00	2.826974868774414062e+00	2.831519603729248047e+00	2.835267543792724609e+00	2.836687564849853516e+00	2.835155725479125977e+00	2.831893444061279297e+00	2.827979087829589844e+00	2.823782444000244141e+00	2.819748163223266602e+00	2.817785739898681641e+00	2.818670034408569336e+00	2.823003530502319336e+00	2.831320524215698242e+00	2.844575405120849609e+00	2.865389823913574219e+00	2.898872852325439453e+00	2.945491790771484375e+00	2.950598478317260742e+00	2.908683776855468750e+00	2.874946355819702148e+00	2.853621721267700195e+00	2.839756011962890625e+00	2.830463409423828125e+00	2.824907779693603516e+00	2.821584939956665039e+00	2.820197105407714844e+00	2.820832252502441406e+00	2.823215961456298828e+00	2.826592683792114258e+00	2.830046892166137695e+00	2.832808256149291992e+00	2.834291934967041016e+00	2.834066867828369141e+00	2.831923723220825195e+00	2.828206539154052734e+00	2.824086904525756836e+00	2.820965528488159180e+00	2.819537878036499023e+00	2.819605112075805664e+00	2.820393562316894531e+00	2.820974826812744141e+00	2.820760965347290039e+00	2.820070266723632812e+00	2.819968700408935547e+00	2.821169376373291016e+00	2.823591232299804688e+00	2.826638698577880859e+00	2.829786777496337891e+00	2.833961486816406250e+00	2.841920614242553711e+00	2.856209754943847656e+00	2.877492189407348633e+00	2.904314994812011719e+00	2.932739973068237305e+00	2.955905437469482422e+00	2.965986967086791992e+00	2.958850145339965820e+00	2.937733173370361328e+00	2.910573959350585938e+00	2.884491920471191406e+00
2.865901231765747070e+00	2.852093219757080078e+00	2.843607664108276367e+00	2.838176727294921875e+00	2.834170579910278320e+00	2.831118106842041016e+00	2.829118967056274414e+00	2.828175544738769531e+00	2.828084945678710938e+00	2.828686952590942383e+00	2.830065488815307617e+00	2.832472324371337891e+00	2.835934162139892578e+00	2.839878559112548828e+00	2.843090295791625977e+00	2.844277381896972656e+00	2.842870235443115234e+00	2.839331150054931641e+00	2.834678173065185547e+00	2.830093622207641602e+00	2.826807975769042969e+00	2.825767278671264648e+00	2.827602148056030273e+00	2.832597255706787109e+00	2.840787172317504883e+00	2.852953672409057617e+00	2.872443914413452148e+00	2.905678272247314453e+00	2.956855535507202148e+00	2.974364757537841797e+00	2.926698446273803711e+00	2.887681484222412109e+00	2.863440275192260742e+00	2.848429918289184570e+00	2.838930845260620117e+00	2.832833051681518555e+00	2.829194784164428711e+00	2.827845811843872070e+00	2.828765869140625000e+00	2.831641912460327148e+00	2.835615396499633789e+00	2.839037179946899414e+00	2.841180801391601562e+00	2.842146158218383789e+00	2.841691017150878906e+00	2.839524269104003906e+00	2.835781574249267578e+00	2.831547260284423828e+00	2.828427791595458984e+00	2.827416419982910156e+00	2.828465223312377930e+00	2.830632925033569336e+00	2.832695245742797852e+00	2.833437204360961914e+00	2.832356214523315430e+00	2.830964088439941406e+00	2.831005811691284180e+00	2.832758188247680664e+00	2.835734844207763672e+00	2.839603185653686523e+00	2.844968080520629883e+00	2.853894948959350586e+00	2.868812799453735352e+00	2.890719890594482422e+00	2.918254375457763672e+00	2.947121858596801758e+00	2.969702482223510742e+00	2.977317094802856445e+00	2.966294527053833008e+00	2.941782236099243164e+00	2.912809371948242188e+00	2.886380672454833984e+00
2.866493701934814453e+00	2.852184295654296875e+00	2.843297243118286133e+00	2.837728738784790039e+00	2.833899736404418945e+00	2.831164121627807617e+00	2.829416513442993164e+00	2.828586339950561523e+00	2.828481197357177734e+00	2.828953027725219727e+00	2.830134391784667969e+00	2.832344293594360352e+00	2.835619926452636719e+00	2.839402437210083008e+00	2.842552423477172852e+00	2.843828201293945312e+00	2.842533111572265625e+00	2.838931083679199219e+00	2.834135770797729492e+00	2.829541206359863281e+00	2.826302289962768555e+00	2.825249910354614258e+00	2.826964139938354492e+00	2.831762790679931641e+00	2.839859724044799805e+00	2.852290391921997070e+00	2.872304201126098633e+00	2.906261682510375977e+00	2.956792831420898438e+00	2.971368789672851562e+00	2.925051927566528320e+00	2.886944055557250977e+00	2.863043546676635742e+00	2.847906589508056641e+00	2.838248729705810547e+00	2.832101583480834961e+00	2.828545808792114258e+00	2.827357053756713867e+00	2.828403234481811523e+00	2.831201553344726562e+00	2.834866285324096680e+00	2.838366508483886719e+00	2.840943813323974609e+00	2.841986417770385742e+00	2.841250419616699219e+00	2.838814020156860352e+00	2.835053205490112305e+00	2.831091403961181641e+00	2.828389406204223633e+00	2.827742576599121094e+00	2.829001665115356445e+00	2.831240177154541016e+00	2.833209991455078125e+00	2.833780527114868164e+00	2.832691669464111328e+00	2.831151247024536133e+00	2.830708980560302734e+00	2.831991910934448242e+00	2.834865331649780273e+00	2.839002609252929688e+00	2.844788789749145508e+00	2.854067564010620117e+00	2.869173765182495117e+00	2.891050815582275391e+00	2.918419837951660156e+00	2.947124004364013672e+00	2.969598054885864258e+00	2.977254390716552734e+00	2.966477394104003906e+00	2.942327976226806641e+00	2.913705587387084961e+00	2.887328863143920898e+00
2.881507873535156250e+00	2.861295700073242188e+00	2.848068475723266602e+00	2.841411352157592773e+00	2.839493989944458008e+00	2.838747262954711914e+00	2.835443496704101562e+00	2.829712152481079102e+00	2.824012994766235352e+00	2.819792270660400391e+00	2.817399263381958008e+00	2.816674709320068359e+00	2.817152261734008789e+00	2.818130731582641602e+00	2.818881988525390625e+00	2.818927049636840820e+00	2.818057537078857422e+00	2.815655708312988281e+00	2.812020063400268555e+00	2.808884859085083008e+00	2.807259082794189453e+00	2.807968616485595703e+00	2.811752796173095703e+00	2.818948268890380859e+00	2.830098628997802734e+00	2.847742795944213867e+00	2.876805305480957031e+00	2.916172981262207031e+00	2.944016933441162109e+00	2.937286376953125000e+00	2.896118879318237305e+00	2.863380432128906250e+00	2.841493606567382812e+00	2.827274799346923828e+00	2.818395376205444336e+00	2.813605546951293945e+00	2.812162876129150391e+00	2.813703060150146484e+00	2.818030834197998047e+00	2.824969768524169922e+00	2.834076642990112305e+00	2.843889951705932617e+00	2.850643157958984375e+00	2.849700927734375000e+00	2.841513633728027344e+00	2.831422328948974609e+00	2.822512388229370117e+00	2.815857172012329102e+00	2.812162399291992188e+00	2.811377286911010742e+00	2.812734127044677734e+00	2.815161705017089844e+00	2.817098617553710938e+00	2.816744089126586914e+00	2.814127206802368164e+00	2.811245679855346680e+00	2.809781312942504883e+00	2.810239076614379883e+00	2.812498092651367188e+00	2.816146373748779297e+00	2.820827484130859375e+00	2.827424287796020508e+00	2.838370800018310547e+00	2.855831384658813477e+00	2.880054235458374023e+00	2.908832311630249023e+00	2.937082052230834961e+00	2.957518339157104492e+00	2.963986873626708984e+00	2.955053567886352539e+00	2.933942079544067383e+00	2.907175779342651367e+00
2.937094688415527344e+00	2.955480098724365234e+00	2.959799289703369141e+00	2.948127985000610352e+00	2.925283908843994141e+00	2.898671150207519531e+00	2.874000310897827148e+00	2.854295969009399414e+00	2.840363740921020508e+00	2.831301212310791016e+00	2.825157880783081055e+00	2.820220708847045898e+00	2.815918445587158203e+00	2.812776565551757812e+00	2.812000513076782227e+00	2.815372467041015625e+00	2.826019048690795898e+00	2.848278760910034180e+00	2.876292705535888672e+00	2.904321908950805664e+00	2.917948961257934570e+00	2.904817104339599609e+00	2.875015735626220703e+00	2.850898265838623047e+00	2.834872484207153320e+00	2.824429988861083984e+00	2.818813800811767578e+00	2.816815137863159180e+00	2.817335605621337891e+00	2.819437980651855469e+00	2.822415113449096680e+00	2.825490474700927734e+00	2.828271150588989258e+00	2.830156326293945312e+00	2.830491065979003906e+00	2.828695774078369141e+00	2.825094699859619141e+00	2.821102142333984375e+00	2.818035364151000977e+00	2.816555500030517578e+00	2.816771030426025391e+00	2.818692445755004883e+00	2.822643280029296875e+00	2.829467535018920898e+00	2.840545415878295898e+00	2.857491254806518555e+00	2.880712509155273438e+00	2.900814294815063477e+00	2.901264190673828125e+00	2.889779806137084961e+00	2.868611574172973633e+00	2.849818706512451172e+00	2.836132287979125977e+00	2.827029943466186523e+00	2.821249246597290039e+00	2.817823648452758789e+00	2.816370487213134766e+00	2.816622495651245117e+00	2.818241119384765625e+00	2.820760965347290039e+00	2.823513269424438477e+00	2.825811862945556641e+00	2.827311277389526367e+00	2.828114271163940430e+00	2.828647375106811523e+00	2.829532861709594727e+00	2.831813335418701172e+00	2.837153196334838867e+00	2.847391128540039062e+00	2.863595962524414062e+00	2.885606050491333008e+00	2.911523580551147461e+00
2.935733079910278320e+00	2.956505775451660156e+00	2.963489532470703125e+00	2.953516244888305664e+00	2.930799245834350586e+00	2.903028726577758789e+00	2.876937389373779297e+00	2.856207609176635742e+00	2.841902732849121094e+00	2.833118200302124023e+00	2.827607870101928711e+00	2.823179721832275391e+00	2.818983793258666992e+00	2.815762281417846680e+00	2.815115928649902344e+00	2.818713903427124023e+00	2.829603910446166992e+00	2.854701995849609375e+00	2.897653579711914062e+00	2.919921159744262695e+00	2.925729513168334961e+00	2.907702922821044922e+00	2.873285770416259766e+00	2.848972320556640625e+00	2.833058118820190430e+00	2.823433399200439453e+00	2.818921089172363281e+00	2.817879676818847656e+00	2.818790674209594727e+00	2.820863723754882812e+00	2.823993206024169922e+00	2.828028202056884766e+00	2.831836938858032227e+00	2.833720684051513672e+00	2.833331823348999023e+00	2.830608844757080078e+00	2.826241970062255859e+00	2.821834087371826172e+00	2.818708419799804688e+00	2.817518949508666992e+00	2.818400382995605469e+00	2.821262359619140625e+00	2.826275348663330078e+00	2.834456682205200195e+00	2.847746133804321289e+00	2.868563413619995117e+00	2.897591114044189453e+00	2.921947956085205078e+00	2.922701120376586914e+00	2.902366161346435547e+00	2.873007059097290039e+00	2.850982427597045898e+00	2.836525917053222656e+00	2.827332496643066406e+00	2.821728706359863281e+00	2.818665504455566406e+00	2.817691564559936523e+00	2.818513631820678711e+00	2.820673942565917969e+00	2.823513269424438477e+00	2.826327562332153320e+00	2.828704595565795898e+00	2.830324888229370117e+00	2.831134319305419922e+00	2.831575155258178711e+00	2.832211732864379883e+00	2.833819150924682617e+00	2.837874650955200195e+00	2.846511840820312500e+00	2.861409664154052734e+00	2.882771492004394531e+00	2.908869743347167969e+00
2.936758041381835938e+00	2.957873821258544922e+00	2.965227603912353516e+00	2.955267190933227539e+00	2.932264804840087891e+00	2.904332160949707031e+00	2.878090620040893555e+00	2.857215642929077148e+00	2.842862606048583984e+00	2.834032297134399414e+00	2.828513383865356445e+00	2.824351310729980469e+00	2.820494890213012695e+00	2.817296028137207031e+00	2.816115379333496094e+00	2.819255590438842773e+00	2.830699682235717773e+00	2.855465412139892578e+00	2.896784305572509766e+00	2.921352624893188477e+00	2.926552772521972656e+00	2.908177137374877930e+00	2.873710632324218750e+00	2.849096775054931641e+00	2.833373069763183594e+00	2.824005842208862305e+00	2.819671630859375000e+00	2.818793535232543945e+00	2.819841146469116211e+00	2.822035074234008789e+00	2.825240135192871094e+00	2.829063653945922852e+00	2.832581996917724609e+00	2.834779739379882812e+00	2.834630489349365234e+00	2.831854343414306641e+00	2.827439546585083008e+00	2.823089122772216797e+00	2.820064783096313477e+00	2.818902969360351562e+00	2.819750785827636719e+00	2.822622060775756836e+00	2.827843666076660156e+00	2.836520195007324219e+00	2.850637197494506836e+00	2.872687101364135742e+00	2.903364181518554688e+00	2.929919242858886719e+00	2.932892560958862305e+00	2.904950380325317383e+00	2.873061895370483398e+00	2.851374864578247070e+00	2.837091207504272461e+00	2.827872991561889648e+00	2.822329521179199219e+00	2.819614410400390625e+00	2.819130182266235352e+00	2.820288181304931641e+00	2.822474241256713867e+00	2.825207233428955078e+00	2.828034400939941406e+00	2.830388545989990234e+00	2.831981182098388672e+00	2.833003044128417969e+00	2.833742618560791016e+00	2.834415435791015625e+00	2.835803985595703125e+00	2.839516162872314453e+00	2.847720146179199219e+00	2.862328767776489258e+00	2.883659839630126953e+00	2.909786701202392578e+00
2.931634664535522461e+00	2.953666687011718750e+00	2.963073968887329102e+00	2.955406904220581055e+00	2.933534145355224609e+00	2.905263900756835938e+00	2.877682685852050781e+00	2.854978084564208984e+00	2.838766098022460938e+00	2.828725814819335938e+00	2.823087930679321289e+00	2.819555759429931641e+00	2.816423654556274414e+00	2.813392639160156250e+00	2.811660289764404297e+00	2.813869953155517578e+00	2.821321487426757812e+00	2.835041046142578125e+00	2.866877079010009766e+00	2.886921882629394531e+00	2.894264459609985352e+00	2.878492355346679688e+00	2.857676267623901367e+00	2.839571952819824219e+00	2.826013803482055664e+00	2.817640781402587891e+00	2.814098119735717773e+00	2.814011573791503906e+00	2.815603494644165039e+00	2.818180799484252930e+00	2.821830034255981445e+00	2.826582193374633789e+00	2.830994606018066406e+00	2.830166101455688477e+00	2.827536106109619141e+00	2.824336051940917969e+00	2.820764780044555664e+00	2.817580461502075195e+00	2.815543889999389648e+00	2.815144062042236328e+00	2.816558361053466797e+00	2.820114135742187500e+00	2.826862812042236328e+00	2.838500022888183594e+00	2.857496023178100586e+00	2.887158870697021484e+00	2.926588535308837891e+00	2.944982767105102539e+00	2.922041893005371094e+00	2.885180473327636719e+00	2.857868909835815430e+00	2.839556694030761719e+00	2.827543020248413086e+00	2.819937229156494141e+00	2.815827131271362305e+00	2.814535140991210938e+00	2.815223217010498047e+00	2.817075014114379883e+00	2.819487333297729492e+00	2.821943998336791992e+00	2.824071407318115234e+00	2.825621366500854492e+00	2.826472282409667969e+00	2.827083587646484375e+00	2.827827453613281250e+00	2.828935861587524414e+00	2.831186532974243164e+00	2.835772514343261719e+00	2.844494104385375977e+00	2.859013319015502930e+00	2.879573822021484375e+00	2.904797792434692383e+00
2.871346950531005859e+00	2.898675203323364258e+00	2.928529977798461914e+00	2.954856395721435547e+00	2.969218015670776367e+00	2.966026544570922852e+00	2.947007179260253906e+00	2.919398784637451172e+00	2.890582084655761719e+00	2.865370035171508789e+00	2.845656871795654297e+00	2.831393003463745117e+00	2.821607112884521484e+00	2.814782381057739258e+00	2.809945344924926758e+00	2.807218551635742188e+00	2.807445764541625977e+00	2.811861991882324219e+00	2.821049213409423828e+00	2.829915285110473633e+00	2.830903768539428711e+00	2.824917793273925781e+00	2.817456960678100586e+00	2.810858488082885742e+00	2.806941986083984375e+00	2.806474447250366211e+00	2.809013605117797852e+00	2.813038587570190430e+00	2.816676139831542969e+00	2.818929672241210938e+00	2.819636344909667969e+00	2.818958282470703125e+00	2.817199230194091797e+00	2.814816474914550781e+00	2.812422275543212891e+00	2.810742855072021484e+00	2.810541868209838867e+00	2.812594652175903320e+00	2.817559003829956055e+00	2.825954914093017578e+00	2.839365482330322266e+00	2.864121675491333008e+00	2.909544229507446289e+00	2.934893369674682617e+00	2.922295093536376953e+00	2.908776760101318359e+00	2.880811452865600586e+00	2.855133056640625000e+00	2.836985588073730469e+00	2.824862241744995117e+00	2.816859483718872070e+00	2.811889171600341797e+00	2.809675216674804688e+00	2.809847831726074219e+00	2.811827421188354492e+00	2.814868927001953125e+00	2.817795991897583008e+00	2.819019556045532227e+00	2.818199157714843750e+00	2.816453456878662109e+00	2.814719676971435547e+00	2.813506841659545898e+00	2.812590360641479492e+00	2.811713933944702148e+00	2.811316967010498047e+00	2.811584949493408203e+00	2.812567472457885742e+00	2.814592123031616211e+00	2.818261623382568359e+00	2.824514150619506836e+00	2.834533452987670898e+00	2.849737167358398438e+00
2.836780071258544922e+00	2.851416110992431641e+00	2.872635126113891602e+00	2.899780511856079102e+00	2.929583072662353516e+00	2.955612659454345703e+00	2.969252824783325195e+00	2.964862823486328125e+00	2.944704055786132812e+00	2.916604757308959961e+00	2.887996673583984375e+00	2.863352775573730469e+00	2.844554185867309570e+00	2.831478118896484375e+00	2.822864532470703125e+00	2.817512035369873047e+00	2.814732313156127930e+00	2.813912153244018555e+00	2.814355611801147461e+00	2.815137386322021484e+00	2.814957618713378906e+00	2.813952922821044922e+00	2.813075304031372070e+00	2.813158035278320312e+00	2.814793348312377930e+00	2.817987442016601562e+00	2.821784734725952148e+00	2.824386119842529297e+00	2.824582338333129883e+00	2.822545528411865234e+00	2.819246530532836914e+00	2.815817832946777344e+00	2.813189029693603516e+00	2.811969041824340820e+00	2.812614440917968750e+00	2.815721750259399414e+00	2.822105646133422852e+00	2.832702875137329102e+00	2.848970413208007812e+00	2.874910116195678711e+00	2.921870231628417969e+00	2.970705986022949219e+00	2.934320926666259766e+00	2.891606092453002930e+00	2.861536264419555664e+00	2.841666221618652344e+00	2.829003572463989258e+00	2.821529388427734375e+00	2.817796945571899414e+00	2.816099643707275391e+00	2.815255403518676758e+00	2.815570831298828125e+00	2.817065238952636719e+00	2.819647073745727539e+00	2.822804212570190430e+00	2.825723409652709961e+00	2.826257705688476562e+00	2.823493957519531250e+00	2.819164037704467773e+00	2.814753055572509766e+00	2.811724185943603516e+00	2.810446500778198242e+00	2.810082435607910156e+00	2.809992074966430664e+00	2.809940576553344727e+00	2.809853792190551758e+00	2.810530662536621094e+00	2.812254667282104492e+00	2.813696622848510742e+00	2.817173957824707031e+00	2.821943998336791992e+00	2.827718973159790039e+00
2.835510253906250000e+00	2.844791889190673828e+00	2.859039306640625000e+00	2.879395008087158203e+00	2.904644966125488281e+00	2.930767297744750977e+00	2.951053857803344727e+00	2.958625793457031250e+00	2.950778961181640625e+00	2.930689096450805664e+00	2.904594421386718750e+00	2.878519535064697266e+00	2.856756210327148438e+00	2.841020584106445312e+00	2.830964088439941406e+00	2.824941635131835938e+00	2.821322917938232422e+00	2.819220542907714844e+00	2.818161725997924805e+00	2.817869186401367188e+00	2.818094253540039062e+00	2.818704605102539062e+00	2.819812297821044922e+00	2.821637392044067383e+00	2.824188947677612305e+00	2.826909780502319336e+00	2.828749895095825195e+00	2.828746557235717773e+00	2.826740741729736328e+00	2.823468446731567383e+00	2.820029735565185547e+00	2.817417621612548828e+00	2.816435575485229492e+00	2.817709684371948242e+00	2.821677207946777344e+00	2.828624486923217773e+00	2.838996648788452148e+00	2.853695869445800781e+00	2.874557018280029297e+00	2.905272483825683594e+00	2.950377941131591797e+00	2.941621780395507812e+00	2.892406702041625977e+00	2.861361503601074219e+00	2.842628717422485352e+00	2.831054687500000000e+00	2.823596239089965820e+00	2.818906545639038086e+00	2.816711664199829102e+00	2.816882610321044922e+00	2.818859100341796875e+00	2.821596384048461914e+00	2.824147701263427734e+00	2.825971841812133789e+00	2.826824426651000977e+00	2.826609134674072266e+00	2.825221538543701172e+00	2.822540760040283203e+00	2.818838596343994141e+00	2.815090894699096680e+00	2.812821865081787109e+00	2.812959671020507812e+00	2.815255880355834961e+00	2.818885803222656250e+00	2.822330951690673828e+00	2.823221206665039062e+00	2.821046590805053711e+00	2.818143129348754883e+00	2.816868782043457031e+00	2.818656921386718750e+00	2.823125123977661133e+00	2.828898429870605469e+00
2.834978818893432617e+00	2.845364570617675781e+00	2.860946893692016602e+00	2.882646560668945312e+00	2.908926486968994141e+00	2.935308456420898438e+00	2.954615116119384766e+00	2.959973335266113281e+00	2.949359893798828125e+00	2.926926374435424805e+00	2.899717092514038086e+00	2.873778820037841797e+00	2.852711915969848633e+00	2.837686300277709961e+00	2.828080415725708008e+00	2.822217226028442383e+00	2.818604230880737305e+00	2.816561222076416016e+00	2.815722942352294922e+00	2.815636396408081055e+00	2.815906524658203125e+00	2.816491842269897461e+00	2.817646980285644531e+00	2.819601297378540039e+00	2.822271585464477539e+00	2.825151681900024414e+00	2.827231884002685547e+00	2.827379226684570312e+00	2.825336694717407227e+00	2.821976661682128906e+00	2.818523406982421875e+00	2.815936326980590820e+00	2.814837217330932617e+00	2.815743684768676758e+00	2.819122314453125000e+00	2.825374603271484375e+00	2.835055112838745117e+00	2.849097490310668945e+00	2.869472026824951172e+00	2.900244474411010742e+00	2.945949554443359375e+00	2.947556734085083008e+00	2.895924806594848633e+00	2.863405227661132812e+00	2.843572616577148438e+00	2.831219673156738281e+00	2.823235273361206055e+00	2.818100690841674805e+00	2.815641641616821289e+00	2.815736770629882812e+00	2.817615270614624023e+00	2.820382595062255859e+00	2.822923183441162109e+00	2.824509143829345703e+00	2.825248718261718750e+00	2.825090408325195312e+00	2.823844909667968750e+00	2.821379899978637695e+00	2.817908048629760742e+00	2.814264297485351562e+00	2.811766862869262695e+00	2.811249017715454102e+00	2.812542438507080078e+00	2.815170526504516602e+00	2.818125486373901367e+00	2.819293260574340820e+00	2.817569971084594727e+00	2.815726518630981445e+00	2.816028118133544922e+00	2.818161249160766602e+00	2.822256088256835938e+00	2.827803134918212891e+00
2.845472097396850586e+00	2.862882137298583984e+00	2.885544776916503906e+00	2.911988735198974609e+00	2.937655448913574219e+00	2.956112861633300781e+00	2.961088418960571289e+00	2.950441598892211914e+00	2.927769660949707031e+00	2.899766206741333008e+00	2.872562885284423828e+00	2.849930047988891602e+00	2.833345890045166016e+00	2.822470426559448242e+00	2.815766572952270508e+00	2.811480522155761719e+00	2.808687448501586914e+00	2.807176828384399414e+00	2.806812286376953125e+00	2.807187318801879883e+00	2.807619094848632812e+00	2.807674884796142578e+00	2.807834863662719727e+00	2.809080362319946289e+00	2.811918973922729492e+00	2.815626859664916992e+00	2.818566322326660156e+00	2.819631099700927734e+00	2.818664312362670898e+00	2.816301107406616211e+00	2.813486814498901367e+00	2.811021566390991211e+00	2.809451103210449219e+00	2.809227466583251953e+00	2.810725927352905273e+00	2.813949823379516602e+00	2.818939924240112305e+00	2.826524734497070312e+00	2.838354110717773438e+00	2.857398986816406250e+00	2.880771636962890625e+00	2.898331642150878906e+00	2.915795326232910156e+00	2.901678323745727539e+00	2.873184442520141602e+00	2.852204799652099609e+00	2.837690830230712891e+00	2.826027154922485352e+00	2.817606449127197266e+00	2.812684535980224609e+00	2.810810327529907227e+00	2.811311960220336914e+00	2.813371181488037109e+00	2.816084861755371094e+00	2.818560123443603516e+00	2.820133686065673828e+00	2.820282936096191406e+00	2.818574190139770508e+00	2.815170526504516602e+00	2.811134099960327148e+00	2.807961225509643555e+00	2.806609392166137695e+00	2.807052135467529297e+00	2.808520555496215820e+00	2.809706687927246094e+00	2.809338331222534180e+00	2.807775497436523438e+00	2.807162523269653320e+00	2.809185981750488281e+00	2.814232349395751953e+00	2.822065591812133789e+00	2.832338809967041016e+00
2.894616603851318359e+00	2.921408414840698242e+00	2.943763256072998047e+00	2.956107854843139648e+00	2.955038070678710938e+00	2.941111326217651367e+00	2.918574810028076172e+00	2.892944097518920898e+00	2.868691205978393555e+00	2.848479509353637695e+00	2.833066463470458984e+00	2.822058200836181641e+00	2.814697027206420898e+00	2.810138225555419922e+00	2.807508945465087891e+00	2.807063102722167969e+00	2.810734033584594727e+00	2.821716308593750000e+00	2.845080137252807617e+00	2.864186286926269531e+00	2.855529546737670898e+00	2.838498592376708984e+00	2.825274705886840820e+00	2.817289113998413086e+00	2.811897516250610352e+00	2.808853864669799805e+00	2.808275699615478516e+00	2.809445858001708984e+00	2.811095952987670898e+00	2.812607765197753906e+00	2.814053773880004883e+00	2.815475463867187500e+00	2.816661119461059570e+00	2.817173242568969727e+00	2.816565990447998047e+00	2.814877986907958984e+00	2.812629461288452148e+00	2.810755491256713867e+00	2.810189485549926758e+00	2.811473846435546875e+00	2.814975261688232422e+00	2.821385145187377930e+00	2.831585407257080078e+00	2.846046686172485352e+00	2.863868951797485352e+00	2.881207227706909180e+00	2.894812583923339844e+00	2.903842210769653320e+00	2.887837409973144531e+00	2.858926773071289062e+00	2.836733579635620117e+00	2.823173046112060547e+00	2.815706729888916016e+00	2.812343597412109375e+00	2.811608552932739258e+00	2.812283039093017578e+00	2.813361406326293945e+00	2.814179420471191406e+00	2.814364671707153320e+00	2.813950061798095703e+00	2.813644647598266602e+00	2.813913583755493164e+00	2.814428091049194336e+00	2.814748525619506836e+00	2.814780235290527344e+00	2.814575672149658203e+00	2.814651489257812500e+00	2.816359758377075195e+00	2.821429729461669922e+00	2.831396102905273438e+00	2.847216129302978516e+00	2.868760585784912109e+00
2.873643875122070312e+00	2.900532722473144531e+00	2.929072380065917969e+00	2.952692985534667969e+00	2.963219165802001953e+00	2.956255435943603516e+00	2.935227870941162109e+00	2.908061742782592773e+00	2.881574153900146484e+00	2.859704971313476562e+00	2.843639373779296875e+00	2.832560300827026367e+00	2.824859142303466797e+00	2.819290637969970703e+00	2.815367221832275391e+00	2.813488245010375977e+00	2.814976453781127930e+00	2.821937084197998047e+00	2.835496425628662109e+00	2.845320701599121094e+00	2.841240644454956055e+00	2.830838680267333984e+00	2.821484565734863281e+00	2.815072059631347656e+00	2.811908721923828125e+00	2.812062740325927734e+00	2.815071105957031250e+00	2.819664001464843750e+00	2.824163436889648438e+00	2.827523231506347656e+00	2.829426765441894531e+00	2.829785585403442383e+00	2.828543663024902344e+00	2.825319290161132812e+00	2.820910930633544922e+00	2.817159891128540039e+00	2.815134286880493164e+00	2.815581798553466797e+00	2.818924903869628906e+00	2.824929237365722656e+00	2.833559989929199219e+00	2.847312450408935547e+00	2.871121406555175781e+00	2.907630920410156250e+00	2.936512708663940430e+00	2.932954788208007812e+00	2.902986288070678711e+00	2.871130704879760742e+00	2.848155260086059570e+00	2.832685708999633789e+00	2.822749614715576172e+00	2.817064762115478516e+00	2.814613103866577148e+00	2.814435005187988281e+00	2.815721511840820312e+00	2.817920684814453125e+00	2.820586204528808594e+00	2.823164701461791992e+00	2.824513673782348633e+00	2.823750734329223633e+00	2.822257995605468750e+00	2.821051359176635742e+00	2.820360660552978516e+00	2.820341348648071289e+00	2.820983648300170898e+00	2.821997880935668945e+00	2.822956562042236328e+00	2.823789119720458984e+00	2.825291156768798828e+00	2.829139471054077148e+00	2.837522506713867188e+00	2.852189302444458008e+00
2.828713893890380859e+00	2.838589668273925781e+00	2.853221893310546875e+00	2.873486042022705078e+00	2.898762226104736328e+00	2.926271677017211914e+00	2.949973821640014648e+00	2.961910963058471680e+00	2.957276105880737305e+00	2.938248634338378906e+00	2.911567926406860352e+00	2.883909463882446289e+00	2.859787702560424805e+00	2.841275453567504883e+00	2.828574419021606445e+00	2.820673227310180664e+00	2.816301107406616211e+00	2.814487218856811523e+00	2.814352750778198242e+00	2.815059661865234375e+00	2.816347837448120117e+00	2.817659854888916016e+00	2.818400859832763672e+00	2.819297075271606445e+00	2.820831060409545898e+00	2.822643756866455078e+00	2.823868751525878906e+00	2.823752880096435547e+00	2.822241306304931641e+00	2.819942474365234375e+00	2.817459106445312500e+00	2.814522981643676758e+00	2.812790155410766602e+00	2.813727617263793945e+00	2.818009138107299805e+00	2.826363086700439453e+00	2.839584350585937500e+00	2.858836412429809570e+00	2.885966062545776367e+00	2.920245647430419922e+00	2.939862966537475586e+00	2.912587165832519531e+00	2.875011920928955078e+00	2.849840402603149414e+00	2.834161758422851562e+00	2.823944807052612305e+00	2.817023992538452148e+00	2.812684059143066406e+00	2.810864210128784180e+00	2.811422348022460938e+00	2.813862323760986328e+00	2.817330121994018555e+00	2.820412874221801758e+00	2.821894168853759766e+00	2.822220563888549805e+00	2.821707487106323242e+00	2.820231914520263672e+00	2.817507743835449219e+00	2.813724279403686523e+00	2.810206174850463867e+00	2.808494329452514648e+00	2.809135437011718750e+00	2.811963796615600586e+00	2.816115379333496094e+00	2.819798469543457031e+00	2.820387363433837891e+00	2.816836833953857422e+00	2.812649965286254883e+00	2.811130046844482422e+00	2.812927961349487305e+00	2.816928863525390625e+00	2.821983337402343750e+00
2.826982498168945312e+00	2.834252595901489258e+00	2.845302104949951172e+00	2.862195730209350586e+00	2.885272026062011719e+00	2.912522792816162109e+00	2.939319372177124023e+00	2.958460807800292969e+00	2.962658643722534180e+00	2.950135469436645508e+00	2.926149845123291016e+00	2.898337125778198242e+00	2.872755527496337891e+00	2.852581977844238281e+00	2.838772773742675781e+00	2.830292701721191406e+00	2.824395656585693359e+00	2.820863246917724609e+00	2.819410085678100586e+00	2.819252729415893555e+00	2.819871902465820312e+00	2.820946693420410156e+00	2.822347879409790039e+00	2.823998928070068359e+00	2.825601100921630859e+00	2.826622724533081055e+00	2.826469421386718750e+00	2.824944972991943359e+00	2.822376966476440430e+00	2.819453001022338867e+00	2.816987752914428711e+00	2.815769672393798828e+00	2.816630601882934570e+00	2.819962501525878906e+00	2.825065374374389648e+00	2.834134340286254883e+00	2.848630428314208984e+00	2.869732856750488281e+00	2.899529218673706055e+00	2.934185981750488281e+00	2.940273761749267578e+00	2.901466608047485352e+00	2.867647171020507812e+00	2.845896959304809570e+00	2.832312822341918945e+00	2.823797702789306641e+00	2.818538904190063477e+00	2.815746307373046875e+00	2.815178632736206055e+00	2.816628694534301758e+00	2.819491624832153320e+00	2.822647333145141602e+00	2.824880361557006836e+00	2.825856924057006836e+00	2.825718164443969727e+00	2.824503660202026367e+00	2.822219610214233398e+00	2.818916320800781250e+00	2.815127611160278320e+00	2.812174558639526367e+00	2.811403274536132812e+00	2.813310861587524414e+00	2.817614078521728516e+00	2.823187112808227539e+00	2.827764987945556641e+00	2.828438758850097656e+00	2.823652744293212891e+00	2.817514657974243164e+00	2.814241886138916016e+00	2.814335584640502930e+00	2.817001581192016602e+00	2.821423053741455078e+00
2.824728250503540039e+00	2.831220388412475586e+00	2.840961694717407227e+00	2.855988025665283203e+00	2.877163171768188477e+00	2.903439521789550781e+00	2.930977344512939453e+00	2.952943801879882812e+00	2.961508512496948242e+00	2.953024387359619141e+00	2.931379556655883789e+00	2.904207706451416016e+00	2.877959966659545898e+00	2.856257200241088867e+00	2.840462684631347656e+00	2.830243587493896484e+00	2.824340581893920898e+00	2.821211338043212891e+00	2.819853067398071289e+00	2.819926023483276367e+00	2.820866584777832031e+00	2.821919679641723633e+00	2.822922229766845703e+00	2.824116706848144531e+00	2.825440645217895508e+00	2.826431751251220703e+00	2.826398611068725586e+00	2.824862957000732422e+00	2.822268962860107422e+00	2.819390058517456055e+00	2.816828727722167969e+00	2.815309762954711914e+00	2.815660953521728516e+00	2.818778753280639648e+00	2.825388669967651367e+00	2.836105108261108398e+00	2.851682901382446289e+00	2.872966527938842773e+00	2.900727510452270508e+00	2.929714202880859375e+00	2.929771184921264648e+00	2.891493082046508789e+00	2.860691785812377930e+00	2.841684103012084961e+00	2.830206632614135742e+00	2.822929382324218750e+00	2.818049430847167969e+00	2.815378904342651367e+00	2.814960241317749023e+00	2.816512346267700195e+00	2.819384813308715820e+00	2.822597503662109375e+00	2.825024604797363281e+00	2.825902223587036133e+00	2.825306653976440430e+00	2.823613882064819336e+00	2.821046829223632812e+00	2.817670583724975586e+00	2.814029216766357422e+00	2.811514377593994141e+00	2.811435222625732422e+00	2.814211606979370117e+00	2.819261312484741211e+00	2.824828147888183594e+00	2.828477382659912109e+00	2.828199148178100586e+00	2.822579145431518555e+00	2.815750122070312500e+00	2.812192916870117188e+00	2.812351703643798828e+00	2.815176963806152344e+00	2.819539546966552734e+00
2.813997030258178711e+00	2.821336507797241211e+00	2.832478761672973633e+00	2.849394559860229492e+00	2.872027158737182617e+00	2.898085355758666992e+00	2.922825098037719727e+00	2.938930034637451172e+00	2.940129518508911133e+00	2.926124334335327148e+00	2.902563333511352539e+00	2.876374959945678711e+00	2.852571725845336914e+00	2.833683490753173828e+00	2.820123672485351562e+00	2.811577558517456055e+00	2.807434797286987305e+00	2.806402683258056641e+00	2.806957006454467773e+00	2.807978630065917969e+00	2.807516574859619141e+00	2.807068586349487305e+00	2.807546377182006836e+00	2.808832883834838867e+00	2.810529947280883789e+00	2.811980962753295898e+00	2.812448263168334961e+00	2.811319589614868164e+00	2.808856725692749023e+00	2.805959463119506836e+00	2.803382873535156250e+00	2.801582574844360352e+00	2.801326274871826172e+00	2.803449630737304688e+00	2.808746576309204102e+00	2.818109035491943359e+00	2.832495927810668945e+00	2.852972984313964844e+00	2.879838943481445312e+00	2.908692359924316406e+00	2.916491270065307617e+00	2.880406856536865234e+00	2.849747657775878906e+00	2.830037593841552734e+00	2.817519187927246094e+00	2.809974908828735352e+00	2.805959939956665039e+00	2.804018735885620117e+00	2.803046941757202148e+00	2.803165912628173828e+00	2.804652929306030273e+00	2.807036638259887695e+00	2.809464454650878906e+00	2.811147928237915039e+00	2.811548233032226562e+00	2.810488462448120117e+00	2.808166027069091797e+00	2.804834365844726562e+00	2.800726890563964844e+00	2.797583818435668945e+00	2.797140836715698242e+00	2.799411535263061523e+00	2.803489208221435547e+00	2.807718515396118164e+00	2.809701919555664062e+00	2.808101654052734375e+00	2.804042100906372070e+00	2.800250530242919922e+00	2.798980951309204102e+00	2.800295829772949219e+00	2.803705930709838867e+00	2.808390617370605469e+00
2.804755210876464844e+00	2.816399335861206055e+00	2.833415031433105469e+00	2.855567932128906250e+00	2.880070686340332031e+00	2.902719259262084961e+00	2.919952869415283203e+00	2.927363395690917969e+00	2.921914100646972656e+00	2.905466079711914062e+00	2.883109092712402344e+00	2.859814405441284180e+00	2.838529109954833984e+00	2.820685625076293945e+00	2.807058572769165039e+00	2.798063755035400391e+00	2.793584346771240234e+00	2.793023586273193359e+00	2.795200109481811523e+00	2.798278570175170898e+00	2.800228357315063477e+00	2.799844980239868164e+00	2.798241615295410156e+00	2.797159433364868164e+00	2.797187805175781250e+00	2.798121690750122070e+00	2.799107789993286133e+00	2.799594879150390625e+00	2.798967838287353516e+00	2.796991109848022461e+00	2.794291496276855469e+00	2.791831731796264648e+00	2.790477037429809570e+00	2.790982246398925781e+00	2.794254302978515625e+00	2.801268339157104492e+00	2.812877178192138672e+00	2.829520940780639648e+00	2.850721836090087891e+00	2.873391628265380859e+00	2.883369922637939453e+00	2.867558479309082031e+00	2.844463348388671875e+00	2.825162172317504883e+00	2.811294317245483398e+00	2.801999092102050781e+00	2.796401500701904297e+00	2.793594360351562500e+00	2.792258977890014648e+00	2.791973829269409180e+00	2.792749881744384766e+00	2.794367074966430664e+00	2.796315431594848633e+00	2.798061370849609375e+00	2.799049139022827148e+00	2.798762083053588867e+00	2.797019958496093750e+00	2.794380187988281250e+00	2.791627645492553711e+00	2.789458990097045898e+00	2.788451910018920898e+00	2.788704395294189453e+00	2.789492845535278320e+00	2.789792537689208984e+00	2.788988590240478516e+00	2.787599086761474609e+00	2.787023067474365234e+00	2.787994861602783203e+00	2.789883613586425781e+00	2.791897058486938477e+00	2.794243335723876953e+00	2.797920942306518555e+00
2.800639629364013672e+00	2.814126729965209961e+00	2.833727121353149414e+00	2.857609272003173828e+00	2.881865978240966797e+00	2.901441335678100586e+00	2.912778139114379883e+00	2.915529727935791016e+00	2.907241821289062500e+00	2.889533996582031250e+00	2.867259740829467773e+00	2.845046043395996094e+00	2.825147867202758789e+00	2.808614730834960938e+00	2.796369791030883789e+00	2.788237333297729492e+00	2.783668518066406250e+00	2.781491041183471680e+00	2.781924962997436523e+00	2.784771680831909180e+00	2.788646459579467773e+00	2.791701078414916992e+00	2.792648792266845703e+00	2.791861057281494141e+00	2.790655851364135742e+00	2.789813518524169922e+00	2.789444446563720703e+00	2.789097070693969727e+00	2.788115501403808594e+00	2.786214828491210938e+00	2.783835649490356445e+00	2.781750202178955078e+00	2.780614137649536133e+00	2.781178474426269531e+00	2.784332513809204102e+00	2.790490865707397461e+00	2.800173997879028320e+00	2.814066171646118164e+00	2.831568002700805664e+00	2.849617242813110352e+00	2.858450412750244141e+00	2.850047826766967773e+00	2.832352638244628906e+00	2.814560651779174805e+00	2.801563501358032227e+00	2.793078422546386719e+00	2.787755727767944336e+00	2.784604310989379883e+00	2.783206701278686523e+00	2.783396482467651367e+00	2.784769773483276367e+00	2.786466836929321289e+00	2.787999868392944336e+00	2.789385557174682617e+00	2.790142536163330078e+00	2.789589643478393555e+00	2.787544012069702148e+00	2.784620761871337891e+00	2.781898021697998047e+00	2.780231237411499023e+00	2.779770135879516602e+00	2.780016899108886719e+00	2.780411005020141602e+00	2.780626058578491211e+00	2.780634880065917969e+00	2.780624628067016602e+00	2.781030178070068359e+00	2.782524585723876953e+00	2.785301208496093750e+00	2.787680864334106445e+00	2.789284944534301758e+00	2.792906284332275391e+00
2.799869775772094727e+00	2.811206102371215820e+00	2.826328277587890625e+00	2.843360424041748047e+00	2.858108282089233398e+00	2.869169235229492188e+00	2.876786470413208008e+00	2.878476142883300781e+00	2.872200727462768555e+00	2.859112024307250977e+00	2.842396497726440430e+00	2.825480461120605469e+00	2.810153961181640625e+00	2.797121047973632812e+00	2.787282943725585938e+00	2.780972242355346680e+00	2.777703285217285156e+00	2.776627540588378906e+00	2.777497768402099609e+00	2.779940843582153320e+00	2.782870769500732422e+00	2.785254716873168945e+00	2.786390781402587891e+00	2.785773754119873047e+00	2.783996105194091797e+00	2.782283544540405273e+00	2.781421422958374023e+00	2.781406879425048828e+00	2.781759738922119141e+00	2.782122850418090820e+00	2.782609462738037109e+00	2.783303737640380859e+00	2.783958673477172852e+00	2.784477472305297852e+00	2.785764217376708984e+00	2.789212942123413086e+00	2.795536518096923828e+00	2.804770469665527344e+00	2.816021442413330078e+00	2.826500415802001953e+00	2.831799507141113281e+00	2.829924345016479492e+00	2.821368217468261719e+00	2.810428142547607422e+00	2.800559043884277344e+00	2.793080091476440430e+00	2.788293600082397461e+00	2.785963535308837891e+00	2.785652160644531250e+00	2.786118030548095703e+00	2.786386013031005859e+00	2.786484241485595703e+00	2.786315441131591797e+00	2.785796880722045898e+00	2.784357070922851562e+00	2.782135963439941406e+00	2.779667377471923828e+00	2.777473449707031250e+00	2.776178598403930664e+00	2.776017904281616211e+00	2.776676654815673828e+00	2.777655124664306641e+00	2.778218507766723633e+00	2.777900218963623047e+00	2.776741743087768555e+00	2.775357961654663086e+00	2.774948835372924805e+00	2.776238918304443359e+00	2.779052495956420898e+00	2.782754182815551758e+00	2.786702156066894531e+00	2.791934013366699219e+00
2.793231010437011719e+00	2.794385194778442383e+00	2.796733617782592773e+00	2.800462007522583008e+00	2.804303884506225586e+00	2.806623458862304688e+00	2.806874752044677734e+00	2.805526494979858398e+00	2.802976369857788086e+00	2.799363613128662109e+00	2.795244932174682617e+00	2.791647195816040039e+00	2.788936614990234375e+00	2.786996841430664062e+00	2.785782098770141602e+00	2.785134077072143555e+00	2.784630775451660156e+00	2.783628940582275391e+00	2.782528638839721680e+00	2.782222986221313477e+00	2.782750368118286133e+00	2.783987283706665039e+00	2.785987138748168945e+00	2.788790941238403320e+00	2.792222499847412109e+00	2.795703411102294922e+00	2.798326492309570312e+00	2.801229000091552734e+00	2.805925607681274414e+00	2.812653303146362305e+00	2.820928096771240234e+00	2.830623388290405273e+00	2.840422391891479492e+00	2.846964359283447266e+00	2.846976757049560547e+00	2.841472625732421875e+00	2.833648681640625000e+00	2.825216531753540039e+00	2.817083835601806641e+00	2.810026645660400391e+00	2.804763793945312500e+00	2.801461935043334961e+00	2.799526929855346680e+00	2.798305988311767578e+00	2.797344923019409180e+00	2.796205759048461914e+00	2.794883728027343750e+00	2.793686389923095703e+00	2.792450428009033203e+00	2.791193246841430664e+00	2.790569305419921875e+00	2.790852785110473633e+00	2.791364192962646484e+00	2.790770053863525391e+00	2.788929462432861328e+00	2.787035942077636719e+00	2.785822153091430664e+00	2.785017490386962891e+00	2.784258604049682617e+00	2.783951044082641602e+00	2.784718513488769531e+00	2.786601781845092773e+00	2.788977384567260742e+00	2.790775299072265625e+00	2.791008949279785156e+00	2.790070056915283203e+00	2.789099216461181641e+00	2.788295030593872070e+00	2.787596702575683594e+00	2.787949323654174805e+00	2.789608240127563477e+00	2.791765213012695312e+00
2.786455869674682617e+00	2.788763284683227539e+00	2.791432857513427734e+00	2.794384002685546875e+00	2.797677040100097656e+00	2.800935745239257812e+00	2.803674697875976562e+00	2.805803060531616211e+00	2.807279586791992188e+00	2.807439088821411133e+00	2.805741786956787109e+00	2.803465127944946289e+00	2.800736188888549805e+00	2.797475337982177734e+00	2.794421672821044922e+00	2.791817426681518555e+00	2.789799451828002930e+00	2.788536548614501953e+00	2.788263797760009766e+00	2.788964986801147461e+00	2.790169239044189453e+00	2.791319131851196289e+00	2.792271137237548828e+00	2.793443202972412109e+00	2.795798301696777344e+00	2.800257205963134766e+00	2.807379484176635742e+00	2.816625833511352539e+00	2.826820850372314453e+00	2.837710857391357422e+00	2.847164154052734375e+00	2.853537797927856445e+00	2.860932826995849609e+00	2.868642330169677734e+00	2.871059417724609375e+00	2.864675521850585938e+00	2.852953672409057617e+00	2.841328382492065430e+00	2.831341981887817383e+00	2.823055982589721680e+00	2.816026687622070312e+00	2.809711456298828125e+00	2.804353713989257812e+00	2.800078868865966797e+00	2.796908855438232422e+00	2.794316768646240234e+00	2.791378736495971680e+00	2.788864135742187500e+00	2.787458658218383789e+00	2.787119865417480469e+00	2.787580728530883789e+00	2.788372039794921875e+00	2.788863420486450195e+00	2.788456439971923828e+00	2.787417411804199219e+00	2.786568880081176758e+00	2.786507129669189453e+00	2.787397146224975586e+00	2.788695335388183594e+00	2.789780616760253906e+00	2.790471792221069336e+00	2.791016817092895508e+00	2.792211771011352539e+00	2.794295310974121094e+00	2.795955896377563477e+00	2.796689987182617188e+00	2.796486616134643555e+00	2.795204162597656250e+00	2.792955636978149414e+00	2.789806365966796875e+00	2.786833047866821289e+00	2.785651206970214844e+00
2.780295372009277344e+00	2.783210754394531250e+00	2.787610054016113281e+00	2.792874574661254883e+00	2.798358917236328125e+00	2.803365230560302734e+00	2.806865692138671875e+00	2.808431386947631836e+00	2.809266090393066406e+00	2.809679269790649414e+00	2.809131383895874023e+00	2.806364059448242188e+00	2.800939559936523438e+00	2.795638799667358398e+00	2.792014122009277344e+00	2.789364337921142578e+00	2.787247896194458008e+00	2.785935878753662109e+00	2.785611867904663086e+00	2.786212205886840820e+00	2.787575006484985352e+00	2.789331197738647461e+00	2.791463851928710938e+00	2.794591665267944336e+00	2.799165487289428711e+00	2.805054664611816406e+00	2.811116933822631836e+00	2.818035364151000977e+00	2.826121568679809570e+00	2.834015369415283203e+00	2.840501070022583008e+00	2.845032691955566406e+00	2.847670793533325195e+00	2.848454713821411133e+00	2.847189188003540039e+00	2.842641115188598633e+00	2.836131334304809570e+00	2.829809427261352539e+00	2.823775053024291992e+00	2.817967653274536133e+00	2.812220573425292969e+00	2.807037353515625000e+00	2.803074359893798828e+00	2.799535751342773438e+00	2.795430421829223633e+00	2.790974378585815430e+00	2.786535978317260742e+00	2.782737970352172852e+00	2.780316829681396484e+00	2.779569864273071289e+00	2.780184507369995117e+00	2.781507253646850586e+00	2.782912731170654297e+00	2.784147500991821289e+00	2.784610986709594727e+00	2.783946990966796875e+00	2.783237934112548828e+00	2.782856225967407227e+00	2.782667398452758789e+00	2.782811164855957031e+00	2.783039569854736328e+00	2.782919406890869141e+00	2.783658981323242188e+00	2.785607099533081055e+00	2.787759304046630859e+00	2.789696455001831055e+00	2.790475606918334961e+00	2.789861917495727539e+00	2.787939786911010742e+00	2.784776210784912109e+00	2.781533479690551758e+00	2.779713153839111328e+00
2.781844377517700195e+00	2.787445068359375000e+00	2.795171737670898438e+00	2.803378105163574219e+00	2.810370683670043945e+00	2.815397977828979492e+00	2.818088293075561523e+00	2.817948341369628906e+00	2.815241336822509766e+00	2.810560226440429688e+00	2.804936885833740234e+00	2.799526214599609375e+00	2.794941425323486328e+00	2.792008876800537109e+00	2.791095018386840820e+00	2.791162967681884766e+00	2.790796279907226562e+00	2.789790630340576172e+00	2.788649559020996094e+00	2.787741184234619141e+00	2.787605047225952148e+00	2.788395166397094727e+00	2.790275812149047852e+00	2.793754577636718750e+00	2.798692464828491211e+00	2.804551124572753906e+00	2.811575651168823242e+00	2.819846630096435547e+00	2.829879045486450195e+00	2.841516017913818359e+00	2.851442337036132812e+00	2.860452413558959961e+00	2.867566823959350586e+00	2.867321729660034180e+00	2.859518527984619141e+00	2.847869396209716797e+00	2.835798263549804688e+00	2.827050924301147461e+00	2.822400569915771484e+00	2.819338083267211914e+00	2.815881013870239258e+00	2.812520503997802734e+00	2.809554576873779297e+00	2.806972265243530273e+00	2.804569959640502930e+00	2.801395177841186523e+00	2.796756982803344727e+00	2.791421413421630859e+00	2.786946058273315430e+00	2.784151554107666016e+00	2.782968759536743164e+00	2.782969474792480469e+00	2.783484697341918945e+00	2.783851385116577148e+00	2.783939838409423828e+00	2.784274578094482422e+00	2.784879207611083984e+00	2.785288810729980469e+00	2.785930633544921875e+00	2.787373781204223633e+00	2.789707422256469727e+00	2.792913675308227539e+00	2.796570777893066406e+00	2.799384117126464844e+00	2.799901247024536133e+00	2.798185586929321289e+00	2.795545339584350586e+00	2.792357206344604492e+00	2.788356065750122070e+00	2.783938169479370117e+00	2.780492305755615234e+00	2.779497861862182617e+00
2.785735130310058594e+00	2.791572093963623047e+00	2.798704385757446289e+00	2.805462837219238281e+00	2.810487031936645508e+00	2.813252210617065430e+00	2.813778877258300781e+00	2.812447547912597656e+00	2.809815883636474609e+00	2.805583477020263672e+00	2.800758838653564453e+00	2.796561002731323242e+00	2.793528556823730469e+00	2.791972398757934570e+00	2.791004896163940430e+00	2.790013074874877930e+00	2.789120435714721680e+00	2.787557363510131836e+00	2.785947561264038086e+00	2.785491943359375000e+00	2.785920143127441406e+00	2.787276029586791992e+00	2.790047168731689453e+00	2.794001340866088867e+00	2.798359155654907227e+00	2.803352594375610352e+00	2.810245990753173828e+00	2.819343090057373047e+00	2.830003261566162109e+00	2.842063426971435547e+00	2.854386568069458008e+00	2.864842176437377930e+00	2.872790336608886719e+00	2.876446008682250977e+00	2.872506618499755859e+00	2.861754894256591797e+00	2.848809242248535156e+00	2.836850643157958984e+00	2.826329231262207031e+00	2.817982196807861328e+00	2.812622308731079102e+00	2.809837818145751953e+00	2.808675289154052734e+00	2.808162927627563477e+00	2.807262420654296875e+00	2.805058717727661133e+00	2.801521539688110352e+00	2.797356367111206055e+00	2.793854713439941406e+00	2.791580677032470703e+00	2.790085792541503906e+00	2.788508653640747070e+00	2.786108493804931641e+00	2.783276081085205078e+00	2.781391859054565430e+00	2.780982494354248047e+00	2.781135320663452148e+00	2.782355546951293945e+00	2.785485506057739258e+00	2.790319919586181641e+00	2.795994997024536133e+00	2.801719903945922852e+00	2.806536197662353516e+00	2.809100151062011719e+00	2.808794498443603516e+00	2.805280447006225586e+00	2.800015449523925781e+00	2.794627189636230469e+00	2.788629770278930664e+00	2.783921718597412109e+00	2.781668424606323242e+00	2.782295465469360352e+00
2.782490015029907227e+00	2.788015365600585938e+00	2.793831586837768555e+00	2.798714876174926758e+00	2.802180767059326172e+00	2.804174423217773438e+00	2.803725004196166992e+00	2.801682710647583008e+00	2.799147129058837891e+00	2.796852350234985352e+00	2.795229673385620117e+00	2.793867111206054688e+00	2.791887044906616211e+00	2.789403915405273438e+00	2.787389039993286133e+00	2.786272525787353516e+00	2.785663127899169922e+00	2.784340858459472656e+00	2.783931016921997070e+00	2.785513401031494141e+00	2.788326740264892578e+00	2.791364431381225586e+00	2.793647527694702148e+00	2.795672655105590820e+00	2.798520803451538086e+00	2.803120374679565430e+00	2.810865402221679688e+00	2.822854995727539062e+00	2.839088439941406250e+00	2.859263896942138672e+00	2.880256175994873047e+00	2.898350954055786133e+00	2.910919666290283203e+00	2.914362907409667969e+00	2.905841827392578125e+00	2.888138532638549805e+00	2.867066621780395508e+00	2.847191810607910156e+00	2.830305099487304688e+00	2.816885232925415039e+00	2.807181119918823242e+00	2.801131248474121094e+00	2.798204183578491211e+00	2.797467708587646484e+00	2.797858953475952148e+00	2.798512697219848633e+00	2.798209190368652344e+00	2.796095132827758789e+00	2.793181896209716797e+00	2.790068864822387695e+00	2.787092208862304688e+00	2.784465074539184570e+00	2.782077074050903320e+00	2.779731750488281250e+00	2.777450561523437500e+00	2.776098489761352539e+00	2.776877880096435547e+00	2.780694484710693359e+00	2.787566423416137695e+00	2.796509265899658203e+00	2.806697845458984375e+00	2.818051576614379883e+00	2.828254222869873047e+00	2.830651283264160156e+00	2.824363231658935547e+00	2.814206361770629883e+00	2.802310228347778320e+00	2.791715145111083984e+00	2.783950805664062500e+00	2.779103517532348633e+00	2.777287960052490234e+00	2.778558492660522461e+00
2.791608572006225586e+00	2.797318220138549805e+00	2.803452014923095703e+00	2.809016227722167969e+00	2.812857627868652344e+00	2.813881397247314453e+00	2.811463832855224609e+00	2.807436943054199219e+00	2.803137302398681641e+00	2.799573183059692383e+00	2.797681093215942383e+00	2.797002792358398438e+00	2.796509504318237305e+00	2.795555591583251953e+00	2.794384002685546875e+00	2.793262720108032227e+00	2.792547225952148438e+00	2.792051076889038086e+00	2.791830778121948242e+00	2.792374134063720703e+00	2.793974637985229492e+00	2.796311378479003906e+00	2.798777818679809570e+00	2.801263332366943359e+00	2.804341077804565430e+00	2.809383392333984375e+00	2.818008899688720703e+00	2.831833839416503906e+00	2.852441072463989258e+00	2.879642009735107422e+00	2.910528898239135742e+00	2.939208269119262695e+00	2.955324411392211914e+00	2.952753543853759766e+00	2.933970451354980469e+00	2.905760526657104492e+00	2.876263141632080078e+00	2.850643873214721680e+00	2.830708742141723633e+00	2.816469430923461914e+00	2.807477712631225586e+00	2.802885532379150391e+00	2.801381349563598633e+00	2.801480770111083984e+00	2.802075624465942383e+00	2.802377700805664062e+00	2.802297830581665039e+00	2.802059412002563477e+00	2.801406383514404297e+00	2.800063371658325195e+00	2.798011541366577148e+00	2.795397758483886719e+00	2.792498826980590820e+00	2.789596319198608398e+00	2.786945104598999023e+00	2.785103797912597656e+00	2.785151481628417969e+00	2.788533210754394531e+00	2.796533107757568359e+00	2.809880495071411133e+00	2.829229354858398438e+00	2.855666875839233398e+00	2.887022256851196289e+00	2.906916618347167969e+00	2.885617971420288086e+00	2.850452661514282227e+00	2.823275804519653320e+00	2.804857015609741211e+00	2.793548822402954102e+00	2.787663221359252930e+00	2.785893201828002930e+00	2.787441492080688477e+00
2.802782535552978516e+00	2.808088541030883789e+00	2.814875364303588867e+00	2.822077751159667969e+00	2.828395843505859375e+00	2.831380605697631836e+00	2.827459096908569336e+00	2.819329500198364258e+00	2.812243700027465820e+00	2.807465076446533203e+00	2.804880380630493164e+00	2.804080724716186523e+00	2.804759979248046875e+00	2.806420803070068359e+00	2.808176755905151367e+00	2.808893918991088867e+00	2.808317422866821289e+00	2.806860208511352539e+00	2.805765867233276367e+00	2.806077718734741211e+00	2.807061433792114258e+00	2.808276653289794922e+00	2.809598445892333984e+00	2.811123371124267578e+00	2.813482999801635742e+00	2.818079948425292969e+00	2.826963186264038086e+00	2.841943979263305664e+00	2.863829851150512695e+00	2.891977310180664062e+00	2.923520803451538086e+00	2.952852487564086914e+00	2.971075057983398438e+00	2.968783378601074219e+00	2.946471452713012695e+00	2.914641857147216797e+00	2.882810115814208984e+00	2.856047391891479492e+00	2.836033582687377930e+00	2.822678327560424805e+00	2.815148115158081055e+00	2.812057495117187500e+00	2.811763048171997070e+00	2.812674522399902344e+00	2.813648939132690430e+00	2.814239978790283203e+00	2.814536571502685547e+00	2.814668178558349609e+00	2.814476013183593750e+00	2.813771247863769531e+00	2.812497615814208984e+00	2.810590267181396484e+00	2.807865619659423828e+00	2.804075717926025391e+00	2.800267696380615234e+00	2.797689199447631836e+00	2.797111988067626953e+00	2.799396991729736328e+00	2.805528163909912109e+00	2.816747665405273438e+00	2.834988832473754883e+00	2.863332033157348633e+00	2.909142971038818359e+00	2.966723442077636719e+00	2.939095258712768555e+00	2.882333993911743164e+00	2.845544099807739258e+00	2.823203563690185547e+00	2.810139656066894531e+00	2.802936315536499023e+00	2.799754619598388672e+00	2.799826860427856445e+00
2.804621696472167969e+00	2.809868335723876953e+00	2.816602468490600586e+00	2.824117422103881836e+00	2.831652641296386719e+00	2.834969043731689453e+00	2.829212188720703125e+00	2.820268869400024414e+00	2.812892675399780273e+00	2.807825326919555664e+00	2.805179595947265625e+00	2.804744958877563477e+00	2.806321382522583008e+00	2.808824300765991211e+00	2.810101032257080078e+00	2.809308052062988281e+00	2.807110786437988281e+00	2.804815769195556641e+00	2.803832292556762695e+00	2.804819583892822266e+00	2.807227611541748047e+00	2.809790611267089844e+00	2.811558246612548828e+00	2.812417507171630859e+00	2.813190937042236328e+00	2.816144943237304688e+00	2.824077606201171875e+00	2.838527202606201172e+00	2.859215974807739258e+00	2.885054588317871094e+00	2.914731025695800781e+00	2.943183422088623047e+00	2.960607051849365234e+00	2.958034276962280273e+00	2.936742305755615234e+00	2.906728744506835938e+00	2.876905202865600586e+00	2.851892232894897461e+00	2.833190679550170898e+00	2.820596218109130859e+00	2.813354015350341797e+00	2.810268640518188477e+00	2.809823989868164062e+00	2.810841798782348633e+00	2.812439441680908203e+00	2.813942432403564453e+00	2.814876556396484375e+00	2.814932107925415039e+00	2.814609527587890625e+00	2.814192056655883789e+00	2.813535690307617188e+00	2.812445640563964844e+00	2.810333728790283203e+00	2.806551933288574219e+00	2.802149057388305664e+00	2.799066066741943359e+00	2.798086404800415039e+00	2.799749851226806641e+00	2.804939031600952148e+00	2.815112113952636719e+00	2.832116842269897461e+00	2.858078002929687500e+00	2.897424936294555664e+00	2.944602012634277344e+00	2.930091857910156250e+00	2.886738061904907227e+00	2.848819971084594727e+00	2.825404167175292969e+00	2.812004804611206055e+00	2.805024147033691406e+00	2.801966905593872070e+00	2.801829814910888672e+00
2.803941011428833008e+00	2.807328701019287109e+00	2.812070131301879883e+00	2.817175149917602539e+00	2.821000576019287109e+00	2.821772575378417969e+00	2.819408416748046875e+00	2.815306901931762695e+00	2.811023235321044922e+00	2.807485103607177734e+00	2.805016040802001953e+00	2.804095745086669922e+00	2.805195808410644531e+00	2.807956218719482422e+00	2.810078144073486328e+00	2.809678077697753906e+00	2.808362722396850586e+00	2.807243824005126953e+00	2.806704044342041016e+00	2.807244300842285156e+00	2.809141397476196289e+00	2.811287879943847656e+00	2.813017845153808594e+00	2.814642429351806641e+00	2.817274570465087891e+00	2.823263168334960938e+00	2.835144281387329102e+00	2.854162216186523438e+00	2.879883050918579102e+00	2.909837245941162109e+00	2.940464973449707031e+00	2.966459989547729492e+00	2.977412223815917969e+00	2.966889381408691406e+00	2.939577579498291016e+00	2.906252384185791016e+00	2.875114917755126953e+00	2.849989175796508789e+00	2.831778526306152344e+00	2.819870233535766602e+00	2.812983274459838867e+00	2.809691190719604492e+00	2.808984756469726562e+00	2.810061931610107422e+00	2.811905622482299805e+00	2.813416719436645508e+00	2.814271450042724609e+00	2.814745187759399414e+00	2.815348863601684570e+00	2.816161632537841797e+00	2.816611051559448242e+00	2.816013097763061523e+00	2.813808917999267578e+00	2.809487342834472656e+00	2.804189205169677734e+00	2.799914360046386719e+00	2.797835350036621094e+00	2.798725128173828125e+00	2.803446531295776367e+00	2.813087940216064453e+00	2.829122066497802734e+00	2.854292869567871094e+00	2.894896984100341797e+00	2.948769807815551758e+00	2.938543081283569336e+00	2.890882730484008789e+00	2.854985952377319336e+00	2.831582546234130859e+00	2.817038774490356445e+00	2.808417797088623047e+00	2.803963899612426758e+00	2.802646875381469727e+00
2.791619062423706055e+00	2.794813394546508789e+00	2.798754692077636719e+00	2.802162408828735352e+00	2.804731130599975586e+00	2.805835485458374023e+00	2.804944515228271484e+00	2.802434206008911133e+00	2.799189567565917969e+00	2.796282529830932617e+00	2.794308423995971680e+00	2.793361663818359375e+00	2.793264627456665039e+00	2.793544530868530273e+00	2.793642282485961914e+00	2.793372631072998047e+00	2.793497085571289062e+00	2.794490575790405273e+00	2.795850515365600586e+00	2.797822237014770508e+00	2.800588607788085938e+00	2.803540468215942383e+00	2.806231975555419922e+00	2.809180259704589844e+00	2.813843727111816406e+00	2.822213172912597656e+00	2.835752010345458984e+00	2.854823350906372070e+00	2.878475904464721680e+00	2.903840303421020508e+00	2.925873279571533203e+00	2.938644647598266602e+00	2.938180446624755859e+00	2.924120426177978516e+00	2.900432586669921875e+00	2.873549938201904297e+00	2.848770856857299805e+00	2.828979253768920898e+00	2.815035104751586914e+00	2.806268215179443359e+00	2.801310539245605469e+00	2.798973560333251953e+00	2.798466682434082031e+00	2.799045562744140625e+00	2.799944639205932617e+00	2.800660848617553711e+00	2.801298379898071289e+00	2.802084922790527344e+00	2.802902698516845703e+00	2.803445100784301758e+00	2.803520202636718750e+00	2.802815437316894531e+00	2.800596475601196289e+00	2.797161340713500977e+00	2.793471336364746094e+00	2.790216684341430664e+00	2.788265705108642578e+00	2.788767337799072266e+00	2.792794704437255859e+00	2.801484584808349609e+00	2.816190481185913086e+00	2.838654041290283203e+00	2.869000434875488281e+00	2.896854877471923828e+00	2.898589134216308594e+00	2.874069213867187500e+00	2.845067024230957031e+00	2.822566032409667969e+00	2.806770324707031250e+00	2.796964645385742188e+00	2.791806936264038086e+00	2.790318012237548828e+00
2.790969371795654297e+00	2.792766094207763672e+00	2.795844793319702148e+00	2.799624443054199219e+00	2.802931785583496094e+00	2.804801464080810547e+00	2.804862976074218750e+00	2.803289175033569336e+00	2.801023960113525391e+00	2.799308776855468750e+00	2.798357009887695312e+00	2.797210931777954102e+00	2.795708894729614258e+00	2.794534206390380859e+00	2.793712139129638672e+00	2.792740106582641602e+00	2.792074203491210938e+00	2.792492628097534180e+00	2.793944358825683594e+00	2.795941352844238281e+00	2.798211812973022461e+00	2.800609350204467773e+00	2.803124427795410156e+00	2.806210517883300781e+00	2.811606645584106445e+00	2.821494579315185547e+00	2.836884498596191406e+00	2.857592105865478516e+00	2.882184028625488281e+00	2.907219648361206055e+00	2.926878213882446289e+00	2.935553789138793945e+00	2.929783344268798828e+00	2.910774707794189453e+00	2.885538578033447266e+00	2.860232830047607422e+00	2.838206529617309570e+00	2.821436405181884766e+00	2.810244798660278320e+00	2.803528785705566406e+00	2.799538135528564453e+00	2.796905279159545898e+00	2.795219182968139648e+00	2.794461965560913086e+00	2.794646739959716797e+00	2.795744895935058594e+00	2.797114610671997070e+00	2.798421144485473633e+00	2.800141334533691406e+00	2.802124977111816406e+00	2.803483247756958008e+00	2.803298950195312500e+00	2.801885604858398438e+00	2.799615859985351562e+00	2.796448707580566406e+00	2.792654991149902344e+00	2.789530754089355469e+00	2.788254737854003906e+00	2.789259910583496094e+00	2.793169021606445312e+00	2.801522970199584961e+00	2.815672874450683594e+00	2.837245464324951172e+00	2.856031656265258789e+00	2.849143028259277344e+00	2.839164495468139648e+00	2.826961994171142578e+00	2.814739465713500977e+00	2.804536342620849609e+00	2.796622276306152344e+00	2.792310953140258789e+00	2.790757179260253906e+00
2.792766809463500977e+00	2.795287847518920898e+00	2.799322605133056641e+00	2.803463697433471680e+00	2.806971311569213867e+00	2.809424400329589844e+00	2.810418367385864258e+00	2.809900045394897461e+00	2.808325767517089844e+00	2.806591033935546875e+00	2.805307626724243164e+00	2.804189920425415039e+00	2.803073644638061523e+00	2.802107334136962891e+00	2.801213741302490234e+00	2.800391674041748047e+00	2.799766302108764648e+00	2.800025939941406250e+00	2.801132917404174805e+00	2.803092718124389648e+00	2.804285764694213867e+00	2.804772853851318359e+00	2.805560588836669922e+00	2.807777404785156250e+00	2.813376188278198242e+00	2.824423789978027344e+00	2.842210054397583008e+00	2.866663455963134766e+00	2.896186590194702148e+00	2.926970958709716797e+00	2.951479911804199219e+00	2.961247682571411133e+00	2.952848672866821289e+00	2.929855346679687500e+00	2.900342464447021484e+00	2.871210098266601562e+00	2.846123933792114258e+00	2.826768636703491211e+00	2.813544988632202148e+00	2.805800676345825195e+00	2.802137374877929688e+00	2.800790786743164062e+00	2.800195455551147461e+00	2.799539327621459961e+00	2.799058437347412109e+00	2.799451589584350586e+00	2.800998449325561523e+00	2.802924156188964844e+00	2.804449319839477539e+00	2.806193113327026367e+00	2.807990550994873047e+00	2.808807611465454102e+00	2.807739973068237305e+00	2.804618835449218750e+00	2.799818038940429688e+00	2.794609069824218750e+00	2.790491104125976562e+00	2.788707494735717773e+00	2.790079832077026367e+00	2.795250892639160156e+00	2.804659843444824219e+00	2.817208766937255859e+00	2.831716537475585938e+00	2.847788095474243164e+00	2.871020793914794922e+00	2.877488851547241211e+00	2.856192588806152344e+00	2.832996845245361328e+00	2.815513849258422852e+00	2.803833246231079102e+00	2.796663522720336914e+00	2.793070793151855469e+00
2.792706966400146484e+00	2.795338153839111328e+00	2.798622131347656250e+00	2.802329301834106445e+00	2.805823087692260742e+00	2.808571815490722656e+00	2.810257911682128906e+00	2.810237884521484375e+00	2.808191299438476562e+00	2.804996252059936523e+00	2.802035331726074219e+00	2.800566673278808594e+00	2.800915718078613281e+00	2.799963474273681641e+00	2.797936916351318359e+00	2.796780824661254883e+00	2.796768665313720703e+00	2.797688722610473633e+00	2.798988580703735352e+00	2.800393342971801758e+00	2.801601648330688477e+00	2.802750587463378906e+00	2.804275989532470703e+00	2.806965589523315430e+00	2.812690973281860352e+00	2.823700189590454102e+00	2.841237545013427734e+00	2.865250349044799805e+00	2.894537210464477539e+00	2.925504446029663086e+00	2.950527667999267578e+00	2.960799455642700195e+00	2.952482700347900391e+00	2.929440021514892578e+00	2.899911165237426758e+00	2.871120452880859375e+00	2.846896409988403320e+00	2.828410387039184570e+00	2.815281629562377930e+00	2.806615829467773438e+00	2.801841020584106445e+00	2.799877405166625977e+00	2.799424648284912109e+00	2.799582719802856445e+00	2.800116300582885742e+00	2.801090717315673828e+00	2.802079916000366211e+00	2.802787780761718750e+00	2.804050922393798828e+00	2.805791616439819336e+00	2.807270765304565430e+00	2.807838916778564453e+00	2.806860208511352539e+00	2.803843498229980469e+00	2.799254894256591797e+00	2.794324636459350586e+00	2.790767431259155273e+00	2.790104389190673828e+00	2.792895317077636719e+00	2.798274755477905273e+00	2.806249380111694336e+00	2.818617343902587891e+00	2.834112405776977539e+00	2.850900173187255859e+00	2.874110460281372070e+00	2.880822896957397461e+00	2.858472824096679688e+00	2.833543539047241211e+00	2.814122676849365234e+00	2.801543474197387695e+00	2.794643640518188477e+00	2.792022943496704102e+00
2.785294532775878906e+00	2.784329175949096680e+00	2.783877611160278320e+00	2.784950494766235352e+00	2.787197589874267578e+00	2.789970636367797852e+00	2.791887283325195312e+00	2.793035268783569336e+00	2.794685363769531250e+00	2.796583175659179688e+00	2.797984600067138672e+00	2.798651218414306641e+00	2.797653675079345703e+00	2.794878959655761719e+00	2.791378259658813477e+00	2.788152933120727539e+00	2.785551786422729492e+00	2.783274650573730469e+00	2.781541109085083008e+00	2.780834913253784180e+00	2.780697107315063477e+00	2.781009912490844727e+00	2.781939506530761719e+00	2.782898664474487305e+00	2.784416913986206055e+00	2.787194252014160156e+00	2.788914680480957031e+00	2.790238380432128906e+00	2.792418956756591797e+00	2.794436454772949219e+00	2.795728206634521484e+00	2.795820236206054688e+00	2.794516563415527344e+00	2.792781591415405273e+00	2.791835546493530273e+00	2.791610956192016602e+00	2.791693210601806641e+00	2.791929483413696289e+00	2.791929721832275391e+00	2.791432380676269531e+00	2.790629863739013672e+00	2.790454626083374023e+00	2.791284799575805664e+00	2.792637825012207031e+00	2.793850421905517578e+00	2.794007301330566406e+00	2.793505668640136719e+00	2.792974472045898438e+00	2.792871236801147461e+00	2.792909145355224609e+00	2.792338371276855469e+00	2.791047573089599609e+00	2.789559602737426758e+00	2.788094043731689453e+00	2.787079095840454102e+00	2.787034511566162109e+00	2.788088798522949219e+00	2.790343999862670898e+00	2.793596982955932617e+00	2.796584129333496094e+00	2.798892259597778320e+00	2.799845457077026367e+00	2.798249006271362305e+00	2.796567678451538086e+00	2.795950651168823242e+00	2.795712947845458984e+00	2.795348167419433594e+00	2.794365882873535156e+00	2.792373180389404297e+00	2.789697170257568359e+00	2.787284135818481445e+00	2.785878419876098633e+00
2.799103260040283203e+00	2.796019554138183594e+00	2.796015739440917969e+00	2.798421382904052734e+00	2.802399158477783203e+00	2.807077407836914062e+00	2.811141490936279297e+00	2.813229322433471680e+00	2.812875032424926758e+00	2.811039209365844727e+00	2.808788299560546875e+00	2.807130575180053711e+00	2.806501388549804688e+00	2.806454658508300781e+00	2.806060791015625000e+00	2.804946899414062500e+00	2.803896665573120117e+00	2.803457260131835938e+00	2.803581953048706055e+00	2.804368734359741211e+00	2.805860280990600586e+00	2.808496952056884766e+00	2.813522577285766602e+00	2.822673559188842773e+00	2.837930917739868164e+00	2.859783649444580078e+00	2.887003660202026367e+00	2.918163299560546875e+00	2.947728157043457031e+00	2.965847492218017578e+00	2.965035676956176758e+00	2.946121931076049805e+00	2.916683197021484375e+00	2.885674953460693359e+00	2.858706474304199219e+00	2.837903976440429688e+00	2.823415994644165039e+00	2.814387083053588867e+00	2.808748483657836914e+00	2.804637432098388672e+00	2.801631450653076172e+00	2.799351930618286133e+00	2.798502922058105469e+00	2.799265623092651367e+00	2.801127672195434570e+00	2.802555084228515625e+00	2.802851438522338867e+00	2.802774190902709961e+00	2.803166389465332031e+00	2.804479598999023438e+00	2.806547403335571289e+00	2.808874130249023438e+00	2.810936689376831055e+00	2.812109231948852539e+00	2.811993598937988281e+00	2.810613870620727539e+00	2.807878017425537109e+00	2.803930759429931641e+00	2.800238370895385742e+00	2.796998739242553711e+00	2.795522928237915039e+00	2.798417568206787109e+00	2.806593418121337891e+00	2.820563554763793945e+00	2.841098070144653320e+00	2.866382360458374023e+00	2.883277416229248047e+00	2.877384185791015625e+00	2.857637166976928711e+00	2.834795475006103516e+00	2.816864013671875000e+00	2.805471420288085938e+00
2.800467967987060547e+00	2.797363042831420898e+00	2.797581434249877930e+00	2.799992561340332031e+00	2.804160118103027344e+00	2.809003591537475586e+00	2.812708854675292969e+00	2.814661502838134766e+00	2.814570188522338867e+00	2.812844038009643555e+00	2.810467481613159180e+00	2.808330774307250977e+00	2.806977748870849609e+00	2.806500673294067383e+00	2.806360244750976562e+00	2.805989980697631836e+00	2.805497646331787109e+00	2.804920196533203125e+00	2.804471492767333984e+00	2.804853677749633789e+00	2.806521654129028320e+00	2.809920787811279297e+00	2.815686225891113281e+00	2.825194358825683594e+00	2.840415477752685547e+00	2.862631559371948242e+00	2.891864061355590820e+00	2.925610780715942383e+00	2.957921504974365234e+00	2.978209972381591797e+00	2.976399898529052734e+00	2.954528331756591797e+00	2.922086954116821289e+00	2.888763904571533203e+00	2.860024929046630859e+00	2.837839603424072266e+00	2.822272539138793945e+00	2.812384843826293945e+00	2.806655883789062500e+00	2.803507804870605469e+00	2.801304101943969727e+00	2.799112796783447266e+00	2.797753334045410156e+00	2.797728776931762695e+00	2.798759222030639648e+00	2.800251483917236328e+00	2.801815986633300781e+00	2.803196668624877930e+00	2.804088830947875977e+00	2.805123805999755859e+00	2.806915998458862305e+00	2.809351921081542969e+00	2.811796665191650391e+00	2.813409805297851562e+00	2.813430309295654297e+00	2.811483383178710938e+00	2.807775259017944336e+00	2.803163051605224609e+00	2.798950195312500000e+00	2.796430587768554688e+00	2.796663284301757812e+00	2.800178050994873047e+00	2.807508468627929688e+00	2.819898128509521484e+00	2.838976383209228516e+00	2.863565683364868164e+00	2.880758285522460938e+00	2.875580310821533203e+00	2.856140613555908203e+00	2.834517955780029297e+00	2.818149805068969727e+00	2.807286500930786133e+00
2.801984548568725586e+00	2.798090219497680664e+00	2.797210454940795898e+00	2.799143791198730469e+00	2.803227186203002930e+00	2.807769536972045898e+00	2.811195850372314453e+00	2.812757492065429688e+00	2.812184572219848633e+00	2.810456514358520508e+00	2.808606386184692383e+00	2.807066202163696289e+00	2.806087493896484375e+00	2.806167364120483398e+00	2.806751966476440430e+00	2.804743289947509766e+00	2.802987813949584961e+00	2.802000522613525391e+00	2.801772356033325195e+00	2.802425146102905273e+00	2.803795099258422852e+00	2.806207180023193359e+00	2.811271905899047852e+00	2.820808887481689453e+00	2.836140871047973633e+00	2.858111381530761719e+00	2.886303186416625977e+00	2.918145179748535156e+00	2.948222398757934570e+00	2.966832876205444336e+00	2.965190172195434570e+00	2.943987607955932617e+00	2.912756204605102539e+00	2.880997419357299805e+00	2.853797674179077148e+00	2.833096265792846680e+00	2.818720817565917969e+00	2.809446334838867188e+00	2.803972959518432617e+00	2.801143407821655273e+00	2.799727678298950195e+00	2.799008369445800781e+00	2.799015998840332031e+00	2.799781322479248047e+00	2.801061153411865234e+00	2.802270412445068359e+00	2.803052425384521484e+00	2.803314685821533203e+00	2.803304195404052734e+00	2.803998470306396484e+00	2.805919170379638672e+00	2.808622121810913086e+00	2.811039447784423828e+00	2.812341690063476562e+00	2.811998605728149414e+00	2.809531927108764648e+00	2.805436372756958008e+00	2.800797939300537109e+00	2.796528577804565430e+00	2.793745756149291992e+00	2.793598413467407227e+00	2.796918153762817383e+00	2.804390907287597656e+00	2.817003250122070312e+00	2.835940361022949219e+00	2.859805583953857422e+00	2.877183437347412109e+00	2.873071432113647461e+00	2.855723142623901367e+00	2.835946083068847656e+00	2.820153713226318359e+00	2.809156179428100586e+00
2.796232700347900391e+00	2.795894622802734375e+00	2.796019554138183594e+00	2.796832561492919922e+00	2.797846794128417969e+00	2.798711061477661133e+00	2.799296140670776367e+00	2.798918724060058594e+00	2.797512292861938477e+00	2.795452356338500977e+00	2.792941331863403320e+00	2.790040254592895508e+00	2.786877870559692383e+00	2.783827543258666992e+00	2.781240463256835938e+00	2.779181718826293945e+00	2.777572393417358398e+00	2.776336193084716797e+00	2.775344848632812500e+00	2.774607181549072266e+00	2.774232625961303711e+00	2.774139404296875000e+00	2.774368524551391602e+00	2.775065183639526367e+00	2.776138544082641602e+00	2.777430534362792969e+00	2.778889179229736328e+00	2.780406951904296875e+00	2.781746625900268555e+00	2.782584905624389648e+00	2.782718181610107422e+00	2.782301425933837891e+00	2.781735420227050781e+00	2.781510353088378906e+00	2.781686782836914062e+00	2.782091140747070312e+00	2.782689571380615234e+00	2.783390998840332031e+00	2.784205436706542969e+00	2.785618305206298828e+00	2.786941051483154297e+00	2.787058353424072266e+00	2.786889076232910156e+00	2.787463188171386719e+00	2.788882732391357422e+00	2.790843963623046875e+00	2.793189525604248047e+00	2.795479774475097656e+00	2.797046661376953125e+00	2.797860145568847656e+00	2.798412799835205078e+00	2.798748731613159180e+00	2.797955036163330078e+00	2.795603990554809570e+00	2.792312145233154297e+00	2.789383888244628906e+00	2.787907838821411133e+00	2.787952899932861328e+00	2.788226127624511719e+00	2.789108276367187500e+00	2.790438175201416016e+00	2.791222810745239258e+00	2.790876865386962891e+00	2.789627552032470703e+00	2.788822174072265625e+00	2.789268493652343750e+00	2.790172100067138672e+00	2.791304588317871094e+00	2.792806863784790039e+00	2.794315099716186523e+00	2.795614719390869141e+00	2.796288013458251953e+00
2.785629034042358398e+00	2.788806438446044922e+00	2.793036699295043945e+00	2.797660112380981445e+00	2.801864147186279297e+00	2.804838180541992188e+00	2.805149555206298828e+00	2.802144289016723633e+00	2.797225952148437500e+00	2.791983604431152344e+00	2.787285089492797852e+00	2.783468723297119141e+00	2.780097246170043945e+00	2.776696205139160156e+00	2.773621082305908203e+00	2.771207571029663086e+00	2.769407272338867188e+00	2.768126726150512695e+00	2.767378330230712891e+00	2.767289876937866211e+00	2.767932653427124023e+00	2.769108533859252930e+00	2.770382642745971680e+00	2.771335363388061523e+00	2.771775960922241211e+00	2.771880865097045898e+00	2.772155046463012695e+00	2.772869348526000977e+00	2.773830413818359375e+00	2.774642467498779297e+00	2.774927854537963867e+00	2.774730682373046875e+00	2.774275064468383789e+00	2.773964643478393555e+00	2.774144649505615234e+00	2.774568080902099609e+00	2.774640321731567383e+00	2.774326324462890625e+00	2.774061441421508789e+00	2.774055004119873047e+00	2.774205684661865234e+00	2.774103403091430664e+00	2.773572683334350586e+00	2.773992776870727539e+00	2.775162935256958008e+00	2.776568651199340820e+00	2.777851581573486328e+00	2.778872251510620117e+00	2.779818058013916016e+00	2.780952930450439453e+00	2.782409906387329102e+00	2.783775806427001953e+00	2.784428119659423828e+00	2.784434080123901367e+00	2.784271478652954102e+00	2.784326314926147461e+00	2.785090208053588867e+00	2.786881208419799805e+00	2.789357423782348633e+00	2.791742324829101562e+00	2.792919397354125977e+00	2.791341781616210938e+00	2.787283897399902344e+00	2.782804250717163086e+00	2.779402732849121094e+00	2.777645111083984375e+00	2.777580261230468750e+00	2.778636455535888672e+00	2.779829502105712891e+00	2.781155109405517578e+00	2.782300233840942383e+00	2.783578872680664062e+00
2.779213666915893555e+00	2.781677484512329102e+00	2.784914493560791016e+00	2.788595914840698242e+00	2.792680501937866211e+00	2.797313213348388672e+00	2.800912618637084961e+00	2.801878929138183594e+00	2.801964759826660156e+00	2.801029682159423828e+00	2.798646450042724609e+00	2.794727087020874023e+00	2.789741992950439453e+00	2.784793853759765625e+00	2.780398130416870117e+00	2.776366233825683594e+00	2.772886991500854492e+00	2.770534753799438477e+00	2.769382476806640625e+00	2.769113063812255859e+00	2.769442081451416016e+00	2.770110130310058594e+00	2.770744562149047852e+00	2.771122455596923828e+00	2.771488428115844727e+00	2.771974802017211914e+00	2.772380352020263672e+00	2.773047447204589844e+00	2.773982048034667969e+00	2.774796724319458008e+00	2.775137662887573242e+00	2.774888992309570312e+00	2.774266004562377930e+00	2.773735523223876953e+00	2.773476123809814453e+00	2.773253440856933594e+00	2.772828578948974609e+00	2.772933483123779297e+00	2.773291349411010742e+00	2.773126602172851562e+00	2.772366762161254883e+00	2.771696805953979492e+00	2.771518468856811523e+00	2.771758556365966797e+00	2.772417068481445312e+00	2.773505210876464844e+00	2.774778127670288086e+00	2.776004791259765625e+00	2.777246236801147461e+00	2.778759479522705078e+00	2.780392646789550781e+00	2.781535625457763672e+00	2.782138824462890625e+00	2.782046794891357422e+00	2.781282424926757812e+00	2.780269384384155273e+00	2.779488086700439453e+00	2.779049396514892578e+00	2.779241800308227539e+00	2.780150175094604492e+00	2.780665636062622070e+00	2.779675483703613281e+00	2.777121543884277344e+00	2.774138927459716797e+00	2.771951675415039062e+00	2.771364450454711914e+00	2.772407293319702148e+00	2.774236202239990234e+00	2.775860786437988281e+00	2.776808500289916992e+00	2.777322530746459961e+00	2.777859687805175781e+00
2.803640365600585938e+00	2.796384811401367188e+00	2.791640281677246094e+00	2.789992809295654297e+00	2.790965795516967773e+00	2.793370485305786133e+00	2.794820547103881836e+00	2.794972419738769531e+00	2.795129060745239258e+00	2.795694589614868164e+00	2.796146154403686523e+00	2.795899152755737305e+00	2.795195102691650391e+00	2.794491767883300781e+00	2.793999433517456055e+00	2.793718099594116211e+00	2.793834686279296875e+00	2.795360565185546875e+00	2.799480199813842773e+00	2.806855440139770508e+00	2.817923069000244141e+00	2.833230018615722656e+00	2.853101015090942383e+00	2.876894950866699219e+00	2.901934862136840820e+00	2.922048091888427734e+00	2.930523157119750977e+00	2.926560401916503906e+00	2.913311004638671875e+00	2.894644975662231445e+00	2.873883962631225586e+00	2.850946903228759766e+00	2.830719470977783203e+00	2.815929889678955078e+00	2.806124687194824219e+00	2.800952196121215820e+00	2.798504114151000977e+00	2.796194791793823242e+00	2.793623924255371094e+00	2.790901422500610352e+00	2.787903070449829102e+00	2.784824609756469727e+00	2.782350301742553711e+00	2.780983686447143555e+00	2.780875921249389648e+00	2.781784057617187500e+00	2.783365249633789062e+00	2.785372734069824219e+00	2.787260532379150391e+00	2.788531303405761719e+00	2.788866043090820312e+00	2.788504362106323242e+00	2.788533449172973633e+00	2.789061069488525391e+00	2.789965629577636719e+00	2.791591882705688477e+00	2.793930530548095703e+00	2.796563625335693359e+00	2.798590421676635742e+00	2.798676967620849609e+00	2.796220064163208008e+00	2.792081832885742188e+00	2.787629604339599609e+00	2.784163236618041992e+00	2.783207893371582031e+00	2.786324977874755859e+00	2.793040752410888672e+00	2.801185369491577148e+00	2.808009624481201172e+00	2.812662124633789062e+00	2.814828634262084961e+00	2.811507225036621094e+00
2.803948879241943359e+00	2.798223257064819336e+00	2.794805049896240234e+00	2.792179822921752930e+00	2.790600776672363281e+00	2.790193319320678711e+00	2.790539026260375977e+00	2.791535615921020508e+00	2.793190002441406250e+00	2.794893741607666016e+00	2.795779943466186523e+00	2.795802116394042969e+00	2.794708490371704102e+00	2.792654037475585938e+00	2.789804935455322266e+00	2.787072181701660156e+00	2.786174058914184570e+00	2.788379192352294922e+00	2.794370412826538086e+00	2.804007768630981445e+00	2.816805601119995117e+00	2.833239793777465820e+00	2.853254318237304688e+00	2.876719951629638672e+00	2.901700496673583984e+00	2.921481609344482422e+00	2.929449558258056641e+00	2.925061941146850586e+00	2.911268711090087891e+00	2.892587661743164062e+00	2.872500896453857422e+00	2.849467515945434570e+00	2.827971696853637695e+00	2.812463760375976562e+00	2.802854299545288086e+00	2.797957897186279297e+00	2.796280384063720703e+00	2.795639991760253906e+00	2.794707775115966797e+00	2.792934894561767578e+00	2.789631128311157227e+00	2.785926818847656250e+00	2.782977104187011719e+00	2.781320810317993164e+00	2.780954360961914062e+00	2.781591415405273438e+00	2.783027887344360352e+00	2.784634590148925781e+00	2.785398006439208984e+00	2.785105228424072266e+00	2.784491300582885742e+00	2.784296989440917969e+00	2.784538745880126953e+00	2.785043239593505859e+00	2.786440849304199219e+00	2.789082765579223633e+00	2.792522192001342773e+00	2.795786619186401367e+00	2.797932386398315430e+00	2.798203468322753906e+00	2.795499086380004883e+00	2.790553569793701172e+00	2.785660505294799805e+00	2.782388448715209961e+00	2.781950473785400391e+00	2.784809350967407227e+00	2.789984941482543945e+00	2.796453952789306641e+00	2.802716493606567383e+00	2.807618379592895508e+00	2.810798168182373047e+00	2.809899568557739258e+00
2.787594556808471680e+00	2.788136005401611328e+00	2.791377067565917969e+00	2.798328638076782227e+00	2.806443452835083008e+00	2.806705474853515625e+00	2.801412820816040039e+00	2.796484231948852539e+00	2.794960737228393555e+00	2.795721054077148438e+00	2.797267436981201172e+00	2.797919273376464844e+00	2.797284841537475586e+00	2.795359134674072266e+00	2.792562484741210938e+00	2.789532184600830078e+00	2.787554502487182617e+00	2.788072824478149414e+00	2.791993379592895508e+00	2.799489498138427734e+00	2.810019254684448242e+00	2.822664499282836914e+00	2.836415767669677734e+00	2.851579427719116211e+00	2.868504524230957031e+00	2.883157014846801758e+00	2.889867067337036133e+00	2.887166023254394531e+00	2.876374959945678711e+00	2.862352848052978516e+00	2.848575353622436523e+00	2.831523895263671875e+00	2.815167427062988281e+00	2.803668022155761719e+00	2.796428442001342773e+00	2.792898178100585938e+00	2.792338371276855469e+00	2.791774034500122070e+00	2.790513515472412109e+00	2.789655447006225586e+00	2.788515567779541016e+00	2.786608457565307617e+00	2.784718751907348633e+00	2.783360958099365234e+00	2.782545566558837891e+00	2.782398223876953125e+00	2.782906055450439453e+00	2.783781051635742188e+00	2.784618139266967773e+00	2.785011529922485352e+00	2.784935951232910156e+00	2.784639835357666016e+00	2.784363985061645508e+00	2.784467935562133789e+00	2.785126447677612305e+00	2.786690235137939453e+00	2.789257287979125977e+00	2.792088270187377930e+00	2.794206857681274414e+00	2.794632911682128906e+00	2.792936086654663086e+00	2.790262699127197266e+00	2.787734031677246094e+00	2.785758972167968750e+00	2.784957408905029297e+00	2.786129474639892578e+00	2.788740634918212891e+00	2.791114330291748047e+00	2.791984319686889648e+00	2.791408061981201172e+00	2.790060520172119141e+00	2.788574695587158203e+00
2.789432048797607422e+00	2.796438694000244141e+00	2.807038068771362305e+00	2.821956396102905273e+00	2.841432571411132812e+00	2.846556663513183594e+00	2.831212282180786133e+00	2.819267988204956055e+00	2.813920259475708008e+00	2.812796115875244141e+00	2.814040899276733398e+00	2.814692497253417969e+00	2.809322834014892578e+00	2.799957752227783203e+00	2.791218996047973633e+00	2.784124851226806641e+00	2.779287815093994141e+00	2.777273416519165039e+00	2.778275489807128906e+00	2.781868934631347656e+00	2.786903142929077148e+00	2.791034936904907227e+00	2.791670083999633789e+00	2.788863897323608398e+00	2.784838438034057617e+00	2.782303333282470703e+00	2.781887292861938477e+00	2.783268928527832031e+00	2.785897254943847656e+00	2.788168668746948242e+00	2.787758111953735352e+00	2.785206794738769531e+00	2.781975030899047852e+00	2.779012203216552734e+00	2.776761054992675781e+00	2.775548458099365234e+00	2.775602340698242188e+00	2.776554584503173828e+00	2.777394771575927734e+00	2.777926206588745117e+00	2.778808832168579102e+00	2.780419349670410156e+00	2.782500743865966797e+00	2.784509181976318359e+00	2.786193609237670898e+00	2.787656784057617188e+00	2.789015293121337891e+00	2.790138483047485352e+00	2.790556430816650391e+00	2.790157556533813477e+00	2.789123058319091797e+00	2.787432909011840820e+00	2.785338878631591797e+00	2.783347129821777344e+00	2.781891822814941406e+00	2.781067848205566406e+00	2.780809879302978516e+00	2.781224489212036133e+00	2.782210350036621094e+00	2.782648801803588867e+00	2.782476663589477539e+00	2.782933473587036133e+00	2.783849000930786133e+00	2.784687757492065430e+00	2.785519123077392578e+00	2.786591291427612305e+00	2.787748575210571289e+00	2.788310050964355469e+00	2.787835359573364258e+00	2.786828517913818359e+00	2.786182641983032227e+00	2.786613941192626953e+00
2.784029483795166016e+00	2.792320013046264648e+00	2.805345296859741211e+00	2.823441743850708008e+00	2.844257831573486328e+00	2.850539207458496094e+00	2.837802648544311523e+00	2.825776815414428711e+00	2.818438768386840820e+00	2.814938306808471680e+00	2.813982248306274414e+00	2.812660694122314453e+00	2.806830644607543945e+00	2.797392368316650391e+00	2.788293361663818359e+00	2.780718803405761719e+00	2.775511503219604492e+00	2.773241519927978516e+00	2.774117469787597656e+00	2.777841806411743164e+00	2.782939672470092773e+00	2.785853862762451172e+00	2.783756017684936523e+00	2.778840065002441406e+00	2.775145530700683594e+00	2.773825168609619141e+00	2.774354219436645508e+00	2.776819467544555664e+00	2.780508279800415039e+00	2.782971858978271484e+00	2.782536268234252930e+00	2.779911756515502930e+00	2.776501178741455078e+00	2.773502588272094727e+00	2.771567583084106445e+00	2.770915508270263672e+00	2.771306753158569336e+00	2.771878242492675781e+00	2.772029399871826172e+00	2.772302389144897461e+00	2.773380756378173828e+00	2.775632858276367188e+00	2.778541564941406250e+00	2.781008005142211914e+00	2.782826900482177734e+00	2.784448385238647461e+00	2.786130428314208984e+00	2.787302255630493164e+00	2.786725997924804688e+00	2.784818172454833984e+00	2.783376693725585938e+00	2.782952785491943359e+00	2.783370494842529297e+00	2.784282922744750977e+00	2.785471200942993164e+00	2.786790370941162109e+00	2.787827014923095703e+00	2.788116931915283203e+00	2.787292957305908203e+00	2.785309314727783203e+00	2.782709360122680664e+00	2.780292987823486328e+00	2.778639793395996094e+00	2.777943849563598633e+00	2.778281450271606445e+00	2.779619455337524414e+00	2.781426429748535156e+00	2.782535314559936523e+00	2.782031059265136719e+00	2.780403614044189453e+00	2.779200315475463867e+00	2.779993772506713867e+00
2.780742168426513672e+00	2.782503366470336914e+00	2.786399841308593750e+00	2.791471481323242188e+00	2.795799255371093750e+00	2.797371149063110352e+00	2.796655654907226562e+00	2.794007301330566406e+00	2.789733409881591797e+00	2.785165548324584961e+00	2.781084775924682617e+00	2.777668476104736328e+00	2.775088787078857422e+00	2.773433923721313477e+00	2.772607803344726562e+00	2.772361278533935547e+00	2.772400379180908203e+00	2.772521734237670898e+00	2.772925615310668945e+00	2.773542404174804688e+00	2.774048089981079102e+00	2.774188280105590820e+00	2.773761510848999023e+00	2.772954225540161133e+00	2.772517204284667969e+00	2.772929430007934570e+00	2.774412393569946289e+00	2.776984691619873047e+00	2.779590606689453125e+00	2.780138254165649414e+00	2.777562379837036133e+00	2.773787975311279297e+00	2.770739555358886719e+00	2.769209384918212891e+00	2.769507884979248047e+00	2.771005153656005859e+00	2.772953510284423828e+00	2.774786949157714844e+00	2.775797367095947266e+00	2.775652647018432617e+00	2.774756908416748047e+00	2.774106264114379883e+00	2.774293899536132812e+00	2.775225162506103516e+00	2.776769876480102539e+00	2.779034614562988281e+00	2.781741619110107422e+00	2.783618688583374023e+00	2.783483505249023438e+00	2.781728744506835938e+00	2.779814243316650391e+00	2.778288602828979492e+00	2.777411460876464844e+00	2.777426719665527344e+00	2.778327465057373047e+00	2.779777288436889648e+00	2.781592607498168945e+00	2.783537864685058594e+00	2.784790515899658203e+00	2.784466981887817383e+00	2.782769680023193359e+00	2.780558347702026367e+00	2.778717041015625000e+00	2.778269052505493164e+00	2.779887437820434570e+00	2.783238410949707031e+00	2.786834239959716797e+00	2.788773536682128906e+00	2.788097620010375977e+00	2.785596370697021484e+00	2.782914876937866211e+00	2.781128406524658203e+00
2.804424524307250977e+00	2.808620452880859375e+00	2.809602975845336914e+00	2.806584596633911133e+00	2.802005529403686523e+00	2.798180341720581055e+00	2.795820474624633789e+00	2.794194221496582031e+00	2.791405200958251953e+00	2.788989305496215820e+00	2.787830829620361328e+00	2.787657260894775391e+00	2.788173437118530273e+00	2.789212465286254883e+00	2.790876150131225586e+00	2.793811321258544922e+00	2.798892974853515625e+00	2.806872844696044922e+00	2.818500757217407227e+00	2.834014415740966797e+00	2.852624893188476562e+00	2.872272253036499023e+00	2.889945745468139648e+00	2.902287483215332031e+00	2.904744148254394531e+00	2.895355224609375000e+00	2.878022909164428711e+00	2.858835458755493164e+00	2.841277360916137695e+00	2.826302528381347656e+00	2.813802957534790039e+00	2.803939819335937500e+00	2.797015666961669922e+00	2.793373107910156250e+00	2.792790651321411133e+00	2.793962240219116211e+00	2.795136690139770508e+00	2.795747518539428711e+00	2.795845270156860352e+00	2.795032262802124023e+00	2.792750120162963867e+00	2.790469646453857422e+00	2.789650678634643555e+00	2.791124343872070312e+00	2.795211553573608398e+00	2.801722526550292969e+00	2.809084653854370117e+00	2.814640045166015625e+00	2.815206766128540039e+00	2.813282728195190430e+00	2.810210943222045898e+00	2.804335832595825195e+00	2.797530174255371094e+00	2.792934656143188477e+00	2.791215658187866211e+00	2.791975259780883789e+00	2.794134140014648438e+00	2.797144651412963867e+00	2.800027608871459961e+00	2.801386833190917969e+00	2.801144838333129883e+00	2.799939870834350586e+00	2.798185825347900391e+00	2.795961380004882812e+00	2.793492317199707031e+00	2.791452169418334961e+00	2.789931535720825195e+00	2.788949728012084961e+00	2.789166212081909180e+00	2.790917634963989258e+00	2.794220447540283203e+00	2.798975467681884766e+00
2.802976846694946289e+00	2.807071208953857422e+00	2.809414148330688477e+00	2.808386564254760742e+00	2.803620815277099609e+00	2.798305988311767578e+00	2.794103145599365234e+00	2.790885925292968750e+00	2.788358449935913086e+00	2.786680936813354492e+00	2.785974502563476562e+00	2.786146402359008789e+00	2.787014245986938477e+00	2.788414239883422852e+00	2.790385961532592773e+00	2.793862819671630859e+00	2.799776315689086914e+00	2.805167436599731445e+00	2.815273046493530273e+00	2.830247163772583008e+00	2.848879098892211914e+00	2.868997335433959961e+00	2.886721611022949219e+00	2.899026155471801758e+00	2.901042938232421875e+00	2.890831470489501953e+00	2.872744321823120117e+00	2.853603839874267578e+00	2.836874485015869141e+00	2.823072910308837891e+00	2.812266826629638672e+00	2.803834199905395508e+00	2.798399448394775391e+00	2.795512914657592773e+00	2.793383121490478516e+00	2.792203187942504883e+00	2.791889429092407227e+00	2.791528224945068359e+00	2.790893316268920898e+00	2.790070056915283203e+00	2.789034605026245117e+00	2.788708448410034180e+00	2.789497375488281250e+00	2.791727781295776367e+00	2.795871019363403320e+00	2.801736831665039062e+00	2.807405710220336914e+00	2.810249328613281250e+00	2.810899019241333008e+00	2.809576272964477539e+00	2.806917428970336914e+00	2.802418947219848633e+00	2.796818017959594727e+00	2.791952371597290039e+00	2.788496971130371094e+00	2.786967992782592773e+00	2.787216663360595703e+00	2.789138317108154297e+00	2.792233943939208984e+00	2.794974088668823242e+00	2.796382188796997070e+00	2.796408891677856445e+00	2.795047760009765625e+00	2.792530536651611328e+00	2.789817810058593750e+00	2.787993907928466797e+00	2.787145614624023438e+00	2.786904811859130859e+00	2.787663221359252930e+00	2.789879322052001953e+00	2.793367385864257812e+00	2.797890901565551758e+00
2.791827917098999023e+00	2.795361042022705078e+00	2.798956871032714844e+00	2.798322916030883789e+00	2.796024799346923828e+00	2.794593334197998047e+00	2.793678998947143555e+00	2.793113946914672852e+00	2.793128252029418945e+00	2.794444799423217773e+00	2.796254634857177734e+00	2.797058582305908203e+00	2.796424627304077148e+00	2.794514656066894531e+00	2.792833328247070312e+00	2.792520523071289062e+00	2.793677091598510742e+00	2.797378778457641602e+00	2.804351091384887695e+00	2.814484357833862305e+00	2.827131986618041992e+00	2.841348171234130859e+00	2.854843616485595703e+00	2.863296031951904297e+00	2.863524198532104492e+00	2.856312990188598633e+00	2.845350027084350586e+00	2.834779500961303711e+00	2.825870990753173828e+00	2.817475557327270508e+00	2.809375524520874023e+00	2.802257061004638672e+00	2.797063827514648438e+00	2.794174432754516602e+00	2.792685985565185547e+00	2.792862653732299805e+00	2.794951200485229492e+00	2.796830177307128906e+00	2.796428203582763672e+00	2.794801235198974609e+00	2.792824506759643555e+00	2.791073322296142578e+00	2.789694070816040039e+00	2.789552211761474609e+00	2.791682004928588867e+00	2.796029567718505859e+00	2.800938606262207031e+00	2.804840803146362305e+00	2.807859897613525391e+00	2.808951139450073242e+00	2.807321071624755859e+00	2.804052352905273438e+00	2.799737930297851562e+00	2.794995546340942383e+00	2.791191577911376953e+00	2.789432048797607422e+00	2.789907693862915039e+00	2.792414426803588867e+00	2.796545028686523438e+00	2.800884723663330078e+00	2.802418470382690430e+00	2.800071716308593750e+00	2.796004772186279297e+00	2.792366027832031250e+00	2.790058135986328125e+00	2.789195775985717773e+00	2.789310216903686523e+00	2.789597272872924805e+00	2.789817810058593750e+00	2.790094614028930664e+00	2.790294885635375977e+00	2.790444135665893555e+00
2.787473201751708984e+00	2.790549278259277344e+00	2.795119762420654297e+00	2.799976825714111328e+00	2.804735898971557617e+00	2.809276342391967773e+00	2.813810110092163086e+00	2.817327976226806641e+00	2.816517829895019531e+00	2.811189651489257812e+00	2.804060459136962891e+00	2.796816349029541016e+00	2.790603160858154297e+00	2.784957885742187500e+00	2.780306100845336914e+00	2.777210235595703125e+00	2.775434970855712891e+00	2.774704694747924805e+00	2.774969339370727539e+00	2.776513099670410156e+00	2.779053211212158203e+00	2.781567573547363281e+00	2.783337593078613281e+00	2.784565448760986328e+00	2.785172700881958008e+00	2.784849882125854492e+00	2.784017086029052734e+00	2.783451080322265625e+00	2.782998323440551758e+00	2.781616449356079102e+00	2.779220104217529297e+00	2.776919364929199219e+00	2.775434494018554688e+00	2.774834871292114258e+00	2.775274991989135742e+00	2.777610778808593750e+00	2.782427310943603516e+00	2.789491415023803711e+00	2.798487663269042969e+00	2.808984756469726562e+00	2.818621397018432617e+00	2.823477268218994141e+00	2.821955919265747070e+00	2.815774440765380859e+00	2.808034181594848633e+00	2.801179885864257812e+00	2.796020507812500000e+00	2.792510032653808594e+00	2.790331125259399414e+00	2.789039611816406250e+00	2.788304328918457031e+00	2.787679672241210938e+00	2.786594152450561523e+00	2.785278320312500000e+00	2.784331321716308594e+00	2.784132957458496094e+00	2.784664392471313477e+00	2.785555601119995117e+00	2.786485910415649414e+00	2.787059307098388672e+00	2.786575317382812500e+00	2.785628318786621094e+00	2.785019159317016602e+00	2.784611701965332031e+00	2.784506320953369141e+00	2.784962177276611328e+00	2.785795450210571289e+00	2.786468744277954102e+00	2.786522865295410156e+00	2.786085128784179688e+00	2.785773754119873047e+00	2.786098241806030273e+00
2.849021434783935547e+00	2.871607303619384766e+00	2.902284145355224609e+00	2.941500425338745117e+00	2.987446784973144531e+00	3.025693655014038086e+00	3.026027441024780273e+00	2.993444681167602539e+00	2.951819419860839844e+00	2.913770437240600586e+00	2.882755994796752930e+00	2.859123945236206055e+00	2.842524528503417969e+00	2.831601619720458984e+00	2.824172496795654297e+00	2.818407297134399414e+00	2.814332723617553711e+00	2.812752008438110352e+00	2.813448190689086914e+00	2.815904140472412109e+00	2.819642782211303711e+00	2.822486162185668945e+00	2.821866273880004883e+00	2.818395137786865234e+00	2.815125226974487305e+00	2.814204216003417969e+00	2.816199302673339844e+00	2.820618867874145508e+00	2.825936317443847656e+00	2.829944133758544922e+00	2.831261157989501953e+00	2.829944849014282227e+00	2.826999187469482422e+00	2.823581695556640625e+00	2.820806026458740234e+00	2.819664478302001953e+00	2.820895671844482422e+00	2.825044393539428711e+00	2.833219528198242188e+00	2.847241640090942383e+00	2.869083881378173828e+00	2.900293827056884766e+00	2.939388751983642578e+00	2.943097352981567383e+00	2.898502588272094727e+00	2.862562417984008789e+00	2.841207742691040039e+00	2.828652143478393555e+00	2.820971488952636719e+00	2.816631078720092773e+00	2.814715623855590820e+00	2.814566373825073242e+00	2.815557956695556641e+00	2.817024946212768555e+00	2.818568468093872070e+00	2.819602012634277344e+00	2.819452762603759766e+00	2.817988634109497070e+00	2.815786123275756836e+00	2.813860177993774414e+00	2.812889099121093750e+00	2.812795877456665039e+00	2.812994718551635742e+00	2.813029050827026367e+00	2.813078880310058594e+00	2.813433408737182617e+00	2.814182281494140625e+00	2.815516948699951172e+00	2.817440032958984375e+00	2.820145606994628906e+00	2.824913263320922852e+00	2.833876132965087891e+00
2.857832431793212891e+00	2.881094932556152344e+00	2.912749767303466797e+00	2.953488588333129883e+00	3.001687765121459961e+00	3.040894985198974609e+00	3.035161733627319336e+00	2.997282028198242188e+00	2.955007553100585938e+00	2.917481422424316406e+00	2.887055873870849609e+00	2.864025831222534180e+00	2.847942590713500977e+00	2.837269783020019531e+00	2.829914093017578125e+00	2.824375629425048828e+00	2.820440530776977539e+00	2.818620920181274414e+00	2.819381237030029297e+00	2.822878599166870117e+00	2.827949523925781250e+00	2.831343173980712891e+00	2.830371379852294922e+00	2.826384305953979492e+00	2.822651863098144531e+00	2.821257352828979492e+00	2.822683334350585938e+00	2.826658725738525391e+00	2.831977605819702148e+00	2.836369752883911133e+00	2.837924480438232422e+00	2.836640119552612305e+00	2.833618640899658203e+00	2.830110073089599609e+00	2.827285766601562500e+00	2.825985670089721680e+00	2.826899290084838867e+00	2.830814361572265625e+00	2.838739156723022461e+00	2.852202177047729492e+00	2.873348951339721680e+00	2.904482841491699219e+00	2.942900180816650391e+00	2.944721221923828125e+00	2.902386903762817383e+00	2.867517232894897461e+00	2.846517086029052734e+00	2.834514141082763672e+00	2.827847480773925781e+00	2.824291467666625977e+00	2.822784423828125000e+00	2.822853088378906250e+00	2.823989868164062500e+00	2.825384855270385742e+00	2.826649188995361328e+00	2.827376365661621094e+00	2.826951026916503906e+00	2.825318336486816406e+00	2.823140144348144531e+00	2.821335315704345703e+00	2.820458650588989258e+00	2.820389270782470703e+00	2.820522546768188477e+00	2.820231676101684570e+00	2.819566249847412109e+00	2.819388866424560547e+00	2.820369243621826172e+00	2.822337150573730469e+00	2.824929237365722656e+00	2.828200578689575195e+00	2.833250522613525391e+00	2.842338562011718750e+00
2.862396001815795898e+00	2.885627746582031250e+00	2.917581796646118164e+00	2.959275245666503906e+00	3.009261369705200195e+00	3.049804925918579102e+00	3.040454149246215820e+00	3.000320434570312500e+00	2.957457065582275391e+00	2.919682502746582031e+00	2.889388322830200195e+00	2.866939067840576172e+00	2.851788043975830078e+00	2.842178583145141602e+00	2.835541009902954102e+00	2.829958200454711914e+00	2.825549602508544922e+00	2.823302745819091797e+00	2.824125289916992188e+00	2.828446865081787109e+00	2.834858179092407227e+00	2.838729143142700195e+00	2.836687326431274414e+00	2.831433296203613281e+00	2.826826572418212891e+00	2.824877023696899414e+00	2.826123476028442383e+00	2.830216169357299805e+00	2.835781097412109375e+00	2.840624809265136719e+00	2.842921257019042969e+00	2.842190742492675781e+00	2.839244604110717773e+00	2.835593461990356445e+00	2.832499504089355469e+00	2.830842256546020508e+00	2.831505537033081055e+00	2.835282325744628906e+00	2.843008995056152344e+00	2.855961561203002930e+00	2.876071214675903320e+00	2.905755281448364258e+00	2.943166017532348633e+00	2.945981979370117188e+00	2.904840230941772461e+00	2.870490074157714844e+00	2.849871158599853516e+00	2.838095903396606445e+00	2.831779718399047852e+00	2.829062223434448242e+00	2.828437566757202148e+00	2.828529357910156250e+00	2.829196453094482422e+00	2.830393791198730469e+00	2.831927537918090820e+00	2.833053350448608398e+00	2.832778930664062500e+00	2.830961227416992188e+00	2.828486204147338867e+00	2.826321125030517578e+00	2.824985504150390625e+00	2.824426651000976562e+00	2.824171066284179688e+00	2.823766469955444336e+00	2.823349952697753906e+00	2.823590993881225586e+00	2.824953556060791016e+00	2.827400922775268555e+00	2.830667257308959961e+00	2.834414720535278320e+00	2.839110612869262695e+00	2.847412586212158203e+00
2.862416267395019531e+00	2.886188030242919922e+00	2.918713092803955078e+00	2.960748910903930664e+00	3.011624813079833984e+00	3.054513692855834961e+00	3.042104005813598633e+00	3.000618219375610352e+00	2.958337545394897461e+00	2.920818805694580078e+00	2.890819549560546875e+00	2.868694305419921875e+00	2.853609323501586914e+00	2.843936204910278320e+00	2.837403297424316406e+00	2.831399917602539062e+00	2.826461076736450195e+00	2.824369668960571289e+00	2.825787544250488281e+00	2.830894231796264648e+00	2.838213682174682617e+00	2.842694044113159180e+00	2.840235948562622070e+00	2.833964824676513672e+00	2.828576326370239258e+00	2.826528072357177734e+00	2.828262567520141602e+00	2.832659482955932617e+00	2.837951660156250000e+00	2.842085599899291992e+00	2.843587160110473633e+00	2.842605113983154297e+00	2.840196132659912109e+00	2.837239027023315430e+00	2.834308862686157227e+00	2.832545757293701172e+00	2.833087444305419922e+00	2.836781501770019531e+00	2.844505786895751953e+00	2.857542276382446289e+00	2.877300977706909180e+00	2.904613256454467773e+00	2.937151193618774414e+00	2.939543485641479492e+00	2.902034759521484375e+00	2.869962215423583984e+00	2.850468158721923828e+00	2.839133262634277344e+00	2.832664012908935547e+00	2.829336404800415039e+00	2.828369379043579102e+00	2.828951597213745117e+00	2.830180168151855469e+00	2.831860780715942383e+00	2.833822965621948242e+00	2.835133552551269531e+00	2.834681510925292969e+00	2.832359552383422852e+00	2.829333543777465820e+00	2.826914548873901367e+00	2.825758695602416992e+00	2.825776100158691406e+00	2.826247692108154297e+00	2.826314210891723633e+00	2.825946569442749023e+00	2.826045513153076172e+00	2.827340364456176758e+00	2.829535484313964844e+00	2.831652164459228516e+00	2.834049463272094727e+00	2.838287591934204102e+00	2.846898794174194336e+00
2.863535404205322266e+00	2.886892080307006836e+00	2.919288158416748047e+00	2.961643934249877930e+00	3.013287544250488281e+00	3.061071634292602539e+00	3.047365188598632812e+00	3.001776456832885742e+00	2.958849430084228516e+00	2.921317338943481445e+00	2.891218662261962891e+00	2.869099855422973633e+00	2.854402065277099609e+00	2.845202922821044922e+00	2.838616371154785156e+00	2.832594394683837891e+00	2.827613592147827148e+00	2.825321674346923828e+00	2.826854705810546875e+00	2.832465171813964844e+00	2.840504646301269531e+00	2.845706939697265625e+00	2.843475580215454102e+00	2.836975812911987305e+00	2.831214189529418945e+00	2.828731536865234375e+00	2.830203056335449219e+00	2.834952831268310547e+00	2.840883731842041016e+00	2.845109224319458008e+00	2.846015453338623047e+00	2.844215393066406250e+00	2.841234445571899414e+00	2.838441133499145508e+00	2.836948633193969727e+00	2.837057590484619141e+00	2.837231159210205078e+00	2.840093612670898438e+00	2.846912860870361328e+00	2.858826875686645508e+00	2.877324819564819336e+00	2.903521537780761719e+00	2.934690475463867188e+00	2.937357664108276367e+00	2.901778936386108398e+00	2.871175050735473633e+00	2.852712392807006836e+00	2.841778516769409180e+00	2.835215091705322266e+00	2.831446409225463867e+00	2.829820632934570312e+00	2.829998493194580078e+00	2.831572532653808594e+00	2.833991765975952148e+00	2.836575508117675781e+00	2.838194608688354492e+00	2.837623596191406250e+00	2.834865570068359375e+00	2.831416845321655273e+00	2.828836917877197266e+00	2.827819108963012695e+00	2.828172683715820312e+00	2.828947544097900391e+00	2.828865766525268555e+00	2.827724218368530273e+00	2.826812267303466797e+00	2.827274322509765625e+00	2.829153299331665039e+00	2.831809759140014648e+00	2.834914684295654297e+00	2.839556455612182617e+00	2.848259210586547852e+00
2.864281654357910156e+00	2.887725114822387695e+00	2.920276403427124023e+00	2.962794780731201172e+00	3.014829635620117188e+00	3.064555168151855469e+00	3.050706148147583008e+00	3.003265857696533203e+00	2.959755659103393555e+00	2.922126293182373047e+00	2.892078638076782227e+00	2.870045185089111328e+00	2.855346679687500000e+00	2.845954895019531250e+00	2.839112043380737305e+00	2.833032846450805664e+00	2.828118562698364258e+00	2.825885772705078125e+00	2.827493667602539062e+00	2.833290815353393555e+00	2.841727972030639648e+00	2.847409248352050781e+00	2.845261812210083008e+00	2.838551998138427734e+00	2.832659959793090820e+00	2.830091476440429688e+00	2.831422328948974609e+00	2.835956573486328125e+00	2.841717004776000977e+00	2.845864772796630859e+00	2.846702575683593750e+00	2.844836711883544922e+00	2.841750621795654297e+00	2.838741064071655273e+00	2.836748600006103516e+00	2.836518526077270508e+00	2.838578939437866211e+00	2.841999292373657227e+00	2.848206520080566406e+00	2.859645605087280273e+00	2.877687454223632812e+00	2.903527736663818359e+00	2.934450387954711914e+00	2.936819076538085938e+00	2.901876449584960938e+00	2.871840000152587891e+00	2.853669166564941406e+00	2.842852830886840820e+00	2.836290597915649414e+00	2.832425355911254883e+00	2.830638885498046875e+00	2.830682039260864258e+00	2.832298040390014648e+00	2.834950923919677734e+00	2.837780952453613281e+00	2.839574813842773438e+00	2.839024782180786133e+00	2.836119651794433594e+00	2.832468271255493164e+00	2.829772949218750000e+00	2.828819513320922852e+00	2.829411506652832031e+00	2.830413818359375000e+00	2.830223321914672852e+00	2.828716516494750977e+00	2.827506065368652344e+00	2.827804327011108398e+00	2.829672336578369141e+00	2.832473754882812500e+00	2.835755586624145508e+00	2.840450525283813477e+00	2.849071025848388672e+00
2.864447832107543945e+00	2.888071060180664062e+00	2.920854330062866211e+00	2.963663816452026367e+00	3.016061067581176758e+00	3.065979480743408203e+00	3.051310300827026367e+00	3.003210544586181641e+00	2.959396123886108398e+00	2.921620130538940430e+00	2.891544342041015625e+00	2.869490385055541992e+00	2.854721546173095703e+00	2.845273733139038086e+00	2.838461637496948242e+00	2.832496643066406250e+00	2.827743291854858398e+00	2.825662136077880859e+00	2.827380180358886719e+00	2.833249330520629883e+00	2.841762542724609375e+00	2.847516775131225586e+00	2.845213413238525391e+00	2.838192939758300781e+00	2.832099676132202148e+00	2.829465866088867188e+00	2.830786228179931641e+00	2.835344076156616211e+00	2.841125965118408203e+00	2.845280647277832031e+00	2.846174001693725586e+00	2.844347953796386719e+00	2.841246128082275391e+00	2.838200569152832031e+00	2.836200952529907227e+00	2.835946321487426758e+00	2.837688684463500977e+00	2.841473340988159180e+00	2.848318338394165039e+00	2.859879970550537109e+00	2.877708435058593750e+00	2.903139114379882812e+00	2.933061122894287109e+00	2.933887958526611328e+00	2.900070190429687500e+00	2.870865583419799805e+00	2.853298902511596680e+00	2.842925310134887695e+00	2.836535930633544922e+00	2.832591295242309570e+00	2.830571889877319336e+00	2.830340147018432617e+00	2.831745624542236328e+00	2.834401130676269531e+00	2.837499856948852539e+00	2.839643239974975586e+00	2.839397192001342773e+00	2.836713552474975586e+00	2.833201885223388672e+00	2.830546855926513672e+00	2.829502105712890625e+00	2.829933643341064453e+00	2.830704927444458008e+00	2.830140113830566406e+00	2.828358173370361328e+00	2.827049016952514648e+00	2.827369689941406250e+00	2.829321384429931641e+00	2.832228183746337891e+00	2.835622310638427734e+00	2.840415000915527344e+00	2.849121332168579102e+00
2.864956378936767578e+00	2.888802528381347656e+00	2.921818733215332031e+00	2.964761734008789062e+00	3.017071485519409180e+00	3.066433429718017578e+00	3.052141189575195312e+00	3.003617048263549805e+00	2.959182500839233398e+00	2.921179294586181641e+00	2.891105651855468750e+00	2.869121313095092773e+00	2.854461908340454102e+00	2.845115423202514648e+00	2.838341236114501953e+00	2.832379102706909180e+00	2.827658891677856445e+00	2.825639009475708008e+00	2.827402114868164062e+00	2.833275079727172852e+00	2.841726541519165039e+00	2.847347736358642578e+00	2.845076799392700195e+00	2.838457107543945312e+00	2.832930803298950195e+00	2.830790996551513672e+00	2.832149982452392578e+00	2.836268663406372070e+00	2.841617584228515625e+00	2.845606803894042969e+00	2.846497774124145508e+00	2.844638824462890625e+00	2.841420650482177734e+00	2.838250875473022461e+00	2.836209297180175781e+00	2.835945129394531250e+00	2.837597131729125977e+00	2.841482877731323242e+00	2.848503828048706055e+00	2.860052824020385742e+00	2.877737760543823242e+00	2.903055906295776367e+00	2.932918787002563477e+00	2.933752536773681641e+00	2.900264263153076172e+00	2.871539354324340820e+00	2.854469537734985352e+00	2.844316959381103516e+00	2.837662696838378906e+00	2.833230495452880859e+00	2.830829143524169922e+00	2.830402612686157227e+00	2.831736326217651367e+00	2.834353685379028320e+00	2.837400674819946289e+00	2.839499473571777344e+00	2.839280843734741211e+00	2.836756229400634766e+00	2.833473920822143555e+00	2.830830812454223633e+00	2.829426288604736328e+00	2.829333782196044922e+00	2.829752206802368164e+00	2.829379558563232422e+00	2.828012704849243164e+00	2.826965570449829102e+00	2.827372789382934570e+00	2.829307556152343750e+00	2.832179307937622070e+00	2.835606098175048828e+00	2.840536594390869141e+00	2.849432229995727539e+00
2.864879369735717773e+00	2.888523817062377930e+00	2.921350955963134766e+00	2.964202880859375000e+00	3.016446113586425781e+00	3.065525293350219727e+00	3.052285194396972656e+00	3.004336357116699219e+00	2.960108041763305664e+00	2.922069311141967773e+00	2.891884565353393555e+00	2.869754076004028320e+00	2.854957342147827148e+00	2.845518350601196289e+00	2.838702440261840820e+00	2.832768440246582031e+00	2.828128814697265625e+00	2.826168775558471680e+00	2.827965021133422852e+00	2.833899974822998047e+00	2.842348098754882812e+00	2.847728729248046875e+00	2.845178365707397461e+00	2.838411331176757812e+00	2.832778930664062500e+00	2.830691814422607422e+00	2.832380771636962891e+00	2.836792469024658203e+00	2.842257976531982422e+00	2.846207618713378906e+00	2.846957445144653320e+00	2.845031976699829102e+00	2.841864585876464844e+00	2.838697910308837891e+00	2.836490154266357422e+00	2.835901021957397461e+00	2.837299108505249023e+00	2.841207504272460938e+00	2.848392009735107422e+00	2.860142707824707031e+00	2.877893686294555664e+00	2.902516126632690430e+00	2.930579423904418945e+00	2.930857896804809570e+00	2.899159669876098633e+00	2.871270656585693359e+00	2.854251146316528320e+00	2.843997955322265625e+00	2.837462902069091797e+00	2.833271980285644531e+00	2.831016778945922852e+00	2.830590248107910156e+00	2.831831455230712891e+00	2.834321737289428711e+00	2.837242841720581055e+00	2.839232683181762695e+00	2.838907480239868164e+00	2.836216688156127930e+00	2.832712411880493164e+00	2.830025911331176758e+00	2.828894138336181641e+00	2.829192876815795898e+00	2.829947471618652344e+00	2.829743862152099609e+00	2.828388929367065430e+00	2.827312231063842773e+00	2.827695131301879883e+00	2.829583644866943359e+00	2.832412004470825195e+00	2.835831880569458008e+00	2.840733528137207031e+00	2.849521636962890625e+00
2.865048885345458984e+00	2.888719797134399414e+00	2.921607494354248047e+00	2.964601278305053711e+00	3.017414808273315430e+00	3.067754745483398438e+00	3.054199457168579102e+00	3.005110502243041992e+00	2.960252523422241211e+00	2.921966075897216797e+00	2.891779422760009766e+00	2.869730710983276367e+00	2.854936599731445312e+00	2.845443248748779297e+00	2.838636875152587891e+00	2.832850456237792969e+00	2.828515291213989258e+00	2.826928138732910156e+00	2.828934431076049805e+00	2.834849834442138672e+00	2.843253135681152344e+00	2.848490476608276367e+00	2.845609903335571289e+00	2.838498353958129883e+00	2.832536935806274414e+00	2.830153465270996094e+00	2.831798791885375977e+00	2.836349964141845703e+00	2.841906070709228516e+00	2.846018791198730469e+00	2.846988201141357422e+00	2.845212936401367188e+00	2.842005491256713867e+00	2.838755369186401367e+00	2.836577653884887695e+00	2.836111307144165039e+00	2.837388038635253906e+00	2.841202020645141602e+00	2.848492145538330078e+00	2.860468626022338867e+00	2.878815412521362305e+00	2.905302286148071289e+00	2.938796520233154297e+00	2.941515922546386719e+00	2.904263019561767578e+00	2.873091459274291992e+00	2.854766845703125000e+00	2.844071149826049805e+00	2.837520599365234375e+00	2.833448171615600586e+00	2.831330060958862305e+00	2.831040382385253906e+00	2.832409143447875977e+00	2.835003614425659180e+00	2.837971448898315430e+00	2.839900732040405273e+00	2.839411735534667969e+00	2.836533069610595703e+00	2.832886219024658203e+00	2.830129623413085938e+00	2.829010248184204102e+00	2.829360723495483398e+00	2.830145835876464844e+00	2.829933166503906250e+00	2.828539371490478516e+00	2.827398538589477539e+00	2.827728748321533203e+00	2.829654932022094727e+00	2.832582950592041016e+00	2.836057424545288086e+00	2.840945720672607422e+00	2.849702835083007812e+00
2.865334510803222656e+00	2.889059782028198242e+00	2.922084331512451172e+00	2.965467214584350586e+00	3.019051313400268555e+00	3.069932937622070312e+00	3.054413318634033203e+00	3.004638671875000000e+00	2.960323095321655273e+00	2.922321557998657227e+00	2.892204046249389648e+00	2.870205640792846680e+00	2.855444192886352539e+00	2.845865726470947266e+00	2.838861465454101562e+00	2.832775592803955078e+00	2.828060388565063477e+00	2.826148033142089844e+00	2.828094482421875000e+00	2.834308862686157227e+00	2.843340873718261719e+00	2.849473953247070312e+00	2.847200632095336914e+00	2.840118169784545898e+00	2.833751201629638672e+00	2.830641508102416992e+00	2.831501007080078125e+00	2.835828542709350586e+00	2.841629028320312500e+00	2.845936298370361328e+00	2.847009420394897461e+00	2.845327138900756836e+00	2.842232227325439453e+00	2.838961839675903320e+00	2.836443424224853516e+00	2.835404396057128906e+00	2.836513280868530273e+00	2.840396404266357422e+00	2.847770690917968750e+00	2.859821796417236328e+00	2.877742767333984375e+00	2.902754545211791992e+00	2.934771060943603516e+00	2.938630580902099609e+00	2.903071403503417969e+00	2.872485637664794922e+00	2.854547023773193359e+00	2.844228506088256836e+00	2.837926864624023438e+00	2.833882331848144531e+00	2.831598043441772461e+00	2.831095695495605469e+00	2.832328796386718750e+00	2.834898233413696289e+00	2.837892770767211914e+00	2.839774370193481445e+00	2.839141845703125000e+00	2.836155891418457031e+00	2.832571506500244141e+00	2.830105543136596680e+00	2.829473972320556641e+00	2.830335140228271484e+00	2.831383228302001953e+00	2.831078767776489258e+00	2.829408407211303711e+00	2.827980041503906250e+00	2.828119993209838867e+00	2.829964637756347656e+00	2.832859039306640625e+00	2.836296558380126953e+00	2.841164588928222656e+00	2.849946022033691406e+00
2.865670442581176758e+00	2.889298915863037109e+00	2.922317266464233398e+00	2.965731859207153320e+00	3.019226074218750000e+00	3.070310354232788086e+00	3.052886009216308594e+00	3.003551721572875977e+00	2.959956169128417969e+00	2.922417640686035156e+00	2.892434120178222656e+00	2.870466232299804688e+00	2.855787515640258789e+00	2.846324205398559570e+00	2.839447736740112305e+00	2.833461999893188477e+00	2.828660726547241211e+00	2.826431989669799805e+00	2.827933073043823242e+00	2.833682060241699219e+00	2.842387199401855469e+00	2.848665475845336914e+00	2.846778154373168945e+00	2.839828968048095703e+00	2.833553075790405273e+00	2.830611944198608398e+00	2.831672668457031250e+00	2.836176872253417969e+00	2.842197418212890625e+00	2.846808195114135742e+00	2.848103046417236328e+00	2.846421480178833008e+00	2.843141555786132812e+00	2.839578390121459961e+00	2.836785554885864258e+00	2.835579395294189453e+00	2.836579322814941406e+00	2.840341806411743164e+00	2.847587347030639648e+00	2.859474658966064453e+00	2.876942634582519531e+00	2.900832414627075195e+00	2.930173873901367188e+00	2.934915065765380859e+00	2.902354478836059570e+00	2.872754573822021484e+00	2.855093955993652344e+00	2.844785451889038086e+00	2.838462591171264648e+00	2.834353923797607422e+00	2.831963777542114258e+00	2.831418752670288086e+00	2.832663297653198242e+00	2.835210800170898438e+00	2.838120460510253906e+00	2.839932441711425781e+00	2.839284420013427734e+00	2.836298227310180664e+00	2.832704305648803711e+00	2.830237865447998047e+00	2.829693078994750977e+00	2.830845355987548828e+00	2.832303047180175781e+00	2.832128763198852539e+00	2.830355644226074219e+00	2.828850269317626953e+00	2.828923463821411133e+00	2.830668687820434570e+00	2.833455801010131836e+00	2.836822271347045898e+00	2.841656923294067383e+00	2.850386381149291992e+00
2.852122783660888672e+00	2.873851060867309570e+00	2.905841112136840820e+00	2.949857711791992188e+00	3.005975246429443359e+00	3.059817314147949219e+00	3.039320707321166992e+00	2.983703613281250000e+00	2.937777757644653320e+00	2.900785446166992188e+00	2.873022317886352539e+00	2.853975057601928711e+00	2.842387437820434570e+00	2.835850238800048828e+00	2.831241130828857422e+00	2.826650142669677734e+00	2.822710752487182617e+00	2.821231126785278320e+00	2.823555946350097656e+00	2.830193042755126953e+00	2.839725971221923828e+00	2.846471786499023438e+00	2.844306230545043945e+00	2.836653232574462891e+00	2.829760789871215820e+00	2.826443910598754883e+00	2.827380657196044922e+00	2.831966400146484375e+00	2.838135957717895508e+00	2.842760086059570312e+00	2.843846559524536133e+00	2.841896772384643555e+00	2.838487625122070312e+00	2.834975004196166992e+00	2.832270145416259766e+00	2.831060409545898438e+00	2.832004308700561523e+00	2.835728406906127930e+00	2.842973947525024414e+00	2.854871988296508789e+00	2.872374773025512695e+00	2.896672964096069336e+00	2.928021669387817383e+00	2.934814691543579102e+00	2.900409936904907227e+00	2.869199991226196289e+00	2.850652456283569336e+00	2.839716434478759766e+00	2.832798957824707031e+00	2.828320741653442383e+00	2.825873851776123047e+00	2.825423479080200195e+00	2.826797246932983398e+00	2.829510211944580078e+00	2.832684755325317383e+00	2.834870338439941406e+00	2.834563732147216797e+00	2.831782579421997070e+00	2.828317165374755859e+00	2.825973272323608398e+00	2.825527191162109375e+00	2.826706171035766602e+00	2.828220844268798828e+00	2.828376531600952148e+00	2.827064037322998047e+00	2.825471639633178711e+00	2.825191974639892578e+00	2.826473474502563477e+00	2.828245639801025391e+00	2.829897880554199219e+00	2.832601785659790039e+00	2.839062929153442383e+00
2.851050615310668945e+00	2.872816562652587891e+00	2.904732465744018555e+00	2.948583126068115234e+00	3.004350185394287109e+00	3.058131933212280273e+00	3.036878824234008789e+00	2.979173183441162109e+00	2.932291030883789062e+00	2.895532131195068359e+00	2.868371248245239258e+00	2.850140094757080078e+00	2.839444637298583984e+00	2.833752393722534180e+00	2.829846143722534180e+00	2.825761079788208008e+00	2.822140216827392578e+00	2.820859432220458984e+00	2.823338747024536133e+00	2.830136060714721680e+00	2.839898824691772461e+00	2.846974372863769531e+00	2.845161676406860352e+00	2.837495565414428711e+00	2.830223321914672852e+00	2.826538324356079102e+00	2.827230930328369141e+00	2.831658363342285156e+00	2.837743043899536133e+00	2.842361688613891602e+00	2.843516826629638672e+00	2.841623067855834961e+00	2.838205099105834961e+00	2.834646463394165039e+00	2.831889390945434570e+00	2.830622673034667969e+00	2.831464767456054688e+00	2.835030794143676758e+00	2.842078208923339844e+00	2.853724002838134766e+00	2.870946407318115234e+00	2.895421266555786133e+00	2.927304744720458984e+00	2.934112787246704102e+00	2.899772167205810547e+00	2.868633747100830078e+00	2.850101947784423828e+00	2.839130640029907227e+00	2.832179069519042969e+00	2.827618360519409180e+00	2.825019359588623047e+00	2.824439525604248047e+00	2.825780868530273438e+00	2.828569173812866211e+00	2.831902742385864258e+00	2.834265708923339844e+00	2.834082841873168945e+00	2.831366539001464844e+00	2.827936887741088867e+00	2.825594186782836914e+00	2.825108528137207031e+00	2.826203107833862305e+00	2.827605724334716797e+00	2.827680110931396484e+00	2.826333761215209961e+00	2.825051784515380859e+00	2.824776172637939453e+00	2.825559377670288086e+00	2.827002525329589844e+00	2.828659296035766602e+00	2.831434011459350586e+00	2.837932825088500977e+00
2.859349727630615234e+00	2.882289409637451172e+00	2.914980888366699219e+00	2.958653450012207031e+00	3.013221502304077148e+00	3.063838005065917969e+00	3.041400194168090820e+00	2.987575769424438477e+00	2.942953824996948242e+00	2.906783819198608398e+00	2.878635406494140625e+00	2.858448028564453125e+00	2.845495462417602539e+00	2.837733745574951172e+00	2.832221269607543945e+00	2.827051639556884766e+00	2.822684288024902344e+00	2.820808649063110352e+00	2.822849512100219727e+00	2.829431533813476562e+00	2.839270591735839844e+00	2.846880912780761719e+00	2.845343589782714844e+00	2.837633132934570312e+00	2.830429792404174805e+00	2.826656341552734375e+00	2.827240943908691406e+00	2.831653118133544922e+00	2.837826728820800781e+00	2.842680692672729492e+00	2.844224929809570312e+00	2.842672109603881836e+00	2.839372873306274414e+00	2.835781574249267578e+00	2.833004951477050781e+00	2.831800222396850586e+00	2.832725763320922852e+00	2.836322546005249023e+00	2.843320846557617188e+00	2.854825496673583984e+00	2.871828794479370117e+00	2.896082162857055664e+00	2.927973031997680664e+00	2.934661626815795898e+00	2.900371551513671875e+00	2.869374513626098633e+00	2.851007223129272461e+00	2.840419292449951172e+00	2.834026575088500977e+00	2.829991817474365234e+00	2.827708005905151367e+00	2.827076196670532227e+00	2.828085422515869141e+00	2.830542087554931641e+00	2.833665847778320312e+00	2.835889101028442383e+00	2.835475921630859375e+00	2.832427978515625000e+00	2.828679800033569336e+00	2.826026439666748047e+00	2.825204849243164062e+00	2.825909852981567383e+00	2.826942682266235352e+00	2.826854228973388672e+00	2.825475215911865234e+00	2.824209928512573242e+00	2.824330091476440430e+00	2.825989246368408203e+00	2.828576564788818359e+00	2.831730842590332031e+00	2.836487054824829102e+00	2.844880104064941406e+00
2.860610723495483398e+00	2.883592844009399414e+00	2.915994167327880859e+00	2.958925008773803711e+00	3.011643886566162109e+00	3.056356430053710938e+00	3.037691831588745117e+00	2.989119529724121094e+00	2.945787668228149414e+00	2.909941911697387695e+00	2.881586790084838867e+00	2.860838651657104492e+00	2.847192764282226562e+00	2.838805675506591797e+00	2.832941293716430664e+00	2.827744722366333008e+00	2.823508739471435547e+00	2.821572780609130859e+00	2.822996377944946289e+00	2.828219413757324219e+00	2.835832118988037109e+00	2.841036796569824219e+00	2.839728355407714844e+00	2.834187984466552734e+00	2.828764438629150391e+00	2.826151132583618164e+00	2.827342510223388672e+00	2.831880331039428711e+00	2.837806463241577148e+00	2.842503309249877930e+00	2.844195604324340820e+00	2.842811822891235352e+00	2.839594364166259766e+00	2.836030483245849609e+00	2.833254814147949219e+00	2.832044601440429688e+00	2.832958459854125977e+00	2.836555957794189453e+00	2.843644380569458008e+00	2.855323076248168945e+00	2.872378826141357422e+00	2.896608114242553711e+00	2.926017284393310547e+00	2.928236484527587891e+00	2.896660566329956055e+00	2.867624998092651367e+00	2.849913120269775391e+00	2.839671611785888672e+00	2.833654880523681641e+00	2.830069780349731445e+00	2.828216314315795898e+00	2.827782869338989258e+00	2.828525304794311523e+00	2.830353736877441406e+00	2.832800865173339844e+00	2.834587574005126953e+00	2.834386825561523438e+00	2.832123041152954102e+00	2.829110622406005859e+00	2.826767683029174805e+00	2.825770616531372070e+00	2.825968980789184570e+00	2.826467990875244141e+00	2.826288461685180664e+00	2.825382471084594727e+00	2.824674129486083984e+00	2.825196504592895508e+00	2.827077150344848633e+00	2.829639673233032227e+00	2.832615375518798828e+00	2.837193012237548828e+00	2.845746278762817383e+00
2.862452745437622070e+00	2.886022329330444336e+00	2.919361352920532227e+00	2.963657855987548828e+00	3.018794536590576172e+00	3.070307731628417969e+00	3.049322128295898438e+00	2.995131969451904297e+00	2.949616432189941406e+00	2.912470102310180664e+00	2.883507966995239258e+00	2.862741708755493164e+00	2.849409580230712891e+00	2.841432332992553711e+00	2.835795402526855469e+00	2.830451250076293945e+00	2.825870990753173828e+00	2.823891401290893555e+00	2.825987815856933594e+00	2.832773447036743164e+00	2.842993974685668945e+00	2.850934982299804688e+00	2.848803997039794922e+00	2.839645147323608398e+00	2.831767559051513672e+00	2.828348875045776367e+00	2.829753637313842773e+00	2.835129737854003906e+00	2.841988325119018555e+00	2.846798896789550781e+00	2.847834587097167969e+00	2.845753669738769531e+00	2.842162847518920898e+00	2.838493347167968750e+00	2.835733413696289062e+00	2.834555864334106445e+00	2.835488557815551758e+00	2.839092731475830078e+00	2.846133708953857422e+00	2.857629060745239258e+00	2.874139785766601562e+00	2.897066116333007812e+00	2.925757884979248047e+00	2.929193496704101562e+00	2.898799180984497070e+00	2.870146274566650391e+00	2.852306842803955078e+00	2.841560840606689453e+00	2.834982633590698242e+00	2.831126451492309570e+00	2.829404115676879883e+00	2.829513788223266602e+00	2.831206798553466797e+00	2.834111928939819336e+00	2.837364196777343750e+00	2.839361190795898438e+00	2.838613033294677734e+00	2.835355758666992188e+00	2.831480979919433594e+00	2.828857421875000000e+00	2.828382015228271484e+00	2.829777240753173828e+00	2.831336021423339844e+00	2.830878734588623047e+00	2.828716278076171875e+00	2.827010393142700195e+00	2.827093601226806641e+00	2.828951120376586914e+00	2.831783056259155273e+00	2.834950685501098633e+00	2.839329481124877930e+00	2.847533464431762695e+00
2.863787412643432617e+00	2.887388467788696289e+00	2.920383453369140625e+00	2.963818550109863281e+00	3.017329931259155273e+00	3.067729949951171875e+00	3.049151659011840820e+00	2.999271392822265625e+00	2.956162214279174805e+00	2.919313669204711914e+00	2.889595270156860352e+00	2.867693662643432617e+00	2.853148221969604492e+00	2.844048976898193359e+00	2.837573766708374023e+00	2.831821203231811523e+00	2.827191829681396484e+00	2.825221538543701172e+00	2.827120780944824219e+00	2.833562850952148438e+00	2.843481302261352539e+00	2.851214647293090820e+00	2.848966598510742188e+00	2.839849710464477539e+00	2.832086086273193359e+00	2.828675985336303711e+00	2.829879283905029297e+00	2.834853172302246094e+00	2.841436386108398438e+00	2.846369504928588867e+00	2.847538948059082031e+00	2.845501422882080078e+00	2.841949701309204102e+00	2.838304996490478516e+00	2.835546493530273438e+00	2.834419250488281250e+00	2.835551738739013672e+00	2.839545011520385742e+00	2.847062110900878906e+00	2.858835458755493164e+00	2.875039815902709961e+00	2.896774053573608398e+00	2.922729015350341797e+00	2.926648139953613281e+00	2.897044897079467773e+00	2.869226694107055664e+00	2.852145195007324219e+00	2.841993331909179688e+00	2.835812568664550781e+00	2.832099676132202148e+00	2.830234527587890625e+00	2.830072164535522461e+00	2.831509828567504883e+00	2.834154605865478516e+00	2.837131261825561523e+00	2.838904619216918945e+00	2.838077545166015625e+00	2.834954261779785156e+00	2.831405401229858398e+00	2.829159736633300781e+00	2.828947544097900391e+00	2.830376625061035156e+00	2.831734418869018555e+00	2.830996036529541016e+00	2.828710317611694336e+00	2.827133178710937500e+00	2.827527999877929688e+00	2.829775571823120117e+00	2.832912445068359375e+00	2.836133718490600586e+00	2.840435266494750977e+00	2.848691463470458984e+00
2.862207651138305664e+00	2.885380506515502930e+00	2.917781829833984375e+00	2.960519075393676758e+00	3.013816595077514648e+00	3.065636634826660156e+00	3.049226284027099609e+00	2.999747276306152344e+00	2.956660985946655273e+00	2.919653177261352539e+00	2.889596700668334961e+00	2.867298603057861328e+00	2.852411508560180664e+00	2.843156337738037109e+00	2.836779356002807617e+00	2.831288814544677734e+00	2.826833248138427734e+00	2.824563264846801758e+00	2.825777053833007812e+00	2.831434726715087891e+00	2.840495347976684570e+00	2.847587108612060547e+00	2.845794200897216797e+00	2.837984561920166016e+00	2.831061124801635742e+00	2.827903509140014648e+00	2.829065322875976562e+00	2.833843469619750977e+00	2.840158939361572266e+00	2.844863653182983398e+00	2.845948934555053711e+00	2.843990802764892578e+00	2.840607881546020508e+00	2.837065696716308594e+00	2.834319591522216797e+00	2.833207130432128906e+00	2.834384679794311523e+00	2.838448762893676758e+00	2.846077919006347656e+00	2.858018398284912109e+00	2.874420166015625000e+00	2.896334171295166016e+00	2.922395467758178711e+00	2.926273584365844727e+00	2.896464824676513672e+00	2.868428707122802734e+00	2.851187467575073242e+00	2.840921878814697266e+00	2.834648609161376953e+00	2.830883979797363281e+00	2.829050064086914062e+00	2.828935623168945312e+00	2.830386400222778320e+00	2.833072185516357422e+00	2.836163520812988281e+00	2.838012695312500000e+00	2.837116003036499023e+00	2.833881378173828125e+00	2.830227375030517578e+00	2.827869892120361328e+00	2.827504158020019531e+00	2.828742742538452148e+00	2.830084085464477539e+00	2.829642057418823242e+00	2.827548980712890625e+00	2.825893163681030273e+00	2.826086282730102539e+00	2.828150510787963867e+00	2.831227302551269531e+00	2.834564685821533203e+00	2.839066505432128906e+00	2.847345352172851562e+00
2.852421998977661133e+00	2.875211238861083984e+00	2.906625747680664062e+00	2.947367429733276367e+00	2.995709180831909180e+00	3.031290531158447266e+00	3.019918680191040039e+00	2.982862472534179688e+00	2.944573402404785156e+00	2.909840106964111328e+00	2.880728483200073242e+00	2.858447074890136719e+00	2.842817783355712891e+00	2.832474231719970703e+00	2.825364828109741211e+00	2.819808721542358398e+00	2.815545797348022461e+00	2.813324213027954102e+00	2.813931226730346680e+00	2.817542552947998047e+00	2.822855234146118164e+00	2.826663732528686523e+00	2.826255559921264648e+00	2.822698354721069336e+00	2.818969726562500000e+00	2.817280530929565430e+00	2.818409204483032227e+00	2.821966409683227539e+00	2.826578140258789062e+00	2.830331802368164062e+00	2.831753730773925781e+00	2.830712318420410156e+00	2.828240633010864258e+00	2.825479507446289062e+00	2.823329210281372070e+00	2.822540521621704102e+00	2.823714256286621094e+00	2.827618360519409180e+00	2.835033178329467773e+00	2.846541166305541992e+00	2.863005876541137695e+00	2.887277841567993164e+00	2.915253162384033203e+00	2.918219089508056641e+00	2.887534856796264648e+00	2.858161449432373047e+00	2.839692831039428711e+00	2.828753232955932617e+00	2.822492837905883789e+00	2.819312095642089844e+00	2.818328380584716797e+00	2.819073200225830078e+00	2.821094989776611328e+00	2.823374509811401367e+00	2.824910640716552734e+00	2.825381755828857422e+00	2.824204444885253906e+00	2.821500539779663086e+00	2.818498849868774414e+00	2.816353797912597656e+00	2.815487384796142578e+00	2.815602779388427734e+00	2.815876722335815430e+00	2.815493106842041016e+00	2.814638614654541016e+00	2.814458370208740234e+00	2.815825462341308594e+00	2.818682670593261719e+00	2.821807384490966797e+00	2.824846982955932617e+00	2.829256772994995117e+00	2.837582588195800781e+00
2.814620494842529297e+00	2.830328226089477539e+00	2.846607685089111328e+00	2.860761642456054688e+00	2.869960546493530273e+00	2.871018409729003906e+00	2.863561868667602539e+00	2.849242210388183594e+00	2.832004547119140625e+00	2.815858364105224609e+00	2.802591085433959961e+00	2.792817592620849609e+00	2.785804033279418945e+00	2.780652761459350586e+00	2.776938676834106445e+00	2.774035453796386719e+00	2.772622823715209961e+00	2.773191452026367188e+00	2.775009393692016602e+00	2.776861906051635742e+00	2.778654098510742188e+00	2.780571222305297852e+00	2.782003402709960938e+00	2.782160282135009766e+00	2.782158374786376953e+00	2.783685922622680664e+00	2.786228418350219727e+00	2.787942647933959961e+00	2.788874626159667969e+00	2.789683818817138672e+00	2.790539264678955078e+00	2.791505098342895508e+00	2.792497158050537109e+00	2.793449163436889648e+00	2.794322490692138672e+00	2.793955087661743164e+00	2.792968988418579102e+00	2.793424367904663086e+00	2.795905351638793945e+00	2.800740718841552734e+00	2.807569026947021484e+00	2.814995765686035156e+00	2.820364475250244141e+00	2.821306943893432617e+00	2.818264245986938477e+00	2.812061548233032227e+00	2.804814338684082031e+00	2.796663284301757812e+00	2.788560152053833008e+00	2.782825231552124023e+00	2.779502153396606445e+00	2.777507543563842773e+00	2.776112556457519531e+00	2.775434970855712891e+00	2.775229692459106445e+00	2.775040864944458008e+00	2.774858951568603516e+00	2.774893760681152344e+00	2.775127649307250977e+00	2.775500297546386719e+00	2.775986433029174805e+00	2.776374578475952148e+00	2.776214361190795898e+00	2.775487661361694336e+00	2.774997234344482422e+00	2.775625228881835938e+00	2.777543544769287109e+00	2.780270576477050781e+00	2.783407926559448242e+00	2.787414789199829102e+00	2.793384075164794922e+00	2.802224874496459961e+00
2.824984788894653320e+00	2.834913015365600586e+00	2.847790002822875977e+00	2.862189769744873047e+00	2.873615741729736328e+00	2.876408338546752930e+00	2.869428634643554688e+00	2.855788946151733398e+00	2.839119195938110352e+00	2.822740077972412109e+00	2.809001207351684570e+00	2.799249410629272461e+00	2.792181015014648438e+00	2.784929513931274414e+00	2.778210401535034180e+00	2.773762702941894531e+00	2.772033214569091797e+00	2.772820711135864258e+00	2.775612831115722656e+00	2.778958320617675781e+00	2.780876874923706055e+00	2.781259775161743164e+00	2.780784845352172852e+00	2.780176877975463867e+00	2.780421733856201172e+00	2.782440423965454102e+00	2.785996198654174805e+00	2.789174079895019531e+00	2.791440486907958984e+00	2.792802572250366211e+00	2.792869329452514648e+00	2.791889190673828125e+00	2.790275335311889648e+00	2.788635253906250000e+00	2.787408828735351562e+00	2.786895275115966797e+00	2.787534475326538086e+00	2.790091991424560547e+00	2.795337677001953125e+00	2.803406953811645508e+00	2.813185930252075195e+00	2.822292566299438477e+00	2.826260328292846680e+00	2.823465824127197266e+00	2.817804574966430664e+00	2.811302185058593750e+00	2.803685188293457031e+00	2.795887947082519531e+00	2.789040327072143555e+00	2.783837080001831055e+00	2.780672073364257812e+00	2.778967618942260742e+00	2.777636289596557617e+00	2.776288270950317383e+00	2.775153636932373047e+00	2.774464845657348633e+00	2.774391174316406250e+00	2.775002002716064453e+00	2.776279449462890625e+00	2.778052806854248047e+00	2.779606819152832031e+00	2.780236721038818359e+00	2.780682563781738281e+00	2.781827211380004883e+00	2.784074306488037109e+00	2.787781000137329102e+00	2.792903423309326172e+00	2.798636436462402344e+00	2.803709983825683594e+00	2.807868242263793945e+00	2.812136888504028320e+00	2.817631959915161133e+00
2.827011585235595703e+00	2.834288835525512695e+00	2.843161106109619141e+00	2.851567268371582031e+00	2.858024358749389648e+00	2.860359668731689453e+00	2.857742071151733398e+00	2.850294351577758789e+00	2.839963674545288086e+00	2.830122709274291992e+00	2.821807146072387695e+00	2.810702800750732422e+00	2.800319194793701172e+00	2.792498350143432617e+00	2.787385225296020508e+00	2.785446405410766602e+00	2.787120580673217773e+00	2.792656421661376953e+00	2.801548719406127930e+00	2.811976671218872070e+00	2.819870471954345703e+00	2.824318885803222656e+00	2.828287839889526367e+00	2.831945896148681641e+00	2.833852767944335938e+00	2.834618568420410156e+00	2.836199045181274414e+00	2.835095643997192383e+00	2.827600717544555664e+00	2.818170070648193359e+00	2.808983802795410156e+00	2.800542354583740234e+00	2.793387174606323242e+00	2.787941455841064453e+00	2.784376382827758789e+00	2.782767772674560547e+00	2.783353567123413086e+00	2.786551475524902344e+00	2.792191505432128906e+00	2.798668146133422852e+00	2.804450988769531250e+00	2.809542417526245117e+00	2.813982248306274414e+00	2.817885875701904297e+00	2.820179224014282227e+00	2.816805362701416016e+00	2.813431262969970703e+00	2.811383724212646484e+00	2.802047014236450195e+00	2.792160749435424805e+00	2.786239624023437500e+00	2.783529043197631836e+00	2.782078504562377930e+00	2.780284643173217773e+00	2.778740882873535156e+00	2.778061628341674805e+00	2.777980566024780273e+00	2.778559446334838867e+00	2.780369520187377930e+00	2.783440589904785156e+00	2.786911964416503906e+00	2.787690877914428711e+00	2.788317680358886719e+00	2.789834737777709961e+00	2.792009592056274414e+00	2.794767618179321289e+00	2.798783540725708008e+00	2.803945779800415039e+00	2.809375524520874023e+00	2.814524650573730469e+00	2.819418191909790039e+00	2.822819709777832031e+00
2.839509963989257812e+00	2.862543344497680664e+00	2.889325141906738281e+00	2.914976596832275391e+00	2.932728767395019531e+00	2.936887741088867188e+00	2.925773620605468750e+00	2.903491973876953125e+00	2.877493619918823242e+00	2.853544950485229492e+00	2.834347724914550781e+00	2.820367336273193359e+00	2.810463190078735352e+00	2.803443431854248047e+00	2.798794984817504883e+00	2.796232461929321289e+00	2.796174287796020508e+00	2.799863100051879883e+00	2.807689428329467773e+00	2.815252780914306641e+00	2.815933704376220703e+00	2.812906503677368164e+00	2.810272455215454102e+00	2.809025287628173828e+00	2.808624267578125000e+00	2.808752059936523438e+00	2.810761690139770508e+00	2.814182281494140625e+00	2.815243244171142578e+00	2.814078569412231445e+00	2.812109708786010742e+00	2.809261322021484375e+00	2.805519580841064453e+00	2.801621437072753906e+00	2.798426151275634766e+00	2.796410799026489258e+00	2.795927286148071289e+00	2.797568559646606445e+00	2.802048206329345703e+00	2.809983968734741211e+00	2.822072505950927734e+00	2.839697360992431641e+00	2.861984491348266602e+00	2.879137754440307617e+00	2.879264593124389648e+00	2.865936756134033203e+00	2.847716093063354492e+00	2.832516670227050781e+00	2.817969560623168945e+00	2.806372880935668945e+00	2.799752712249755859e+00	2.797038078308105469e+00	2.796940088272094727e+00	2.797353744506835938e+00	2.797747850418090820e+00	2.799110651016235352e+00	2.800529241561889648e+00	2.800449848175048828e+00	2.799767971038818359e+00	2.798872470855712891e+00	2.797950267791748047e+00	2.797373056411743164e+00	2.797368288040161133e+00	2.797955989837646484e+00	2.799019336700439453e+00	2.800420522689819336e+00	2.801994323730468750e+00	2.803571224212646484e+00	2.805143117904663086e+00	2.807528734207153320e+00	2.812630891799926758e+00	2.822782754898071289e+00
2.839888334274291992e+00	2.862564802169799805e+00	2.890010595321655273e+00	2.919170141220092773e+00	2.943732976913452148e+00	2.955925941467285156e+00	2.950826644897460938e+00	2.930724620819091797e+00	2.903133392333984375e+00	2.875257253646850586e+00	2.851285696029663086e+00	2.832818984985351562e+00	2.819665193557739258e+00	2.810565471649169922e+00	2.804207801818847656e+00	2.799815893173217773e+00	2.797436475753784180e+00	2.797638177871704102e+00	2.800650596618652344e+00	2.804727077484130859e+00	2.805639028549194336e+00	2.802745819091796875e+00	2.798795223236083984e+00	2.795848131179809570e+00	2.795253753662109375e+00	2.797746419906616211e+00	2.803019523620605469e+00	2.809020757675170898e+00	2.812829494476318359e+00	2.814108133316040039e+00	2.813354492187500000e+00	2.810939788818359375e+00	2.807443618774414062e+00	2.803747177124023438e+00	2.800754308700561523e+00	2.799074411392211914e+00	2.799303054809570312e+00	2.802186489105224609e+00	2.808400154113769531e+00	2.818629741668701172e+00	2.833773851394653320e+00	2.854746103286743164e+00	2.880410432815551758e+00	2.897870302200317383e+00	2.888392448425292969e+00	2.865010738372802734e+00	2.842314720153808594e+00	2.824879169464111328e+00	2.812592506408691406e+00	2.804700613021850586e+00	2.800601959228515625e+00	2.799702405929565430e+00	2.800946950912475586e+00	2.802656412124633789e+00	2.804541110992431641e+00	2.806360960006713867e+00	2.807128429412841797e+00	2.806080341339111328e+00	2.803915023803710938e+00	2.801731348037719727e+00	2.800193309783935547e+00	2.799575328826904297e+00	2.799868583679199219e+00	2.800734043121337891e+00	2.801575183868408203e+00	2.802103519439697266e+00	2.802729129791259766e+00	2.803929090499877930e+00	2.805693387985229492e+00	2.808373451232910156e+00	2.813586950302124023e+00	2.823539018630981445e+00
2.831210851669311523e+00	2.848071575164794922e+00	2.870159149169921875e+00	2.897109508514404297e+00	2.925755500793457031e+00	2.949482917785644531e+00	2.960302591323852539e+00	2.954463481903076172e+00	2.934960365295410156e+00	2.907958507537841797e+00	2.879653930664062500e+00	2.854441881179809570e+00	2.834757089614868164e+00	2.821096420288085938e+00	2.812069892883300781e+00	2.806131362915039062e+00	2.802821874618530273e+00	2.801433563232421875e+00	2.801247119903564453e+00	2.801470756530761719e+00	2.801264524459838867e+00	2.800516605377197266e+00	2.799932241439819336e+00	2.799902677536010742e+00	2.800726652145385742e+00	2.802963495254516602e+00	2.806341648101806641e+00	2.809627771377563477e+00	2.811466217041015625e+00	2.811464548110961914e+00	2.810231924057006836e+00	2.808290481567382812e+00	2.805688381195068359e+00	2.803159952163696289e+00	2.802179574966430664e+00	2.803542852401733398e+00	2.807455539703369141e+00	2.814604759216308594e+00	2.826446294784545898e+00	2.843601226806640625e+00	2.865689039230346680e+00	2.892314672470092773e+00	2.906764030456542969e+00	2.889359474182128906e+00	2.867151498794555664e+00	2.843337535858154297e+00	2.825460910797119141e+00	2.813905954360961914e+00	2.807076454162597656e+00	2.803691864013671875e+00	2.802798032760620117e+00	2.803734302520751953e+00	2.805682420730590820e+00	2.807642698287963867e+00	2.808904647827148438e+00	2.809011220932006836e+00	2.807555198669433594e+00	2.804706811904907227e+00	2.801566600799560547e+00	2.799423694610595703e+00	2.798967123031616211e+00	2.800423145294189453e+00	2.803701877593994141e+00	2.808047294616699219e+00	2.810472488403320312e+00	2.807771444320678711e+00	2.804322004318237305e+00	2.802634716033935547e+00	2.803040504455566406e+00	2.805826425552368164e+00	2.811086416244506836e+00	2.819155931472778320e+00
2.818328857421875000e+00	2.822786331176757812e+00	2.829825162887573242e+00	2.842130899429321289e+00	2.861180543899536133e+00	2.886592149734497070e+00	2.915908098220825195e+00	2.944170951843261719e+00	2.963829278945922852e+00	2.967098236083984375e+00	2.952103614807128906e+00	2.925482988357543945e+00	2.896117687225341797e+00	2.869922637939453125e+00	2.849662065505981445e+00	2.835767984390258789e+00	2.827360868453979492e+00	2.822844266891479492e+00	2.820586204528808594e+00	2.819564819335937500e+00	2.819261550903320312e+00	2.819493532180786133e+00	2.820171117782592773e+00	2.821136474609375000e+00	2.822104930877685547e+00	2.822434425354003906e+00	2.821428775787353516e+00	2.819317340850830078e+00	2.816711902618408203e+00	2.814141273498535156e+00	2.812328577041625977e+00	2.811957836151123047e+00	2.813421726226806641e+00	2.817111492156982422e+00	2.823912620544433594e+00	2.834738731384277344e+00	2.850401639938354492e+00	2.872315883636474609e+00	2.902005434036254883e+00	2.933312416076660156e+00	2.928686618804931641e+00	2.890740394592285156e+00	2.859261989593505859e+00	2.838891506195068359e+00	2.826167583465576172e+00	2.818510770797729492e+00	2.814383029937744141e+00	2.813055753707885742e+00	2.814093828201293945e+00	2.816859245300292969e+00	2.820147514343261719e+00	2.822497129440307617e+00	2.823923349380493164e+00	2.824384689331054688e+00	2.823544263839721680e+00	2.821326494216918945e+00	2.817956924438476562e+00	2.813952445983886719e+00	2.810264825820922852e+00	2.808813333511352539e+00	2.811148405075073242e+00	2.817846298217773438e+00	2.828915834426879883e+00	2.842882871627807617e+00	2.852995872497558594e+00	2.852291822433471680e+00	2.830451250076293945e+00	2.816844463348388672e+00	2.810712337493896484e+00	2.809505701065063477e+00	2.811163902282714844e+00	2.814474821090698242e+00
2.811053752899169922e+00	2.813446044921875000e+00	2.816544294357299805e+00	2.822742700576782227e+00	2.834022283554077148e+00	2.851060867309570312e+00	2.873147487640380859e+00	2.898254871368408203e+00	2.922866106033325195e+00	2.941768169403076172e+00	2.949815988540649414e+00	2.944650173187255859e+00	2.927886962890625000e+00	2.904070854187011719e+00	2.878703832626342773e+00	2.856007575988769531e+00	2.838208675384521484e+00	2.825965642929077148e+00	2.818704366683959961e+00	2.815259218215942383e+00	2.814257144927978516e+00	2.814367771148681641e+00	2.814728736877441406e+00	2.815097332000732422e+00	2.815341234207153320e+00	2.815204620361328125e+00	2.814815044403076172e+00	2.814827680587768555e+00	2.815956115722656250e+00	2.818870306015014648e+00	2.824301242828369141e+00	2.827109575271606445e+00	2.824167251586914062e+00	2.827593326568603516e+00	2.835767745971679688e+00	2.848224163055419922e+00	2.861663818359375000e+00	2.870710849761962891e+00	2.868460893630981445e+00	2.856761932373046875e+00	2.841582059860229492e+00	2.828038930892944336e+00	2.818669080734252930e+00	2.813132286071777344e+00	2.810286521911621094e+00	2.809324502944946289e+00	2.809746265411376953e+00	2.811033487319946289e+00	2.812507867813110352e+00	2.813766479492187500e+00	2.814777851104736328e+00	2.815087795257568359e+00	2.814703464508056641e+00	2.813991308212280273e+00	2.812954425811767578e+00	2.811698675155639648e+00	2.810695409774780273e+00	2.810805320739746094e+00	2.812374353408813477e+00	2.815718889236450195e+00	2.821370840072631836e+00	2.829113006591796875e+00	2.839685201644897461e+00	2.851766109466552734e+00	2.856080055236816406e+00	2.841309785842895508e+00	2.822737455368041992e+00	2.810674905776977539e+00	2.804873466491699219e+00	2.803558349609375000e+00	2.805197954177856445e+00	2.808158397674560547e+00
2.816912889480590820e+00	2.818975210189819336e+00	2.819379568099975586e+00	2.819203853607177734e+00	2.820186376571655273e+00	2.824100255966186523e+00	2.832312583923339844e+00	2.845394849777221680e+00	2.863142013549804688e+00	2.884723901748657227e+00	2.908289432525634766e+00	2.929809808731079102e+00	2.943621397018432617e+00	2.945540904998779297e+00	2.935069799423217773e+00	2.915032386779785156e+00	2.890309333801269531e+00	2.866135597229003906e+00	2.846117973327636719e+00	2.831836938858032227e+00	2.822920083999633789e+00	2.818089723587036133e+00	2.815736770629882812e+00	2.814022064208984375e+00	2.812005519866943359e+00	2.810002326965332031e+00	2.809014320373535156e+00	2.810333967208862305e+00	2.815560579299926758e+00	2.825252294540405273e+00	2.835169553756713867e+00	2.844820261001586914e+00	2.855187654495239258e+00	2.858094692230224609e+00	2.856261968612670898e+00	2.854418277740478516e+00	2.846009731292724609e+00	2.832241058349609375e+00	2.821416139602661133e+00	2.814689397811889648e+00	2.811292886734008789e+00	2.810482740402221680e+00	2.811584234237670898e+00	2.813652515411376953e+00	2.815883636474609375e+00	2.817621946334838867e+00	2.818258285522460938e+00	2.817848205566406250e+00	2.816623449325561523e+00	2.814836025238037109e+00	2.813030242919921875e+00	2.811703681945800781e+00	2.811425447463989258e+00	2.812735319137573242e+00	2.816313266754150391e+00	2.823050498962402344e+00	2.834374189376831055e+00	2.853137969970703125e+00	2.880389690399169922e+00	2.897868156433105469e+00	2.888448476791381836e+00	2.875509262084960938e+00	2.864437103271484375e+00	2.853921413421630859e+00	2.842477321624755859e+00	2.831348657608032227e+00	2.820220947265625000e+00	2.811669826507568359e+00	2.807282686233520508e+00	2.806957960128784180e+00	2.809511899948120117e+00	2.813363552093505859e+00
2.813728570938110352e+00	2.816087007522583008e+00	2.817040920257568359e+00	2.817380666732788086e+00	2.818591594696044922e+00	2.822714567184448242e+00	2.831440210342407227e+00	2.845318794250488281e+00	2.863916635513305664e+00	2.886211633682250977e+00	2.910030603408813477e+00	2.930798292160034180e+00	2.942871570587158203e+00	2.942820549011230469e+00	2.930790901184082031e+00	2.909883737564086914e+00	2.885049819946289062e+00	2.861480236053466797e+00	2.842691421508789062e+00	2.829444885253906250e+00	2.820698738098144531e+00	2.815763235092163086e+00	2.813308954238891602e+00	2.811544656753540039e+00	2.809570312500000000e+00	2.807733058929443359e+00	2.807066440582275391e+00	2.808730363845825195e+00	2.813887596130371094e+00	2.823637723922729492e+00	2.834563016891479492e+00	2.844284057617187500e+00	2.854884862899780273e+00	2.858362674713134766e+00	2.855460643768310547e+00	2.851804256439208984e+00	2.843264102935791016e+00	2.830470085144042969e+00	2.820003986358642578e+00	2.813061475753784180e+00	2.808970451354980469e+00	2.807347297668457031e+00	2.807889461517333984e+00	2.810070753097534180e+00	2.812909364700317383e+00	2.815017700195312500e+00	2.815810680389404297e+00	2.815693855285644531e+00	2.814708709716796875e+00	2.812886476516723633e+00	2.811054944992065430e+00	2.809933662414550781e+00	2.809791803359985352e+00	2.810815811157226562e+00	2.813750505447387695e+00	2.819710731506347656e+00	2.830271959304809570e+00	2.848595380783081055e+00	2.875884532928466797e+00	2.891670465469360352e+00	2.882961750030517578e+00	2.872132539749145508e+00	2.861380100250244141e+00	2.850661993026733398e+00	2.839399576187133789e+00	2.828409671783447266e+00	2.817240715026855469e+00	2.808853626251220703e+00	2.804617643356323242e+00	2.804255008697509766e+00	2.806612014770507812e+00	2.810215234756469727e+00
2.809248447418212891e+00	2.810920715332031250e+00	2.812089443206787109e+00	2.813919544219970703e+00	2.817976236343383789e+00	2.825529575347900391e+00	2.837172508239746094e+00	2.852776765823364258e+00	2.871464967727661133e+00	2.891527414321899414e+00	2.910230159759521484e+00	2.923641204833984375e+00	2.929109811782836914e+00	2.926291942596435547e+00	2.915738821029663086e+00	2.898630619049072266e+00	2.877500534057617188e+00	2.856112480163574219e+00	2.837557315826416016e+00	2.823379755020141602e+00	2.814361572265625000e+00	2.810055494308471680e+00	2.808643102645874023e+00	2.807807207107543945e+00	2.806115150451660156e+00	2.803923130035400391e+00	2.802917003631591797e+00	2.805459976196289062e+00	2.814713478088378906e+00	2.832746744155883789e+00	2.858352422714233398e+00	2.866916418075561523e+00	2.856287717819213867e+00	2.847742319107055664e+00	2.838797807693481445e+00	2.831753969192504883e+00	2.827213525772094727e+00	2.823803424835205078e+00	2.819669723510742188e+00	2.814581155776977539e+00	2.809852600097656250e+00	2.806560993194580078e+00	2.805109500885009766e+00	2.805430173873901367e+00	2.806953191757202148e+00	2.808592319488525391e+00	2.808981418609619141e+00	2.807957887649536133e+00	2.806769847869873047e+00	2.806173563003540039e+00	2.806516885757446289e+00	2.807733774185180664e+00	2.809327840805053711e+00	2.810745716094970703e+00	2.812424421310424805e+00	2.815719842910766602e+00	2.821998834609985352e+00	2.832395315170288086e+00	2.850097179412841797e+00	2.863275289535522461e+00	2.848130464553833008e+00	2.840438604354858398e+00	2.832875490188598633e+00	2.823809385299682617e+00	2.813940525054931641e+00	2.805772542953491211e+00	2.800488948822021484e+00	2.798127651214599609e+00	2.798373460769653320e+00	2.800501823425292969e+00	2.803549528121948242e+00	2.806688308715820312e+00
2.809192180633544922e+00	2.805408239364624023e+00	2.802864074707031250e+00	2.801659345626831055e+00	2.801357030868530273e+00	2.801654338836669922e+00	2.802780389785766602e+00	2.805396318435668945e+00	2.810249805450439453e+00	2.817004919052124023e+00	2.825227260589599609e+00	2.837290048599243164e+00	2.854451417922973633e+00	2.876663446426391602e+00	2.902318716049194336e+00	2.927718877792358398e+00	2.947157382965087891e+00	2.954826593399047852e+00	2.947756052017211914e+00	2.927526712417602539e+00	2.900299787521362305e+00	2.872927427291870117e+00	2.849902868270874023e+00	2.833053112030029297e+00	2.822136878967285156e+00	2.815340995788574219e+00	2.810801267623901367e+00	2.807211875915527344e+00	2.804393291473388672e+00	2.803901433944702148e+00	2.805729150772094727e+00	2.808307647705078125e+00	2.809467077255249023e+00	2.808523416519165039e+00	2.806441307067871094e+00	2.804703950881958008e+00	2.804500579833984375e+00	2.806043624877929688e+00	2.808467626571655273e+00	2.810493707656860352e+00	2.811390399932861328e+00	2.811158180236816406e+00	2.810128927230834961e+00	2.808790922164916992e+00	2.807743787765502930e+00	2.807035207748413086e+00	2.806566953659057617e+00	2.807492971420288086e+00	2.809951066970825195e+00	2.814292192459106445e+00	2.821539878845214844e+00	2.833125591278076172e+00	2.850785255432128906e+00	2.875139951705932617e+00	2.900511980056762695e+00	2.909563064575195312e+00	2.891083955764770508e+00	2.860785722732543945e+00	2.837714672088623047e+00	2.822772741317749023e+00	2.813064575195312500e+00	2.807013273239135742e+00	2.804247379302978516e+00	2.804357051849365234e+00	2.804614543914794922e+00	2.806236505508422852e+00	2.809233188629150391e+00	2.812407255172729492e+00	2.814918041229248047e+00	2.816065073013305664e+00	2.815383911132812500e+00	2.812943458557128906e+00
2.813507795333862305e+00	2.811705589294433594e+00	2.812350273132324219e+00	2.814516305923461914e+00	2.816607713699340820e+00	2.816874980926513672e+00	2.815140962600708008e+00	2.813425779342651367e+00	2.813823938369750977e+00	2.816487789154052734e+00	2.821153163909912109e+00	2.828633546829223633e+00	2.839108228683471680e+00	2.853456735610961914e+00	2.872956514358520508e+00	2.897786378860473633e+00	2.925680637359619141e+00	2.951003074645996094e+00	2.965317487716674805e+00	2.961915731430053711e+00	2.942239284515380859e+00	2.913932561874389648e+00	2.884885549545288086e+00	2.860097646713256836e+00	2.841872453689575195e+00	2.830417394638061523e+00	2.824231147766113281e+00	2.821132183074951172e+00	2.819431304931640625e+00	2.818371534347534180e+00	2.817796468734741211e+00	2.817636251449584961e+00	2.817623615264892578e+00	2.817486047744750977e+00	2.817333221435546875e+00	2.817640304565429688e+00	2.818767786026000977e+00	2.820504426956176758e+00	2.822021722793579102e+00	2.822456836700439453e+00	2.821509599685668945e+00	2.819494485855102539e+00	2.817052841186523438e+00	2.814899206161499023e+00	2.813679695129394531e+00	2.813966035842895508e+00	2.816227912902832031e+00	2.820701122283935547e+00	2.827578306198120117e+00	2.837465524673461914e+00	2.850800991058349609e+00	2.868844747543334961e+00	2.892864465713500977e+00	2.918825149536132812e+00	2.925063133239746094e+00	2.893558740615844727e+00	2.861431837081909180e+00	2.840292215347290039e+00	2.827151060104370117e+00	2.819074153900146484e+00	2.814538478851318359e+00	2.812850713729858398e+00	2.813805818557739258e+00	2.817073106765747070e+00	2.821357250213623047e+00	2.824725627899169922e+00	2.827351331710815430e+00	2.829027175903320312e+00	2.829239845275878906e+00	2.827376127243041992e+00	2.823089361190795898e+00	2.817747592926025391e+00
2.811850070953369141e+00	2.809136629104614258e+00	2.808631658554077148e+00	2.809734821319580078e+00	2.811197757720947266e+00	2.811832189559936523e+00	2.811606884002685547e+00	2.811357736587524414e+00	2.811393976211547852e+00	2.813357591629028320e+00	2.818507194519042969e+00	2.826984167098999023e+00	2.839026212692260742e+00	2.855419158935546875e+00	2.876939058303833008e+00	2.903145790100097656e+00	2.931066036224365234e+00	2.954215288162231445e+00	2.964083194732666016e+00	2.955866336822509766e+00	2.933230638504028320e+00	2.904242515563964844e+00	2.876112937927246094e+00	2.853066444396972656e+00	2.836796760559082031e+00	2.826591491699218750e+00	2.820291996002197266e+00	2.816672801971435547e+00	2.814511299133300781e+00	2.813291788101196289e+00	2.812903404235839844e+00	2.813006401062011719e+00	2.813033103942871094e+00	2.812672376632690430e+00	2.812135457992553711e+00	2.812082290649414062e+00	2.813055992126464844e+00	2.814969778060913086e+00	2.817002296447753906e+00	2.818133831024169922e+00	2.817893028259277344e+00	2.816511154174804688e+00	2.814539909362792969e+00	2.812595367431640625e+00	2.811219453811645508e+00	2.810839653015136719e+00	2.811938047409057617e+00	2.815058708190917969e+00	2.820679426193237305e+00	2.829438924789428711e+00	2.840724229812622070e+00	2.854632377624511719e+00	2.874488353729248047e+00	2.899090766906738281e+00	2.916278123855590820e+00	2.903499841690063477e+00	2.871106624603271484e+00	2.845440864562988281e+00	2.829058647155761719e+00	2.818856477737426758e+00	2.812727451324462891e+00	2.809864759445190430e+00	2.809826135635375977e+00	2.811887502670288086e+00	2.814855337142944336e+00	2.818125963211059570e+00	2.821295499801635742e+00	2.823693752288818359e+00	2.824817895889282227e+00	2.824209690093994141e+00	2.821153640747070312e+00	2.816363334655761719e+00
2.812014341354370117e+00	2.810537815093994141e+00	2.811425447463989258e+00	2.814033985137939453e+00	2.817017793655395508e+00	2.818290472030639648e+00	2.816581726074218750e+00	2.813856840133666992e+00	2.812621355056762695e+00	2.814317464828491211e+00	2.819078922271728516e+00	2.826484918594360352e+00	2.836863994598388672e+00	2.851056337356567383e+00	2.870254278182983398e+00	2.894733428955078125e+00	2.922395706176757812e+00	2.947730302810668945e+00	2.962455511093139648e+00	2.959955692291259766e+00	2.941261768341064453e+00	2.913454532623291016e+00	2.884370803833007812e+00	2.859428882598876953e+00	2.841439247131347656e+00	2.830626964569091797e+00	2.824848413467407227e+00	2.822076320648193359e+00	2.820269584655761719e+00	2.818440198898315430e+00	2.816735744476318359e+00	2.815534591674804688e+00	2.814982891082763672e+00	2.814947366714477539e+00	2.815213203430175781e+00	2.816117525100708008e+00	2.818024396896362305e+00	2.820247888565063477e+00	2.821373701095581055e+00	2.821368694305419922e+00	2.820412397384643555e+00	2.818763971328735352e+00	2.816902875900268555e+00	2.815274953842163086e+00	2.814185619354248047e+00	2.814038515090942383e+00	2.815383434295654297e+00	2.818674564361572266e+00	2.824207782745361328e+00	2.832481145858764648e+00	2.844537973403930664e+00	2.861665725708007812e+00	2.884733200073242188e+00	2.910385131835937500e+00	2.917509794235229492e+00	2.890718698501586914e+00	2.860853433609008789e+00	2.840414285659790039e+00	2.827012300491333008e+00	2.818041086196899414e+00	2.812650203704833984e+00	2.810778617858886719e+00	2.812091588973999023e+00	2.815230369567871094e+00	2.818939208984375000e+00	2.822492122650146484e+00	2.825248718261718750e+00	2.826678037643432617e+00	2.826365470886230469e+00	2.824161767959594727e+00	2.820275783538818359e+00	2.815680503845214844e+00
2.815124988555908203e+00	2.815357685089111328e+00	2.818897008895874023e+00	2.824985742568969727e+00	2.831874132156372070e+00	2.836727619171142578e+00	2.834743976593017578e+00	2.825213193893432617e+00	2.818171739578247070e+00	2.816733360290527344e+00	2.819582462310791016e+00	2.824957370758056641e+00	2.832544088363647461e+00	2.842801332473754883e+00	2.856848955154418945e+00	2.876149177551269531e+00	2.900976181030273438e+00	2.928879976272583008e+00	2.954065799713134766e+00	2.967905521392822266e+00	2.963865518569946289e+00	2.943418502807617188e+00	2.914632797241210938e+00	2.885698318481445312e+00	2.861778259277343750e+00	2.845086812973022461e+00	2.835459232330322266e+00	2.831042766571044922e+00	2.829023361206054688e+00	2.827440738677978516e+00	2.825937747955322266e+00	2.824856519699096680e+00	2.824368238449096680e+00	2.824331283569335938e+00	2.824542522430419922e+00	2.825069665908813477e+00	2.826037883758544922e+00	2.826795578002929688e+00	2.826543807983398438e+00	2.825289011001586914e+00	2.823260068893432617e+00	2.820886135101318359e+00	2.818791389465332031e+00	2.817599773406982422e+00	2.817802906036376953e+00	2.819773197174072266e+00	2.823849201202392578e+00	2.830471992492675781e+00	2.840374708175659180e+00	2.854741334915161133e+00	2.874910831451416016e+00	2.901683330535888672e+00	2.928204536437988281e+00	2.921988964080810547e+00	2.888452529907226562e+00	2.860024929046630859e+00	2.841607332229614258e+00	2.829973459243774414e+00	2.822486162185668945e+00	2.817975282669067383e+00	2.816440582275390625e+00	2.817938327789306641e+00	2.820866346359252930e+00	2.823821544647216797e+00	2.827084064483642578e+00	2.829891443252563477e+00	2.831528663635253906e+00	2.831619262695312500e+00	2.830028533935546875e+00	2.826880216598510742e+00	2.822477579116821289e+00	2.817950010299682617e+00
2.816418170928955078e+00	2.818593025207519531e+00	2.824839115142822266e+00	2.834545135498046875e+00	2.845795869827270508e+00	2.854802846908569336e+00	2.854597330093383789e+00	2.838865041732788086e+00	2.824234485626220703e+00	2.818444967269897461e+00	2.818428039550781250e+00	2.821917533874511719e+00	2.827990293502807617e+00	2.836170911788940430e+00	2.847083568572998047e+00	2.862529277801513672e+00	2.883962154388427734e+00	2.910686969757080078e+00	2.939208269119262695e+00	2.963039875030517578e+00	2.973569869995117188e+00	2.965319395065307617e+00	2.941609621047973633e+00	2.911618232727050781e+00	2.883275508880615234e+00	2.860954761505126953e+00	2.846120119094848633e+00	2.838007688522338867e+00	2.834128618240356445e+00	2.831989288330078125e+00	2.830450534820556641e+00	2.829331636428833008e+00	2.828571796417236328e+00	2.827928304672241211e+00	2.827337503433227539e+00	2.826961040496826172e+00	2.826738357543945312e+00	2.826359987258911133e+00	2.825447082519531250e+00	2.823811292648315430e+00	2.821648359298706055e+00	2.819491624832153320e+00	2.818037986755371094e+00	2.817971467971801758e+00	2.819883823394775391e+00	2.824236154556274414e+00	2.831417083740234375e+00	2.842058658599853516e+00	2.857322216033935547e+00	2.878818750381469727e+00	2.906604766845703125e+00	2.929136514663696289e+00	2.919144630432128906e+00	2.888309240341186523e+00	2.861636400222778320e+00	2.843492984771728516e+00	2.831725120544433594e+00	2.823941707611083984e+00	2.819002151489257812e+00	2.816771268844604492e+00	2.817322254180908203e+00	2.820450544357299805e+00	2.825360059738159180e+00	2.829917907714843750e+00	2.832411289215087891e+00	2.833200931549072266e+00	2.832597970962524414e+00	2.830841779708862305e+00	2.828187942504882812e+00	2.824903011322021484e+00	2.821208953857421875e+00	2.817837476730346680e+00
2.818416833877563477e+00	2.822613954544067383e+00	2.831155061721801758e+00	2.843771457672119141e+00	2.858943462371826172e+00	2.872771024703979492e+00	2.874586582183837891e+00	2.851073026657104492e+00	2.829878568649291992e+00	2.821063280105590820e+00	2.820009231567382812e+00	2.823328018188476562e+00	2.829050540924072266e+00	2.836261987686157227e+00	2.845256567001342773e+00	2.857801437377929688e+00	2.876125335693359375e+00	2.900676488876342773e+00	2.929334163665771484e+00	2.956753492355346680e+00	2.974449157714843750e+00	2.974415779113769531e+00	2.955978870391845703e+00	2.927121639251708984e+00	2.897220849990844727e+00	2.872178316116333008e+00	2.854456424713134766e+00	2.844097614288330078e+00	2.839091539382934570e+00	2.836674451828002930e+00	2.835146188735961914e+00	2.834067583084106445e+00	2.833381414413452148e+00	2.832896709442138672e+00	2.832302808761596680e+00	2.831382513046264648e+00	2.830084800720214844e+00	2.828548669815063477e+00	2.826793193817138672e+00	2.824758052825927734e+00	2.822637557983398438e+00	2.820904016494750977e+00	2.820117950439453125e+00	2.820880651473999023e+00	2.823845624923706055e+00	2.829637050628662109e+00	2.838930130004882812e+00	2.852778196334838867e+00	2.872926235198974609e+00	2.901813268661499023e+00	2.935549974441528320e+00	2.936150074005126953e+00	2.903534889221191406e+00	2.873527765274047852e+00	2.852577686309814453e+00	2.838693380355834961e+00	2.829414844512939453e+00	2.823187351226806641e+00	2.819519758224487305e+00	2.818605899810791016e+00	2.820536613464355469e+00	2.824811458587646484e+00	2.830132722854614258e+00	2.834533214569091797e+00	2.836595535278320312e+00	2.836302042007446289e+00	2.834324359893798828e+00	2.831350564956665039e+00	2.827931404113769531e+00	2.824340820312500000e+00	2.820780754089355469e+00	2.818232059478759766e+00
2.818299055099487305e+00	2.824500560760498047e+00	2.835927248001098633e+00	2.853012800216674805e+00	2.873661041259765625e+00	2.891572713851928711e+00	2.893508672714233398e+00	2.858032703399658203e+00	2.831186771392822266e+00	2.820456504821777344e+00	2.818032503128051758e+00	2.820315361022949219e+00	2.825594663619995117e+00	2.832258939743041992e+00	2.839279890060424805e+00	2.849147796630859375e+00	2.864607095718383789e+00	2.886515855789184570e+00	2.913856267929077148e+00	2.942851781845092773e+00	2.966637134552001953e+00	2.977291822433471680e+00	2.970478296279907227e+00	2.948462724685668945e+00	2.918843984603881836e+00	2.890102863311767578e+00	2.867425441741943359e+00	2.852384567260742188e+00	2.843984842300415039e+00	2.839848518371582031e+00	2.837684154510498047e+00	2.836273670196533203e+00	2.835141897201538086e+00	2.833895206451416016e+00	2.832260608673095703e+00	2.830395698547363281e+00	2.828514337539672852e+00	2.826652526855468750e+00	2.824787378311157227e+00	2.822924852371215820e+00	2.821064472198486328e+00	2.819618940353393555e+00	2.819323778152465820e+00	2.820737600326538086e+00	2.824281692504882812e+00	2.830561399459838867e+00	2.840612173080444336e+00	2.855796575546264648e+00	2.877990722656250000e+00	2.909633874893188477e+00	2.945041894912719727e+00	2.937446117401123047e+00	2.897455692291259766e+00	2.867301702499389648e+00	2.847845554351806641e+00	2.835487842559814453e+00	2.827488183975219727e+00	2.821939706802368164e+00	2.818962097167968750e+00	2.819007158279418945e+00	2.821941137313842773e+00	2.826873779296875000e+00	2.832065582275390625e+00	2.835706472396850586e+00	2.836833715438842773e+00	2.835669517517089844e+00	2.833045482635498047e+00	2.829664707183837891e+00	2.825979471206665039e+00	2.822171926498413086e+00	2.818628549575805664e+00	2.816741466522216797e+00
2.820857286453247070e+00	2.831954717636108398e+00	2.849740266799926758e+00	2.875773429870605469e+00	2.907136917114257812e+00	2.920697689056396484e+00	2.909864902496337891e+00	2.856296062469482422e+00	2.826792001724243164e+00	2.815779924392700195e+00	2.812989711761474609e+00	2.814411163330078125e+00	2.818243741989135742e+00	2.823441743850708008e+00	2.829530239105224609e+00	2.837196350097656250e+00	2.848742961883544922e+00	2.866401672363281250e+00	2.890735864639282227e+00	2.920078754425048828e+00	2.949923276901245117e+00	2.972697973251342773e+00	2.980020284652709961e+00	2.968405008316040039e+00	2.942438602447509766e+00	2.911481857299804688e+00	2.883187294006347656e+00	2.861551284790039062e+00	2.847498655319213867e+00	2.839807271957397461e+00	2.836163759231567383e+00	2.834332466125488281e+00	2.832700014114379883e+00	2.830610513687133789e+00	2.828141450881958008e+00	2.825604438781738281e+00	2.823187112808227539e+00	2.820961952209472656e+00	2.819017410278320312e+00	2.817423343658447266e+00	2.816279411315917969e+00	2.816019535064697266e+00	2.817339897155761719e+00	2.820777416229248047e+00	2.826717376708984375e+00	2.835795164108276367e+00	2.849202394485473633e+00	2.868524074554443359e+00	2.895183324813842773e+00	2.923009395599365234e+00	2.922188997268676758e+00	2.891107559204101562e+00	2.862248897552490234e+00	2.843220472335815430e+00	2.831070661544799805e+00	2.823496341705322266e+00	2.819096565246582031e+00	2.816970109939575195e+00	2.816942453384399414e+00	2.818891048431396484e+00	2.822437763214111328e+00	2.826795816421508789e+00	2.830569505691528320e+00	2.832282304763793945e+00	2.831524133682250977e+00	2.828986406326293945e+00	2.825555562973022461e+00	2.821937799453735352e+00	2.818671464920043945e+00	2.815941810607910156e+00	2.814278602600097656e+00	2.815340995788574219e+00
2.932400226593017578e+00	2.959337711334228516e+00	2.930135965347290039e+00	2.892046689987182617e+00	2.865886449813842773e+00	2.848228216171264648e+00	2.835915088653564453e+00	2.827569246292114258e+00	2.822599887847900391e+00	2.820509433746337891e+00	2.820707798004150391e+00	2.822617530822753906e+00	2.825695037841796875e+00	2.829289913177490234e+00	2.832796573638916016e+00	2.836190700531005859e+00	2.839280605316162109e+00	2.842360019683837891e+00	2.847239494323730469e+00	2.856740713119506836e+00	2.873023986816406250e+00	2.896636724472045898e+00	2.925813198089599609e+00	2.955496788024902344e+00	2.976716995239257812e+00	2.980034589767456055e+00	2.963546752929687500e+00	2.934940814971923828e+00	2.904072761535644531e+00	2.877396821975708008e+00	2.857834815979003906e+00	2.845625400543212891e+00	2.839059114456176758e+00	2.835331916809082031e+00	2.832148790359497070e+00	2.828713178634643555e+00	2.825450658798217773e+00	2.823474645614624023e+00	2.824409008026123047e+00	2.830508708953857422e+00	2.844769716262817383e+00	2.869653701782226562e+00	2.900964736938476562e+00	2.932268381118774414e+00	2.964063405990600586e+00	2.947585105895996094e+00	2.910073280334472656e+00	2.877762556076049805e+00	2.855679988861083984e+00	2.841427803039550781e+00	2.832799434661865234e+00	2.828043699264526367e+00	2.825707435607910156e+00	2.824831962585449219e+00	2.825210094451904297e+00	2.827237129211425781e+00	2.831271171569824219e+00	2.836959838867187500e+00	2.842740297317504883e+00	2.845683097839355469e+00	2.843657255172729492e+00	2.838060855865478516e+00	2.831672191619873047e+00	2.826461076736450195e+00	2.823461771011352539e+00	2.822961091995239258e+00	2.824532747268676758e+00	2.827619314193725586e+00	2.832847118377685547e+00	2.842502117156982422e+00	2.859871625900268555e+00	2.889069080352783203e+00
2.934826612472534180e+00	2.959252357482910156e+00	2.928886890411376953e+00	2.891565561294555664e+00	2.865903615951538086e+00	2.848696708679199219e+00	2.836850404739379883e+00	2.828925132751464844e+00	2.824083328247070312e+00	2.821898221969604492e+00	2.822062253952026367e+00	2.824003934860229492e+00	2.827019929885864258e+00	2.830465078353881836e+00	2.833930253982543945e+00	2.837139368057250977e+00	2.839872121810913086e+00	2.842614650726318359e+00	2.847193479537963867e+00	2.856300115585327148e+00	2.872172117233276367e+00	2.895480871200561523e+00	2.924456596374511719e+00	2.954199314117431641e+00	2.975992441177368164e+00	2.980334997177124023e+00	2.964777231216430664e+00	2.936586856842041016e+00	2.905622243881225586e+00	2.878494024276733398e+00	2.858407258987426758e+00	2.845977544784545898e+00	2.839673519134521484e+00	2.836452245712280273e+00	2.833629846572875977e+00	2.830291032791137695e+00	2.826930761337280273e+00	2.824777126312255859e+00	2.825621366500854492e+00	2.831999301910400391e+00	2.847119808197021484e+00	2.872795581817626953e+00	2.904084205627441406e+00	2.935074329376220703e+00	2.966263294219970703e+00	2.948304414749145508e+00	2.909778118133544922e+00	2.877569198608398438e+00	2.855782508850097656e+00	2.841880798339843750e+00	2.833565711975097656e+00	2.828820228576660156e+00	2.826323986053466797e+00	2.825325727462768555e+00	2.825843095779418945e+00	2.828323602676391602e+00	2.832816839218139648e+00	2.838679075241088867e+00	2.844191789627075195e+00	2.846593379974365234e+00	2.844384908676147461e+00	2.838974237442016602e+00	2.832745313644409180e+00	2.827608108520507812e+00	2.824604988098144531e+00	2.823967933654785156e+00	2.825344800949096680e+00	2.828360080718994141e+00	2.833798646926879883e+00	2.843828916549682617e+00	2.861612558364868164e+00	2.891348600387573242e+00
2.934297561645507812e+00	2.958453655242919922e+00	2.927755117416381836e+00	2.889203071594238281e+00	2.864572525024414062e+00	2.847776174545288086e+00	2.835772275924682617e+00	2.827400684356689453e+00	2.822239398956298828e+00	2.820125102996826172e+00	2.820684194564819336e+00	2.823268890380859375e+00	2.826439142227172852e+00	2.829377889633178711e+00	2.832378864288330078e+00	2.835139989852905273e+00	2.837532520294189453e+00	2.840325355529785156e+00	2.845513820648193359e+00	2.855577707290649414e+00	2.872283697128295898e+00	2.896023511886596680e+00	2.925189495086669922e+00	2.955082893371582031e+00	2.977037429809570312e+00	2.981459140777587891e+00	2.965695381164550781e+00	2.937171936035156250e+00	2.905840635299682617e+00	2.878263235092163086e+00	2.857635974884033203e+00	2.844701051712036133e+00	2.838160037994384766e+00	2.835038423538208008e+00	2.832506656646728516e+00	2.829505205154418945e+00	2.826276779174804688e+00	2.823736667633056641e+00	2.823527812957763672e+00	2.828228235244750977e+00	2.841482162475585938e+00	2.867600679397583008e+00	2.903076171875000000e+00	2.933997392654418945e+00	2.966296672821044922e+00	2.945291042327880859e+00	2.908896207809448242e+00	2.878470659255981445e+00	2.855843782424926758e+00	2.840656995773315430e+00	2.831276893615722656e+00	2.826182126998901367e+00	2.823832750320434570e+00	2.823132753372192383e+00	2.823911905288696289e+00	2.826441526412963867e+00	2.830666065216064453e+00	2.835872173309326172e+00	2.840449094772338867e+00	2.842334747314453125e+00	2.840687990188598633e+00	2.836411714553833008e+00	2.831073522567749023e+00	2.826214551925659180e+00	2.822874069213867188e+00	2.821521282196044922e+00	2.822162389755249023e+00	2.824875831604003906e+00	2.830750942230224609e+00	2.841915845870971680e+00	2.861006498336791992e+00	2.891105413436889648e+00
2.929469823837280273e+00	2.944194078445434570e+00	2.913286685943603516e+00	2.880826473236083984e+00	2.856688499450683594e+00	2.840252876281738281e+00	2.829505443572998047e+00	2.822938442230224609e+00	2.818935155868530273e+00	2.817307710647583008e+00	2.817919969558715820e+00	2.819789886474609375e+00	2.822225332260131836e+00	2.824858665466308594e+00	2.827407121658325195e+00	2.829618930816650391e+00	2.831516504287719727e+00	2.833936929702758789e+00	2.838861942291259766e+00	2.848772287368774414e+00	2.865241289138793945e+00	2.888805150985717773e+00	2.918442964553833008e+00	2.949960231781005859e+00	2.974543571472167969e+00	2.981556177139282227e+00	2.967499732971191406e+00	2.939607858657836914e+00	2.907898902893066406e+00	2.879216432571411133e+00	2.857021093368530273e+00	2.842312574386596680e+00	2.834168672561645508e+00	2.830154418945312500e+00	2.827543497085571289e+00	2.824739456176757812e+00	2.821576118469238281e+00	2.818879604339599609e+00	2.818202257156372070e+00	2.821753740310668945e+00	2.832319021224975586e+00	2.852446079254150391e+00	2.883962392807006836e+00	2.929753780364990234e+00	2.961775064468383789e+00	2.946468830108642578e+00	2.908423900604248047e+00	2.875830411911010742e+00	2.852245569229125977e+00	2.835761547088623047e+00	2.825226783752441406e+00	2.819501161575317383e+00	2.817219257354736328e+00	2.817187547683715820e+00	2.818732500076293945e+00	2.821604013442993164e+00	2.825667858123779297e+00	2.830440282821655273e+00	2.834596872329711914e+00	2.836272239685058594e+00	2.834771871566772461e+00	2.831013202667236328e+00	2.826364517211914062e+00	2.822076559066772461e+00	2.818725585937500000e+00	2.816646814346313477e+00	2.816594123840332031e+00	2.819142341613769531e+00	2.825545787811279297e+00	2.837868928909301758e+00	2.858254909515380859e+00	2.889005422592163086e+00
2.898617744445800781e+00	2.925241231918334961e+00	2.918277025222778320e+00	2.889812469482421875e+00	2.864954948425292969e+00	2.844011545181274414e+00	2.826515913009643555e+00	2.813573837280273438e+00	2.806005239486694336e+00	2.803170919418334961e+00	2.803430557250976562e+00	2.805179119110107422e+00	2.807819128036499023e+00	2.811226367950439453e+00	2.814917087554931641e+00	2.818555831909179688e+00	2.822632789611816406e+00	2.828719139099121094e+00	2.838988065719604492e+00	2.855298280715942383e+00	2.878594398498535156e+00	2.908075094223022461e+00	2.939725637435913086e+00	2.965325355529785156e+00	2.974268674850463867e+00	2.962489128112792969e+00	2.935873746871948242e+00	2.903651237487792969e+00	2.873316526412963867e+00	2.849023342132568359e+00	2.832141876220703125e+00	2.821980953216552734e+00	2.816668272018432617e+00	2.813870668411254883e+00	2.811711549758911133e+00	2.809440374374389648e+00	2.807145357131958008e+00	2.805235862731933594e+00	2.804346084594726562e+00	2.805781126022338867e+00	2.811926364898681641e+00	2.825977325439453125e+00	2.848689556121826172e+00	2.874190568923950195e+00	2.904093742370605469e+00	2.921005725860595703e+00	2.906013488769531250e+00	2.872892856597900391e+00	2.845899581909179688e+00	2.827972173690795898e+00	2.816508293151855469e+00	2.809835195541381836e+00	2.806329488754272461e+00	2.804744243621826172e+00	2.804676294326782227e+00	2.806260824203491211e+00	2.809562444686889648e+00	2.813997268676757812e+00	2.818277359008789062e+00	2.820986270904541016e+00	2.821064233779907227e+00	2.818497896194458008e+00	2.814374208450317383e+00	2.810218811035156250e+00	2.807065486907958984e+00	2.805293798446655273e+00	2.805069446563720703e+00	2.806508541107177734e+00	2.810715913772583008e+00	2.819747686386108398e+00	2.836069822311401367e+00	2.862755537033081055e+00
2.799690485000610352e+00	2.807989120483398438e+00	2.820817947387695312e+00	2.838298797607421875e+00	2.855751276016235352e+00	2.863537073135375977e+00	2.844187021255493164e+00	2.816581487655639648e+00	2.801701307296752930e+00	2.796017169952392578e+00	2.795758008956909180e+00	2.798783063888549805e+00	2.803547620773315430e+00	2.809532642364501953e+00	2.817356586456298828e+00	2.828627824783325195e+00	2.845223903656005859e+00	2.867816448211669922e+00	2.895064353942871094e+00	2.922934532165527344e+00	2.944713592529296875e+00	2.952200889587402344e+00	2.941295385360717773e+00	2.916803836822509766e+00	2.887416362762451172e+00	2.860176563262939453e+00	2.838885545730590820e+00	2.824865102767944336e+00	2.817353248596191406e+00	2.813693046569824219e+00	2.812125205993652344e+00	2.811358213424682617e+00	2.810512781143188477e+00	2.809433698654174805e+00	2.808257818222045898e+00	2.806960344314575195e+00	2.805323839187622070e+00	2.803157329559326172e+00	2.800590753555297852e+00	2.798105716705322266e+00	2.796379327774047852e+00	2.795905113220214844e+00	2.797051191329956055e+00	2.800389051437377930e+00	2.806507349014282227e+00	2.815816640853881836e+00	2.829086780548095703e+00	2.848616838455200195e+00	2.876698017120361328e+00	2.910683393478393555e+00	2.915964126586914062e+00	2.887667417526245117e+00	2.856190443038940430e+00	2.832305192947387695e+00	2.816356420516967773e+00	2.806530475616455078e+00	2.800858974456787109e+00	2.797888040542602539e+00	2.797020435333251953e+00	2.798207998275756836e+00	2.801238298416137695e+00	2.805410385131835938e+00	2.809555768966674805e+00	2.812470912933349609e+00	2.813300132751464844e+00	2.811953067779541016e+00	2.809125423431396484e+00	2.805345296859741211e+00	2.800878047943115234e+00	2.796813488006591797e+00	2.794538736343383789e+00	2.795281648635864258e+00
2.801075458526611328e+00	2.807674884796142578e+00	2.817364931106567383e+00	2.828854560852050781e+00	2.838511228561401367e+00	2.840701818466186523e+00	2.830953359603881836e+00	2.814705610275268555e+00	2.803903341293334961e+00	2.799598217010498047e+00	2.799849510192871094e+00	2.802927732467651367e+00	2.807807683944702148e+00	2.814092636108398438e+00	2.822174549102783203e+00	2.833575010299682617e+00	2.850083589553833008e+00	2.872053623199462891e+00	2.897597312927246094e+00	2.922175884246826172e+00	2.939285278320312500e+00	2.942607402801513672e+00	2.930178642272949219e+00	2.906780004501342773e+00	2.879964351654052734e+00	2.855756044387817383e+00	2.837421417236328125e+00	2.825895309448242188e+00	2.820248126983642578e+00	2.818089246749877930e+00	2.816959142684936523e+00	2.815868616104125977e+00	2.814691781997680664e+00	2.813529968261718750e+00	2.812466859817504883e+00	2.811570644378662109e+00	2.810887575149536133e+00	2.809906959533691406e+00	2.807767629623413086e+00	2.804302453994750977e+00	2.800928354263305664e+00	2.799368143081665039e+00	2.799957036972045898e+00	2.803040266036987305e+00	2.808403015136718750e+00	2.815517902374267578e+00	2.826620578765869141e+00	2.843443870544433594e+00	2.866921663284301758e+00	2.895972728729248047e+00	2.913667440414428711e+00	2.897946357727050781e+00	2.868413686752319336e+00	2.843559503555297852e+00	2.826571941375732422e+00	2.816364288330078125e+00	2.811396837234497070e+00	2.809453487396240234e+00	2.807855367660522461e+00	2.807875633239746094e+00	2.810022592544555664e+00	2.813379764556884766e+00	2.816738367080688477e+00	2.818924665451049805e+00	2.819494009017944336e+00	2.818318128585815430e+00	2.815573930740356445e+00	2.811634540557861328e+00	2.806762933731079102e+00	2.802075147628784180e+00	2.798862218856811523e+00	2.798207044601440430e+00
2.805870532989501953e+00	2.811078786849975586e+00	2.819645881652832031e+00	2.830850839614868164e+00	2.841699838638305664e+00	2.844560146331787109e+00	2.834376811981201172e+00	2.819522619247436523e+00	2.809086084365844727e+00	2.804507970809936523e+00	2.804149150848388672e+00	2.806481122970581055e+00	2.810497999191284180e+00	2.815734386444091797e+00	2.822634935379028320e+00	2.832824707031250000e+00	2.848071813583374023e+00	2.868072271347045898e+00	2.891873121261596680e+00	2.916459560394287109e+00	2.935115098953247070e+00	2.940406799316406250e+00	2.930248260498046875e+00	2.909639596939086914e+00	2.885297298431396484e+00	2.862825632095336914e+00	2.845463514328002930e+00	2.834432125091552734e+00	2.828689336776733398e+00	2.825814008712768555e+00	2.824028015136718750e+00	2.822773456573486328e+00	2.821837425231933594e+00	2.820974111557006836e+00	2.819772005081176758e+00	2.818033218383789062e+00	2.815992355346679688e+00	2.813884973526000977e+00	2.811793565750122070e+00	2.809502363204956055e+00	2.807121038436889648e+00	2.805442333221435547e+00	2.805181503295898438e+00	2.806907892227172852e+00	2.811107873916625977e+00	2.818293094635009766e+00	2.829277753829956055e+00	2.845281124114990234e+00	2.868568658828735352e+00	2.901542901992797852e+00	2.934716939926147461e+00	2.919837951660156250e+00	2.882361412048339844e+00	2.854551553726196289e+00	2.836490869522094727e+00	2.825766324996948242e+00	2.819661378860473633e+00	2.816458225250244141e+00	2.815357923507690430e+00	2.815877437591552734e+00	2.817706108093261719e+00	2.820197105407714844e+00	2.822736740112304688e+00	2.824858903884887695e+00	2.825863838195800781e+00	2.825220584869384766e+00	2.822897195816040039e+00	2.819144725799560547e+00	2.814483880996704102e+00	2.809678554534912109e+00	2.805800199508666992e+00	2.804191589355468750e+00
2.795827627182006836e+00	2.801600217819213867e+00	2.811385154724121094e+00	2.824024200439453125e+00	2.835539579391479492e+00	2.838036298751831055e+00	2.827140092849731445e+00	2.811546087265014648e+00	2.800928354263305664e+00	2.796306371688842773e+00	2.796078681945800781e+00	2.798536539077758789e+00	2.802423477172851562e+00	2.807148933410644531e+00	2.813115596771240234e+00	2.821818828582763672e+00	2.834667205810546875e+00	2.852229118347167969e+00	2.873754024505615234e+00	2.895190238952636719e+00	2.909464836120605469e+00	2.909472942352294922e+00	2.895128011703491211e+00	2.873776912689208984e+00	2.851919889450073242e+00	2.833253145217895508e+00	2.820207357406616211e+00	2.813400983810424805e+00	2.811480998992919922e+00	2.812043666839599609e+00	2.813111066818237305e+00	2.813772439956665039e+00	2.813721895217895508e+00	2.813036441802978516e+00	2.811807870864868164e+00	2.809835672378540039e+00	2.807491779327392578e+00	2.805505990982055664e+00	2.804102420806884766e+00	2.803363323211669922e+00	2.802839994430541992e+00	2.801702737808227539e+00	2.800938129425048828e+00	2.801476478576660156e+00	2.804269313812255859e+00	2.810493230819702148e+00	2.821293115615844727e+00	2.838116884231567383e+00	2.863296031951904297e+00	2.898226022720336914e+00	2.931018829345703125e+00	2.915112733840942383e+00	2.878494739532470703e+00	2.851135492324829102e+00	2.833792209625244141e+00	2.823979616165161133e+00	2.819115877151489258e+00	2.816884517669677734e+00	2.815813064575195312e+00	2.815576791763305664e+00	2.816137313842773438e+00	2.817423343658447266e+00	2.818306446075439453e+00	2.818761348724365234e+00	2.818871021270751953e+00	2.817979574203491211e+00	2.815739154815673828e+00	2.811922073364257812e+00	2.806821823120117188e+00	2.801281929016113281e+00	2.796566009521484375e+00	2.794310331344604492e+00
2.787242889404296875e+00	2.793854951858520508e+00	2.804568052291870117e+00	2.817866563796997070e+00	2.829851150512695312e+00	2.832828521728515625e+00	2.820953845977783203e+00	2.804435014724731445e+00	2.794121980667114258e+00	2.790631532669067383e+00	2.791579246520996094e+00	2.794825792312622070e+00	2.799020767211914062e+00	2.803491115570068359e+00	2.808618783950805664e+00	2.816067934036254883e+00	2.827615737915039062e+00	2.843722343444824219e+00	2.863091707229614258e+00	2.882321834564208984e+00	2.896076917648315430e+00	2.899216175079345703e+00	2.890525102615356445e+00	2.873251438140869141e+00	2.852826833724975586e+00	2.834786415100097656e+00	2.821480751037597656e+00	2.813186645507812500e+00	2.809285879135131836e+00	2.807989835739135742e+00	2.807438135147094727e+00	2.806853771209716797e+00	2.806137800216674805e+00	2.805208921432495117e+00	2.803865194320678711e+00	2.801917314529418945e+00	2.799795627593994141e+00	2.798212528228759766e+00	2.797273874282836914e+00	2.796725749969482422e+00	2.796346426010131836e+00	2.796074390411376953e+00	2.796083450317382812e+00	2.797003507614135742e+00	2.799739360809326172e+00	2.804947614669799805e+00	2.813652038574218750e+00	2.827205657958984375e+00	2.847198486328125000e+00	2.873946428298950195e+00	2.896581411361694336e+00	2.892539024353027344e+00	2.862890005111694336e+00	2.837289810180664062e+00	2.820085048675537109e+00	2.810049057006835938e+00	2.804852247238159180e+00	2.802176237106323242e+00	2.800671815872192383e+00	2.800224304199218750e+00	2.801133155822753906e+00	2.803238153457641602e+00	2.805871248245239258e+00	2.808263063430786133e+00	2.809687852859497070e+00	2.809534549713134766e+00	2.807456731796264648e+00	2.803458690643310547e+00	2.797915935516357422e+00	2.791954755783081055e+00	2.787148237228393555e+00	2.785167217254638672e+00
2.777115345001220703e+00	2.784232616424560547e+00	2.793632984161376953e+00	2.803526163101196289e+00	2.810315132141113281e+00	2.808369636535644531e+00	2.802528858184814453e+00	2.798504352569580078e+00	2.798491001129150391e+00	2.799988031387329102e+00	2.799017667770385742e+00	2.797280073165893555e+00	2.795130968093872070e+00	2.793910980224609375e+00	2.795302867889404297e+00	2.800186157226562500e+00	2.808160066604614258e+00	2.817836284637451172e+00	2.828964471817016602e+00	2.841230869293212891e+00	2.851838588714599609e+00	2.857095479965209961e+00	2.854603528976440430e+00	2.845224618911743164e+00	2.831535816192626953e+00	2.817287683486938477e+00	2.805180311203002930e+00	2.796392202377319336e+00	2.790871143341064453e+00	2.788100481033325195e+00	2.786966562271118164e+00	2.786181211471557617e+00	2.784807443618774414e+00	2.783118247985839844e+00	2.782360315322875977e+00	2.783425807952880859e+00	2.786768436431884766e+00	2.792454957962036133e+00	2.799702882766723633e+00	2.806694030761718750e+00	2.811841249465942383e+00	2.814075708389282227e+00	2.811900377273559570e+00	2.806386470794677734e+00	2.800587415695190430e+00	2.795784950256347656e+00	2.792900323867797852e+00	2.792572259902954102e+00	2.793633460998535156e+00	2.794352769851684570e+00	2.793707847595214844e+00	2.790299654006958008e+00	2.785414934158325195e+00	2.781535148620605469e+00	2.779274940490722656e+00	2.778552770614624023e+00	2.779448509216308594e+00	2.782036542892456055e+00	2.785657644271850586e+00	2.789125919342041016e+00	2.791534900665283203e+00	2.790932655334472656e+00	2.789958000183105469e+00	2.789189577102661133e+00	2.788265705108642578e+00	2.786892414093017578e+00	2.785026550292968750e+00	2.782773017883300781e+00	2.780461549758911133e+00	2.777951955795288086e+00	2.774873971939086914e+00	2.773946046829223633e+00
2.783322572708129883e+00	2.789857387542724609e+00	2.797991752624511719e+00	2.806187152862548828e+00	2.808417558670043945e+00	2.805523872375488281e+00	2.802530050277709961e+00	2.800575971603393555e+00	2.801128387451171875e+00	2.802408933639526367e+00	2.801508426666259766e+00	2.800151824951171875e+00	2.798405885696411133e+00	2.798246383666992188e+00	2.800400972366333008e+00	2.804795742034912109e+00	2.810983419418334961e+00	2.819448709487915039e+00	2.830959320068359375e+00	2.844069242477416992e+00	2.855851411819458008e+00	2.862510919570922852e+00	2.861627101898193359e+00	2.854169845581054688e+00	2.842827320098876953e+00	2.829796314239501953e+00	2.817043304443359375e+00	2.806675672531127930e+00	2.797735691070556641e+00	2.790719509124755859e+00	2.786664009094238281e+00	2.784840583801269531e+00	2.784809350967407227e+00	2.786325454711914062e+00	2.788085699081420898e+00	2.789008617401123047e+00	2.790367364883422852e+00	2.794088602066040039e+00	2.800776720046997070e+00	2.809215068817138672e+00	2.816794157028198242e+00	2.821080923080444336e+00	2.821634054183959961e+00	2.819880485534667969e+00	2.817519426345825195e+00	2.813123703002929688e+00	2.808438301086425781e+00	2.802906751632690430e+00	2.799514770507812500e+00	2.797170639038085938e+00	2.794044256210327148e+00	2.789927959442138672e+00	2.785573720932006836e+00	2.781863212585449219e+00	2.779336929321289062e+00	2.778233528137207031e+00	2.778687238693237305e+00	2.780606985092163086e+00	2.783563137054443359e+00	2.786851406097412109e+00	2.789763212203979492e+00	2.791509628295898438e+00	2.791412353515625000e+00	2.790132999420166016e+00	2.788418531417846680e+00	2.786372661590576172e+00	2.784032106399536133e+00	2.781466245651245117e+00	2.778971433639526367e+00	2.777068853378295898e+00	2.776632785797119141e+00	2.778604030609130859e+00
2.785393476486206055e+00	2.792181730270385742e+00	2.797152757644653320e+00	2.800676822662353516e+00	2.802046775817871094e+00	2.802489042282104492e+00	2.803992986679077148e+00	2.806837558746337891e+00	2.811667919158935547e+00	2.812873840332031250e+00	2.805168867111206055e+00	2.796715497970581055e+00	2.790720224380493164e+00	2.787482023239135742e+00	2.787095546722412109e+00	2.789706707000732422e+00	2.794071912765502930e+00	2.798134565353393555e+00	2.803998947143554688e+00	2.810597896575927734e+00	2.817288637161254883e+00	2.823551654815673828e+00	2.828121423721313477e+00	2.830412626266479492e+00	2.829835653305053711e+00	2.825541019439697266e+00	2.817766904830932617e+00	2.808897495269775391e+00	2.800747632980346680e+00	2.794123888015747070e+00	2.789496898651123047e+00	2.787431478500366211e+00	2.787533283233642578e+00	2.787411451339721680e+00	2.787531137466430664e+00	2.788968563079833984e+00	2.792036771774291992e+00	2.797477483749389648e+00	2.805196285247802734e+00	2.814251899719238281e+00	2.821555376052856445e+00	2.824953556060791016e+00	2.825647115707397461e+00	2.824996471405029297e+00	2.823157310485839844e+00	2.819179534912109375e+00	2.812884569168090820e+00	2.805789947509765625e+00	2.798987865447998047e+00	2.793408393859863281e+00	2.789269208908081055e+00	2.785990715026855469e+00	2.783193349838256836e+00	2.781084537506103516e+00	2.779915332794189453e+00	2.779611110687255859e+00	2.780081748962402344e+00	2.781095504760742188e+00	2.782319068908691406e+00	2.783773183822631836e+00	2.785198450088500977e+00	2.786082506179809570e+00	2.786368370056152344e+00	2.786199331283569336e+00	2.785589218139648438e+00	2.784054994583129883e+00	2.780991554260253906e+00	2.777479648590087891e+00	2.774658441543579102e+00	2.773295640945434570e+00	2.774255990982055664e+00	2.778422355651855469e+00
2.779821634292602539e+00	2.785302162170410156e+00	2.790334701538085938e+00	2.794448375701904297e+00	2.798008441925048828e+00	2.801662683486938477e+00	2.805587530136108398e+00	2.807282924652099609e+00	2.812345266342163086e+00	2.808739423751831055e+00	2.799495220184326172e+00	2.793053150177001953e+00	2.788333892822265625e+00	2.785195350646972656e+00	2.783877849578857422e+00	2.784579753875732422e+00	2.786996603012084961e+00	2.790841817855834961e+00	2.796750307083129883e+00	2.804096221923828125e+00	2.811237812042236328e+00	2.816653728485107422e+00	2.819693565368652344e+00	2.820217370986938477e+00	2.818135976791381836e+00	2.813331604003906250e+00	2.806324958801269531e+00	2.798720598220825195e+00	2.791952371597290039e+00	2.786598920822143555e+00	2.782773494720458984e+00	2.780514240264892578e+00	2.779591798782348633e+00	2.779418945312500000e+00	2.779717922210693359e+00	2.781049251556396484e+00	2.784272909164428711e+00	2.790045261383056641e+00	2.797780275344848633e+00	2.805730819702148438e+00	2.812134742736816406e+00	2.815330743789672852e+00	2.816087007522583008e+00	2.815907239913940430e+00	2.815096855163574219e+00	2.812515735626220703e+00	2.807754278182983398e+00	2.802217483520507812e+00	2.796504497528076172e+00	2.790967226028442383e+00	2.786352634429931641e+00	2.782968521118164062e+00	2.780708789825439453e+00	2.779159545898437500e+00	2.777938842773437500e+00	2.777260303497314453e+00	2.777003526687622070e+00	2.776646852493286133e+00	2.776205778121948242e+00	2.776200771331787109e+00	2.776834011077880859e+00	2.777856111526489258e+00	2.778797864913940430e+00	2.779275894165039062e+00	2.779103994369506836e+00	2.778106212615966797e+00	2.776227951049804688e+00	2.774093389511108398e+00	2.772413969039916992e+00	2.771686792373657227e+00	2.772493124008178711e+00	2.775264263153076172e+00
2.773948669433593750e+00	2.782053470611572266e+00	2.791736364364624023e+00	2.801963567733764648e+00	2.810648679733276367e+00	2.813956022262573242e+00	2.808151721954345703e+00	2.802515983581542969e+00	2.804910898208618164e+00	2.796705484390258789e+00	2.789132595062255859e+00	2.785439968109130859e+00	2.783355236053466797e+00	2.782373905181884766e+00	2.782452106475830078e+00	2.782859086990356445e+00	2.785195589065551758e+00	2.791561126708984375e+00	2.802185297012329102e+00	2.815620899200439453e+00	2.828536748886108398e+00	2.835995912551879883e+00	2.834082841873168945e+00	2.823926210403442383e+00	2.810355424880981445e+00	2.797999620437622070e+00	2.789456129074096680e+00	2.785257577896118164e+00	2.783829689025878906e+00	2.783868312835693359e+00	2.784718990325927734e+00	2.785700321197509766e+00	2.786495208740234375e+00	2.786316633224487305e+00	2.784732818603515625e+00	2.783002138137817383e+00	2.781966447830200195e+00	2.782071828842163086e+00	2.783372402191162109e+00	2.785464525222778320e+00	2.787311315536499023e+00	2.787586688995361328e+00	2.786770820617675781e+00	2.786634206771850586e+00	2.788247585296630859e+00	2.791920423507690430e+00	2.797466993331909180e+00	2.805296897888183594e+00	2.813802719116210938e+00	2.818312883377075195e+00	2.817667245864868164e+00	2.812394142150878906e+00	2.804480552673339844e+00	2.795715570449829102e+00	2.787765741348266602e+00	2.781904458999633789e+00	2.777918577194213867e+00	2.775372982025146484e+00	2.774455785751342773e+00	2.775223970413208008e+00	2.777449369430541992e+00	2.780676603317260742e+00	2.783949851989746094e+00	2.785878658294677734e+00	2.785782814025878906e+00	2.784010648727416992e+00	2.781466245651245117e+00	2.778098583221435547e+00	2.773566007614135742e+00	2.769491672515869141e+00	2.767562627792358398e+00	2.768893241882324219e+00
2.776078701019287109e+00	2.782281398773193359e+00	2.789669513702392578e+00	2.796649456024169922e+00	2.801983356475830078e+00	2.801999807357788086e+00	2.793146371841430664e+00	2.784458875656127930e+00	2.779930591583251953e+00	2.778553724288940430e+00	2.778382778167724609e+00	2.778362274169921875e+00	2.778355598449707031e+00	2.778707504272460938e+00	2.780086994171142578e+00	2.783169746398925781e+00	2.788565397262573242e+00	2.797020912170410156e+00	2.808974981307983398e+00	2.822815656661987305e+00	2.834542274475097656e+00	2.839154958724975586e+00	2.833838701248168945e+00	2.821103096008300781e+00	2.806295633316040039e+00	2.793568611145019531e+00	2.784855604171752930e+00	2.780499219894409180e+00	2.779933691024780273e+00	2.779453039169311523e+00	2.778726816177368164e+00	2.778800010681152344e+00	2.779244661331176758e+00	2.779780626296997070e+00	2.780234336853027344e+00	2.780557870864868164e+00	2.780825853347778320e+00	2.781171560287475586e+00	2.781208038330078125e+00	2.780640602111816406e+00	2.779829502105712891e+00	2.779033184051513672e+00	2.778487920761108398e+00	2.779042005538940430e+00	2.781629323959350586e+00	2.785838842391967773e+00	2.791841983795166016e+00	2.800467252731323242e+00	2.811009407043457031e+00	2.820993185043334961e+00	2.825504541397094727e+00	2.821004867553710938e+00	2.810910224914550781e+00	2.799452304840087891e+00	2.789756774902343750e+00	2.783276557922363281e+00	2.779645204544067383e+00	2.777561187744140625e+00	2.776381015777587891e+00	2.776240348815917969e+00	2.777259588241577148e+00	2.779040813446044922e+00	2.781118392944335938e+00	2.782898902893066406e+00	2.783496379852294922e+00	2.782571792602539062e+00	2.780694723129272461e+00	2.778360366821289062e+00	2.775320053100585938e+00	2.772277116775512695e+00	2.770980834960937500e+00	2.772257566452026367e+00
2.777358055114746094e+00	2.781455993652343750e+00	2.787019491195678711e+00	2.794031143188476562e+00	2.801286220550537109e+00	2.801167249679565430e+00	2.792822122573852539e+00	2.786310672760009766e+00	2.782622814178466797e+00	2.779831886291503906e+00	2.776861906051635742e+00	2.774517536163330078e+00	2.773664236068725586e+00	2.774866104125976562e+00	2.778533697128295898e+00	2.784609079360961914e+00	2.792802095413208008e+00	2.804089784622192383e+00	2.818292617797851562e+00	2.833266258239746094e+00	2.845393180847167969e+00	2.850840330123901367e+00	2.847798347473144531e+00	2.837653160095214844e+00	2.822976112365722656e+00	2.808647871017456055e+00	2.798184394836425781e+00	2.791741132736206055e+00	2.787613153457641602e+00	2.785248279571533203e+00	2.783619880676269531e+00	2.782392978668212891e+00	2.781994104385375977e+00	2.782537460327148438e+00	2.783261775970458984e+00	2.783725738525390625e+00	2.784292459487915039e+00	2.785263299942016602e+00	2.786375284194946289e+00	2.786745548248291016e+00	2.785931825637817383e+00	2.784379720687866211e+00	2.782937288284301758e+00	2.782458543777465820e+00	2.783548116683959961e+00	2.786329984664916992e+00	2.790551185607910156e+00	2.797091007232666016e+00	2.806282758712768555e+00	2.816526174545288086e+00	2.822172403335571289e+00	2.819581508636474609e+00	2.811624526977539062e+00	2.801299095153808594e+00	2.791256904602050781e+00	2.784222126007080078e+00	2.780631065368652344e+00	2.779599189758300781e+00	2.780600309371948242e+00	2.783320426940917969e+00	2.786294221878051758e+00	2.788104534149169922e+00	2.788816213607788086e+00	2.788602590560913086e+00	2.787614107131958008e+00	2.785951137542724609e+00	2.783753395080566406e+00	2.781162023544311523e+00	2.778188467025756836e+00	2.775423526763916016e+00	2.774098396301269531e+00	2.774821758270263672e+00
2.777025222778320312e+00	2.779995441436767578e+00	2.782573461532592773e+00	2.784418582916259766e+00	2.785185575485229492e+00	2.785679817199707031e+00	2.786365985870361328e+00	2.786581516265869141e+00	2.786088943481445312e+00	2.784016847610473633e+00	2.780725240707397461e+00	2.777818918228149414e+00	2.776291608810424805e+00	2.776632547378540039e+00	2.778895139694213867e+00	2.783042430877685547e+00	2.788992404937744141e+00	2.796510457992553711e+00	2.805124998092651367e+00	2.813867330551147461e+00	2.821049928665161133e+00	2.824421167373657227e+00	2.822838783264160156e+00	2.816892385482788086e+00	2.808219671249389648e+00	2.799061059951782227e+00	2.791187286376953125e+00	2.785248756408691406e+00	2.781636476516723633e+00	2.779850959777832031e+00	2.779182195663452148e+00	2.778690814971923828e+00	2.778275251388549805e+00	2.778912782669067383e+00	2.780932426452636719e+00	2.784071445465087891e+00	2.787409305572509766e+00	2.790750980377197266e+00	2.795042991638183594e+00	2.799262046813964844e+00	2.801241874694824219e+00	2.800125122070312500e+00	2.797710180282592773e+00	2.795907497406005859e+00	2.795658588409423828e+00	2.795739412307739258e+00	2.796277523040771484e+00	2.799484491348266602e+00	2.805856704711914062e+00	2.810541868209838867e+00	2.809288740158081055e+00	2.804416894912719727e+00	2.797342538833618164e+00	2.790185451507568359e+00	2.784668445587158203e+00	2.780786037445068359e+00	2.778394937515258789e+00	2.777642011642456055e+00	2.778401613235473633e+00	2.779543161392211914e+00	2.780478239059448242e+00	2.781276702880859375e+00	2.781644821166992188e+00	2.781336545944213867e+00	2.780492305755615234e+00	2.779408693313598633e+00	2.777984619140625000e+00	2.776068687438964844e+00	2.773943424224853516e+00	2.772296190261840820e+00	2.772227764129638672e+00	2.774052143096923828e+00
2.771581649780273438e+00	2.776424169540405273e+00	2.783545017242431641e+00	2.789934158325195312e+00	2.791483402252197266e+00	2.791264057159423828e+00	2.788248062133789062e+00	2.784951925277709961e+00	2.782794475555419922e+00	2.780778408050537109e+00	2.778556346893310547e+00	2.776619195938110352e+00	2.775603771209716797e+00	2.775990724563598633e+00	2.778141498565673828e+00	2.782255887985229492e+00	2.788334369659423828e+00	2.796182155609130859e+00	2.805235862731933594e+00	2.814350366592407227e+00	2.821654319763183594e+00	2.824951648712158203e+00	2.823009729385375977e+00	2.816215038299560547e+00	2.806724548339843750e+00	2.797032594680786133e+00	2.788953781127929688e+00	2.783080101013183594e+00	2.779329061508178711e+00	2.777649164199829102e+00	2.777103185653686523e+00	2.776849508285522461e+00	2.776933670043945312e+00	2.777407884597778320e+00	2.778565168380737305e+00	2.780534744262695312e+00	2.783289194107055664e+00	2.786658287048339844e+00	2.789670228958129883e+00	2.791438579559326172e+00	2.792057514190673828e+00	2.791686773300170898e+00	2.791180133819580078e+00	2.791452169418334961e+00	2.792216539382934570e+00	2.792750597000122070e+00	2.793940782546997070e+00	2.796264648437500000e+00	2.799198865890502930e+00	2.801281929016113281e+00	2.800268411636352539e+00	2.795614004135131836e+00	2.790006875991821289e+00	2.784867286682128906e+00	2.780510425567626953e+00	2.777534246444702148e+00	2.776295185089111328e+00	2.776374816894531250e+00	2.777002811431884766e+00	2.778546810150146484e+00	2.780803680419921875e+00	2.782488822937011719e+00	2.782824039459228516e+00	2.782498836517333984e+00	2.781966209411621094e+00	2.780864477157592773e+00	2.778750658035278320e+00	2.775774240493774414e+00	2.772525072097778320e+00	2.769737720489501953e+00	2.768344879150390625e+00	2.768943786621093750e+00
2.778514385223388672e+00	2.778557300567626953e+00	2.782091856002807617e+00	2.788408756256103516e+00	2.793638467788696289e+00	2.793195247650146484e+00	2.788272619247436523e+00	2.784988164901733398e+00	2.783467054367065430e+00	2.782705545425415039e+00	2.781767368316650391e+00	2.780541419982910156e+00	2.779748916625976562e+00	2.780002832412719727e+00	2.781185150146484375e+00	2.782650232315063477e+00	2.784318685531616211e+00	2.787219047546386719e+00	2.791856527328491211e+00	2.797234773635864258e+00	2.801509141921997070e+00	2.802978754043579102e+00	2.801227569580078125e+00	2.796389579772949219e+00	2.788892984390258789e+00	2.782250404357910156e+00	2.777918338775634766e+00	2.776014804840087891e+00	2.775838613510131836e+00	2.776535987854003906e+00	2.777519464492797852e+00	2.777840375900268555e+00	2.777959346771240234e+00	2.779102325439453125e+00	2.781428575515747070e+00	2.784079790115356445e+00	2.786808967590332031e+00	2.788759231567382812e+00	2.790006875991821289e+00	2.790007829666137695e+00	2.787921190261840820e+00	2.785656213760375977e+00	2.784193277359008789e+00	2.783265352249145508e+00	2.782629251480102539e+00	2.782385349273681641e+00	2.782630681991577148e+00	2.783644914627075195e+00	2.785743951797485352e+00	2.788474798202514648e+00	2.789343357086181641e+00	2.787522077560424805e+00	2.784697294235229492e+00	2.780853271484375000e+00	2.777325153350830078e+00	2.775326967239379883e+00	2.775336980819702148e+00	2.777270078659057617e+00	2.780288934707641602e+00	2.783344268798828125e+00	2.785375595092773438e+00	2.785764694213867188e+00	2.785338163375854492e+00	2.785571813583374023e+00	2.786972045898437500e+00	2.788996696472167969e+00	2.790905714035034180e+00	2.792180538177490234e+00	2.791819810867309570e+00	2.789266109466552734e+00	2.785390377044677734e+00	2.781337261199951172e+00
2.778835535049438477e+00	2.777626752853393555e+00	2.779403209686279297e+00	2.783108234405517578e+00	2.787011384963989258e+00	2.789114713668823242e+00	2.788974761962890625e+00	2.788719177246093750e+00	2.789295434951782227e+00	2.790289640426635742e+00	2.791537046432495117e+00	2.793175935745239258e+00	2.796384811401367188e+00	2.800301790237426758e+00	2.802269935607910156e+00	2.803801298141479492e+00	2.805289268493652344e+00	2.806751489639282227e+00	2.808763980865478516e+00	2.812012434005737305e+00	2.817208528518676758e+00	2.824990272521972656e+00	2.835552215576171875e+00	2.848059177398681641e+00	2.861109972000122070e+00	2.873363256454467773e+00	2.883400917053222656e+00	2.886991739273071289e+00	2.875185489654541016e+00	2.855958700180053711e+00	2.836800098419189453e+00	2.819906234741210938e+00	2.806046485900878906e+00	2.795841455459594727e+00	2.788937807083129883e+00	2.784300804138183594e+00	2.781167745590209961e+00	2.779307126998901367e+00	2.778752565383911133e+00	2.779059171676635742e+00	2.779487609863281250e+00	2.779530048370361328e+00	2.779418945312500000e+00	2.779484272003173828e+00	2.779638528823852539e+00	2.779671192169189453e+00	2.779601812362670898e+00	2.779782056808471680e+00	2.780631780624389648e+00	2.782513141632080078e+00	2.785656213760375977e+00	2.790003061294555664e+00	2.794747829437255859e+00	2.798117160797119141e+00	2.799399375915527344e+00	2.798885822296142578e+00	2.797426700592041016e+00	2.794788599014282227e+00	2.791425704956054688e+00	2.788806438446044922e+00	2.786781072616577148e+00	2.784927606582641602e+00	2.782829999923706055e+00	2.781779289245605469e+00	2.783296823501586914e+00	2.787370204925537109e+00	2.793582916259765625e+00	2.800361633300781250e+00	2.802461862564086914e+00	2.797216892242431641e+00	2.789824962615966797e+00	2.783221244812011719e+00
2.788898229598999023e+00	2.787505388259887695e+00	2.787634849548339844e+00	2.789037704467773438e+00	2.791289806365966797e+00	2.793422222137451172e+00	2.794336795806884766e+00	2.794775009155273438e+00	2.796118736267089844e+00	2.798414468765258789e+00	2.801458358764648438e+00	2.805786848068237305e+00	2.811378955841064453e+00	2.817646980285644531e+00	2.823848247528076172e+00	2.828450441360473633e+00	2.829162836074829102e+00	2.826782941818237305e+00	2.824046134948730469e+00	2.822607994079589844e+00	2.823077678680419922e+00	2.826117277145385742e+00	2.832139968872070312e+00	2.840391635894775391e+00	2.849432229995727539e+00	2.858120679855346680e+00	2.866188049316406250e+00	2.872401714324951172e+00	2.869804620742797852e+00	2.855189085006713867e+00	2.837617397308349609e+00	2.822183132171630859e+00	2.810002088546752930e+00	2.800799846649169922e+00	2.794089317321777344e+00	2.789591312408447266e+00	2.787129163742065430e+00	2.786014080047607422e+00	2.785135269165039062e+00	2.784617900848388672e+00	2.785068273544311523e+00	2.786336898803710938e+00	2.787655591964721680e+00	2.788280487060546875e+00	2.787717819213867188e+00	2.785651445388793945e+00	2.783136129379272461e+00	2.781666755676269531e+00	2.781689405441284180e+00	2.783083915710449219e+00	2.785784721374511719e+00	2.788857936859130859e+00	2.791236400604248047e+00	2.793800115585327148e+00	2.797037601470947266e+00	2.799812555313110352e+00	2.800308942794799805e+00	2.798390150070190430e+00	2.796064376831054688e+00	2.793716907501220703e+00	2.790110826492309570e+00	2.785518646240234375e+00	2.782222032546997070e+00	2.781913042068481445e+00	2.784278154373168945e+00	2.788259983062744141e+00	2.793418169021606445e+00	2.798178434371948242e+00	2.800407886505126953e+00	2.799391984939575195e+00	2.796162128448486328e+00	2.791998863220214844e+00
2.791279315948486328e+00	2.790611743927001953e+00	2.790901660919189453e+00	2.791759490966796875e+00	2.792546272277832031e+00	2.792918443679809570e+00	2.792866468429565430e+00	2.793276548385620117e+00	2.795126438140869141e+00	2.798781871795654297e+00	2.803447008132934570e+00	2.807809114456176758e+00	2.812697887420654297e+00	2.817948818206787109e+00	2.822915792465209961e+00	2.826594829559326172e+00	2.827592134475708008e+00	2.825848102569580078e+00	2.822607517242431641e+00	2.819717407226562500e+00	2.818912982940673828e+00	2.820895671844482422e+00	2.824740171432495117e+00	2.828908443450927734e+00	2.832398414611816406e+00	2.835283041000366211e+00	2.837596416473388672e+00	2.838692665100097656e+00	2.837715864181518555e+00	2.832080364227294922e+00	2.823424339294433594e+00	2.814264297485351562e+00	2.806189537048339844e+00	2.799713373184204102e+00	2.794638156890869141e+00	2.790830373764038086e+00	2.788269758224487305e+00	2.787012338638305664e+00	2.786779403686523438e+00	2.787116050720214844e+00	2.788053035736083984e+00	2.789458990097045898e+00	2.790556907653808594e+00	2.790907859802246094e+00	2.790723323822021484e+00	2.788224697113037109e+00	2.784486055374145508e+00	2.781624555587768555e+00	2.780199289321899414e+00	2.780148983001708984e+00	2.781226873397827148e+00	2.783339738845825195e+00	2.786586999893188477e+00	2.791105985641479492e+00	2.796245574951171875e+00	2.799874782562255859e+00	2.800037384033203125e+00	2.796825885772705078e+00	2.792606353759765625e+00	2.788869380950927734e+00	2.785690784454345703e+00	2.783370733261108398e+00	2.782588005065917969e+00	2.783135652542114258e+00	2.785046100616455078e+00	2.789248943328857422e+00	2.795338153839111328e+00	2.797501564025878906e+00	2.796703577041625977e+00	2.795300722122192383e+00	2.793579578399658203e+00	2.792332649230957031e+00
2.791523456573486328e+00	2.792868614196777344e+00	2.793264389038085938e+00	2.792400121688842773e+00	2.791603326797485352e+00	2.791829824447631836e+00	2.792384862899780273e+00	2.792303800582885742e+00	2.792119979858398438e+00	2.791953086853027344e+00	2.792212963104248047e+00	2.792058229446411133e+00	2.790634393692016602e+00	2.788280963897705078e+00	2.785880804061889648e+00	2.783765792846679688e+00	2.781945943832397461e+00	2.780807256698608398e+00	2.780809879302978516e+00	2.782153129577636719e+00	2.784706830978393555e+00	2.787819147109985352e+00	2.790534734725952148e+00	2.792212009429931641e+00	2.792205572128295898e+00	2.790677785873413086e+00	2.788875102996826172e+00	2.787518739700317383e+00	2.786799430847167969e+00	2.786912679672241211e+00	2.787982225418090820e+00	2.789056777954101562e+00	2.791038036346435547e+00	2.794453859329223633e+00	2.798161506652832031e+00	2.801046609878540039e+00	2.802983999252319336e+00	2.803941249847412109e+00	2.803940057754516602e+00	2.803233385086059570e+00	2.802386045455932617e+00	2.801725149154663086e+00	2.801056623458862305e+00	2.799778461456298828e+00	2.797394990921020508e+00	2.794120788574218750e+00	2.790778875350952148e+00	2.788280963897705078e+00	2.786888837814331055e+00	2.786071062088012695e+00	2.785046100616455078e+00	2.783667802810668945e+00	2.782418251037597656e+00	2.781629085540771484e+00	2.781470298767089844e+00	2.782402038574218750e+00	2.784082174301147461e+00	2.786098718643188477e+00	2.788870573043823242e+00	2.792302846908569336e+00	2.794517278671264648e+00	2.793461322784423828e+00	2.790843248367309570e+00	2.788733482360839844e+00	2.787240505218505859e+00	2.786870002746582031e+00	2.787586688995361328e+00	2.788555145263671875e+00	2.788549184799194336e+00	2.788379192352294922e+00	2.788875341415405273e+00	2.790055274963378906e+00
2.776655912399291992e+00	2.779541969299316406e+00	2.780533313751220703e+00	2.780065536499023438e+00	2.778802633285522461e+00	2.777894496917724609e+00	2.777793645858764648e+00	2.778107881546020508e+00	2.778366088867187500e+00	2.778578758239746094e+00	2.778918981552124023e+00	2.778948307037353516e+00	2.778071403503417969e+00	2.776712179183959961e+00	2.775284051895141602e+00	2.774136781692504883e+00	2.773670434951782227e+00	2.774173498153686523e+00	2.775845766067504883e+00	2.778374671936035156e+00	2.781106948852539062e+00	2.784206390380859375e+00	2.787546396255493164e+00	2.790212154388427734e+00	2.789972305297851562e+00	2.786972284317016602e+00	2.783457517623901367e+00	2.780508995056152344e+00	2.778746604919433594e+00	2.777879476547241211e+00	2.777456998825073242e+00	2.777757644653320312e+00	2.778916358947753906e+00	2.780523538589477539e+00	2.782542228698730469e+00	2.785049915313720703e+00	2.787108421325683594e+00	2.788283824920654297e+00	2.789223194122314453e+00	2.790055513381958008e+00	2.790291309356689453e+00	2.789941787719726562e+00	2.790045499801635742e+00	2.790433168411254883e+00	2.790044307708740234e+00	2.788533210754394531e+00	2.786504507064819336e+00	2.784755468368530273e+00	2.783589363098144531e+00	2.782593250274658203e+00	2.781111955642700195e+00	2.779374361038208008e+00	2.778148651123046875e+00	2.777811050415039062e+00	2.778648853302001953e+00	2.780197381973266602e+00	2.780600786209106445e+00	2.781095266342163086e+00	2.781691551208496094e+00	2.781730651855468750e+00	2.781457185745239258e+00	2.781219482421875000e+00	2.780871152877807617e+00	2.780021429061889648e+00	2.778452157974243164e+00	2.776338577270507812e+00	2.773807287216186523e+00	2.771177291870117188e+00	2.768974304199218750e+00	2.768255710601806641e+00	2.769576787948608398e+00	2.772624969482421875e+00
2.773849725723266602e+00	2.777060985565185547e+00	2.779458522796630859e+00	2.780802726745605469e+00	2.780435085296630859e+00	2.778638601303100586e+00	2.776276826858520508e+00	2.774381399154663086e+00	2.773223638534545898e+00	2.772748231887817383e+00	2.772960662841796875e+00	2.773488998413085938e+00	2.773875236511230469e+00	2.774157285690307617e+00	2.774320363998413086e+00	2.774431943893432617e+00	2.774778842926025391e+00	2.775665760040283203e+00	2.777567386627197266e+00	2.780843973159790039e+00	2.784551143646240234e+00	2.787497758865356445e+00	2.789471149444580078e+00	2.789309978485107422e+00	2.787512302398681641e+00	2.784985542297363281e+00	2.782234668731689453e+00	2.780583620071411133e+00	2.779192447662353516e+00	2.776737451553344727e+00	2.774154424667358398e+00	2.772855281829833984e+00	2.773225307464599609e+00	2.774638652801513672e+00	2.776143074035644531e+00	2.777269601821899414e+00	2.777425050735473633e+00	2.776310920715332031e+00	2.774624347686767578e+00	2.773527860641479492e+00	2.773674488067626953e+00	2.775177955627441406e+00	2.777960062026977539e+00	2.781544923782348633e+00	2.785117387771606445e+00	2.787769556045532227e+00	2.788612127304077148e+00	2.788286447525024414e+00	2.787964105606079102e+00	2.787691354751586914e+00	2.787007331848144531e+00	2.786379575729370117e+00	2.786156654357910156e+00	2.786083936691284180e+00	2.786239862442016602e+00	2.786604404449462891e+00	2.787034034729003906e+00	2.787450790405273438e+00	2.787857294082641602e+00	2.788266658782958984e+00	2.788359165191650391e+00	2.787633657455444336e+00	2.785615682601928711e+00	2.782674074172973633e+00	2.779361248016357422e+00	2.775184631347656250e+00	2.770502090454101562e+00	2.766843318939208984e+00	2.764962911605834961e+00	2.764981508255004883e+00	2.766765117645263672e+00	2.770026206970214844e+00
2.803143978118896484e+00	2.804026126861572266e+00	2.803496360778808594e+00	2.801663875579833984e+00	2.798768281936645508e+00	2.795410633087158203e+00	2.792912483215332031e+00	2.791838884353637695e+00	2.791874408721923828e+00	2.792744159698486328e+00	2.793339490890502930e+00	2.793538331985473633e+00	2.794528484344482422e+00	2.796802043914794922e+00	2.798833608627319336e+00	2.797966003417968750e+00	2.800689220428466797e+00	2.808002233505249023e+00	2.820009946823120117e+00	2.836782693862915039e+00	2.858214616775512695e+00	2.883743762969970703e+00	2.911064147949218750e+00	2.934028148651123047e+00	2.944059848785400391e+00	2.935617923736572266e+00	2.911739826202392578e+00	2.884846210479736328e+00	2.860669612884521484e+00	2.840240716934204102e+00	2.823954343795776367e+00	2.811964750289916992e+00	2.804131746292114258e+00	2.799668312072753906e+00	2.796381235122680664e+00	2.795027256011962891e+00	2.794630050659179688e+00	2.793719053268432617e+00	2.792330503463745117e+00	2.791286468505859375e+00	2.791193485260009766e+00	2.790470838546752930e+00	2.789288997650146484e+00	2.789784908294677734e+00	2.791151046752929688e+00	2.792624473571777344e+00	2.793612480163574219e+00	2.794240474700927734e+00	2.794552564620971680e+00	2.794137716293334961e+00	2.792877197265625000e+00	2.790892124176025391e+00	2.788964033126831055e+00	2.788181304931640625e+00	2.789016246795654297e+00	2.791415691375732422e+00	2.795421361923217773e+00	2.800673484802246094e+00	2.805784940719604492e+00	2.809538364410400391e+00	2.811409235000610352e+00	2.811304807662963867e+00	2.809161424636840820e+00	2.805424690246582031e+00	2.801143884658813477e+00	2.797396659851074219e+00	2.794988870620727539e+00	2.794339656829833984e+00	2.795360565185546875e+00	2.797496557235717773e+00	2.799791812896728516e+00	2.801570653915405273e+00
2.804869174957275391e+00	2.803484916687011719e+00	2.802579641342163086e+00	2.801432847976684570e+00	2.798532009124755859e+00	2.793977022171020508e+00	2.790399551391601562e+00	2.788489818572998047e+00	2.788246393203735352e+00	2.789187431335449219e+00	2.790628194808959961e+00	2.792337417602539062e+00	2.794385910034179688e+00	2.796044826507568359e+00	2.796714544296264648e+00	2.798420429229736328e+00	2.803070545196533203e+00	2.811221361160278320e+00	2.823188066482543945e+00	2.839507579803466797e+00	2.860743999481201172e+00	2.886849403381347656e+00	2.915464878082275391e+00	2.940196514129638672e+00	2.951343536376953125e+00	2.945312500000000000e+00	2.919565439224243164e+00	2.891173839569091797e+00	2.865531921386718750e+00	2.844370365142822266e+00	2.828474998474121094e+00	2.817118167877197266e+00	2.808760881423950195e+00	2.802497863769531250e+00	2.798417806625366211e+00	2.796329975128173828e+00	2.795435667037963867e+00	2.794968605041503906e+00	2.794474363327026367e+00	2.793809890747070312e+00	2.793189525604248047e+00	2.793229103088378906e+00	2.794037580490112305e+00	2.795309782028198242e+00	2.796511411666870117e+00	2.797307252883911133e+00	2.797550439834594727e+00	2.797625780105590820e+00	2.798088788986206055e+00	2.798230886459350586e+00	2.796444177627563477e+00	2.792685508728027344e+00	2.789176702499389648e+00	2.787284135818481445e+00	2.787248849868774414e+00	2.788794755935668945e+00	2.791861534118652344e+00	2.796339511871337891e+00	2.801226615905761719e+00	2.805010557174682617e+00	2.806662082672119141e+00	2.805859565734863281e+00	2.803339242935180664e+00	2.800585031509399414e+00	2.798409461975097656e+00	2.796663284301757812e+00	2.795358419418334961e+00	2.795124769210815430e+00	2.796820640563964844e+00	2.800584554672241211e+00	2.804631710052490234e+00	2.806019306182861328e+00
2.804144382476806641e+00	2.802321195602416992e+00	2.800430536270141602e+00	2.798471450805664062e+00	2.795264005661010742e+00	2.791148900985717773e+00	2.787409782409667969e+00	2.785104036331176758e+00	2.784329652786254883e+00	2.784561634063720703e+00	2.785464286804199219e+00	2.786657571792602539e+00	2.787731885910034180e+00	2.788850545883178711e+00	2.790747642517089844e+00	2.794090747833251953e+00	2.799411058425903320e+00	2.807371616363525391e+00	2.818720340728759766e+00	2.834273338317871094e+00	2.854863405227661133e+00	2.880180120468139648e+00	2.907209157943725586e+00	2.929385423660278320e+00	2.936993360519409180e+00	2.927430868148803711e+00	2.906954050064086914e+00	2.882966041564941406e+00	2.859884262084960938e+00	2.839970350265502930e+00	2.824386119842529297e+00	2.813051462173461914e+00	2.805022954940795898e+00	2.799468994140625000e+00	2.796303510665893555e+00	2.795023679733276367e+00	2.793910503387451172e+00	2.792137384414672852e+00	2.790881633758544922e+00	2.790794372558593750e+00	2.791511535644531250e+00	2.792672157287597656e+00	2.794379711151123047e+00	2.796419858932495117e+00	2.797913312911987305e+00	2.798601150512695312e+00	2.798956871032714844e+00	2.799612045288085938e+00	2.800407171249389648e+00	2.799526214599609375e+00	2.795639038085937500e+00	2.789568185806274414e+00	2.784680604934692383e+00	2.782465934753417969e+00	2.782739877700805664e+00	2.784962892532348633e+00	2.788533926010131836e+00	2.792871475219726562e+00	2.797190666198730469e+00	2.800504446029663086e+00	2.802107095718383789e+00	2.801703691482543945e+00	2.799623250961303711e+00	2.796629905700683594e+00	2.793579578399658203e+00	2.791300773620605469e+00	2.790190935134887695e+00	2.790465831756591797e+00	2.792597532272338867e+00	2.796563863754272461e+00	2.800996541976928711e+00	2.803955316543579102e+00
2.777380466461181641e+00	2.779300451278686523e+00	2.780891895294189453e+00	2.782116174697875977e+00	2.782688379287719727e+00	2.781407594680786133e+00	2.776912689208984375e+00	2.771656036376953125e+00	2.768232107162475586e+00	2.767282009124755859e+00	2.768345594406127930e+00	2.770617723464965820e+00	2.773658275604248047e+00	2.777312278747558594e+00	2.780981302261352539e+00	2.785986661911010742e+00	2.793206691741943359e+00	2.802137136459350586e+00	2.811936616897583008e+00	2.821161508560180664e+00	2.827727317810058594e+00	2.829645872116088867e+00	2.825590610504150391e+00	2.816313266754150391e+00	2.805629968643188477e+00	2.796251296997070312e+00	2.788931131362915039e+00	2.783778190612792969e+00	2.780487775802612305e+00	2.778887748718261719e+00	2.779034137725830078e+00	2.780242681503295898e+00	2.781417846679687500e+00	2.782539606094360352e+00	2.783549785614013672e+00	2.783679008483886719e+00	2.782593727111816406e+00	2.780658721923828125e+00	2.778661489486694336e+00	2.777188539505004883e+00	2.775654315948486328e+00	2.774785518646240234e+00	2.775336980819702148e+00	2.777422904968261719e+00	2.781486749649047852e+00	2.787622451782226562e+00	2.795213699340820312e+00	2.804554224014282227e+00	2.816704750061035156e+00	2.828473329544067383e+00	2.827645063400268555e+00	2.821136236190795898e+00	2.813501834869384766e+00	2.805977344512939453e+00	2.798933267593383789e+00	2.793496131896972656e+00	2.790071010589599609e+00	2.787749290466308594e+00	2.785936594009399414e+00	2.784832477569580078e+00	2.785056114196777344e+00	2.786453962326049805e+00	2.787950754165649414e+00	2.788441181182861328e+00	2.787291765213012695e+00	2.784648656845092773e+00	2.781249523162841797e+00	2.778050184249877930e+00	2.775804996490478516e+00	2.774658441543579102e+00	2.774539709091186523e+00	2.775575637817382812e+00
2.771852254867553711e+00	2.778115034103393555e+00	2.785473108291625977e+00	2.794255495071411133e+00	2.800668716430664062e+00	2.798551797866821289e+00	2.789803504943847656e+00	2.779759407043457031e+00	2.773619651794433594e+00	2.771672248840332031e+00	2.772160053253173828e+00	2.774284601211547852e+00	2.777554988861083984e+00	2.781238079071044922e+00	2.785362958908081055e+00	2.790997505187988281e+00	2.799332380294799805e+00	2.810504913330078125e+00	2.823236465454101562e+00	2.834854364395141602e+00	2.841993570327758789e+00	2.841846704483032227e+00	2.833353281021118164e+00	2.818601608276367188e+00	2.802440404891967773e+00	2.789007663726806641e+00	2.780223608016967773e+00	2.776116847991943359e+00	2.775462388992309570e+00	2.777043104171752930e+00	2.779840707778930664e+00	2.782233238220214844e+00	2.783285140991210938e+00	2.783358335494995117e+00	2.782917499542236328e+00	2.781885385513305664e+00	2.779965400695800781e+00	2.777093410491943359e+00	2.774018764495849609e+00	2.771449327468872070e+00	2.769633054733276367e+00	2.769016742706298828e+00	2.770220756530761719e+00	2.773537158966064453e+00	2.778923273086547852e+00	2.786313533782958984e+00	2.796003341674804688e+00	2.808496713638305664e+00	2.821858644485473633e+00	2.831320047378540039e+00	2.834507465362548828e+00	2.830670833587646484e+00	2.821691513061523438e+00	2.810374498367309570e+00	2.799196481704711914e+00	2.790401458740234375e+00	2.783676862716674805e+00	2.779045343399047852e+00	2.776931762695312500e+00	2.777383089065551758e+00	2.779831409454345703e+00	2.783275842666625977e+00	2.786886215209960938e+00	2.789638996124267578e+00	2.790152549743652344e+00	2.787943363189697266e+00	2.783841848373413086e+00	2.779097795486450195e+00	2.774742841720581055e+00	2.771078824996948242e+00	2.768362522125244141e+00	2.768218278884887695e+00
2.778414726257324219e+00	2.788331747055053711e+00	2.802464723587036133e+00	2.819202184677124023e+00	2.831934690475463867e+00	2.825718402862548828e+00	2.805985689163208008e+00	2.789789438247680664e+00	2.781643390655517578e+00	2.778311014175415039e+00	2.778481245040893555e+00	2.781314134597778320e+00	2.785531520843505859e+00	2.790129899978637695e+00	2.794816017150878906e+00	2.800804376602172852e+00	2.809896945953369141e+00	2.822848558425903320e+00	2.838971376419067383e+00	2.855339527130126953e+00	2.866628885269165039e+00	2.867770433425903320e+00	2.857605695724487305e+00	2.839970111846923828e+00	2.821342468261718750e+00	2.804183483123779297e+00	2.791862010955810547e+00	2.785812854766845703e+00	2.784641027450561523e+00	2.786588907241821289e+00	2.789701938629150391e+00	2.791856527328491211e+00	2.792138576507568359e+00	2.791442155838012695e+00	2.790318727493286133e+00	2.788649797439575195e+00	2.786164522171020508e+00	2.783084392547607422e+00	2.780118703842163086e+00	2.777601718902587891e+00	2.775891065597534180e+00	2.775599002838134766e+00	2.777372360229492188e+00	2.781556606292724609e+00	2.788064002990722656e+00	2.796759128570556641e+00	2.808408021926879883e+00	2.824010610580444336e+00	2.842414617538452148e+00	2.858014822006225586e+00	2.862515687942504883e+00	2.852164506912231445e+00	2.835045099258422852e+00	2.818591594696044922e+00	2.805589437484741211e+00	2.796221733093261719e+00	2.789565086364746094e+00	2.784989118576049805e+00	2.782519817352294922e+00	2.782404184341430664e+00	2.784445285797119141e+00	2.787793397903442383e+00	2.791505813598632812e+00	2.794520378112792969e+00	2.795599222183227539e+00	2.794555187225341797e+00	2.791736841201782227e+00	2.787664413452148438e+00	2.782355546951293945e+00	2.776722192764282227e+00	2.773120164871215820e+00	2.773340702056884766e+00
2.778397083282470703e+00	2.790155410766601562e+00	2.805863857269287109e+00	2.822267055511474609e+00	2.828798294067382812e+00	2.820183277130126953e+00	2.802887916564941406e+00	2.788347005844116211e+00	2.780520677566528320e+00	2.777219295501708984e+00	2.776726007461547852e+00	2.778305530548095703e+00	2.781095027923583984e+00	2.784423828125000000e+00	2.788257360458374023e+00	2.793384075164794922e+00	2.800785541534423828e+00	2.810916185379028320e+00	2.823559761047363281e+00	2.837412595748901367e+00	2.849430561065673828e+00	2.854558467864990234e+00	2.849752187728881836e+00	2.835910081863403320e+00	2.818680524826049805e+00	2.803392171859741211e+00	2.792337179183959961e+00	2.785734415054321289e+00	2.783330202102661133e+00	2.783242464065551758e+00	2.784154653549194336e+00	2.784975767135620117e+00	2.785032510757446289e+00	2.784285306930541992e+00	2.783007860183715820e+00	2.781569957733154297e+00	2.780161380767822266e+00	2.778802156448364258e+00	2.777628183364868164e+00	2.777281761169433594e+00	2.778384208679199219e+00	2.781156539916992188e+00	2.785270929336547852e+00	2.789942979812622070e+00	2.795269012451171875e+00	2.802639722824096680e+00	2.813156604766845703e+00	2.826937675476074219e+00	2.844785690307617188e+00	2.855326890945434570e+00	2.845552682876586914e+00	2.830263137817382812e+00	2.814435005187988281e+00	2.801117658615112305e+00	2.791414499282836914e+00	2.785173892974853516e+00	2.781661748886108398e+00	2.780177831649780273e+00	2.780228376388549805e+00	2.781404495239257812e+00	2.783371448516845703e+00	2.785835266113281250e+00	2.788575410842895508e+00	2.790983438491821289e+00	2.792094230651855469e+00	2.791620254516601562e+00	2.789358854293823242e+00	2.784750223159790039e+00	2.778249025344848633e+00	2.772156953811645508e+00	2.769360065460205078e+00	2.771320343017578125e+00
2.776457309722900391e+00	2.781663894653320312e+00	2.787920951843261719e+00	2.792425870895385742e+00	2.794811725616455078e+00	2.795654773712158203e+00	2.795842409133911133e+00	2.795975446701049805e+00	2.795082330703735352e+00	2.793074607849121094e+00	2.790571689605712891e+00	2.787480115890502930e+00	2.784271240234375000e+00	2.781562089920043945e+00	2.779745817184448242e+00	2.779344081878662109e+00	2.780794620513916016e+00	2.783773660659790039e+00	2.787133932113647461e+00	2.790343284606933594e+00	2.793398141860961914e+00	2.795711994171142578e+00	2.796777248382568359e+00	2.795860052108764648e+00	2.792232751846313477e+00	2.786865949630737305e+00	2.781513690948486328e+00	2.777240753173828125e+00	2.774438858032226562e+00	2.772816658020019531e+00	2.771817684173583984e+00	2.771303176879882812e+00	2.771332979202270508e+00	2.772043704986572266e+00	2.773760080337524414e+00	2.776667594909667969e+00	2.780750274658203125e+00	2.785789728164672852e+00	2.791326045989990234e+00	2.796547174453735352e+00	2.800684928894042969e+00	2.802915096282958984e+00	2.802416801452636719e+00	2.799761056900024414e+00	2.795881032943725586e+00	2.791812419891357422e+00	2.788332223892211914e+00	2.785698413848876953e+00	2.784137010574340820e+00	2.783354282379150391e+00	2.781868457794189453e+00	2.779460191726684570e+00	2.777295112609863281e+00	2.776430606842041016e+00	2.777069330215454102e+00	2.778660058975219727e+00	2.781061887741088867e+00	2.784498214721679688e+00	2.787499427795410156e+00	2.788422107696533203e+00	2.787597656250000000e+00	2.785845279693603516e+00	2.783979415893554688e+00	2.782846450805664062e+00	2.782872676849365234e+00	2.783891201019287109e+00	2.784626960754394531e+00	2.783005237579345703e+00	2.779272556304931641e+00	2.775897264480590820e+00	2.774143934249877930e+00	2.774283885955810547e+00
2.779510021209716797e+00	2.782222032546997070e+00	2.784473657608032227e+00	2.785945177078247070e+00	2.787030458450317383e+00	2.788123130798339844e+00	2.789122581481933594e+00	2.789934396743774414e+00	2.790266275405883789e+00	2.789899587631225586e+00	2.789095401763916016e+00	2.787170410156250000e+00	2.783802747726440430e+00	2.780075073242187500e+00	2.776936054229736328e+00	2.774853229522705078e+00	2.774055242538452148e+00	2.774483442306518555e+00	2.775897264480590820e+00	2.777906179428100586e+00	2.780259609222412109e+00	2.783131599426269531e+00	2.786187171936035156e+00	2.788169622421264648e+00	2.787986516952514648e+00	2.785877466201782227e+00	2.782917499542236328e+00	2.780273675918579102e+00	2.778299808502197266e+00	2.776645660400390625e+00	2.775150299072265625e+00	2.774056673049926758e+00	2.773525714874267578e+00	2.773685693740844727e+00	2.775035858154296875e+00	2.778037786483764648e+00	2.782550573348999023e+00	2.787634372711181641e+00	2.791822195053100586e+00	2.794639348983764648e+00	2.796482086181640625e+00	2.797351360321044922e+00	2.797002077102661133e+00	2.795592784881591797e+00	2.793564081192016602e+00	2.791301488876342773e+00	2.789182901382446289e+00	2.787848472595214844e+00	2.787421226501464844e+00	2.787143707275390625e+00	2.786565542221069336e+00	2.785974979400634766e+00	2.785554409027099609e+00	2.786117553710937500e+00	2.788274765014648438e+00	2.791186332702636719e+00	2.792783021926879883e+00	2.793913364410400391e+00	2.794653892517089844e+00	2.794195175170898438e+00	2.792088747024536133e+00	2.788800477981567383e+00	2.785708904266357422e+00	2.783248662948608398e+00	2.780814886093139648e+00	2.778388023376464844e+00	2.776368379592895508e+00	2.774656295776367188e+00	2.773181200027465820e+00	2.772834062576293945e+00	2.774238824844360352e+00	2.776813030242919922e+00
2.878985881805419922e+00	2.887308597564697266e+00	2.879256010055541992e+00	2.864492893218994141e+00	2.856563568115234375e+00	2.841443061828613281e+00	2.826006650924682617e+00	2.817208528518676758e+00	2.812833070755004883e+00	2.811658620834350586e+00	2.812868833541870117e+00	2.815217018127441406e+00	2.817581176757812500e+00	2.819521665573120117e+00	2.821367740631103516e+00	2.824300050735473633e+00	2.830308914184570312e+00	2.841450929641723633e+00	2.859167098999023438e+00	2.884001493453979492e+00	2.915595769882202148e+00	2.952327728271484375e+00	2.989376544952392578e+00	3.017064332962036133e+00	3.021521091461181641e+00	2.996547460556030273e+00	2.955064773559570312e+00	2.914148330688476562e+00	2.881007909774780273e+00	2.856426000595092773e+00	2.839370012283325195e+00	2.828510284423828125e+00	2.822463274002075195e+00	2.819967746734619141e+00	2.819659709930419922e+00	2.820267200469970703e+00	2.820838212966918945e+00	2.820907115936279297e+00	2.820074081420898438e+00	2.818201065063476562e+00	2.816107034683227539e+00	2.815329074859619141e+00	2.817046403884887695e+00	2.821778059005737305e+00	2.830072879791259766e+00	2.843449592590332031e+00	2.864813804626464844e+00	2.891557693481445312e+00	2.901014328002929688e+00	2.882970094680786133e+00	2.857956409454345703e+00	2.838752746582031250e+00	2.827087402343750000e+00	2.821509122848510742e+00	2.818939924240112305e+00	2.817341089248657227e+00	2.817180871963500977e+00	2.818678855895996094e+00	2.821425676345825195e+00	2.824444532394409180e+00	2.826377153396606445e+00	2.826163291931152344e+00	2.823582172393798828e+00	2.819391727447509766e+00	2.815030097961425781e+00	2.811879634857177734e+00	2.810837984085083008e+00	2.812425851821899414e+00	2.817445278167724609e+00	2.827133178710937500e+00	2.842238664627075195e+00	2.861176013946533203e+00
2.884473085403442383e+00	2.893984079360961914e+00	2.886153697967529297e+00	2.873852729797363281e+00	2.865967512130737305e+00	2.849433660507202148e+00	2.832967758178710938e+00	2.823247194290161133e+00	2.818464040756225586e+00	2.816948652267456055e+00	2.817785978317260742e+00	2.819774866104125977e+00	2.821915626525878906e+00	2.823820352554321289e+00	2.825779676437377930e+00	2.828726053237915039e+00	2.834346055984497070e+00	2.844511985778808594e+00	2.860694408416748047e+00	2.883500099182128906e+00	2.912416934967041016e+00	2.946105003356933594e+00	2.981202840805053711e+00	3.009719371795654297e+00	3.016870260238647461e+00	2.994647502899169922e+00	2.954638004302978516e+00	2.914189577102661133e+00	2.881420135498046875e+00	2.857259750366210938e+00	2.840844631195068359e+00	2.830848455429077148e+00	2.825727462768554688e+00	2.823828935623168945e+00	2.823687314987182617e+00	2.824142694473266602e+00	2.824442863464355469e+00	2.824133396148681641e+00	2.823141813278198242e+00	2.822005271911621094e+00	2.821702480316162109e+00	2.822928190231323242e+00	2.825684309005737305e+00	2.830100297927856445e+00	2.837209939956665039e+00	2.849384307861328125e+00	2.870334625244140625e+00	2.897204399108886719e+00	2.906403303146362305e+00	2.888168573379516602e+00	2.863447904586791992e+00	2.844699144363403320e+00	2.832908868789672852e+00	2.826255798339843750e+00	2.822968006134033203e+00	2.821903467178344727e+00	2.822571039199829102e+00	2.824889183044433594e+00	2.828517436981201172e+00	2.832059144973754883e+00	2.833809852600097656e+00	2.832854270935058594e+00	2.829377412796020508e+00	2.824413776397705078e+00	2.819509029388427734e+00	2.816253185272216797e+00	2.815461635589599609e+00	2.817311286926269531e+00	2.822358608245849609e+00	2.831840753555297852e+00	2.846723079681396484e+00	2.865751504898071289e+00
2.888411045074462891e+00	2.897498846054077148e+00	2.890066862106323242e+00	2.883208513259887695e+00	2.878629446029663086e+00	2.862146854400634766e+00	2.842804908752441406e+00	2.829558372497558594e+00	2.822990655899047852e+00	2.821026802062988281e+00	2.821706533432006836e+00	2.823748350143432617e+00	2.826305866241455078e+00	2.828843832015991211e+00	2.831334114074707031e+00	2.834459781646728516e+00	2.839863061904907227e+00	2.849779844284057617e+00	2.866070985794067383e+00	2.889451026916503906e+00	2.919410467147827148e+00	2.954470157623291016e+00	2.990603446960449219e+00	3.019276380538940430e+00	3.025891542434692383e+00	3.003140687942504883e+00	2.962192058563232422e+00	2.920768022537231445e+00	2.887251377105712891e+00	2.862617254257202148e+00	2.846210956573486328e+00	2.836601257324218750e+00	2.831819295883178711e+00	2.829896926879882812e+00	2.829422950744628906e+00	2.829439640045166016e+00	2.829296112060546875e+00	2.828715562820434570e+00	2.827743768692016602e+00	2.826460123062133789e+00	2.825609922409057617e+00	2.826591253280639648e+00	2.830166101455688477e+00	2.835983991622924805e+00	2.843732595443725586e+00	2.855282783508300781e+00	2.874704599380493164e+00	2.900533914566040039e+00	2.910193920135498047e+00	2.891709089279174805e+00	2.866609811782836914e+00	2.848369598388671875e+00	2.837547779083251953e+00	2.831829786300659180e+00	2.829065322875976562e+00	2.828001260757446289e+00	2.828240871429443359e+00	2.829545497894287109e+00	2.831908702850341797e+00	2.834853410720825195e+00	2.836910963058471680e+00	2.836526393890380859e+00	2.833246469497680664e+00	2.828326225280761719e+00	2.823599815368652344e+00	2.820592164993286133e+00	2.820098638534545898e+00	2.822316169738769531e+00	2.827542781829833984e+00	2.836764574050903320e+00	2.851107120513916016e+00	2.869739055633544922e+00
2.889598608016967773e+00	2.898513317108154297e+00	2.891782760620117188e+00	2.886445760726928711e+00	2.882856369018554688e+00	2.865706682205200195e+00	2.845455169677734375e+00	2.831306219100952148e+00	2.824043512344360352e+00	2.821805000305175781e+00	2.822569131851196289e+00	2.824807405471801758e+00	2.827583551406860352e+00	2.830455303192138672e+00	2.833281517028808594e+00	2.836526155471801758e+00	2.841868162155151367e+00	2.851808309555053711e+00	2.868350505828857422e+00	2.892239570617675781e+00	2.923463821411132812e+00	2.960990190505981445e+00	2.999665260314941406e+00	3.028731346130371094e+00	3.033844709396362305e+00	3.009350776672363281e+00	2.967386960983276367e+00	2.925046682357788086e+00	2.890772581100463867e+00	2.865883827209472656e+00	2.849604368209838867e+00	2.840086460113525391e+00	2.835034370422363281e+00	2.832552909851074219e+00	2.831472873687744141e+00	2.830971956253051758e+00	2.830420017242431641e+00	2.829452753067016602e+00	2.828034877777099609e+00	2.826478481292724609e+00	2.825568437576293945e+00	2.826709032058715820e+00	2.830604314804077148e+00	2.836641311645507812e+00	2.844585657119750977e+00	2.856311559677124023e+00	2.875707864761352539e+00	2.901063203811645508e+00	2.909351110458374023e+00	2.890929937362670898e+00	2.866619348526000977e+00	2.849006414413452148e+00	2.838620901107788086e+00	2.832970142364501953e+00	2.829682111740112305e+00	2.827767133712768555e+00	2.827626228332519531e+00	2.829741001129150391e+00	2.833458900451660156e+00	2.837290763854980469e+00	2.839381933212280273e+00	2.838354587554931641e+00	2.834429264068603516e+00	2.829278230667114258e+00	2.824851751327514648e+00	2.822492599487304688e+00	2.822670936584472656e+00	2.825214385986328125e+00	2.830208063125610352e+00	2.838873624801635742e+00	2.852758407592773438e+00	2.871147871017456055e+00
2.892024040222167969e+00	2.900268316268920898e+00	2.892582654953002930e+00	2.886787652969360352e+00	2.883084774017333984e+00	2.866698741912841797e+00	2.847419261932373047e+00	2.833615064620971680e+00	2.826418399810791016e+00	2.824369192123413086e+00	2.825526714324951172e+00	2.827941179275512695e+00	2.830359697341918945e+00	2.833088397979736328e+00	2.836101055145263672e+00	2.839465856552124023e+00	2.844501733779907227e+00	2.853727102279663086e+00	2.869443416595458984e+00	2.892748832702636719e+00	2.923792839050292969e+00	2.961330890655517578e+00	3.000235319137573242e+00	3.029813051223754883e+00	3.035553216934204102e+00	3.011334419250488281e+00	2.969239473342895508e+00	2.926556825637817383e+00	2.892102241516113281e+00	2.867392539978027344e+00	2.851695060729980469e+00	2.842886924743652344e+00	2.838178157806396484e+00	2.835496187210083008e+00	2.833924293518066406e+00	2.832938671112060547e+00	2.832045793533325195e+00	2.830933332443237305e+00	2.829584598541259766e+00	2.828255176544189453e+00	2.827654600143432617e+00	2.828957796096801758e+00	2.832818984985351562e+00	2.838720321655273438e+00	2.846347808837890625e+00	2.857536792755126953e+00	2.876319885253906250e+00	2.900597572326660156e+00	2.907766103744506836e+00	2.890080451965332031e+00	2.867095708847045898e+00	2.850328207015991211e+00	2.840419530868530273e+00	2.834992170333862305e+00	2.831743478775024414e+00	2.829766988754272461e+00	2.829525232315063477e+00	2.831472158432006836e+00	2.835218906402587891e+00	2.839503765106201172e+00	2.842049837112426758e+00	2.841075181961059570e+00	2.836940526962280273e+00	2.831541538238525391e+00	2.826950073242187500e+00	2.824569225311279297e+00	2.824826478958129883e+00	2.827412605285644531e+00	2.832302808761596680e+00	2.840795516967773438e+00	2.854631900787353516e+00	2.873244047164916992e+00
2.893464326858520508e+00	2.902299404144287109e+00	2.893281459808349609e+00	2.885195970535278320e+00	2.881175041198730469e+00	2.866292476654052734e+00	2.847873449325561523e+00	2.834521293640136719e+00	2.827726602554321289e+00	2.825806617736816406e+00	2.826261520385742188e+00	2.827832221984863281e+00	2.830312252044677734e+00	2.833389520645141602e+00	2.836704730987548828e+00	2.840287446975708008e+00	2.845350503921508789e+00	2.854359149932861328e+00	2.869805812835693359e+00	2.893181562423706055e+00	2.924639701843261719e+00	2.962668180465698242e+00	3.002000570297241211e+00	3.031830072402954102e+00	3.037753343582153320e+00	3.013677835464477539e+00	2.971084594726562500e+00	2.927858114242553711e+00	2.893056631088256836e+00	2.868108749389648438e+00	2.852293252944946289e+00	2.843505620956420898e+00	2.838899612426757812e+00	2.836321592330932617e+00	2.834768295288085938e+00	2.833641767501831055e+00	2.832461595535278320e+00	2.830943584442138672e+00	2.829122781753540039e+00	2.827493429183959961e+00	2.826976060867309570e+00	2.828555583953857422e+00	2.832693576812744141e+00	2.838985681533813477e+00	2.847098350524902344e+00	2.858617544174194336e+00	2.877888917922973633e+00	2.903206586837768555e+00	2.910472631454467773e+00	2.891661643981933594e+00	2.868036985397338867e+00	2.851061820983886719e+00	2.841055870056152344e+00	2.835449218750000000e+00	2.831889867782592773e+00	2.829470157623291016e+00	2.828735828399658203e+00	2.830422163009643555e+00	2.834307909011840820e+00	2.838968992233276367e+00	2.842046976089477539e+00	2.841700553894042969e+00	2.838350534439086914e+00	2.833090305328369141e+00	2.827738046646118164e+00	2.824771881103515625e+00	2.824813842773437500e+00	2.827462673187255859e+00	2.832558870315551758e+00	2.841268777847290039e+00	2.855291604995727539e+00	2.874141216278076172e+00
2.893594741821289062e+00	2.903534889221191406e+00	2.893678188323974609e+00	2.883710861206054688e+00	2.880100488662719727e+00	2.866538286209106445e+00	2.848251819610595703e+00	2.834474802017211914e+00	2.826895236968994141e+00	2.824185371398925781e+00	2.824543237686157227e+00	2.826591253280639648e+00	2.829517126083374023e+00	2.832869768142700195e+00	2.836340665817260742e+00	2.840013027191162109e+00	2.845144987106323242e+00	2.854272127151489258e+00	2.869929552078247070e+00	2.893495321273803711e+00	2.925023555755615234e+00	2.963045358657836914e+00	3.002426624298095703e+00	3.032420158386230469e+00	3.038303852081298828e+00	3.013906002044677734e+00	2.970048666000366211e+00	2.926420688629150391e+00	2.891825914382934570e+00	2.867232561111450195e+00	2.851734876632690430e+00	2.843159914016723633e+00	2.838665008544921875e+00	2.836153507232666016e+00	2.834676504135131836e+00	2.833671092987060547e+00	2.832625627517700195e+00	2.831207990646362305e+00	2.829448223114013672e+00	2.827847719192504883e+00	2.827293634414672852e+00	2.828700065612792969e+00	2.832448720932006836e+00	2.838204383850097656e+00	2.846043586730957031e+00	2.857915163040161133e+00	2.878239393234252930e+00	2.904972314834594727e+00	2.912722587585449219e+00	2.893801689147949219e+00	2.869857311248779297e+00	2.852759122848510742e+00	2.842727184295654297e+00	2.836953163146972656e+00	2.833018779754638672e+00	2.830039978027343750e+00	2.828724861145019531e+00	2.829955339431762695e+00	2.833522558212280273e+00	2.837957859039306641e+00	2.840950250625610352e+00	2.840552806854248047e+00	2.836741685867309570e+00	2.831344842910766602e+00	2.826640844345092773e+00	2.824224948883056641e+00	2.824603319168090820e+00	2.827477455139160156e+00	2.832726478576660156e+00	2.841341495513916016e+00	2.854947328567504883e+00	2.873589515686035156e+00
2.888370037078857422e+00	2.895946025848388672e+00	2.889301300048828125e+00	2.884796380996704102e+00	2.883324146270751953e+00	2.868912935256958008e+00	2.849216222763061523e+00	2.834689855575561523e+00	2.827066421508789062e+00	2.824517726898193359e+00	2.824872493743896484e+00	2.826759338378906250e+00	2.829454421997070312e+00	2.832594633102416992e+00	2.835892438888549805e+00	2.839466571807861328e+00	2.844640016555786133e+00	2.853914260864257812e+00	2.869815826416015625e+00	2.893510341644287109e+00	2.924469232559204102e+00	2.961636543273925781e+00	3.000133275985717773e+00	3.029372453689575195e+00	3.035153150558471680e+00	3.012021303176879883e+00	2.969247579574584961e+00	2.925865888595581055e+00	2.891355037689208984e+00	2.866784811019897461e+00	2.851243972778320312e+00	2.842598676681518555e+00	2.838084459304809570e+00	2.835633754730224609e+00	2.834272623062133789e+00	2.833400726318359375e+00	2.832490444183349609e+00	2.831233024597167969e+00	2.829593181610107422e+00	2.827938079833984375e+00	2.827210903167724609e+00	2.828446388244628906e+00	2.831955194473266602e+00	2.837270021438598633e+00	2.844503879547119141e+00	2.855650424957275391e+00	2.874261379241943359e+00	2.897558689117431641e+00	2.905501842498779297e+00	2.889729499816894531e+00	2.867280960083007812e+00	2.850373744964599609e+00	2.840095043182373047e+00	2.834432840347290039e+00	2.831269025802612305e+00	2.829444646835327148e+00	2.829031705856323242e+00	2.830472230911254883e+00	2.833703994750976562e+00	2.837645053863525391e+00	2.840375900268554688e+00	2.840105533599853516e+00	2.836682081222534180e+00	2.831865310668945312e+00	2.827713489532470703e+00	2.825008630752563477e+00	2.824418306350708008e+00	2.826454162597656250e+00	2.831156969070434570e+00	2.839504480361938477e+00	2.852910518646240234e+00	2.870741605758666992e+00
2.888941764831542969e+00	2.897307872772216797e+00	2.893436908721923828e+00	2.893297195434570312e+00	2.890922307968139648e+00	2.873061180114746094e+00	2.852038383483886719e+00	2.836743354797363281e+00	2.828265666961669922e+00	2.825150489807128906e+00	2.825578451156616211e+00	2.827938795089721680e+00	2.831094503402709961e+00	2.834470748901367188e+00	2.837727069854736328e+00	2.840896844863891602e+00	2.845353364944458008e+00	2.854001283645629883e+00	2.869562149047851562e+00	2.893124103546142578e+00	2.924406290054321289e+00	2.961883306503295898e+00	3.000555992126464844e+00	3.029707431793212891e+00	3.034629583358764648e+00	3.010858535766601562e+00	2.968508958816528320e+00	2.925633430480957031e+00	2.891570091247558594e+00	2.867504358291625977e+00	2.852480173110961914e+00	2.844197034835815430e+00	2.839801311492919922e+00	2.837311744689941406e+00	2.835881471633911133e+00	2.834987640380859375e+00	2.834068536758422852e+00	2.832694292068481445e+00	2.830782175064086914e+00	2.828830957412719727e+00	2.827887535095214844e+00	2.828997850418090820e+00	2.832545757293701172e+00	2.838120222091674805e+00	2.845839977264404297e+00	2.857408761978149414e+00	2.875707387924194336e+00	2.898004770278930664e+00	2.905320405960083008e+00	2.889808177947998047e+00	2.867786169052124023e+00	2.851102352142333984e+00	2.840963840484619141e+00	2.835410594940185547e+00	2.832320213317871094e+00	2.830491542816162109e+00	2.830050230026245117e+00	2.831562519073486328e+00	2.834955453872680664e+00	2.839119195938110352e+00	2.842076539993286133e+00	2.841851711273193359e+00	2.838231325149536133e+00	2.833017110824584961e+00	2.828311443328857422e+00	2.825635671615600586e+00	2.825573205947875977e+00	2.827886104583740234e+00	2.832489252090454102e+00	2.840527772903442383e+00	2.853636980056762695e+00	2.871259927749633789e+00
2.889282703399658203e+00	2.898958921432495117e+00	2.897065401077270508e+00	2.900122642517089844e+00	2.896398067474365234e+00	2.875057220458984375e+00	2.853193521499633789e+00	2.837767839431762695e+00	2.829143047332763672e+00	2.825992345809936523e+00	2.826436519622802734e+00	2.828860282897949219e+00	2.832160234451293945e+00	2.835653781890869141e+00	2.838832139968872070e+00	2.841758966445922852e+00	2.846004486083984375e+00	2.854531288146972656e+00	2.870004653930664062e+00	2.893489837646484375e+00	2.924655675888061523e+00	2.961870431900024414e+00	3.000043153762817383e+00	3.028491735458374023e+00	3.032397747039794922e+00	3.008845090866088867e+00	2.967723131179809570e+00	2.925373315811157227e+00	2.891604661941528320e+00	2.867827892303466797e+00	2.853079557418823242e+00	2.845030546188354492e+00	2.840788602828979492e+00	2.838350534439086914e+00	2.836896657943725586e+00	2.835947990417480469e+00	2.834967851638793945e+00	2.833523273468017578e+00	2.831545591354370117e+00	2.829549789428710938e+00	2.828561305999755859e+00	2.829625368118286133e+00	2.833201646804809570e+00	2.839020967483520508e+00	2.847252845764160156e+00	2.859373807907104492e+00	2.877945899963378906e+00	2.900449752807617188e+00	2.908086061477661133e+00	2.891931056976318359e+00	2.869178295135498047e+00	2.852180719375610352e+00	2.841937065124511719e+00	2.836346149444580078e+00	2.833212852478027344e+00	2.831341981887817383e+00	2.830867528915405273e+00	2.832365036010742188e+00	2.835731506347656250e+00	2.839830875396728516e+00	2.842722892761230469e+00	2.842500686645507812e+00	2.838983774185180664e+00	2.833959102630615234e+00	2.829467058181762695e+00	2.826830625534057617e+00	2.826573133468627930e+00	2.828545570373535156e+00	2.832779884338378906e+00	2.840515613555908203e+00	2.853409051895141602e+00	2.871021032333374023e+00
2.888753890991210938e+00	2.899357318878173828e+00	2.898723840713500977e+00	2.902729272842407227e+00	2.898262500762939453e+00	2.875956535339355469e+00	2.853647708892822266e+00	2.838086128234863281e+00	2.829488039016723633e+00	2.826254129409790039e+00	2.826599359512329102e+00	2.829044342041015625e+00	2.832517623901367188e+00	2.836243152618408203e+00	2.839623451232910156e+00	2.842641592025756836e+00	2.846806764602661133e+00	2.855134248733520508e+00	2.870350599288940430e+00	2.893543004989624023e+00	2.924318313598632812e+00	2.960913658142089844e+00	2.998479366302490234e+00	3.027015447616577148e+00	3.031585693359375000e+00	3.008689880371093750e+00	2.967174768447875977e+00	2.924741029739379883e+00	2.891154050827026367e+00	2.867674827575683594e+00	2.853244066238403320e+00	2.845463991165161133e+00	2.841409444808959961e+00	2.839055538177490234e+00	2.837605714797973633e+00	2.836636066436767578e+00	2.835684537887573242e+00	2.834390640258789062e+00	2.832669258117675781e+00	2.830837488174438477e+00	2.829764604568481445e+00	2.830664873123168945e+00	2.834175109863281250e+00	2.840071201324462891e+00	2.848623752593994141e+00	2.861199617385864258e+00	2.879983901977539062e+00	2.902179002761840820e+00	2.909448146820068359e+00	2.892825603485107422e+00	2.869767904281616211e+00	2.852650165557861328e+00	2.842376232147216797e+00	2.836878776550292969e+00	2.833947420120239258e+00	2.832303762435913086e+00	2.832067966461181641e+00	2.833772420883178711e+00	2.837118387222290039e+00	2.841010808944702148e+00	2.843742847442626953e+00	2.843461513519287109e+00	2.839888334274291992e+00	2.834757328033447266e+00	2.830192327499389648e+00	2.827575683593750000e+00	2.827306509017944336e+00	2.829158306121826172e+00	2.833208560943603516e+00	2.840726613998413086e+00	2.853346347808837891e+00	2.870611429214477539e+00
2.887252569198608398e+00	2.897020339965820312e+00	2.898156404495239258e+00	2.905446290969848633e+00	2.900339603424072266e+00	2.876656770706176758e+00	2.853816509246826172e+00	2.837912321090698242e+00	2.829146623611450195e+00	2.825848340988159180e+00	2.826154232025146484e+00	2.828601837158203125e+00	2.832126617431640625e+00	2.835900783538818359e+00	2.839313268661499023e+00	2.842388629913330078e+00	2.846603870391845703e+00	2.854866027832031250e+00	2.869905233383178711e+00	2.892883539199829102e+00	2.923407316207885742e+00	2.959632873535156250e+00	2.996713876724243164e+00	3.024967432022094727e+00	3.030131578445434570e+00	3.008792638778686523e+00	2.967565059661865234e+00	2.924825906753540039e+00	2.891029357910156250e+00	2.867365837097167969e+00	2.852725982666015625e+00	2.844782829284667969e+00	2.840723514556884766e+00	2.838540077209472656e+00	2.837368488311767578e+00	2.836771488189697266e+00	2.836387634277343750e+00	2.835691213607788086e+00	2.833593845367431641e+00	2.831004858016967773e+00	2.829674243927001953e+00	2.830653905868530273e+00	2.834504604339599609e+00	2.840920925140380859e+00	2.849877119064331055e+00	2.862313032150268555e+00	2.879717826843261719e+00	2.899462461471557617e+00	2.906080245971679688e+00	2.890395641326904297e+00	2.868253946304321289e+00	2.851663589477539062e+00	2.841716051101684570e+00	2.836467981338500977e+00	2.833725214004516602e+00	2.832217931747436523e+00	2.832095146179199219e+00	2.833919286727905273e+00	2.837298631668090820e+00	2.840980291366577148e+00	2.843474388122558594e+00	2.843046188354492188e+00	2.839378356933593750e+00	2.834212541580200195e+00	2.829688072204589844e+00	2.827185630798339844e+00	2.827091455459594727e+00	2.829105138778686523e+00	2.833239793777465820e+00	2.840699911117553711e+00	2.853066205978393555e+00	2.869900465011596680e+00
2.887154102325439453e+00	2.896958827972412109e+00	2.899422407150268555e+00	2.907981395721435547e+00	2.900518178939819336e+00	2.875852108001708984e+00	2.853084325790405273e+00	2.837330818176269531e+00	2.828759193420410156e+00	2.825683593750000000e+00	2.826226949691772461e+00	2.828951120376586914e+00	2.832854032516479492e+00	2.837083816528320312e+00	2.840680122375488281e+00	2.843403577804565430e+00	2.847008943557739258e+00	2.854699373245239258e+00	2.869305133819580078e+00	2.891990661621093750e+00	2.922290325164794922e+00	2.958277225494384766e+00	2.995200157165527344e+00	3.023547172546386719e+00	3.028321981430053711e+00	3.006472349166870117e+00	2.966839075088500977e+00	2.924914598464965820e+00	2.891245603561401367e+00	2.867632150650024414e+00	2.853244543075561523e+00	2.845722436904907227e+00	2.841715812683105469e+00	2.839242935180664062e+00	2.837675094604492188e+00	2.836483955383300781e+00	2.835149526596069336e+00	2.833374500274658203e+00	2.831273794174194336e+00	2.829439878463745117e+00	2.828806161880493164e+00	2.830294370651245117e+00	2.834397554397583008e+00	2.841112852096557617e+00	2.850571155548095703e+00	2.863232135772705078e+00	2.880060911178588867e+00	2.898489475250244141e+00	2.904409170150756836e+00	2.889050483703613281e+00	2.867389678955078125e+00	2.851069688796997070e+00	2.841189861297607422e+00	2.835879087448120117e+00	2.833020448684692383e+00	2.831413984298706055e+00	2.831172943115234375e+00	2.832797050476074219e+00	2.836141824722290039e+00	2.840116739273071289e+00	2.842843294143676758e+00	2.842460393905639648e+00	2.838811635971069336e+00	2.833778858184814453e+00	2.829488039016723633e+00	2.827227354049682617e+00	2.827306747436523438e+00	2.829370737075805664e+00	2.833384037017822266e+00	2.840642213821411133e+00	2.852947473526000977e+00	2.869868516921997070e+00
2.886497259140014648e+00	2.896195888519287109e+00	2.898669719696044922e+00	2.907519817352294922e+00	2.899335622787475586e+00	2.874223709106445312e+00	2.851456880569458008e+00	2.835931062698364258e+00	2.827647686004638672e+00	2.824765205383300781e+00	2.825341224670410156e+00	2.827916860580444336e+00	2.831476688385009766e+00	2.835237503051757812e+00	2.838544845581054688e+00	2.841421365737915039e+00	2.845478296279907227e+00	2.853699684143066406e+00	2.868769168853759766e+00	2.891803503036499023e+00	2.922354459762573242e+00	2.958470821380615234e+00	2.995219469070434570e+00	3.022861242294311523e+00	3.026201486587524414e+00	3.002206087112426758e+00	2.963273763656616211e+00	2.922966480255126953e+00	2.889979839324951172e+00	2.866371154785156250e+00	2.851565361022949219e+00	2.843506813049316406e+00	2.839471578598022461e+00	2.837350606918334961e+00	2.836081027984619141e+00	2.835054636001586914e+00	2.833786010742187500e+00	2.832012891769409180e+00	2.829865217208862305e+00	2.827931642532348633e+00	2.827147960662841797e+00	2.828485012054443359e+00	2.832579374313354492e+00	2.839532852172851562e+00	2.849340915679931641e+00	2.862237215042114258e+00	2.879130363464355469e+00	2.897564649581909180e+00	2.903405904769897461e+00	2.888044834136962891e+00	2.866425514221191406e+00	2.850086450576782227e+00	2.840150594711303711e+00	2.834776401519775391e+00	2.831927537918090820e+00	2.830409765243530273e+00	2.830258369445800781e+00	2.831920623779296875e+00	2.835241079330444336e+00	2.839138746261596680e+00	2.841792106628417969e+00	2.841464996337890625e+00	2.838010311126708984e+00	2.833127737045288086e+00	2.828825950622558594e+00	2.826400756835937500e+00	2.826251983642578125e+00	2.828163385391235352e+00	2.832211494445800781e+00	2.839658021926879883e+00	2.852167606353759766e+00	2.869204759597778320e+00
2.887073993682861328e+00	2.897146701812744141e+00	2.900931596755981445e+00	2.910315036773681641e+00	2.898387193679809570e+00	2.872410535812377930e+00	2.849923610687255859e+00	2.834889411926269531e+00	2.827063560485839844e+00	2.824503183364868164e+00	2.825265884399414062e+00	2.827928066253662109e+00	2.831509828567504883e+00	2.835247278213500977e+00	2.838495731353759766e+00	2.841319084167480469e+00	2.845395803451538086e+00	2.853710412979125977e+00	2.868879556655883789e+00	2.891972541809082031e+00	2.922541379928588867e+00	2.958673477172851562e+00	2.995477676391601562e+00	3.023208141326904297e+00	3.026566505432128906e+00	3.002273082733154297e+00	2.963167190551757812e+00	2.922755241394042969e+00	2.889656066894531250e+00	2.865947961807250977e+00	2.851070880889892578e+00	2.843039512634277344e+00	2.839182376861572266e+00	2.837317228317260742e+00	2.836271286010742188e+00	2.835399150848388672e+00	2.834230422973632812e+00	2.832509279251098633e+00	2.830348014831542969e+00	2.828317403793334961e+00	2.827361583709716797e+00	2.828503131866455078e+00	2.832485914230346680e+00	2.839560985565185547e+00	2.849768161773681641e+00	2.863069057464599609e+00	2.879913806915283203e+00	2.898015022277832031e+00	2.903752565383911133e+00	2.888302326202392578e+00	2.866524219512939453e+00	2.849984169006347656e+00	2.839799404144287109e+00	2.834226608276367188e+00	2.831374406814575195e+00	2.830052852630615234e+00	2.830159187316894531e+00	2.832007169723510742e+00	2.835370540618896484e+00	2.839156627655029297e+00	2.841625928878784180e+00	2.841236591339111328e+00	2.837907552719116211e+00	2.833178758621215820e+00	2.828938007354736328e+00	2.826455831527709961e+00	2.826161623001098633e+00	2.827939748764038086e+00	2.832003116607666016e+00	2.839625120162963867e+00	2.852355957031250000e+00	2.869591474533081055e+00
2.889248847961425781e+00	2.898862838745117188e+00	2.902800559997558594e+00	2.912365913391113281e+00	2.897444963455200195e+00	2.869620323181152344e+00	2.847151279449462891e+00	2.833263874053955078e+00	2.826712608337402344e+00	2.825081825256347656e+00	2.826204061508178711e+00	2.828717470169067383e+00	2.831902980804443359e+00	2.835124969482421875e+00	2.837992668151855469e+00	2.840742588043212891e+00	2.844959020614624023e+00	2.853360176086425781e+00	2.868310689926147461e+00	2.890828609466552734e+00	2.920758724212646484e+00	2.956378221511840820e+00	2.993026256561279297e+00	3.021634340286254883e+00	3.027167558670043945e+00	3.005736112594604492e+00	2.967239379882812500e+00	2.925481319427490234e+00	2.891267299652099609e+00	2.866765737533569336e+00	2.851313591003417969e+00	2.842959642410278320e+00	2.839015007019042969e+00	2.837117433547973633e+00	2.836000204086303711e+00	2.835077285766601562e+00	2.833938360214233398e+00	2.832340717315673828e+00	2.830383300781250000e+00	2.828620672225952148e+00	2.827898502349853516e+00	2.828958988189697266e+00	2.832705020904541016e+00	2.839820861816406250e+00	2.850215435028076172e+00	2.863558053970336914e+00	2.880156993865966797e+00	2.898012161254882812e+00	2.903367042541503906e+00	2.887473583221435547e+00	2.865525484085083008e+00	2.848837375640869141e+00	2.838634729385375977e+00	2.833323240280151367e+00	2.831026554107666016e+00	2.830344915390014648e+00	2.830698490142822266e+00	2.832486867904663086e+00	2.835826396942138672e+00	2.839601039886474609e+00	2.841963291168212891e+00	2.841444492340087891e+00	2.838187932968139648e+00	2.833691358566284180e+00	2.829492330551147461e+00	2.826779842376708984e+00	2.826147556304931641e+00	2.827634096145629883e+00	2.831664800643920898e+00	2.839673995971679688e+00	2.853131294250488281e+00	2.871204137802124023e+00
2.889485359191894531e+00	2.898487567901611328e+00	2.903884172439575195e+00	2.915053844451904297e+00	2.901808261871337891e+00	2.875979185104370117e+00	2.853963136672973633e+00	2.838880300521850586e+00	2.830735445022583008e+00	2.827802896499633789e+00	2.828218221664428711e+00	2.830701589584350586e+00	2.834320783615112305e+00	2.838278055191040039e+00	2.841799736022949219e+00	2.844643354415893555e+00	2.848167181015014648e+00	2.855454444885253906e+00	2.869562864303588867e+00	2.891928195953369141e+00	2.922300338745117188e+00	2.958938598632812500e+00	2.997043848037719727e+00	3.026339054107666016e+00	3.031176805496215820e+00	3.009483575820922852e+00	2.970781803131103516e+00	2.928703308105468750e+00	2.894516706466674805e+00	2.870608806610107422e+00	2.856178760528564453e+00	2.848543167114257812e+00	2.844336986541748047e+00	2.841610670089721680e+00	2.839781522750854492e+00	2.838436126708984375e+00	2.837088346481323242e+00	2.835407257080078125e+00	2.833412885665893555e+00	2.831543922424316406e+00	2.830580949783325195e+00	2.831497192382812500e+00	2.835245609283447266e+00	2.842311382293701172e+00	2.852506637573242188e+00	2.865318536758422852e+00	2.880776643753051758e+00	2.896813631057739258e+00	2.901718378067016602e+00	2.887388229370117188e+00	2.867091178894042969e+00	2.851591348648071289e+00	2.842108249664306641e+00	2.836999177932739258e+00	2.834297418594360352e+00	2.832889318466186523e+00	2.832951784133911133e+00	2.835026979446411133e+00	2.838977813720703125e+00	2.843611478805541992e+00	2.846739292144775391e+00	2.846121072769165039e+00	2.841776609420776367e+00	2.836110591888427734e+00	2.831432580947875977e+00	2.828982591629028320e+00	2.829023122787475586e+00	2.831167936325073242e+00	2.835330724716186523e+00	2.842789173126220703e+00	2.855349063873291016e+00	2.872501134872436523e+00
2.886564016342163086e+00	2.896040916442871094e+00	2.894340276718139648e+00	2.900130987167358398e+00	2.901108264923095703e+00	2.878684997558593750e+00	2.853753566741943359e+00	2.836046218872070312e+00	2.826300382614135742e+00	2.822518348693847656e+00	2.822533369064331055e+00	2.824774026870727539e+00	2.828264236450195312e+00	2.832324028015136719e+00	2.836206912994384766e+00	2.839515686035156250e+00	2.843482732772827148e+00	2.851146697998046875e+00	2.865524053573608398e+00	2.888059854507446289e+00	2.918596506118774414e+00	2.955482482910156250e+00	2.993871212005615234e+00	3.023435354232788086e+00	3.028715372085571289e+00	3.006090879440307617e+00	2.966384649276733398e+00	2.924448966979980469e+00	2.890355348587036133e+00	2.866193056106567383e+00	2.851216077804565430e+00	2.843097209930419922e+00	2.838844299316406250e+00	2.836286544799804688e+00	2.834477663040161133e+00	2.832950115203857422e+00	2.831309795379638672e+00	2.829313755035400391e+00	2.827031135559082031e+00	2.824959039688110352e+00	2.823968887329101562e+00	2.825035333633422852e+00	2.828939676284790039e+00	2.835927009582519531e+00	2.845725536346435547e+00	2.858692169189453125e+00	2.877193689346313477e+00	2.898677587509155273e+00	2.905997037887573242e+00	2.888676404953002930e+00	2.864771842956542969e+00	2.847311735153198242e+00	2.837187767028808594e+00	2.832250356674194336e+00	2.829909563064575195e+00	2.828489065170288086e+00	2.827964544296264648e+00	2.829120635986328125e+00	2.832173585891723633e+00	2.836164712905883789e+00	2.839124441146850586e+00	2.838949203491210938e+00	2.835332870483398438e+00	2.830219507217407227e+00	2.825823545455932617e+00	2.823508501052856445e+00	2.823641300201416016e+00	2.825887680053710938e+00	2.830242156982421875e+00	2.838033437728881836e+00	2.851047992706298828e+00	2.868706703186035156e+00
2.882481813430786133e+00	2.889077663421630859e+00	2.877638578414916992e+00	2.869114875793457031e+00	2.866105079650878906e+00	2.855827569961547852e+00	2.839768648147583008e+00	2.826795339584350586e+00	2.819384574890136719e+00	2.816662311553955078e+00	2.816967725753784180e+00	2.818978786468505859e+00	2.821936130523681641e+00	2.825479984283447266e+00	2.829265117645263672e+00	2.833047866821289062e+00	2.837761163711547852e+00	2.846067428588867188e+00	2.860811233520507812e+00	2.883409500122070312e+00	2.913769721984863281e+00	2.950339555740356445e+00	2.988389253616333008e+00	3.017943620681762695e+00	3.023826599121093750e+00	3.000931739807128906e+00	2.961014032363891602e+00	2.919383287429809570e+00	2.885188579559326172e+00	2.860430002212524414e+00	2.844527482986450195e+00	2.835501432418823242e+00	2.830778121948242188e+00	2.828392267227172852e+00	2.827270746231079102e+00	2.826614618301391602e+00	2.825701713562011719e+00	2.824103355407714844e+00	2.821849584579467773e+00	2.819437026977539062e+00	2.817686319351196289e+00	2.817448854446411133e+00	2.819403886795043945e+00	2.824065923690795898e+00	2.832150697708129883e+00	2.845443725585937500e+00	2.867100477218627930e+00	2.893330812454223633e+00	2.903198480606079102e+00	2.885799884796142578e+00	2.861093044281005859e+00	2.842581033706665039e+00	2.831264495849609375e+00	2.825238466262817383e+00	2.822255849838256836e+00	2.820856332778930664e+00	2.820884704589843750e+00	2.822711467742919922e+00	2.826174259185791016e+00	2.830209016799926758e+00	2.832993268966674805e+00	2.832660436630249023e+00	2.828894615173339844e+00	2.823391437530517578e+00	2.818294525146484375e+00	2.815182924270629883e+00	2.814862728118896484e+00	2.817418813705444336e+00	2.822873592376708984e+00	2.832122802734375000e+00	2.846412420272827148e+00	2.864792823791503906e+00
2.860224246978759766e+00	2.857204198837280273e+00	2.845003843307495117e+00	2.830835580825805664e+00	2.819316625595092773e+00	2.812764883041381836e+00	2.809158325195312500e+00	2.807363510131835938e+00	2.807171583175659180e+00	2.808256864547729492e+00	2.809956312179565430e+00	2.811609506607055664e+00	2.813014745712280273e+00	2.814556598663330078e+00	2.816971302032470703e+00	2.821164608001708984e+00	2.828202724456787109e+00	2.839285135269165039e+00	2.855655908584594727e+00	2.878197193145751953e+00	2.907053947448730469e+00	2.941121339797973633e+00	2.976511240005493164e+00	3.005167722702026367e+00	3.011843919754028320e+00	2.989547491073608398e+00	2.949386835098266602e+00	2.907930612564086914e+00	2.873925209045410156e+00	2.848547697067260742e+00	2.831119298934936523e+00	2.820442676544189453e+00	2.815114974975585938e+00	2.813518047332763672e+00	2.813987016677856445e+00	2.815054655075073242e+00	2.815637350082397461e+00	2.815091133117675781e+00	2.813262701034545898e+00	2.810522079467773438e+00	2.807657480239868164e+00	2.805576801300048828e+00	2.805130958557128906e+00	2.807244062423706055e+00	2.813388824462890625e+00	2.825565814971923828e+00	2.842344045639038086e+00	2.862597465515136719e+00	2.878106117248535156e+00	2.871542692184448242e+00	2.849888324737548828e+00	2.830906391143798828e+00	2.818108797073364258e+00	2.810499191284179688e+00	2.806891202926635742e+00	2.806377887725830078e+00	2.808194637298583984e+00	2.811641216278076172e+00	2.815858602523803711e+00	2.819722175598144531e+00	2.821990728378295898e+00	2.821759700775146484e+00	2.818923711776733398e+00	2.814267396926879883e+00	2.809123277664184570e+00	2.804941177368164062e+00	2.803003787994384766e+00	2.804335832595825195e+00	2.809768199920654297e+00	2.819871902465820312e+00	2.834396600723266602e+00	2.850311517715454102e+00
2.783117532730102539e+00	2.784268140792846680e+00	2.783731222152709961e+00	2.783607959747314453e+00	2.783788681030273438e+00	2.783625125885009766e+00	2.782658100128173828e+00	2.782158374786376953e+00	2.783259153366088867e+00	2.785523891448974609e+00	2.787525653839111328e+00	2.787984371185302734e+00	2.787441968917846680e+00	2.786932706832885742e+00	2.786519765853881836e+00	2.786159515380859375e+00	2.786547660827636719e+00	2.788509130477905273e+00	2.792197227478027344e+00	2.796765327453613281e+00	2.800730705261230469e+00	2.803202867507934570e+00	2.804072856903076172e+00	2.803189754486083984e+00	2.800422906875610352e+00	2.795930862426757812e+00	2.790215253829956055e+00	2.784755468368530273e+00	2.780658960342407227e+00	2.778223514556884766e+00	2.777299165725708008e+00	2.777422189712524414e+00	2.777833461761474609e+00	2.778415203094482422e+00	2.779801607131958008e+00	2.780103683471679688e+00	2.778915882110595703e+00	2.778488636016845703e+00	2.778719902038574219e+00	2.779117345809936523e+00	2.779440402984619141e+00	2.779916524887084961e+00	2.780869483947753906e+00	2.782134532928466797e+00	2.783478498458862305e+00	2.785094499588012695e+00	2.787021398544311523e+00	2.789279937744140625e+00	2.791882514953613281e+00	2.794481039047241211e+00	2.796511650085449219e+00	2.797550201416015625e+00	2.797081947326660156e+00	2.795052766799926758e+00	2.792215108871459961e+00	2.789339780807495117e+00	2.786903619766235352e+00	2.785398721694946289e+00	2.784998893737792969e+00	2.785205364227294922e+00	2.785329580307006836e+00	2.785048007965087891e+00	2.783962488174438477e+00	2.782257795333862305e+00	2.780956983566284180e+00	2.779640436172485352e+00	2.778128862380981445e+00	2.777058839797973633e+00	2.776940345764160156e+00	2.777582883834838867e+00	2.778744697570800781e+00	2.780554533004760742e+00
2.782350301742553711e+00	2.782638072967529297e+00	2.781783819198608398e+00	2.782052516937255859e+00	2.783113718032836914e+00	2.783582448959350586e+00	2.783630132675170898e+00	2.784095048904418945e+00	2.785187959671020508e+00	2.786347150802612305e+00	2.787091493606567383e+00	2.787211656570434570e+00	2.786676406860351562e+00	2.785959720611572266e+00	2.785822629928588867e+00	2.786619663238525391e+00	2.788283348083496094e+00	2.791077136993408203e+00	2.795647144317626953e+00	2.802249193191528320e+00	2.810107946395874023e+00	2.817464113235473633e+00	2.822725057601928711e+00	2.824732065200805664e+00	2.821970939636230469e+00	2.814323902130126953e+00	2.804393768310546875e+00	2.795203685760498047e+00	2.788293600082397461e+00	2.783738851547241211e+00	2.780378341674804688e+00	2.777291536331176758e+00	2.775069713592529297e+00	2.774122238159179688e+00	2.774523019790649414e+00	2.775318145751953125e+00	2.775866746902465820e+00	2.776570796966552734e+00	2.777311563491821289e+00	2.778321504592895508e+00	2.779619932174682617e+00	2.780956983566284180e+00	2.782141685485839844e+00	2.783019542694091797e+00	2.783845663070678711e+00	2.784998893737792969e+00	2.786679983139038086e+00	2.789270401000976562e+00	2.792708158493041992e+00	2.795438528060913086e+00	2.795633077621459961e+00	2.793678998947143555e+00	2.790906906127929688e+00	2.788489341735839844e+00	2.786845684051513672e+00	2.785558223724365234e+00	2.784495115280151367e+00	2.784112691879272461e+00	2.784433126449584961e+00	2.784893989562988281e+00	2.784527778625488281e+00	2.782969236373901367e+00	2.780382156372070312e+00	2.777510881423950195e+00	2.774933099746704102e+00	2.773147583007812500e+00	2.772604942321777344e+00	2.773124217987060547e+00	2.774385690689086914e+00	2.776249170303344727e+00	2.778485774993896484e+00	2.780656337738037109e+00
