2.826442718505859375e+00	2.827565193176269531e+00	2.831277132034301758e+00	2.837989091873168945e+00	2.848839759826660156e+00	2.866440057754516602e+00	2.895831823348999023e+00	2.946143388748168945e+00	2.993086099624633789e+00	2.951956748962402344e+00	2.901324748992919922e+00	2.871313333511352539e+00	2.853026628494262695e+00	2.841054201126098633e+00	2.832861661911010742e+00	2.827678680419921875e+00	2.825363159179687500e+00	2.825479507446289062e+00	2.827348232269287109e+00	2.830180168151855469e+00	2.833131790161132812e+00	2.835244655609130859e+00	2.835850238800048828e+00	2.835202932357788086e+00	2.834079265594482422e+00	2.833270788192749023e+00	2.832270383834838867e+00	2.831314802169799805e+00	2.831096887588500977e+00	2.831463098526000977e+00	2.832328081130981445e+00	2.833824396133422852e+00	2.836223840713500977e+00	2.840135574340820312e+00	2.846999406814575195e+00	2.858820438385009766e+00	2.877515792846679688e+00	2.903623819351196289e+00	2.935338020324707031e+00	2.968065500259399414e+00	2.992496967315673828e+00	2.995851755142211914e+00	2.975737094879150391e+00	2.944673776626586914e+00	2.913097620010375977e+00	2.886144638061523438e+00	2.865665674209594727e+00	2.851548194885253906e+00	2.842140913009643555e+00	2.835312843322753906e+00	2.830066680908203125e+00	2.826751232147216797e+00	2.826231718063354492e+00	2.829090833663940430e+00	2.834252357482910156e+00	2.837850332260131836e+00	2.837003946304321289e+00	2.832959651947021484e+00	2.828107833862304688e+00	2.824418544769287109e+00	2.823189973831176758e+00	2.824876546859741211e+00	2.828807830810546875e+00	2.833350658416748047e+00	2.837092638015747070e+00	2.839463472366333008e+00	2.840338230133056641e+00	2.839607954025268555e+00	2.837386369705200195e+00	2.834119796752929688e+00	2.830518484115600586e+00	2.827624082565307617e+00
2.817274093627929688e+00	2.820258378982543945e+00	2.825975656509399414e+00	2.835236787796020508e+00	2.850710153579711914e+00	2.876933813095092773e+00	2.919764757156372070e+00	2.972733497619628906e+00	2.963238477706909180e+00	2.905610561370849609e+00	2.869743824005126953e+00	2.848196268081665039e+00	2.834337472915649414e+00	2.825274229049682617e+00	2.819979906082153320e+00	2.817704200744628906e+00	2.817430257797241211e+00	2.818525314331054688e+00	2.820762872695922852e+00	2.823645830154418945e+00	2.826143503189086914e+00	2.827262163162231445e+00	2.826606988906860352e+00	2.824590444564819336e+00	2.822110652923583984e+00	2.819990158081054688e+00	2.818593740463256836e+00	2.817890405654907227e+00	2.817718505859375000e+00	2.818077802658081055e+00	2.819146871566772461e+00	2.821079492568969727e+00	2.823784112930297852e+00	2.827204704284667969e+00	2.832316160202026367e+00	2.841298818588256836e+00	2.855762004852294922e+00	2.876909017562866211e+00	2.904326200485229492e+00	2.934340238571166992e+00	2.959734201431274414e+00	2.970983982086181641e+00	2.962402105331420898e+00	2.938846588134765625e+00	2.909966707229614258e+00	2.882740020751953125e+00	2.860641717910766602e+00	2.844702959060668945e+00	2.834060907363891602e+00	2.826680660247802734e+00	2.820950746536254883e+00	2.816612958908081055e+00	2.814270973205566406e+00	2.814410686492919922e+00	2.816438674926757812e+00	2.818154335021972656e+00	2.817626476287841797e+00	2.815274715423583984e+00	2.812398910522460938e+00	2.810625791549682617e+00	2.811384201049804688e+00	2.815028905868530273e+00	2.820774316787719727e+00	2.826558113098144531e+00	2.830443859100341797e+00	2.832130432128906250e+00	2.831690549850463867e+00	2.829395771026611328e+00	2.825832605361938477e+00	2.821953296661376953e+00	2.818745374679565430e+00	2.816955804824829102e+00
2.826838254928588867e+00	2.834038019180297852e+00	2.845679521560668945e+00	2.864606857299804688e+00	2.896021604537963867e+00	2.947652816772460938e+00	2.998576164245605469e+00	2.956024646759033203e+00	2.901578903198242188e+00	2.867945194244384766e+00	2.848084449768066406e+00	2.836825847625732422e+00	2.831500291824340820e+00	2.831106185913085938e+00	2.836441993713378906e+00	2.848687887191772461e+00	2.850882768630981445e+00	2.841959238052368164e+00	2.837664842605590820e+00	2.835763216018676758e+00	2.834150552749633789e+00	2.831857442855834961e+00	2.828675270080566406e+00	2.825464725494384766e+00	2.823388814926147461e+00	2.822662353515625000e+00	2.822507619857788086e+00	2.822173118591308594e+00	2.821675062179565430e+00	2.821567296981811523e+00	2.821995258331298828e+00	2.823288202285766602e+00	2.826462030410766602e+00	2.831949234008789062e+00	2.838759899139404297e+00	2.844623088836669922e+00	2.850936412811279297e+00	2.862070083618164062e+00	2.880948543548583984e+00	2.906983375549316406e+00	2.936344861984252930e+00	2.962114095687866211e+00	2.974873781204223633e+00	2.968437433242797852e+00	2.946568250656127930e+00	2.918518781661987305e+00	2.891327142715454102e+00	2.868533372879028320e+00	2.851418256759643555e+00	2.839634418487548828e+00	2.831836462020874023e+00	2.826549291610717773e+00	2.822978019714355469e+00	2.820915937423706055e+00	2.820199728012084961e+00	2.820488214492797852e+00	2.821287631988525391e+00	2.822170734405517578e+00	2.822478294372558594e+00	2.822823286056518555e+00	2.824349403381347656e+00	2.827042579650878906e+00	2.830265998840332031e+00	2.833009243011474609e+00	2.834486484527587891e+00	2.834285736083984375e+00	2.832422494888305664e+00	2.829410791397094727e+00	2.826061487197875977e+00	2.823271036148071289e+00	2.821951627731323242e+00	2.822950601577758789e+00
2.823193073272705078e+00	2.829332351684570312e+00	2.838657379150390625e+00	2.853020668029785156e+00	2.875294685363769531e+00	2.910399913787841797e+00	2.942773342132568359e+00	2.919422626495361328e+00	2.883816719055175781e+00	2.857448101043701172e+00	2.840873003005981445e+00	2.832230567932128906e+00	2.830159664154052734e+00	2.834308862686157227e+00	2.844852685928344727e+00	2.859163999557495117e+00	2.860190153121948242e+00	2.846054553985595703e+00	2.837728500366210938e+00	2.833857297897338867e+00	2.831356525421142578e+00	2.828301429748535156e+00	2.825188636779785156e+00	2.822667598724365234e+00	2.821163654327392578e+00	2.820610523223876953e+00	2.820371627807617188e+00	2.820022583007812500e+00	2.819939136505126953e+00	2.820339202880859375e+00	2.821131229400634766e+00	2.825073719024658203e+00	2.832519292831420898e+00	2.841988086700439453e+00	2.850938320159912109e+00	2.854870796203613281e+00	2.857260465621948242e+00	2.865481376647949219e+00	2.882755041122436523e+00	2.907994031906127930e+00	2.937169790267944336e+00	2.963136434555053711e+00	2.976144552230834961e+00	2.969926595687866211e+00	2.948218107223510742e+00	2.920309782028198242e+00	2.893079996109008789e+00	2.869732379913330078e+00	2.851355791091918945e+00	2.837878227233886719e+00	2.828677177429199219e+00	2.822764158248901367e+00	2.819226026535034180e+00	2.817505121231079102e+00	2.817261695861816406e+00	2.818097829818725586e+00	2.819465875625610352e+00	2.820903539657592773e+00	2.822438478469848633e+00	2.824206352233886719e+00	2.826248645782470703e+00	2.828551292419433594e+00	2.830729007720947266e+00	2.832053899765014648e+00	2.832011222839355469e+00	2.830619096755981445e+00	2.828210115432739258e+00	2.825150728225708008e+00	2.821934223175048828e+00	2.819299221038818359e+00	2.818224668502807617e+00	2.819502115249633789e+00
2.820526361465454102e+00	2.823751211166381836e+00	2.828899145126342773e+00	2.836382865905761719e+00	2.847272634506225586e+00	2.863027572631835938e+00	2.882859468460083008e+00	2.893947601318359375e+00	2.886083602905273438e+00	2.867709875106811523e+00	2.850668430328369141e+00	2.838868141174316406e+00	2.831439495086669922e+00	2.827395915985107422e+00	2.825590372085571289e+00	2.824704408645629883e+00	2.824594259262084961e+00	2.825683832168579102e+00	2.827779293060302734e+00	2.830184459686279297e+00	2.831891059875488281e+00	2.831929206848144531e+00	2.830046653747558594e+00	2.826871156692504883e+00	2.823436975479125977e+00	2.820620536804199219e+00	2.818819046020507812e+00	2.817943572998046875e+00	2.817766189575195312e+00	2.818424224853515625e+00	2.820504426956176758e+00	2.824726819992065430e+00	2.831408739089965820e+00	2.839485645294189453e+00	2.847208499908447266e+00	2.854738950729370117e+00	2.865469455718994141e+00	2.882368326187133789e+00	2.905718564987182617e+00	2.933459043502807617e+00	2.960608243942260742e+00	2.978547573089599609e+00	2.978411436080932617e+00	2.959890365600585938e+00	2.931535720825195312e+00	2.902181863784790039e+00	2.876895427703857422e+00	2.857504844665527344e+00	2.843665361404418945e+00	2.833965778350830078e+00	2.826984882354736328e+00	2.821869134902954102e+00	2.818305969238281250e+00	2.816380500793457031e+00	2.816077470779418945e+00	2.816741466522216797e+00	2.817439079284667969e+00	2.817618370056152344e+00	2.817575454711914062e+00	2.818683862686157227e+00	2.822041034698486328e+00	2.827287435531616211e+00	2.832314729690551758e+00	2.835024595260620117e+00	2.835475444793701172e+00	2.834290266036987305e+00	2.831935405731201172e+00	2.828806638717651367e+00	2.825418472290039062e+00	2.822306394577026367e+00	2.820005893707275391e+00	2.819281339645385742e+00
2.821828126907348633e+00	2.822353601455688477e+00	2.823999643325805664e+00	2.826972723007202148e+00	2.831955671310424805e+00	2.839510202407836914e+00	2.849242687225341797e+00	2.858947038650512695e+00	2.863337516784667969e+00	2.858789443969726562e+00	2.850499868392944336e+00	2.842432737350463867e+00	2.835220575332641602e+00	2.829171657562255859e+00	2.824697256088256836e+00	2.822087287902832031e+00	2.821225404739379883e+00	2.821835517883300781e+00	2.823920249938964844e+00	2.826955080032348633e+00	2.829958915710449219e+00	2.831793308258056641e+00	2.831672191619873047e+00	2.829721927642822266e+00	2.826761722564697266e+00	2.823763370513916016e+00	2.821513652801513672e+00	2.820502281188964844e+00	2.820900440216064453e+00	2.822774648666381836e+00	2.826263189315795898e+00	2.831657171249389648e+00	2.839757442474365234e+00	2.851868867874145508e+00	2.867555141448974609e+00	2.882445812225341797e+00	2.894327878952026367e+00	2.910238981246948242e+00	2.931304693222045898e+00	2.955558061599731445e+00	2.975562810897827148e+00	2.980491161346435547e+00	2.966042995452880859e+00	2.939054012298583984e+00	2.909246206283569336e+00	2.882973670959472656e+00	2.862916469573974609e+00	2.849064350128173828e+00	2.839648008346557617e+00	2.832417249679565430e+00	2.826244592666625977e+00	2.821566581726074219e+00	2.819458961486816406e+00	2.820644140243530273e+00	2.824313640594482422e+00	2.827209949493408203e+00	2.826821327209472656e+00	2.824373483657836914e+00	2.821832180023193359e+00	2.821638584136962891e+00	2.825334310531616211e+00	2.832004308700561523e+00	2.837436199188232422e+00	2.838589906692504883e+00	2.838022232055664062e+00	2.837198495864868164e+00	2.835729598999023438e+00	2.833220005035400391e+00	2.830105781555175781e+00	2.826989650726318359e+00	2.824342012405395508e+00	2.822530508041381836e+00
2.821513175964355469e+00	2.821879148483276367e+00	2.823151588439941406e+00	2.825278520584106445e+00	2.829005718231201172e+00	2.835284471511840820e+00	2.844154596328735352e+00	2.853961944580078125e+00	2.860728979110717773e+00	2.861073970794677734e+00	2.854395627975463867e+00	2.845336675643920898e+00	2.837362766265869141e+00	2.830797672271728516e+00	2.825578212738037109e+00	2.822096109390258789e+00	2.820639371871948242e+00	2.821129560470581055e+00	2.823205947875976562e+00	2.826225519180297852e+00	2.829284191131591797e+00	2.831325531005859375e+00	2.831342697143554688e+00	2.829198837280273438e+00	2.825902462005615234e+00	2.822646617889404297e+00	2.820288896560668945e+00	2.819301128387451172e+00	2.819914340972900391e+00	2.822268962860107422e+00	2.826384067535400391e+00	2.832191467285156250e+00	2.839826583862304688e+00	2.850003242492675781e+00	2.864197254180908203e+00	2.880716323852539062e+00	2.895408391952514648e+00	2.911938667297363281e+00	2.933657646179199219e+00	2.958164930343627930e+00	2.977398395538330078e+00	2.981103420257568359e+00	2.965434312820434570e+00	2.937664031982421875e+00	2.907578945159912109e+00	2.881343364715576172e+00	2.861476421356201172e+00	2.847999095916748047e+00	2.839102506637573242e+00	2.832269430160522461e+00	2.826158046722412109e+00	2.821234703063964844e+00	2.818749189376831055e+00	2.819601297378540039e+00	2.823055505752563477e+00	2.825793981552124023e+00	2.825216293334960938e+00	2.822631359100341797e+00	2.820417165756225586e+00	2.820654392242431641e+00	2.824377059936523438e+00	2.830041170120239258e+00	2.834168434143066406e+00	2.836126327514648438e+00	2.837062358856201172e+00	2.837240934371948242e+00	2.836355447769165039e+00	2.833575487136840820e+00	2.829939365386962891e+00	2.826637268066406250e+00	2.823984622955322266e+00	2.822224140167236328e+00
2.795305490493774414e+00	2.795358180999755859e+00	2.795789480209350586e+00	2.796164989471435547e+00	2.797188282012939453e+00	2.799450635910034180e+00	2.802648544311523438e+00	2.805187225341796875e+00	2.805283784866333008e+00	2.803719282150268555e+00	2.802021026611328125e+00	2.800250291824340820e+00	2.797722101211547852e+00	2.794454574584960938e+00	2.791611433029174805e+00	2.789990663528442383e+00	2.789410352706909180e+00	2.790021181106567383e+00	2.791683912277221680e+00	2.793624162673950195e+00	2.795279264450073242e+00	2.796188354492187500e+00	2.795810937881469727e+00	2.793893098831176758e+00	2.791108131408691406e+00	2.788566112518310547e+00	2.787004947662353516e+00	2.787004470825195312e+00	2.789233207702636719e+00	2.794543981552124023e+00	2.803851604461669922e+00	2.816874504089355469e+00	2.831172704696655273e+00	2.847265243530273438e+00	2.865277290344238281e+00	2.875058889389038086e+00	2.871923208236694336e+00	2.866544485092163086e+00	2.870045661926269531e+00	2.883586168289184570e+00	2.900219440460205078e+00	2.910846710205078125e+00	2.909690141677856445e+00	2.897769451141357422e+00	2.879827499389648438e+00	2.860635042190551758e+00	2.843576669692993164e+00	2.830247402191162109e+00	2.820501089096069336e+00	2.812935590744018555e+00	2.806095838546752930e+00	2.799784183502197266e+00	2.794642686843872070e+00	2.791130065917968750e+00	2.789576292037963867e+00	2.789351940155029297e+00	2.789287567138671875e+00	2.789083003997802734e+00	2.789826869964599609e+00	2.793313503265380859e+00	2.800085783004760742e+00	2.808295488357543945e+00	2.814976930618286133e+00	2.818246364593505859e+00	2.818271398544311523e+00	2.815675973892211914e+00	2.810867547988891602e+00	2.805547952651977539e+00	2.800935506820678711e+00	2.797720909118652344e+00	2.796169519424438477e+00	2.795665264129638672e+00
2.796600818634033203e+00	2.797539949417114258e+00	2.798130035400390625e+00	2.798021793365478516e+00	2.798059225082397461e+00	2.798255205154418945e+00	2.797714948654174805e+00	2.796445131301879883e+00	2.795403480529785156e+00	2.794887065887451172e+00	2.794302463531494141e+00	2.793097019195556641e+00	2.791112661361694336e+00	2.788542032241821289e+00	2.785943031311035156e+00	2.783368587493896484e+00	2.780878782272338867e+00	2.780064821243286133e+00	2.781260013580322266e+00	2.783615112304687500e+00	2.785924434661865234e+00	2.787224769592285156e+00	2.786895275115966797e+00	2.784872293472290039e+00	2.781974077224731445e+00	2.779683113098144531e+00	2.779320716857910156e+00	2.781236648559570312e+00	2.785552263259887695e+00	2.790969133377075195e+00	2.798324823379516602e+00	2.812964200973510742e+00	2.835504531860351562e+00	2.863569736480712891e+00	2.886873245239257812e+00	2.886477947235107422e+00	2.863484859466552734e+00	2.841086387634277344e+00	2.829945325851440430e+00	2.829168796539306641e+00	2.834894895553588867e+00	2.842795848846435547e+00	2.849033117294311523e+00	2.851329803466796875e+00	2.849785089492797852e+00	2.845571279525756836e+00	2.839866876602172852e+00	2.833751440048217773e+00	2.827944278717041016e+00	2.822644948959350586e+00	2.817491054534912109e+00	2.812227010726928711e+00	2.807164192199707031e+00	2.803373575210571289e+00	2.801997661590576172e+00	2.803818941116333008e+00	2.806749343872070312e+00	2.805360794067382812e+00	2.804023027420043945e+00	2.807206153869628906e+00	2.815131902694702148e+00	2.824988365173339844e+00	2.830195665359497070e+00	2.826922655105590820e+00	2.818944692611694336e+00	2.810342311859130859e+00	2.802906990051269531e+00	2.797432184219360352e+00	2.794320583343505859e+00	2.793498516082763672e+00	2.794238090515136719e+00	2.795587062835693359e+00
2.800649642944335938e+00	2.803530454635620117e+00	2.804983615875244141e+00	2.804483175277709961e+00	2.802013635635375977e+00	2.798854112625122070e+00	2.796366930007934570e+00	2.794709682464599609e+00	2.793882369995117188e+00	2.794183254241943359e+00	2.795157432556152344e+00	2.795798301696777344e+00	2.795528650283813477e+00	2.794207811355590820e+00	2.791882514953613281e+00	2.789227008819580078e+00	2.787314414978027344e+00	2.786717891693115234e+00	2.787317037582397461e+00	2.788620710372924805e+00	2.789987087249755859e+00	2.790911912918090820e+00	2.791150093078613281e+00	2.790532588958740234e+00	2.789155483245849609e+00	2.788064002990722656e+00	2.788240909576416016e+00	2.789546966552734375e+00	2.791565418243408203e+00	2.794472455978393555e+00	2.800313234329223633e+00	2.813458442687988281e+00	2.837463617324829102e+00	2.872018098831176758e+00	2.898770093917846680e+00	2.893400907516479492e+00	2.867156267166137695e+00	2.845132589340209961e+00	2.835586786270141602e+00	2.835940599441528320e+00	2.842136144638061523e+00	2.849656581878662109e+00	2.854745626449584961e+00	2.856223106384277344e+00	2.854975461959838867e+00	2.851895093917846680e+00	2.847523450851440430e+00	2.842250585556030273e+00	2.836285829544067383e+00	2.829610347747802734e+00	2.822787523269653320e+00	2.816523790359497070e+00	2.811227560043334961e+00	2.807294845581054688e+00	2.804899454116821289e+00	2.803848981857299805e+00	2.803479671478271484e+00	2.804163932800292969e+00	2.807640314102172852e+00	2.815277338027954102e+00	2.824542760848999023e+00	2.828831672668457031e+00	2.828975439071655273e+00	2.824040412902832031e+00	2.814876079559326172e+00	2.805840969085693359e+00	2.799515485763549805e+00	2.795912981033325195e+00	2.793570518493652344e+00	2.792995929718017578e+00	2.794623613357543945e+00	2.797420978546142578e+00
2.799484252929687500e+00	2.804203271865844727e+00	2.806468486785888672e+00	2.804575204849243164e+00	2.802080869674682617e+00	2.801010131835937500e+00	2.800715684890747070e+00	2.799714565277099609e+00	2.798765897750854492e+00	2.798481702804565430e+00	2.798433542251586914e+00	2.798203706741333008e+00	2.797492980957031250e+00	2.796062707901000977e+00	2.794056415557861328e+00	2.791980981826782227e+00	2.790235042572021484e+00	2.789000034332275391e+00	2.788470506668090820e+00	2.788484573364257812e+00	2.788561105728149414e+00	2.788758516311645508e+00	2.789196252822875977e+00	2.789401054382324219e+00	2.788807630538940430e+00	2.788101673126220703e+00	2.788023471832275391e+00	2.788760185241699219e+00	2.790228843688964844e+00	2.792802333831787109e+00	2.798504590988159180e+00	2.810496807098388672e+00	2.831651687622070312e+00	2.860250949859619141e+00	2.876891136169433594e+00	2.867283582687377930e+00	2.854327440261840820e+00	2.846095085144042969e+00	2.845209121704101562e+00	2.851705551147460938e+00	2.863176584243774414e+00	2.875135421752929688e+00	2.882570981979370117e+00	2.883319854736328125e+00	2.878949403762817383e+00	2.872176885604858398e+00	2.863830566406250000e+00	2.854113101959228516e+00	2.844099521636962891e+00	2.834519386291503906e+00	2.825709342956542969e+00	2.817811727523803711e+00	2.810878515243530273e+00	2.804904937744140625e+00	2.799853801727294922e+00	2.796009540557861328e+00	2.793700218200683594e+00	2.793001174926757812e+00	2.794217824935913086e+00	2.797779560089111328e+00	2.803015947341918945e+00	2.807241678237915039e+00	2.808669328689575195e+00	2.807272911071777344e+00	2.802829265594482422e+00	2.797360181808471680e+00	2.792719364166259766e+00	2.789422750473022461e+00	2.787822961807250977e+00	2.788302659988403320e+00	2.790862798690795898e+00	2.794823169708251953e+00
2.808180570602416992e+00	2.813713550567626953e+00	2.812340497970581055e+00	2.806252241134643555e+00	2.802563905715942383e+00	2.801850318908691406e+00	2.801017522811889648e+00	2.798421621322631836e+00	2.796612024307250977e+00	2.796428918838500977e+00	2.796597003936767578e+00	2.795600891113281250e+00	2.793315649032592773e+00	2.790344715118408203e+00	2.787227869033813477e+00	2.784776687622070312e+00	2.783627986907958984e+00	2.784006834030151367e+00	2.785765409469604492e+00	2.788420677185058594e+00	2.791435718536376953e+00	2.794339895248413086e+00	2.796626806259155273e+00	2.797130346298217773e+00	2.794603586196899414e+00	2.790472030639648438e+00	2.787057638168334961e+00	2.785557985305786133e+00	2.786119699478149414e+00	2.788213491439819336e+00	2.793137073516845703e+00	2.802402734756469727e+00	2.814487457275390625e+00	2.824444770812988281e+00	2.828897714614868164e+00	2.828491926193237305e+00	2.827633619308471680e+00	2.828500747680664062e+00	2.832993507385253906e+00	2.842426300048828125e+00	2.856066942214965820e+00	2.870666027069091797e+00	2.880377054214477539e+00	2.881525039672851562e+00	2.876638174057006836e+00	2.869816541671752930e+00	2.862867832183837891e+00	2.855731010437011719e+00	2.848593950271606445e+00	2.841144084930419922e+00	2.832886695861816406e+00	2.823658466339111328e+00	2.814322233200073242e+00	2.805762052536010742e+00	2.798444747924804688e+00	2.792809963226318359e+00	2.789009571075439453e+00	2.787138700485229492e+00	2.787617921829223633e+00	2.790805339813232422e+00	2.795613527297973633e+00	2.799404382705688477e+00	2.801600217819213867e+00	2.802103519439697266e+00	2.799957513809204102e+00	2.796170234680175781e+00	2.792710065841674805e+00	2.790658235549926758e+00	2.790635108947753906e+00	2.792340517044067383e+00	2.795469522476196289e+00	2.801306009292602539e+00
2.799349308013916016e+00	2.803518056869506836e+00	2.802535772323608398e+00	2.799743175506591797e+00	2.798168659210205078e+00	2.798592329025268555e+00	2.800287961959838867e+00	2.801504373550415039e+00	2.800983428955078125e+00	2.799343824386596680e+00	2.797292947769165039e+00	2.794592618942260742e+00	2.790719509124755859e+00	2.785987138748168945e+00	2.782209157943725586e+00	2.779755830764770508e+00	2.778371334075927734e+00	2.777931690216064453e+00	2.778746128082275391e+00	2.781323194503784180e+00	2.785992860794067383e+00	2.792280673980712891e+00	2.798063993453979492e+00	2.800791501998901367e+00	2.798750400543212891e+00	2.792531967163085938e+00	2.785169363021850586e+00	2.779830217361450195e+00	2.777332305908203125e+00	2.776663780212402344e+00	2.776521205902099609e+00	2.777910709381103516e+00	2.781375646591186523e+00	2.786476135253906250e+00	2.792165756225585938e+00	2.797463893890380859e+00	2.803261280059814453e+00	2.811146497726440430e+00	2.822353601455688477e+00	2.837511062622070312e+00	2.855426788330078125e+00	2.873670339584350586e+00	2.888121604919433594e+00	2.894961595535278320e+00	2.893278837203979492e+00	2.885624170303344727e+00	2.876055240631103516e+00	2.866257667541503906e+00	2.856041193008422852e+00	2.844881772994995117e+00	2.832235336303710938e+00	2.819135427474975586e+00	2.807310819625854492e+00	2.797492980957031250e+00	2.789757728576660156e+00	2.783977031707763672e+00	2.780055999755859375e+00	2.778208255767822266e+00	2.778827667236328125e+00	2.781775712966918945e+00	2.786106586456298828e+00	2.790062904357910156e+00	2.791245937347412109e+00	2.789355039596557617e+00	2.786091327667236328e+00	2.783100366592407227e+00	2.781151294708251953e+00	2.780168294906616211e+00	2.779985189437866211e+00	2.782055377960205078e+00	2.786728382110595703e+00	2.793112993240356445e+00
2.805135488510131836e+00	2.804259777069091797e+00	2.799658775329589844e+00	2.793715238571166992e+00	2.787835597991943359e+00	2.784485101699829102e+00	2.784152507781982422e+00	2.786297321319580078e+00	2.789304494857788086e+00	2.792142391204833984e+00	2.794921875000000000e+00	2.797110795974731445e+00	2.797872304916381836e+00	2.796100378036499023e+00	2.792244911193847656e+00	2.788226366043090820e+00	2.784911870956420898e+00	2.782567739486694336e+00	2.781695842742919922e+00	2.782684564590454102e+00	2.785937547683715820e+00	2.791278123855590820e+00	2.797720670700073242e+00	2.802309513092041016e+00	2.798512935638427734e+00	2.791613817214965820e+00	2.784193992614746094e+00	2.777653694152832031e+00	2.773492813110351562e+00	2.772171735763549805e+00	2.773423910140991211e+00	2.776879549026489258e+00	2.782030820846557617e+00	2.787788391113281250e+00	2.792822360992431641e+00	2.796647071838378906e+00	2.799938440322875977e+00	2.803780078887939453e+00	2.809231042861938477e+00	2.817209005355834961e+00	2.827532052993774414e+00	2.838944673538208008e+00	2.849616527557373047e+00	2.858014106750488281e+00	2.864296436309814453e+00	2.868623018264770508e+00	2.870336771011352539e+00	2.869048595428466797e+00	2.864869356155395508e+00	2.856477022171020508e+00	2.843092441558837891e+00	2.828486442565917969e+00	2.815071821212768555e+00	2.803690671920776367e+00	2.794501304626464844e+00	2.787636518478393555e+00	2.783316612243652344e+00	2.781591892242431641e+00	2.782337188720703125e+00	2.784766435623168945e+00	2.787552356719970703e+00	2.789528608322143555e+00	2.789942264556884766e+00	2.788220405578613281e+00	2.785111665725708008e+00	2.782032012939453125e+00	2.780090570449829102e+00	2.780037164688110352e+00	2.782152175903320312e+00	2.786588668823242188e+00	2.793080806732177734e+00	2.800119400024414062e+00
2.795164823532104492e+00	2.794837474822998047e+00	2.792518138885498047e+00	2.790033578872680664e+00	2.788734912872314453e+00	2.788430213928222656e+00	2.788921594619750977e+00	2.790812969207763672e+00	2.792638301849365234e+00	2.793568134307861328e+00	2.794548988342285156e+00	2.795246124267578125e+00	2.794959545135498047e+00	2.792711496353149414e+00	2.788839101791381836e+00	2.785012960433959961e+00	2.782039880752563477e+00	2.780251502990722656e+00	2.779700756072998047e+00	2.780231714248657227e+00	2.782007217407226562e+00	2.785302400588989258e+00	2.789495468139648438e+00	2.792085170745849609e+00	2.790469884872436523e+00	2.785850763320922852e+00	2.781001091003417969e+00	2.777667522430419922e+00	2.775752544403076172e+00	2.775114536285400391e+00	2.775885820388793945e+00	2.777957201004028320e+00	2.780815124511718750e+00	2.784104347229003906e+00	2.787877559661865234e+00	2.792415380477905273e+00	2.797858238220214844e+00	2.804225683212280273e+00	2.812552690505981445e+00	2.823155164718627930e+00	2.835212707519531250e+00	2.846563577651977539e+00	2.853998422622680664e+00	2.856877803802490234e+00	2.857637882232666016e+00	2.858209133148193359e+00	2.859393596649169922e+00	2.860728263854980469e+00	2.860142230987548828e+00	2.855388402938842773e+00	2.846100330352783203e+00	2.834554433822631836e+00	2.823954105377197266e+00	2.816012620925903320e+00	2.810306787490844727e+00	2.804466724395751953e+00	2.797988176345825195e+00	2.792932987213134766e+00	2.789814472198486328e+00	2.788135051727294922e+00	2.787776947021484375e+00	2.788436174392700195e+00	2.789233446121215820e+00	2.789276361465454102e+00	2.788291454315185547e+00	2.787008047103881836e+00	2.785850048065185547e+00	2.785447597503662109e+00	2.785973548889160156e+00	2.787398099899291992e+00	2.789772033691406250e+00	2.792933225631713867e+00
2.793616771697998047e+00	2.795130014419555664e+00	2.794429779052734375e+00	2.793025970458984375e+00	2.792979955673217773e+00	2.794319868087768555e+00	2.796441078186035156e+00	2.799053907394409180e+00	2.801423311233520508e+00	2.802600860595703125e+00	2.802409648895263672e+00	2.800788640975952148e+00	2.797957181930541992e+00	2.794555902481079102e+00	2.791022062301635742e+00	2.787257432937622070e+00	2.783484697341918945e+00	2.780465602874755859e+00	2.778660297393798828e+00	2.778070211410522461e+00	2.778375387191772461e+00	2.779324054718017578e+00	2.780830383300781250e+00	2.782711505889892578e+00	2.783456563949584961e+00	2.782532215118408203e+00	2.781148433685302734e+00	2.780019044876098633e+00	2.779536008834838867e+00	2.779554128646850586e+00	2.779777526855468750e+00	2.780101537704467773e+00	2.780937194824218750e+00	2.782476902008056641e+00	2.784480571746826172e+00	2.787038087844848633e+00	2.790823459625244141e+00	2.796506404876708984e+00	2.804646730422973633e+00	2.815749645233154297e+00	2.829175710678100586e+00	2.842507362365722656e+00	2.852349758148193359e+00	2.856676816940307617e+00	2.855348110198974609e+00	2.852334499359130859e+00	2.849503993988037109e+00	2.846402168273925781e+00	2.842186689376831055e+00	2.836532115936279297e+00	2.829264163970947266e+00	2.820322036743164062e+00	2.810346126556396484e+00	2.801150560379028320e+00	2.794092655181884766e+00	2.789369106292724609e+00	2.786219596862792969e+00	2.783619642257690430e+00	2.781650066375732422e+00	2.780078172683715820e+00	2.779093742370605469e+00	2.779209136962890625e+00	2.780563592910766602e+00	2.782624959945678711e+00	2.785001516342163086e+00	2.787045955657958984e+00	2.787287473678588867e+00	2.787287235260009766e+00	2.787713527679443359e+00	2.788974761962890625e+00	2.790430307388305664e+00	2.791790962219238281e+00
2.805003166198730469e+00	2.808310985565185547e+00	2.808886051177978516e+00	2.808525085449218750e+00	2.808449506759643555e+00	2.809015750885009766e+00	2.809481859207153320e+00	2.809222459793090820e+00	2.807743310928344727e+00	2.804929733276367188e+00	2.801584243774414062e+00	2.798471927642822266e+00	2.795855760574340820e+00	2.793650150299072266e+00	2.791237115859985352e+00	2.787768125534057617e+00	2.783410072326660156e+00	2.779228210449218750e+00	2.776185512542724609e+00	2.774766683578491211e+00	2.775202989578247070e+00	2.777481079101562500e+00	2.781311750411987305e+00	2.785664081573486328e+00	2.788347482681274414e+00	2.788468599319458008e+00	2.787286996841430664e+00	2.786345720291137695e+00	2.786688804626464844e+00	2.787655353546142578e+00	2.786931276321411133e+00	2.784227848052978516e+00	2.781704664230346680e+00	2.780156135559082031e+00	2.780228376388549805e+00	2.781892776489257812e+00	2.785295009613037109e+00	2.791163682937622070e+00	2.799621820449829102e+00	2.810190200805664062e+00	2.822297096252441406e+00	2.833901166915893555e+00	2.843798875808715820e+00	2.850958347320556641e+00	2.854451894760131836e+00	2.854396581649780273e+00	2.851496934890747070e+00	2.846677064895629883e+00	2.839400291442871094e+00	2.829756736755371094e+00	2.819792509078979492e+00	2.811051130294799805e+00	2.804042816162109375e+00	2.798788070678710938e+00	2.794778585433959961e+00	2.790728569030761719e+00	2.786740541458129883e+00	2.784151554107666016e+00	2.783134698867797852e+00	2.781997919082641602e+00	2.779743671417236328e+00	2.777963161468505859e+00	2.776939630508422852e+00	2.777070760726928711e+00	2.778913021087646484e+00	2.781895875930786133e+00	2.784905195236206055e+00	2.786950349807739258e+00	2.788420915603637695e+00	2.790685415267944336e+00	2.794403553009033203e+00	2.799515724182128906e+00
2.804395198822021484e+00	2.808313369750976562e+00	2.812132596969604492e+00	2.818221569061279297e+00	2.829316616058349609e+00	2.847713232040405273e+00	2.868223667144775391e+00	2.869643926620483398e+00	2.851119041442871094e+00	2.830864906311035156e+00	2.815788030624389648e+00	2.805050134658813477e+00	2.796878814697265625e+00	2.790267229080200195e+00	2.784753084182739258e+00	2.780217409133911133e+00	2.776922225952148438e+00	2.775275468826293945e+00	2.775682449340820312e+00	2.778388738632202148e+00	2.783016920089721680e+00	2.787986040115356445e+00	2.792710065841674805e+00	2.797211170196533203e+00	2.799407243728637695e+00	2.795263290405273438e+00	2.789711475372314453e+00	2.785966157913208008e+00	2.784078359603881836e+00	2.782973527908325195e+00	2.782135009765625000e+00	2.781660079956054688e+00	2.781690835952758789e+00	2.782592773437500000e+00	2.784799098968505859e+00	2.788860082626342773e+00	2.796005725860595703e+00	2.807344913482666016e+00	2.822420358657836914e+00	2.841474056243896484e+00	2.861950397491455078e+00	2.879333972930908203e+00	2.887756109237670898e+00	2.886284589767456055e+00	2.880516052246093750e+00	2.873463392257690430e+00	2.865137577056884766e+00	2.856107711791992188e+00	2.847291469573974609e+00	2.838360548019409180e+00	2.828551054000854492e+00	2.818883419036865234e+00	2.810128688812255859e+00	2.802814960479736328e+00	2.796406745910644531e+00	2.790349960327148438e+00	2.785368919372558594e+00	2.782148838043212891e+00	2.780316114425659180e+00	2.779407262802124023e+00	2.779686450958251953e+00	2.780771732330322266e+00	2.782005071640014648e+00	2.782976865768432617e+00	2.783526659011840820e+00	2.783694982528686523e+00	2.783978462219238281e+00	2.784976005554199219e+00	2.786944389343261719e+00	2.789762496948242188e+00	2.793453216552734375e+00	2.799054622650146484e+00
2.795915365219116211e+00	2.802554607391357422e+00	2.809696912765502930e+00	2.818881988525390625e+00	2.833606958389282227e+00	2.857660293579101562e+00	2.884091138839721680e+00	2.880444526672363281e+00	2.855810642242431641e+00	2.833969116210937500e+00	2.818830013275146484e+00	2.808559656143188477e+00	2.801277637481689453e+00	2.795382499694824219e+00	2.789481639862060547e+00	2.784099102020263672e+00	2.780248880386352539e+00	2.778824329376220703e+00	2.780405998229980469e+00	2.784219264984130859e+00	2.788053512573242188e+00	2.791171073913574219e+00	2.793401479721069336e+00	2.793432235717773438e+00	2.791421651840209961e+00	2.789200782775878906e+00	2.788978576660156250e+00	2.790566444396972656e+00	2.790126323699951172e+00	2.789434432983398438e+00	2.787942886352539062e+00	2.786159992218017578e+00	2.785369157791137695e+00	2.786263465881347656e+00	2.788984537124633789e+00	2.793796300888061523e+00	2.801128864288330078e+00	2.811763286590576172e+00	2.826628923416137695e+00	2.846196651458740234e+00	2.869266748428344727e+00	2.890974283218383789e+00	2.901151895523071289e+00	2.896156311035156250e+00	2.885103702545166016e+00	2.873887538909912109e+00	2.865565299987792969e+00	2.859867811203002930e+00	2.855683565139770508e+00	2.850148200988769531e+00	2.840428829193115234e+00	2.828168153762817383e+00	2.816326141357421875e+00	2.806292772293090820e+00	2.798282146453857422e+00	2.792260169982910156e+00	2.788213253021240234e+00	2.786048412322998047e+00	2.785234451293945312e+00	2.784872293472290039e+00	2.784718513488769531e+00	2.784581899642944336e+00	2.783810138702392578e+00	2.783524990081787109e+00	2.784955501556396484e+00	2.787346124649047852e+00	2.789113759994506836e+00	2.789360523223876953e+00	2.788367271423339844e+00	2.787372350692749023e+00	2.787785530090332031e+00	2.790596246719360352e+00
2.805410385131835938e+00	2.808896780014038086e+00	2.813186407089233398e+00	2.822211742401123047e+00	2.840559244155883789e+00	2.875589847564697266e+00	2.923840761184692383e+00	2.901314973831176758e+00	2.859368801116943359e+00	2.833444833755493164e+00	2.817522764205932617e+00	2.807127714157104492e+00	2.799409627914428711e+00	2.793193340301513672e+00	2.788317441940307617e+00	2.784687042236328125e+00	2.782551050186157227e+00	2.782574653625488281e+00	2.785058259963989258e+00	2.789386987686157227e+00	2.792744159698486328e+00	2.794667959213256836e+00	2.797522544860839844e+00	2.800427675247192383e+00	2.800337076187133789e+00	2.797593355178833008e+00	2.794925928115844727e+00	2.793055534362792969e+00	2.790966510772705078e+00	2.788490533828735352e+00	2.786193370819091797e+00	2.785082101821899414e+00	2.786109685897827148e+00	2.789290904998779297e+00	2.794188737869262695e+00	2.801746368408203125e+00	2.812656641006469727e+00	2.827273368835449219e+00	2.846360921859741211e+00	2.870097160339355469e+00	2.896574497222900391e+00	2.919379234313964844e+00	2.925654411315917969e+00	2.913393497467041016e+00	2.894082546234130859e+00	2.875784158706665039e+00	2.862056255340576172e+00	2.852856159210205078e+00	2.845379590988159180e+00	2.836368322372436523e+00	2.825243234634399414e+00	2.813931465148925781e+00	2.803980827331542969e+00	2.796389579772949219e+00	2.791428804397583008e+00	2.788829803466796875e+00	2.787956953048706055e+00	2.787677764892578125e+00	2.787350654602050781e+00	2.787219524383544922e+00	2.787530183792114258e+00	2.788175582885742188e+00	2.788924455642700195e+00	2.789883852005004883e+00	2.791025400161743164e+00	2.792210817337036133e+00	2.793325424194335938e+00	2.793823003768920898e+00	2.793866872787475586e+00	2.794628620147705078e+00	2.797305583953857422e+00	2.801442146301269531e+00
2.803848743438720703e+00	2.808327436447143555e+00	2.814159154891967773e+00	2.826112747192382812e+00	2.848093271255493164e+00	2.885653018951416016e+00	2.935463428497314453e+00	2.927338361740112305e+00	2.884366750717163086e+00	2.850080490112304688e+00	2.827599763870239258e+00	2.812984943389892578e+00	2.803047418594360352e+00	2.796276330947875977e+00	2.791839599609375000e+00	2.789438247680664062e+00	2.788914203643798828e+00	2.790256023406982422e+00	2.793143749237060547e+00	2.796703815460205078e+00	2.799851179122924805e+00	2.801697015762329102e+00	2.802287340164184570e+00	2.802454948425292969e+00	2.802084445953369141e+00	2.799789905548095703e+00	2.796497583389282227e+00	2.794248580932617188e+00	2.793351411819458008e+00	2.793075561523437500e+00	2.793021440505981445e+00	2.793381929397583008e+00	2.794498920440673828e+00	2.797059535980224609e+00	2.802465677261352539e+00	2.812069416046142578e+00	2.826895236968994141e+00	2.847452640533447266e+00	2.873600482940673828e+00	2.904296159744262695e+00	2.936789751052856445e+00	2.962524175643920898e+00	2.964806795120239258e+00	2.943695545196533203e+00	2.913029670715332031e+00	2.882947683334350586e+00	2.858789682388305664e+00	2.841594696044921875e+00	2.828320026397705078e+00	2.817538738250732422e+00	2.809079170227050781e+00	2.802345752716064453e+00	2.797157049179077148e+00	2.793932914733886719e+00	2.792757749557495117e+00	2.793300628662109375e+00	2.795176029205322266e+00	2.797123670578002930e+00	2.797458887100219727e+00	2.796420574188232422e+00	2.795420885086059570e+00	2.795566558837890625e+00	2.797098875045776367e+00	2.799431324005126953e+00	2.801272392272949219e+00	2.801102638244628906e+00	2.800413608551025391e+00	2.799158334732055664e+00	2.797564506530761719e+00	2.796550512313842773e+00	2.797079801559448242e+00	2.799671411514282227e+00
2.807233333587646484e+00	2.811125040054321289e+00	2.818778276443481445e+00	2.832242488861083984e+00	2.854868173599243164e+00	2.892947912216186523e+00	2.944888830184936523e+00	2.936438083648681641e+00	2.892178297042846680e+00	2.858267545700073242e+00	2.835676908493041992e+00	2.820834398269653320e+00	2.811201333999633789e+00	2.805323839187622070e+00	2.802287578582763672e+00	2.801285743713378906e+00	2.801594734191894531e+00	2.802738189697265625e+00	2.804447650909423828e+00	2.806211233139038086e+00	2.807464599609375000e+00	2.807899951934814453e+00	2.807537317276000977e+00	2.806787252426147461e+00	2.805887699127197266e+00	2.804990053176879883e+00	2.804497718811035156e+00	2.804397583007812500e+00	2.804484605789184570e+00	2.804734945297241211e+00	2.805118083953857422e+00	2.805603504180908203e+00	2.806448221206665039e+00	2.808507919311523438e+00	2.813437700271606445e+00	2.823139667510986328e+00	2.838915586471557617e+00	2.861063480377197266e+00	2.889074563980102539e+00	2.921135663986206055e+00	2.953204631805419922e+00	2.976549386978149414e+00	2.977290868759155273e+00	2.955546379089355469e+00	2.923739910125732422e+00	2.892062902450561523e+00	2.865733861923217773e+00	2.846012830734252930e+00	2.831910133361816406e+00	2.821669101715087891e+00	2.813986301422119141e+00	2.808489084243774414e+00	2.805178165435791016e+00	2.804174900054931641e+00	2.805557012557983398e+00	2.808679580688476562e+00	2.811150550842285156e+00	2.811225175857543945e+00	2.809358835220336914e+00	2.806687116622924805e+00	2.804749011993408203e+00	2.804738283157348633e+00	2.806855201721191406e+00	2.810007810592651367e+00	2.812629938125610352e+00	2.813867568969726562e+00	2.813468456268310547e+00	2.811682939529418945e+00	2.809287071228027344e+00	2.807147502899169922e+00	2.805880069732666016e+00	2.805770874023437500e+00
2.806885004043579102e+00	2.811084508895874023e+00	2.819219350814819336e+00	2.832901716232299805e+00	2.855403900146484375e+00	2.893053054809570312e+00	2.944525718688964844e+00	2.937591552734375000e+00	2.893598556518554688e+00	2.859824895858764648e+00	2.837288379669189453e+00	2.822379112243652344e+00	2.812590837478637695e+00	2.806435823440551758e+00	2.803130388259887695e+00	2.802250623703002930e+00	2.803138494491577148e+00	2.804548025131225586e+00	2.806360006332397461e+00	2.808332681655883789e+00	2.809719085693359375e+00	2.809875726699829102e+00	2.808964967727661133e+00	2.807851791381835938e+00	2.807017326354980469e+00	2.806658267974853516e+00	2.806760311126708984e+00	2.807440996170043945e+00	2.808499336242675781e+00	2.809384107589721680e+00	2.809998035430908203e+00	2.810692787170410156e+00	2.811930179595947266e+00	2.814553737640380859e+00	2.820357799530029297e+00	2.831331729888916016e+00	2.848636150360107422e+00	2.872457742691040039e+00	2.901708364486694336e+00	2.933807134628295898e+00	2.964474678039550781e+00	2.986066579818725586e+00	2.986526489257812500e+00	2.965857267379760742e+00	2.934954881668090820e+00	2.902780055999755859e+00	2.874526977539062500e+00	2.852104187011718750e+00	2.835402488708496094e+00	2.823246479034423828e+00	2.814598321914672852e+00	2.809038400650024414e+00	2.806042432785034180e+00	2.805348873138427734e+00	2.806996107101440430e+00	2.810266494750976562e+00	2.812894821166992188e+00	2.812607765197753906e+00	2.809535264968872070e+00	2.805753946304321289e+00	2.803764343261718750e+00	2.804310798645019531e+00	2.806965351104736328e+00	2.810651540756225586e+00	2.813960790634155273e+00	2.815823554992675781e+00	2.815698146820068359e+00	2.813695430755615234e+00	2.810780048370361328e+00	2.808045625686645508e+00	2.806201219558715820e+00	2.805610418319702148e+00
2.800425052642822266e+00	2.804701328277587891e+00	2.810811519622802734e+00	2.819993734359741211e+00	2.834510564804077148e+00	2.859819889068603516e+00	2.900298357009887695e+00	2.887259960174560547e+00	2.852651596069335938e+00	2.834562778472900391e+00	2.823195457458496094e+00	2.814005613327026367e+00	2.806513309478759766e+00	2.800503015518188477e+00	2.796109437942504883e+00	2.793985843658447266e+00	2.793294191360473633e+00	2.791399955749511719e+00	2.789917230606079102e+00	2.789907693862915039e+00	2.790799140930175781e+00	2.792107820510864258e+00	2.793366193771362305e+00	2.794298648834228516e+00	2.794725418090820312e+00	2.794450283050537109e+00	2.793782949447631836e+00	2.793539285659790039e+00	2.794173479080200195e+00	2.795492649078369141e+00	2.797016620635986328e+00	2.798337936401367188e+00	2.799532413482666016e+00	2.801409721374511719e+00	2.805803537368774414e+00	2.814808368682861328e+00	2.829409837722778320e+00	2.849619388580322266e+00	2.874285936355590820e+00	2.900084972381591797e+00	2.923206329345703125e+00	2.939582109451293945e+00	2.942342519760131836e+00	2.929347515106201172e+00	2.907584428787231445e+00	2.884517431259155273e+00	2.863998889923095703e+00	2.847189426422119141e+00	2.833860158920288086e+00	2.823036909103393555e+00	2.814024448394775391e+00	2.806763887405395508e+00	2.801544904708862305e+00	2.798738956451416016e+00	2.798402070999145508e+00	2.800361156463623047e+00	2.802052021026611328e+00	2.800570964813232422e+00	2.797606468200683594e+00	2.794647455215454102e+00	2.792609453201293945e+00	2.791932582855224609e+00	2.792703151702880859e+00	2.794554471969604492e+00	2.797027349472045898e+00	2.799025297164916992e+00	2.799622058868408203e+00	2.798918724060058594e+00	2.797661781311035156e+00	2.796743154525756836e+00	2.796689271926879883e+00	2.797798395156860352e+00
2.800208091735839844e+00	2.799334764480590820e+00	2.799487113952636719e+00	2.800827741622924805e+00	2.803219556808471680e+00	2.806670904159545898e+00	2.810374021530151367e+00	2.811795234680175781e+00	2.809761047363281250e+00	2.806475162506103516e+00	2.803518295288085938e+00	2.801289319992065430e+00	2.799116134643554688e+00	2.796712160110473633e+00	2.795425891876220703e+00	2.794929265975952148e+00	2.792830467224121094e+00	2.790210247039794922e+00	2.790217399597167969e+00	2.792676448822021484e+00	2.795994520187377930e+00	2.798799991607666016e+00	2.800334930419921875e+00	2.800253152847290039e+00	2.798935174942016602e+00	2.796550750732421875e+00	2.793441295623779297e+00	2.789956808090209961e+00	2.787241697311401367e+00	2.786480903625488281e+00	2.788071155548095703e+00	2.792270183563232422e+00	2.798732042312622070e+00	2.804677724838256836e+00	2.810449600219726562e+00	2.818981170654296875e+00	2.831123828887939453e+00	2.847589254379272461e+00	2.868804454803466797e+00	2.894443035125732422e+00	2.921425819396972656e+00	2.941363096237182617e+00	2.943741083145141602e+00	2.929551362991333008e+00	2.908622026443481445e+00	2.887429714202880859e+00	2.868460178375244141e+00	2.853312015533447266e+00	2.841964721679687500e+00	2.832775354385375977e+00	2.823852539062500000e+00	2.813975811004638672e+00	2.803671598434448242e+00	2.794347047805786133e+00	2.787132263183593750e+00	2.782666206359863281e+00	2.781094312667846680e+00	2.781855583190917969e+00	2.783845901489257812e+00	2.786341190338134766e+00	2.789142608642578125e+00	2.791649103164672852e+00	2.793009757995605469e+00	2.793535709381103516e+00	2.793955802917480469e+00	2.794609546661376953e+00	2.795583009719848633e+00	2.796761512756347656e+00	2.797956943511962891e+00	2.799143314361572266e+00	2.800566673278808594e+00	2.801058292388916016e+00
2.804775238037109375e+00	2.804874181747436523e+00	2.804613351821899414e+00	2.806009054183959961e+00	2.808444023132324219e+00	2.810300111770629883e+00	2.811044931411743164e+00	2.810833454132080078e+00	2.809178829193115234e+00	2.806003808975219727e+00	2.802670240402221680e+00	2.800376653671264648e+00	2.799209594726562500e+00	2.798539161682128906e+00	2.797322988510131836e+00	2.795319080352783203e+00	2.793813705444335938e+00	2.793359041213989258e+00	2.793906211853027344e+00	2.795325517654418945e+00	2.797285079956054688e+00	2.799173355102539062e+00	2.800405502319335938e+00	2.800684213638305664e+00	2.799504041671752930e+00	2.796266317367553711e+00	2.792127132415771484e+00	2.788840532302856445e+00	2.787450551986694336e+00	2.787911415100097656e+00	2.789968967437744141e+00	2.793685674667358398e+00	2.799156188964843750e+00	2.806270122528076172e+00	2.814975738525390625e+00	2.825181484222412109e+00	2.838399410247802734e+00	2.857020616531372070e+00	2.882397174835205078e+00	2.914300441741943359e+00	2.948604822158813477e+00	2.974368810653686523e+00	2.978163719177246094e+00	2.959231853485107422e+00	2.929339170455932617e+00	2.899959325790405273e+00	2.876250982284545898e+00	2.858785629272460938e+00	2.845240831375122070e+00	2.833150386810302734e+00	2.822890520095825195e+00	2.814207315444946289e+00	2.806327581405639648e+00	2.799246788024902344e+00	2.794030666351318359e+00	2.792049169540405273e+00	2.792107820510864258e+00	2.791560888290405273e+00	2.792981386184692383e+00	2.795390844345092773e+00	2.797528505325317383e+00	2.799015522003173828e+00	2.799741983413696289e+00	2.799496650695800781e+00	2.798830270767211914e+00	2.798808097839355469e+00	2.799859046936035156e+00	2.800827741622924805e+00	2.800137996673583984e+00	2.799516201019287109e+00	2.800542831420898438e+00	2.802638292312622070e+00
2.805999279022216797e+00	2.808188438415527344e+00	2.810427904129028320e+00	2.812324762344360352e+00	2.813277721405029297e+00	2.813418626785278320e+00	2.813372135162353516e+00	2.813194036483764648e+00	2.812577486038208008e+00	2.811033725738525391e+00	2.808224678039550781e+00	2.805481672286987305e+00	2.803289175033569336e+00	2.801286458969116211e+00	2.799811124801635742e+00	2.798810243606567383e+00	2.798795700073242188e+00	2.799826145172119141e+00	2.801476955413818359e+00	2.803134679794311523e+00	2.804416418075561523e+00	2.805354118347167969e+00	2.805533170700073242e+00	2.804265737533569336e+00	2.801535606384277344e+00	2.798289537429809570e+00	2.795469284057617188e+00	2.793564319610595703e+00	2.792556762695312500e+00	2.792483091354370117e+00	2.793385982513427734e+00	2.795603513717651367e+00	2.800225496292114258e+00	2.807457923889160156e+00	2.817151308059692383e+00	2.829468965530395508e+00	2.845027923583984375e+00	2.865209341049194336e+00	2.891431808471679688e+00	2.923143386840820312e+00	2.957165718078613281e+00	2.984223365783691406e+00	2.991489648818969727e+00	2.975844144821166992e+00	2.945513010025024414e+00	2.913672685623168945e+00	2.886847496032714844e+00	2.865502119064331055e+00	2.848689079284667969e+00	2.835124015808105469e+00	2.823652982711791992e+00	2.814067125320434570e+00	2.806329965591430664e+00	2.800452709197998047e+00	2.796143531799316406e+00	2.793493509292602539e+00	2.792943716049194336e+00	2.794653654098510742e+00	2.798157215118408203e+00	2.802365541458129883e+00	2.805882692337036133e+00	2.807785987854003906e+00	2.807950973510742188e+00	2.806688070297241211e+00	2.804796218872070312e+00	2.803401947021484375e+00	2.802886962890625000e+00	2.802519798278808594e+00	2.802228689193725586e+00	2.802972316741943359e+00	2.803918123245239258e+00	2.804417848587036133e+00
2.804635047912597656e+00	2.806626319885253906e+00	2.809776544570922852e+00	2.814571857452392578e+00	2.821011304855346680e+00	2.828386068344116211e+00	2.834464788436889648e+00	2.835616111755371094e+00	2.831192493438720703e+00	2.824341058731079102e+00	2.817553758621215820e+00	2.811949491500854492e+00	2.807542085647583008e+00	2.804244518280029297e+00	2.802450180053710938e+00	2.802044391632080078e+00	2.802543163299560547e+00	2.803725242614746094e+00	2.805525541305541992e+00	2.807364225387573242e+00	2.808483839035034180e+00	2.808641433715820312e+00	2.807875633239746094e+00	2.806533575057983398e+00	2.805011987686157227e+00	2.803429603576660156e+00	2.801770687103271484e+00	2.799988508224487305e+00	2.797989845275878906e+00	2.796436548233032227e+00	2.795969009399414062e+00	2.797387838363647461e+00	2.801515102386474609e+00	2.808642864227294922e+00	2.818511486053466797e+00	2.830690622329711914e+00	2.845989942550659180e+00	2.866348266601562500e+00	2.893296718597412109e+00	2.926905155181884766e+00	2.963607788085937500e+00	2.992469072341918945e+00	2.996901035308837891e+00	2.974908113479614258e+00	2.941770553588867188e+00	2.909800767898559570e+00	2.883495807647705078e+00	2.863364219665527344e+00	2.848182678222656250e+00	2.836208820343017578e+00	2.826079845428466797e+00	2.817694425582885742e+00	2.811372041702270508e+00	2.806923389434814453e+00	2.803968667984008789e+00	2.802378177642822266e+00	2.802138328552246094e+00	2.803152084350585938e+00	2.805077075958251953e+00	2.807387351989746094e+00	2.809373378753662109e+00	2.810647010803222656e+00	2.811369180679321289e+00	2.811493158340454102e+00	2.810734510421752930e+00	2.809449195861816406e+00	2.808148622512817383e+00	2.806689977645874023e+00	2.804847955703735352e+00	2.803236722946166992e+00	2.802651882171630859e+00	2.803253412246704102e+00
2.803348064422607422e+00	2.805987358093261719e+00	2.811540126800537109e+00	2.821588516235351562e+00	2.838616847991943359e+00	2.867038488388061523e+00	2.914332866668701172e+00	2.936351537704467773e+00	2.890128135681152344e+00	2.854448556900024414e+00	2.832807064056396484e+00	2.819113016128540039e+00	2.810201883316040039e+00	2.804616928100585938e+00	2.801296234130859375e+00	2.799888134002685547e+00	2.800203800201416016e+00	2.801465511322021484e+00	2.803197145462036133e+00	2.805135726928710938e+00	2.806716918945312500e+00	2.807518243789672852e+00	2.807629823684692383e+00	2.807194709777832031e+00	2.806329965591430664e+00	2.805286645889282227e+00	2.804136753082275391e+00	2.802762031555175781e+00	2.801109075546264648e+00	2.798816919326782227e+00	2.796763896942138672e+00	2.796461582183837891e+00	2.798919439315795898e+00	2.804439544677734375e+00	2.812772512435913086e+00	2.823546648025512695e+00	2.837438821792602539e+00	2.856445789337158203e+00	2.882111310958862305e+00	2.914605617523193359e+00	2.950855016708374023e+00	2.979958534240722656e+00	2.983664512634277344e+00	2.960537433624267578e+00	2.928901910781860352e+00	2.900600194931030273e+00	2.878025293350219727e+00	2.860464811325073242e+00	2.847007513046264648e+00	2.836567401885986328e+00	2.827882766723632812e+00	2.820099115371704102e+00	2.813214540481567383e+00	2.807645320892333984e+00	2.803872585296630859e+00	2.801860094070434570e+00	2.801025152206420898e+00	2.801224470138549805e+00	2.802434682846069336e+00	2.804230451583862305e+00	2.805971860885620117e+00	2.807098150253295898e+00	2.807499647140502930e+00	2.807603836059570312e+00	2.807617664337158203e+00	2.807468175888061523e+00	2.807139873504638672e+00	2.806589126586914062e+00	2.805705547332763672e+00	2.804514169692993164e+00	2.803344011306762695e+00	2.802724838256835938e+00
2.804320096969604492e+00	2.809039592742919922e+00	2.816809892654418945e+00	2.828279256820678711e+00	2.845478057861328125e+00	2.873008012771606445e+00	2.918748140335083008e+00	2.939240932464599609e+00	2.891568183898925781e+00	2.855499744415283203e+00	2.832692146301269531e+00	2.819190502166748047e+00	2.813793659210205078e+00	2.817629098892211914e+00	2.834953784942626953e+00	2.866191864013671875e+00	2.882600069046020508e+00	2.844667911529541016e+00	2.820791244506835938e+00	2.810088872909545898e+00	2.805043697357177734e+00	2.802708387374877930e+00	2.802283287048339844e+00	2.803380727767944336e+00	2.805200099945068359e+00	2.806862831115722656e+00	2.808079957962036133e+00	2.809009552001953125e+00	2.807823896408081055e+00	2.804945707321166992e+00	2.804123878479003906e+00	2.806722164154052734e+00	2.813281297683715820e+00	2.824212551116943359e+00	2.837361812591552734e+00	2.846146821975708008e+00	2.852722883224487305e+00	2.866001129150390625e+00	2.888650894165039062e+00	2.919721126556396484e+00	2.955317020416259766e+00	2.984594345092773438e+00	2.987842082977294922e+00	2.963341951370239258e+00	2.930848836898803711e+00	2.900192499160766602e+00	2.874502897262573242e+00	2.854367494583129883e+00	2.839204788208007812e+00	2.827830076217651367e+00	2.818908452987670898e+00	2.812360048294067383e+00	2.808044195175170898e+00	2.804915189743041992e+00	2.802542209625244141e+00	2.801436185836791992e+00	2.801576614379882812e+00	2.802297353744506836e+00	2.802711725234985352e+00	2.802544593811035156e+00	2.801923513412475586e+00	2.801088809967041016e+00	2.800784826278686523e+00	2.801704168319702148e+00	2.803788661956787109e+00	2.806403636932373047e+00	2.808611631393432617e+00	2.809300661087036133e+00	2.807957649230957031e+00	2.805427074432373047e+00	2.803147792816162109e+00	2.802485227584838867e+00
2.814668178558349609e+00	2.820510387420654297e+00	2.828859567642211914e+00	2.839828729629516602e+00	2.853374958038330078e+00	2.870386123657226562e+00	2.900639295578002930e+00	2.913181781768798828e+00	2.865542650222778320e+00	2.838255882263183594e+00	2.823700904846191406e+00	2.817762851715087891e+00	2.819718360900878906e+00	2.832111597061157227e+00	2.853912830352783203e+00	2.883826494216918945e+00	2.885269403457641602e+00	2.849889993667602539e+00	2.822299003601074219e+00	2.808497428894042969e+00	2.801469087600708008e+00	2.797961235046386719e+00	2.797141790390014648e+00	2.798316478729248047e+00	2.800297021865844727e+00	2.801816463470458984e+00	2.801891088485717773e+00	2.800579309463500977e+00	2.799258232116699219e+00	2.799687862396240234e+00	2.803087949752807617e+00	2.810210704803466797e+00	2.821610689163208008e+00	2.836337566375732422e+00	2.848990917205810547e+00	2.853184461593627930e+00	2.855052709579467773e+00	2.863770246505737305e+00	2.882359504699707031e+00	2.909832477569580078e+00	2.941332817077636719e+00	2.966796636581420898e+00	2.972752094268798828e+00	2.955863237380981445e+00	2.927328109741210938e+00	2.898540258407592773e+00	2.873941183090209961e+00	2.854281902313232422e+00	2.839214086532592773e+00	2.827987670898437500e+00	2.819773674011230469e+00	2.813712835311889648e+00	2.809166908264160156e+00	2.805878877639770508e+00	2.803987741470336914e+00	2.804020643234252930e+00	2.806391477584838867e+00	2.811461210250854492e+00	2.818648576736450195e+00	2.817429304122924805e+00	2.814126253128051758e+00	2.810905456542968750e+00	2.807463884353637695e+00	2.805563211441040039e+00	2.805667161941528320e+00	2.807192564010620117e+00	2.808967351913452148e+00	2.809928178787231445e+00	2.809840440750122070e+00	2.809415578842163086e+00	2.809598445892333984e+00	2.811142206192016602e+00
2.821583271026611328e+00	2.823814153671264648e+00	2.825361013412475586e+00	2.826021194458007812e+00	2.826466560363769531e+00	2.826844453811645508e+00	2.825119733810424805e+00	2.821502923965454102e+00	2.817905187606811523e+00	2.815703630447387695e+00	2.815703392028808594e+00	2.818634033203125000e+00	2.825623035430908203e+00	2.838558673858642578e+00	2.858330011367797852e+00	2.885890960693359375e+00	2.887334346771240234e+00	2.850778102874755859e+00	2.822663307189941406e+00	2.808758497238159180e+00	2.802266359329223633e+00	2.799875974655151367e+00	2.800033807754516602e+00	2.801661729812622070e+00	2.803475618362426758e+00	2.803951263427734375e+00	2.802271604537963867e+00	2.799290895462036133e+00	2.797255754470825195e+00	2.798566341400146484e+00	2.804983139038085938e+00	2.817516803741455078e+00	2.836029052734375000e+00	2.857781648635864258e+00	2.876120090484619141e+00	2.884392261505126953e+00	2.884696006774902344e+00	2.887390613555908203e+00	2.899143457412719727e+00	2.920677661895751953e+00	2.948232412338256836e+00	2.971111297607421875e+00	2.972973108291625977e+00	2.952023744583129883e+00	2.922953367233276367e+00	2.895949363708496094e+00	2.873943805694580078e+00	2.856671333312988281e+00	2.842729568481445312e+00	2.830954551696777344e+00	2.820925235748291016e+00	2.812511682510375977e+00	2.805898666381835938e+00	2.801326274871826172e+00	2.799197912216186523e+00	2.800296068191528320e+00	2.804709911346435547e+00	2.812248706817626953e+00	2.822911024093627930e+00	2.831037044525146484e+00	2.835962772369384766e+00	2.837395668029785156e+00	2.832588911056518555e+00	2.823325157165527344e+00	2.815073966979980469e+00	2.810294628143310547e+00	2.808706045150756836e+00	2.809331893920898438e+00	2.811126470565795898e+00	2.813370227813720703e+00	2.815986871719360352e+00	2.818859100341796875e+00
2.813031911849975586e+00	2.814360380172729492e+00	2.815186023712158203e+00	2.815448284149169922e+00	2.815829753875732422e+00	2.816714763641357422e+00	2.817735433578491211e+00	2.817788600921630859e+00	2.817141294479370117e+00	2.817472457885742188e+00	2.819836139678955078e+00	2.825068473815917969e+00	2.832068204879760742e+00	2.842660903930664062e+00	2.856586217880249023e+00	2.869108676910400391e+00	2.865835428237915039e+00	2.843274116516113281e+00	2.822990655899047852e+00	2.811209678649902344e+00	2.805134773254394531e+00	2.802504301071166992e+00	2.802070856094360352e+00	2.802726268768310547e+00	2.803252220153808594e+00	2.802796363830566406e+00	2.801258325576782227e+00	2.799540281295776367e+00	2.799407243728637695e+00	2.802869796752929688e+00	2.811410427093505859e+00	2.825814485549926758e+00	2.845690727233886719e+00	2.867448806762695312e+00	2.882779598236083984e+00	2.886608362197875977e+00	2.884176015853881836e+00	2.885626316070556641e+00	2.897284746170043945e+00	2.920368909835815430e+00	2.950177669525146484e+00	2.974435329437255859e+00	2.975738763809204102e+00	2.953364372253417969e+00	2.922673702239990234e+00	2.894760608673095703e+00	2.873299360275268555e+00	2.858405590057373047e+00	2.845039367675781250e+00	2.831497669219970703e+00	2.820055484771728516e+00	2.810508966445922852e+00	2.803340911865234375e+00	2.798861980438232422e+00	2.797376632690429688e+00	2.799146175384521484e+00	2.803629875183105469e+00	2.810610532760620117e+00	2.820535898208618164e+00	2.828369617462158203e+00	2.834327936172485352e+00	2.837269067764282227e+00	2.833984375000000000e+00	2.827847480773925781e+00	2.821526288986206055e+00	2.816327333450317383e+00	2.812932968139648438e+00	2.811297416687011719e+00	2.810931682586669922e+00	2.810887813568115234e+00	2.811092376708984375e+00	2.811819553375244141e+00
2.831398963928222656e+00	2.827020406723022461e+00	2.822838783264160156e+00	2.819571256637573242e+00	2.817508697509765625e+00	2.816539525985717773e+00	2.816319465637207031e+00	2.816427230834960938e+00	2.816420078277587891e+00	2.816089153289794922e+00	2.815449476242065430e+00	2.814538955688476562e+00	2.812686443328857422e+00	2.810242414474487305e+00	2.808011531829833984e+00	2.806367874145507812e+00	2.805795669555664062e+00	2.806530237197875977e+00	2.808026075363159180e+00	2.809266090393066406e+00	2.809537887573242188e+00	2.808945417404174805e+00	2.807934284210205078e+00	2.806599140167236328e+00	2.804758548736572266e+00	2.802639245986938477e+00	2.800779819488525391e+00	2.800008296966552734e+00	2.800950765609741211e+00	2.804546117782592773e+00	2.812206268310546875e+00	2.823817014694213867e+00	2.838071346282958984e+00	2.854687213897705078e+00	2.869395971298217773e+00	2.874028682708740234e+00	2.870598793029785156e+00	2.870759010314941406e+00	2.881464481353759766e+00	2.903770446777343750e+00	2.933114051818847656e+00	2.957517623901367188e+00	2.960177421569824219e+00	2.938890695571899414e+00	2.907618522644042969e+00	2.878446817398071289e+00	2.856043338775634766e+00	2.842847347259521484e+00	2.835065841674804688e+00	2.824554204940795898e+00	2.815834760665893555e+00	2.808184862136840820e+00	2.801620721817016602e+00	2.796869993209838867e+00	2.794544696807861328e+00	2.794694185256958008e+00	2.797109127044677734e+00	2.801240921020507812e+00	2.806263208389282227e+00	2.812506198883056641e+00	2.820178270339965820e+00	2.827398777008056641e+00	2.829785585403442383e+00	2.829775571823120117e+00	2.829252481460571289e+00	2.827797889709472656e+00	2.825091123580932617e+00	2.822789669036865234e+00	2.822315216064453125e+00	2.824380874633789062e+00	2.828841209411621094e+00	2.832741975784301758e+00
2.823928833007812500e+00	2.824139118194580078e+00	2.824082136154174805e+00	2.824631214141845703e+00	2.825984239578247070e+00	2.826707363128662109e+00	2.826736688613891602e+00	2.826230049133300781e+00	2.824472427368164062e+00	2.821459054946899414e+00	2.818004846572875977e+00	2.814320564270019531e+00	2.810559511184692383e+00	2.807249546051025391e+00	2.804876565933227539e+00	2.803916692733764648e+00	2.804635286331176758e+00	2.806937217712402344e+00	2.810431480407714844e+00	2.814291954040527344e+00	2.817501068115234375e+00	2.819612741470336914e+00	2.820387125015258789e+00	2.818662405014038086e+00	2.815051078796386719e+00	2.811156272888183594e+00	2.806757926940917969e+00	2.802945375442504883e+00	2.801340341567993164e+00	2.803279876708984375e+00	2.810262441635131836e+00	2.823001384735107422e+00	2.838930130004882812e+00	2.852401971817016602e+00	2.863643169403076172e+00	2.867569446563720703e+00	2.863470792770385742e+00	2.862479209899902344e+00	2.871153593063354492e+00	2.889415979385375977e+00	2.911903858184814453e+00	2.928068637847900391e+00	2.925987243652343750e+00	2.906090259552001953e+00	2.879795551300048828e+00	2.856094121932983398e+00	2.839710950851440430e+00	2.833413600921630859e+00	2.833261013031005859e+00	2.825222730636596680e+00	2.817822694778442383e+00	2.811899423599243164e+00	2.806508541107177734e+00	2.802656650543212891e+00	2.800943136215209961e+00	2.801405429840087891e+00	2.803628444671630859e+00	2.806863307952880859e+00	2.810484886169433594e+00	2.814549684524536133e+00	2.819820642471313477e+00	2.826466798782348633e+00	2.832295894622802734e+00	2.834740877151489258e+00	2.833863496780395508e+00	2.830279350280761719e+00	2.825940132141113281e+00	2.822672605514526367e+00	2.821103811264038086e+00	2.821134090423583984e+00	2.822136640548706055e+00	2.823222160339355469e+00
2.840722799301147461e+00	2.846099853515625000e+00	2.849583864212036133e+00	2.852721214294433594e+00	2.859947919845581055e+00	2.872073411941528320e+00	2.874570369720458984e+00	2.860371589660644531e+00	2.843790769577026367e+00	2.832704782485961914e+00	2.825652837753295898e+00	2.819504976272583008e+00	2.813143253326416016e+00	2.806740760803222656e+00	2.801679611206054688e+00	2.799414873123168945e+00	2.799966573715209961e+00	2.802423477172851562e+00	2.805643558502197266e+00	2.809098005294799805e+00	2.812684774398803711e+00	2.815933227539062500e+00	2.818438053131103516e+00	2.819789409637451172e+00	2.818903446197509766e+00	2.814769029617309570e+00	2.809555292129516602e+00	2.805346012115478516e+00	2.803010940551757812e+00	2.803507804870605469e+00	2.807966232299804688e+00	2.815918922424316406e+00	2.821959733963012695e+00	2.826974153518676758e+00	2.834377050399780273e+00	2.841428518295288086e+00	2.845046043395996094e+00	2.847598552703857422e+00	2.853931188583374023e+00	2.865756750106811523e+00	2.880300760269165039e+00	2.890749931335449219e+00	2.890323162078857422e+00	2.878314495086669922e+00	2.860994100570678711e+00	2.845117330551147461e+00	2.834141254425048828e+00	2.828613519668579102e+00	2.826452493667602539e+00	2.824544668197631836e+00	2.821393251419067383e+00	2.817008733749389648e+00	2.812572717666625977e+00	2.809349775314331055e+00	2.807982683181762695e+00	2.808433294296264648e+00	2.810174703598022461e+00	2.812719106674194336e+00	2.815937757492065430e+00	2.820155143737792969e+00	2.825314044952392578e+00	2.829525470733642578e+00	2.830273389816284180e+00	2.828819990158081055e+00	2.827478647232055664e+00	2.824705600738525391e+00	2.820172786712646484e+00	2.817091703414916992e+00	2.816995143890380859e+00	2.820142507553100586e+00	2.826115131378173828e+00	2.833576202392578125e+00
2.822817325592041016e+00	2.829749822616577148e+00	2.838135242462158203e+00	2.851020097732543945e+00	2.872018814086914062e+00	2.902336120605468750e+00	2.929421186447143555e+00	2.917938709259033203e+00	2.894609689712524414e+00	2.868427753448486328e+00	2.843426227569580078e+00	2.824998617172241211e+00	2.811777114868164062e+00	2.802541971206665039e+00	2.796772718429565430e+00	2.793656110763549805e+00	2.792645454406738281e+00	2.792929649353027344e+00	2.793852329254150391e+00	2.795343399047851562e+00	2.797086477279663086e+00	2.798507452011108398e+00	2.799289941787719727e+00	2.799005508422851562e+00	2.798338890075683594e+00	2.797924995422363281e+00	2.797687768936157227e+00	2.797581911087036133e+00	2.797338724136352539e+00	2.796956300735473633e+00	2.796611309051513672e+00	2.796261787414550781e+00	2.796092510223388672e+00	2.796733617782592773e+00	2.798880577087402344e+00	2.802924394607543945e+00	2.809106588363647461e+00	2.817988634109497070e+00	2.830196380615234375e+00	2.845176696777343750e+00	2.859637498855590820e+00	2.868307352066040039e+00	2.867351055145263672e+00	2.857370853424072266e+00	2.843724250793457031e+00	2.831352710723876953e+00	2.821862697601318359e+00	2.815167903900146484e+00	2.810705184936523438e+00	2.807687997817993164e+00	2.805283546447753906e+00	2.803088188171386719e+00	2.801398992538452148e+00	2.800483465194702148e+00	2.800302505493164062e+00	2.800651073455810547e+00	2.801096677780151367e+00	2.800884962081909180e+00	2.799684762954711914e+00	2.798140525817871094e+00	2.796751499176025391e+00	2.795865535736083984e+00	2.795935630798339844e+00	2.797109842300415039e+00	2.799081087112426758e+00	2.801185369491577148e+00	2.802335500717163086e+00	2.802773952484130859e+00	2.803984165191650391e+00	2.806671619415283203e+00	2.810930013656616211e+00	2.816450119018554688e+00
2.832170724868774414e+00	2.840046405792236328e+00	2.848363161087036133e+00	2.859126329421997070e+00	2.876382112503051758e+00	2.903555393218994141e+00	2.929373264312744141e+00	2.917740583419799805e+00	2.894646167755126953e+00	2.868501424789428711e+00	2.843367815017700195e+00	2.824669837951660156e+00	2.811234712600708008e+00	2.801966667175292969e+00	2.796262264251708984e+00	2.793639659881591797e+00	2.793503761291503906e+00	2.795028448104858398e+00	2.797311305999755859e+00	2.799497842788696289e+00	2.800565242767333984e+00	2.799953460693359375e+00	2.798337221145629883e+00	2.796794176101684570e+00	2.795982837677001953e+00	2.795892000198364258e+00	2.796233415603637695e+00	2.796849727630615234e+00	2.797667503356933594e+00	2.798633813858032227e+00	2.799594402313232422e+00	2.800147294998168945e+00	2.799936056137084961e+00	2.799122571945190430e+00	2.798447370529174805e+00	2.799103260040283203e+00	2.802370786666870117e+00	2.809267997741699219e+00	2.820564508438110352e+00	2.836419582366943359e+00	2.854758977890014648e+00	2.868847608566284180e+00	2.869854211807250977e+00	2.858544349670410156e+00	2.843532800674438477e+00	2.830929994583129883e+00	2.822404384613037109e+00	2.817714214324951172e+00	2.815958976745605469e+00	2.815788745880126953e+00	2.815442562103271484e+00	2.813680648803710938e+00	2.811110973358154297e+00	2.808947563171386719e+00	2.807744264602661133e+00	2.807223320007324219e+00	2.806466579437255859e+00	2.804660320281982422e+00	2.802210092544555664e+00	2.799922704696655273e+00	2.798432350158691406e+00	2.798349857330322266e+00	2.799839258193969727e+00	2.802098989486694336e+00	2.804338216781616211e+00	2.806078433990478516e+00	2.807098388671875000e+00	2.807902574539184570e+00	2.809608459472656250e+00	2.813313484191894531e+00	2.818742275238037109e+00	2.824931859970092773e+00
2.825590848922729492e+00	2.830695152282714844e+00	2.836106300354003906e+00	2.842171430587768555e+00	2.852172136306762695e+00	2.873020648956298828e+00	2.898972988128662109e+00	2.884324550628662109e+00	2.859177350997924805e+00	2.839488267898559570e+00	2.825080156326293945e+00	2.814990520477294922e+00	2.808218717575073242e+00	2.803985118865966797e+00	2.801633834838867188e+00	2.800824880599975586e+00	2.801305532455444336e+00	2.802700042724609375e+00	2.804525852203369141e+00	2.805933952331542969e+00	2.805866479873657227e+00	2.803789615631103516e+00	2.800389766693115234e+00	2.797302484512329102e+00	2.795936584472656250e+00	2.796598672866821289e+00	2.798552989959716797e+00	2.800886631011962891e+00	2.802970647811889648e+00	2.804158449172973633e+00	2.804882049560546875e+00	2.805820226669311523e+00	2.806681394577026367e+00	2.806710243225097656e+00	2.805645704269409180e+00	2.804309844970703125e+00	2.803722858428955078e+00	2.807260990142822266e+00	2.817000865936279297e+00	2.833447933197021484e+00	2.854638814926147461e+00	2.871712923049926758e+00	2.871563196182250977e+00	2.855544328689575195e+00	2.836465597152709961e+00	2.822226285934448242e+00	2.814068078994750977e+00	2.810769319534301758e+00	2.810951948165893555e+00	2.813046455383300781e+00	2.815038681030273438e+00	2.814873218536376953e+00	2.813024044036865234e+00	2.811446666717529297e+00	2.810883522033691406e+00	2.810920000076293945e+00	2.809889316558837891e+00	2.806391716003417969e+00	2.801443815231323242e+00	2.797019720077514648e+00	2.794634342193603516e+00	2.795082569122314453e+00	2.798164367675781250e+00	2.802612304687500000e+00	2.806863307952880859e+00	2.810068130493164062e+00	2.812166690826416016e+00	2.813597440719604492e+00	2.815013647079467773e+00	2.816783666610717773e+00	2.818613290786743164e+00	2.821433782577514648e+00
2.845791578292846680e+00	2.852633476257324219e+00	2.855737686157226562e+00	2.854514837265014648e+00	2.851094007492065430e+00	2.846697568893432617e+00	2.841718435287475586e+00	2.836929082870483398e+00	2.832651138305664062e+00	2.828884363174438477e+00	2.825712442398071289e+00	2.822675228118896484e+00	2.819313764572143555e+00	2.816052913665771484e+00	2.813866138458251953e+00	2.813550949096679688e+00	2.815349578857421875e+00	2.818754196166992188e+00	2.822512626647949219e+00	2.825112581253051758e+00	2.825423240661621094e+00	2.822865962982177734e+00	2.817634582519531250e+00	2.811197757720947266e+00	2.805853128433227539e+00	2.803120136260986328e+00	2.803194522857666016e+00	2.805007219314575195e+00	2.806735754013061523e+00	2.807313442230224609e+00	2.807607412338256836e+00	2.809025287628173828e+00	2.811575889587402344e+00	2.813834667205810547e+00	2.814010620117187500e+00	2.811779499053955078e+00	2.809511184692382812e+00	2.810656070709228516e+00	2.817922115325927734e+00	2.833119869232177734e+00	2.854774475097656250e+00	2.872576713562011719e+00	2.871184110641479492e+00	2.853863716125488281e+00	2.836470842361450195e+00	2.826793909072875977e+00	2.824291467666625977e+00	2.824333429336547852e+00	2.825797557830810547e+00	2.828341722488403320e+00	2.830360412597656250e+00	2.831738710403442383e+00	2.832771301269531250e+00	2.833029747009277344e+00	2.832398176193237305e+00	2.830237627029418945e+00	2.824609756469726562e+00	2.816385507583618164e+00	2.808702230453491211e+00	2.803743362426757812e+00	2.802470445632934570e+00	2.804723739624023438e+00	2.808835983276367188e+00	2.812371730804443359e+00	2.814419746398925781e+00	2.815946340560913086e+00	2.817925214767456055e+00	2.820408105850219727e+00	2.823055028915405273e+00	2.826277256011962891e+00	2.831175327301025391e+00	2.837990283966064453e+00
2.837615251541137695e+00	2.840582132339477539e+00	2.841050148010253906e+00	2.838800430297851562e+00	2.834421396255493164e+00	2.828985691070556641e+00	2.823390007019042969e+00	2.818016767501831055e+00	2.813480615615844727e+00	2.810374975204467773e+00	2.808700323104858398e+00	2.807936429977416992e+00	2.807458400726318359e+00	2.807306766510009766e+00	2.808331727981567383e+00	2.811256408691406250e+00	2.815823078155517578e+00	2.820817232131958008e+00	2.824536800384521484e+00	2.825399160385131836e+00	2.822901725769042969e+00	2.817856550216674805e+00	2.811380386352539062e+00	2.804804325103759766e+00	2.799658536911010742e+00	2.796793460845947266e+00	2.796348094940185547e+00	2.797498703002929688e+00	2.798696994781494141e+00	2.799155473709106445e+00	2.799729108810424805e+00	2.801617145538330078e+00	2.804645061492919922e+00	2.807544946670532227e+00	2.808675050735473633e+00	2.807277679443359375e+00	2.804811716079711914e+00	2.803984165191650391e+00	2.807246685028076172e+00	2.816443681716918945e+00	2.831533908843994141e+00	2.845659017562866211e+00	2.845301389694213867e+00	2.831245183944702148e+00	2.816638708114624023e+00	2.807993650436401367e+00	2.805768966674804688e+00	2.808647394180297852e+00	2.814521312713623047e+00	2.821141481399536133e+00	2.827897071838378906e+00	2.836470127105712891e+00	2.846674680709838867e+00	2.854575395584106445e+00	2.859772443771362305e+00	2.856067419052124023e+00	2.844184637069702148e+00	2.828251123428344727e+00	2.814185619354248047e+00	2.804668426513671875e+00	2.800014495849609375e+00	2.799462795257568359e+00	2.801406621932983398e+00	2.803558349609375000e+00	2.804845809936523438e+00	2.805657625198364258e+00	2.806992530822753906e+00	2.810060977935791016e+00	2.814805984497070312e+00	2.820638418197631836e+00	2.827079534530639648e+00	2.833032369613647461e+00
2.839473724365234375e+00	2.844601869583129883e+00	2.844187974929809570e+00	2.838047742843627930e+00	2.828389167785644531e+00	2.818509340286254883e+00	2.811088323593139648e+00	2.806841611862182617e+00	2.804718971252441406e+00	2.803844451904296875e+00	2.803903818130493164e+00	2.803987741470336914e+00	2.803345680236816406e+00	2.802462100982666016e+00	2.803238391876220703e+00	2.807265520095825195e+00	2.814076185226440430e+00	2.820827484130859375e+00	2.826106548309326172e+00	2.829352378845214844e+00	2.829916238784790039e+00	2.824364662170410156e+00	2.816429853439331055e+00	2.808171749114990234e+00	2.800433635711669922e+00	2.795000553131103516e+00	2.793308019638061523e+00	2.794770479202270508e+00	2.797284364700317383e+00	2.798932552337646484e+00	2.799345493316650391e+00	2.799491643905639648e+00	2.800483703613281250e+00	2.802196979522705078e+00	2.803440093994140625e+00	2.803389787673950195e+00	2.802697420120239258e+00	2.802488803863525391e+00	2.802938938140869141e+00	2.805531978607177734e+00	2.811313152313232422e+00	2.817470550537109375e+00	2.817700386047363281e+00	2.812304973602294922e+00	2.807439804077148438e+00	2.806045532226562500e+00	2.808348178863525391e+00	2.813539266586303711e+00	2.819843292236328125e+00	2.825628995895385742e+00	2.831799507141113281e+00	2.840648174285888672e+00	2.851992130279541016e+00	2.863946914672851562e+00	2.872779369354248047e+00	2.866172313690185547e+00	2.849652290344238281e+00	2.830305576324462891e+00	2.814218044281005859e+00	2.804410457611083984e+00	2.799274921417236328e+00	2.797129392623901367e+00	2.797221422195434570e+00	2.797476291656494141e+00	2.797044515609741211e+00	2.796852827072143555e+00	2.798167943954467773e+00	2.801376342773437500e+00	2.806376457214355469e+00	2.813264131546020508e+00	2.821908712387084961e+00	2.831186532974243164e+00
2.819609403610229492e+00	2.823728561401367188e+00	2.823142051696777344e+00	2.819015264511108398e+00	2.813207149505615234e+00	2.806562423706054688e+00	2.800019025802612305e+00	2.794640779495239258e+00	2.790386438369750977e+00	2.787312269210815430e+00	2.785746574401855469e+00	2.785850286483764648e+00	2.787518739700317383e+00	2.790268421173095703e+00	2.794054985046386719e+00	2.799728393554687500e+00	2.807096958160400391e+00	2.814033031463623047e+00	2.817700624465942383e+00	2.815892934799194336e+00	2.809463500976562500e+00	2.801801443099975586e+00	2.795384407043457031e+00	2.790761947631835938e+00	2.787632465362548828e+00	2.785664081573486328e+00	2.785033941268920898e+00	2.785843372344970703e+00	2.787727355957031250e+00	2.789872169494628906e+00	2.791506290435791016e+00	2.792554140090942383e+00	2.793609619140625000e+00	2.795110225677490234e+00	2.796783447265625000e+00	2.798093318939208984e+00	2.798903465270996094e+00	2.799211740493774414e+00	2.798869371414184570e+00	2.797794103622436523e+00	2.796397924423217773e+00	2.795404911041259766e+00	2.795127630233764648e+00	2.795594930648803711e+00	2.796996116638183594e+00	2.799591302871704102e+00	2.803253889083862305e+00	2.807435035705566406e+00	2.811441659927368164e+00	2.815745115280151367e+00	2.822915077209472656e+00	2.834169864654541016e+00	2.848801612854003906e+00	2.865994453430175781e+00	2.875963687896728516e+00	2.866902351379394531e+00	2.846783638000488281e+00	2.825814485549926758e+00	2.809244394302368164e+00	2.797498464584350586e+00	2.789068937301635742e+00	2.783043622970581055e+00	2.779306650161743164e+00	2.778059005737304688e+00	2.779288530349731445e+00	2.782244443893432617e+00	2.785850763320922852e+00	2.789549589157104492e+00	2.793371915817260742e+00	2.797936201095581055e+00	2.804319143295288086e+00	2.812202215194702148e+00
2.810308694839477539e+00	2.811832189559936523e+00	2.807928562164306641e+00	2.800550699234008789e+00	2.790431022644042969e+00	2.781269788742065430e+00	2.774359226226806641e+00	2.769541263580322266e+00	2.766602993011474609e+00	2.765342473983764648e+00	2.765500307083129883e+00	2.766753435134887695e+00	2.768793344497680664e+00	2.771424293518066406e+00	2.774532079696655273e+00	2.778041839599609375e+00	2.781716108322143555e+00	2.784820556640625000e+00	2.786283493041992188e+00	2.785607576370239258e+00	2.783626317977905273e+00	2.781683206558227539e+00	2.778473377227783203e+00	2.774675607681274414e+00	2.773046016693115234e+00	2.773444652557373047e+00	2.775242805480957031e+00	2.777194023132324219e+00	2.778728723526000977e+00	2.779997348785400391e+00	2.780818700790405273e+00	2.781139373779296875e+00	2.781119346618652344e+00	2.780852556228637695e+00	2.779854774475097656e+00	2.777677297592163086e+00	2.775038719177246094e+00	2.772519826889038086e+00	2.770361185073852539e+00	2.768745183944702148e+00	2.767848968505859375e+00	2.767739772796630859e+00	2.768368721008300781e+00	2.769705533981323242e+00	2.771688699722290039e+00	2.774007797241210938e+00	2.776224136352539062e+00	2.778038740158081055e+00	2.779386997222900391e+00	2.780498504638671875e+00	2.781788110733032227e+00	2.783535480499267578e+00	2.785521507263183594e+00	2.786571025848388672e+00	2.785422086715698242e+00	2.781841516494750977e+00	2.776529073715209961e+00	2.771002054214477539e+00	2.766284465789794922e+00	2.762731313705444336e+00	2.760395288467407227e+00	2.759355545043945312e+00	2.759591579437255859e+00	2.760921955108642578e+00	2.763169050216674805e+00	2.766268730163574219e+00	2.770174741744995117e+00	2.774886369705200195e+00	2.780572414398193359e+00	2.787497043609619141e+00	2.795598030090332031e+00	2.803936958312988281e+00
2.771460533142089844e+00	2.771278142929077148e+00	2.769314527511596680e+00	2.765092134475708008e+00	2.759161472320556641e+00	2.753777980804443359e+00	2.750242710113525391e+00	2.748794078826904297e+00	2.749282360076904297e+00	2.751282215118408203e+00	2.754220962524414062e+00	2.757547378540039062e+00	2.760941743850708008e+00	2.764276742935180664e+00	2.767430782318115234e+00	2.770297050476074219e+00	2.772807836532592773e+00	2.774841547012329102e+00	2.776232242584228516e+00	2.776327848434448242e+00	2.775353431701660156e+00	2.773907899856567383e+00	2.772109031677246094e+00	2.770594835281372070e+00	2.769747257232666016e+00	2.769561052322387695e+00	2.770016670227050781e+00	2.771029710769653320e+00	2.772239685058593750e+00	2.773149967193603516e+00	2.773355960845947266e+00	2.772696256637573242e+00	2.771231412887573242e+00	2.769083976745605469e+00	2.766268491744995117e+00	2.762775659561157227e+00	2.758821487426757812e+00	2.754894495010375977e+00	2.751528501510620117e+00	2.749158620834350586e+00	2.748075962066650391e+00	2.748291730880737305e+00	2.749621868133544922e+00	2.751966238021850586e+00	2.755186080932617188e+00	2.758934020996093750e+00	2.762716770172119141e+00	2.766041040420532227e+00	2.768548488616943359e+00	2.770096063613891602e+00	2.770738840103149414e+00	2.770677566528320312e+00	2.770132780075073242e+00	2.769241333007812500e+00	2.768003225326538086e+00	2.766404390335083008e+00	2.764569044113159180e+00	2.762725591659545898e+00	2.761111974716186523e+00	2.759916067123413086e+00	2.759247303009033203e+00	2.759106159210205078e+00	2.759480714797973633e+00	2.760433435440063477e+00	2.762047767639160156e+00	2.764122247695922852e+00	2.765745162963867188e+00	2.766629695892333984e+00	2.767288923263549805e+00	2.768166065216064453e+00	2.769361972808837891e+00	2.770616531372070312e+00
2.770496129989624023e+00	2.769433259963989258e+00	2.766451358795166016e+00	2.761912345886230469e+00	2.757088422775268555e+00	2.753039836883544922e+00	2.750403642654418945e+00	2.749464511871337891e+00	2.750164747238159180e+00	2.752070903778076172e+00	2.754649400711059570e+00	2.757726192474365234e+00	2.761204242706298828e+00	2.764807224273681641e+00	2.768201112747192383e+00	2.771055698394775391e+00	2.773013591766357422e+00	2.773927450180053711e+00	2.774064540863037109e+00	2.773735523223876953e+00	2.773116350173950195e+00	2.772300481796264648e+00	2.771403789520263672e+00	2.770545482635498047e+00	2.769829511642456055e+00	2.769584417343139648e+00	2.770113229751586914e+00	2.771322011947631836e+00	2.772786140441894531e+00	2.773966312408447266e+00	2.774377107620239258e+00	2.773718357086181641e+00	2.771989107131958008e+00	2.769402027130126953e+00	2.766132116317749023e+00	2.762336730957031250e+00	2.758344173431396484e+00	2.754634618759155273e+00	2.751630306243896484e+00	2.749629497528076172e+00	2.748815059661865234e+00	2.749153614044189453e+00	2.750454664230346680e+00	2.752591848373413086e+00	2.755436897277832031e+00	2.758767127990722656e+00	2.762275934219360352e+00	2.765545129776000977e+00	2.768193721771240234e+00	2.770077228546142578e+00	2.771320581436157227e+00	2.772108316421508789e+00	2.771598100662231445e+00	2.769878864288330078e+00	2.768364906311035156e+00	2.766956329345703125e+00	2.765316247940063477e+00	2.763542652130126953e+00	2.761900424957275391e+00	2.760571241378784180e+00	2.759782791137695312e+00	2.759724378585815430e+00	2.760371923446655273e+00	2.761606454849243164e+00	2.763550996780395508e+00	2.766272783279418945e+00	2.767827510833740234e+00	2.767790079116821289e+00	2.768400669097900391e+00	2.769380569458007812e+00	2.769971370697021484e+00	2.770403385162353516e+00
2.768399238586425781e+00	2.767385482788085938e+00	2.766500949859619141e+00	2.765864372253417969e+00	2.765499591827392578e+00	2.765108346939086914e+00	2.764443635940551758e+00	2.763830184936523438e+00	2.763506650924682617e+00	2.763452529907226562e+00	2.763698577880859375e+00	2.764539718627929688e+00	2.766575813293457031e+00	2.770513057708740234e+00	2.776650428771972656e+00	2.784570217132568359e+00	2.792896032333374023e+00	2.799281597137451172e+00	2.801113367080688477e+00	2.796898365020751953e+00	2.788449287414550781e+00	2.779860496520996094e+00	2.773968458175659180e+00	2.771032571792602539e+00	2.770149469375610352e+00	2.770794868469238281e+00	2.772104263305664062e+00	2.773078680038452148e+00	2.773389816284179688e+00	2.773112535476684570e+00	2.772122383117675781e+00	2.770364761352539062e+00	2.768351554870605469e+00	2.766672849655151367e+00	2.765686750411987305e+00	2.765455007553100586e+00	2.765641927719116211e+00	2.765443086624145508e+00	2.764908313751220703e+00	2.764824151992797852e+00	2.764561653137207031e+00	2.763674259185791016e+00	2.763666868209838867e+00	2.764463186264038086e+00	2.765558481216430664e+00	2.766797065734863281e+00	2.768401622772216797e+00	2.770620346069335938e+00	2.773878574371337891e+00	2.778938770294189453e+00	2.786998271942138672e+00	2.799189329147338867e+00	2.815667390823364258e+00	2.834709882736206055e+00	2.852115392684936523e+00	2.852968692779541016e+00	2.846999168395996094e+00	2.824050664901733398e+00	2.797057867050170898e+00	2.782631635665893555e+00	2.774607419967651367e+00	2.770249843597412109e+00	2.767797231674194336e+00	2.766849040985107422e+00	2.767535209655761719e+00	2.769406795501708984e+00	2.771122932434082031e+00	2.771971702575683594e+00	2.772502183914184570e+00	2.772311449050903320e+00	2.770998477935791016e+00	2.769571781158447266e+00
2.800692319869995117e+00	2.801994562149047852e+00	2.802229642868041992e+00	2.801281929016113281e+00	2.800177812576293945e+00	2.799530744552612305e+00	2.798936367034912109e+00	2.797659158706665039e+00	2.795805692672729492e+00	2.793949365615844727e+00	2.792416572570800781e+00	2.791325092315673828e+00	2.790380477905273438e+00	2.789303541183471680e+00	2.788697957992553711e+00	2.789022207260131836e+00	2.790571212768554688e+00	2.793240785598754883e+00	2.795121669769287109e+00	2.795031547546386719e+00	2.793345451354980469e+00	2.791021823883056641e+00	2.789062261581420898e+00	2.787701368331909180e+00	2.786967039108276367e+00	2.786488533020019531e+00	2.785529851913452148e+00	2.784537076950073242e+00	2.784097671508789062e+00	2.784273624420166016e+00	2.785032033920288086e+00	2.785981893539428711e+00	2.786624670028686523e+00	2.787305116653442383e+00	2.788485050201416016e+00	2.789589166641235352e+00	2.789989233016967773e+00	2.790255308151245117e+00	2.791128158569335938e+00	2.792529106140136719e+00	2.794206619262695312e+00	2.796456098556518555e+00	2.798936843872070312e+00	2.801065683364868164e+00	2.802773952484130859e+00	2.804660558700561523e+00	2.806786298751831055e+00	2.808194160461425781e+00	2.809410095214843750e+00	2.811280012130737305e+00	2.813832521438598633e+00	2.816488265991210938e+00	2.818160772323608398e+00	2.816943168640136719e+00	2.813994169235229492e+00	2.811128854751586914e+00	2.808777809143066406e+00	2.806638240814208984e+00	2.804527997970581055e+00	2.802567243576049805e+00	2.800464153289794922e+00	2.797904253005981445e+00	2.795211553573608398e+00	2.792833089828491211e+00	2.790802001953125000e+00	2.789269208908081055e+00	2.788651466369628906e+00	2.788973808288574219e+00	2.790084600448608398e+00	2.792354106903076172e+00	2.795604944229125977e+00	2.798617124557495117e+00
2.784181594848632812e+00	2.784808874130249023e+00	2.786323547363281250e+00	2.788256168365478516e+00	2.790553092956542969e+00	2.793228149414062500e+00	2.795128822326660156e+00	2.794828653335571289e+00	2.792366981506347656e+00	2.789107322692871094e+00	2.786004304885864258e+00	2.783235788345336914e+00	2.780420780181884766e+00	2.777536869049072266e+00	2.775738239288330078e+00	2.775175571441650391e+00	2.774777650833129883e+00	2.774152517318725586e+00	2.773453712463378906e+00	2.773165464401245117e+00	2.773792028427124023e+00	2.775295972824096680e+00	2.776990175247192383e+00	2.778604030609130859e+00	2.780304431915283203e+00	2.781682968139648438e+00	2.782078504562377930e+00	2.781522512435913086e+00	2.782246828079223633e+00	2.784235477447509766e+00	2.785326242446899414e+00	2.786019325256347656e+00	2.788128614425659180e+00	2.790956020355224609e+00	2.792995452880859375e+00	2.794110536575317383e+00	2.795125722885131836e+00	2.796182632446289062e+00	2.797945499420166016e+00	2.801272869110107422e+00	2.806166172027587891e+00	2.811804056167602539e+00	2.817301988601684570e+00	2.822233200073242188e+00	2.823934793472290039e+00	2.823069572448730469e+00	2.822459220886230469e+00	2.822087049484252930e+00	2.822303056716918945e+00	2.823381423950195312e+00	2.825304031372070312e+00	2.827397108078002930e+00	2.828538417816162109e+00	2.828314304351806641e+00	2.826184988021850586e+00	2.822548151016235352e+00	2.817968368530273438e+00	2.812126636505126953e+00	2.805933952331542969e+00	2.800993204116821289e+00	2.796911954879760742e+00	2.793543338775634766e+00	2.790955543518066406e+00	2.788379192352294922e+00	2.785335302352905273e+00	2.782193183898925781e+00	2.779333114624023438e+00	2.777656078338623047e+00	2.777912616729736328e+00	2.779915094375610352e+00	2.782418012619018555e+00	2.783950328826904297e+00
2.791314601898193359e+00	2.791101217269897461e+00	2.790541648864746094e+00	2.789589643478393555e+00	2.788205146789550781e+00	2.787295579910278320e+00	2.787151575088500977e+00	2.787523984909057617e+00	2.787733554840087891e+00	2.787421464920043945e+00	2.786794662475585938e+00	2.786016702651977539e+00	2.785120487213134766e+00	2.784215927124023438e+00	2.783081531524658203e+00	2.780505895614624023e+00	2.776876449584960938e+00	2.774273395538330078e+00	2.773442983627319336e+00	2.774001836776733398e+00	2.775849580764770508e+00	2.779199123382568359e+00	2.783460140228271484e+00	2.787263631820678711e+00	2.788753986358642578e+00	2.787072896957397461e+00	2.784364461898803711e+00	2.783020973205566406e+00	2.783351182937622070e+00	2.784970283508300781e+00	2.787197351455688477e+00	2.790380001068115234e+00	2.794323205947875977e+00	2.796568393707275391e+00	2.796422719955444336e+00	2.796174764633178711e+00	2.796380281448364258e+00	2.797113656997680664e+00	2.798805475234985352e+00	2.801871538162231445e+00	2.806678533554077148e+00	2.813393115997314453e+00	2.821791648864746094e+00	2.831378459930419922e+00	2.841515302658081055e+00	2.851384162902832031e+00	2.858602285385131836e+00	2.859295845031738281e+00	2.856908082962036133e+00	2.853711605072021484e+00	2.848946571350097656e+00	2.841665983200073242e+00	2.832513570785522461e+00	2.823244094848632812e+00	2.814761161804199219e+00	2.807288169860839844e+00	2.800932168960571289e+00	2.796130180358886719e+00	2.793492555618286133e+00	2.792831420898437500e+00	2.792871475219726562e+00	2.792452335357666016e+00	2.791074752807617188e+00	2.788730382919311523e+00	2.785939455032348633e+00	2.783440351486206055e+00	2.781759262084960938e+00	2.781220674514770508e+00	2.782099008560180664e+00	2.784399032592773438e+00	2.787435770034790039e+00	2.790111541748046875e+00
2.796027183532714844e+00	2.796621799468994141e+00	2.795686721801757812e+00	2.794228553771972656e+00	2.792260646820068359e+00	2.790450572967529297e+00	2.788941383361816406e+00	2.787594079971313477e+00	2.786597490310668945e+00	2.785985231399536133e+00	2.785682439804077148e+00	2.785852909088134766e+00	2.786154031753540039e+00	2.786051988601684570e+00	2.785101175308227539e+00	2.782057762145996094e+00	2.779254913330078125e+00	2.777805089950561523e+00	2.777375221252441406e+00	2.778362751007080078e+00	2.780581474304199219e+00	2.783880710601806641e+00	2.787768840789794922e+00	2.791714429855346680e+00	2.793124914169311523e+00	2.789535522460937500e+00	2.783513545989990234e+00	2.778439044952392578e+00	2.775425195693969727e+00	2.775410175323486328e+00	2.778768062591552734e+00	2.784793615341186523e+00	2.791252851486206055e+00	2.796611070632934570e+00	2.800041198730468750e+00	2.800079345703125000e+00	2.798938274383544922e+00	2.798970222473144531e+00	2.801398038864135742e+00	2.806475877761840820e+00	2.813733577728271484e+00	2.822485685348510742e+00	2.831960201263427734e+00	2.840992927551269531e+00	2.848571300506591797e+00	2.855041027069091797e+00	2.860848665237426758e+00	2.865093231201171875e+00	2.863818645477294922e+00	2.857933282852172852e+00	2.849688529968261719e+00	2.840506792068481445e+00	2.829091548919677734e+00	2.816164970397949219e+00	2.804445505142211914e+00	2.794984579086303711e+00	2.788204431533813477e+00	2.784389495849609375e+00	2.783566474914550781e+00	2.785056829452514648e+00	2.787752866744995117e+00	2.789515495300292969e+00	2.788301944732666016e+00	2.784708023071289062e+00	2.780784368515014648e+00	2.777726411819458008e+00	2.775811195373535156e+00	2.775171518325805664e+00	2.776187419891357422e+00	2.779268264770507812e+00	2.784649372100830078e+00	2.791433811187744141e+00
2.794602632522583008e+00	2.796558380126953125e+00	2.796426534652709961e+00	2.793611526489257812e+00	2.790388822555541992e+00	2.788214445114135742e+00	2.786949634552001953e+00	2.786380529403686523e+00	2.786340713500976562e+00	2.786744117736816406e+00	2.787508249282836914e+00	2.788233280181884766e+00	2.788125991821289062e+00	2.786450862884521484e+00	2.783494234085083008e+00	2.780635118484497070e+00	2.779022932052612305e+00	2.778914690017700195e+00	2.779952287673950195e+00	2.781337022781372070e+00	2.782575607299804688e+00	2.784710884094238281e+00	2.787954330444335938e+00	2.790899038314819336e+00	2.791757583618164062e+00	2.789824724197387695e+00	2.786031007766723633e+00	2.781616449356079102e+00	2.777348756790161133e+00	2.774495601654052734e+00	2.774430036544799805e+00	2.777401208877563477e+00	2.782706260681152344e+00	2.789160728454589844e+00	2.794951438903808594e+00	2.798395395278930664e+00	2.799593925476074219e+00	2.800624132156372070e+00	2.804082155227661133e+00	2.811341047286987305e+00	2.821783781051635742e+00	2.833264827728271484e+00	2.844715118408203125e+00	2.853414535522460938e+00	2.858395576477050781e+00	2.861935615539550781e+00	2.864150524139404297e+00	2.863263607025146484e+00	2.859237194061279297e+00	2.852437257766723633e+00	2.843281269073486328e+00	2.832904338836669922e+00	2.822905778884887695e+00	2.814116477966308594e+00	2.806289911270141602e+00	2.799376010894775391e+00	2.793959617614746094e+00	2.790835142135620117e+00	2.789882898330688477e+00	2.790490627288818359e+00	2.792079925537109375e+00	2.792548418045043945e+00	2.791371345520019531e+00	2.789319992065429688e+00	2.786785840988159180e+00	2.784109115600585938e+00	2.781759738922119141e+00	2.780436038970947266e+00	2.780827522277832031e+00	2.783215999603271484e+00	2.787110090255737305e+00	2.791208505630493164e+00
2.780495166778564453e+00	2.784692764282226562e+00	2.789105892181396484e+00	2.792342185974121094e+00	2.793953895568847656e+00	2.794245719909667969e+00	2.793983936309814453e+00	2.793795824050903320e+00	2.793266296386718750e+00	2.791796684265136719e+00	2.789559125900268555e+00	2.787047147750854492e+00	2.784783363342285156e+00	2.783105134963989258e+00	2.782050609588623047e+00	2.781936407089233398e+00	2.782999277114868164e+00	2.784932851791381836e+00	2.786699295043945312e+00	2.786126852035522461e+00	2.783192157745361328e+00	2.779608726501464844e+00	2.776515722274780273e+00	2.774732351303100586e+00	2.774824142456054688e+00	2.776672124862670898e+00	2.779339075088500977e+00	2.781204223632812500e+00	2.780737638473510742e+00	2.779134988784790039e+00	2.778901815414428711e+00	2.780992507934570312e+00	2.785018205642700195e+00	2.789700269699096680e+00	2.793500900268554688e+00	2.795563459396362305e+00	2.796501636505126953e+00	2.798360347747802734e+00	2.803006172180175781e+00	2.811048030853271484e+00	2.822028636932373047e+00	2.834580183029174805e+00	2.846214294433593750e+00	2.854195117950439453e+00	2.856796503067016602e+00	2.853253364562988281e+00	2.846201181411743164e+00	2.838985919952392578e+00	2.833079576492309570e+00	2.828591585159301758e+00	2.824763774871826172e+00	2.820657730102539062e+00	2.815871715545654297e+00	2.810647726058959961e+00	2.805274486541748047e+00	2.799664020538330078e+00	2.793934106826782227e+00	2.788909196853637695e+00	2.785496473312377930e+00	2.784120798110961914e+00	2.784419775009155273e+00	2.785589218139648438e+00	2.787058591842651367e+00	2.788158416748046875e+00	2.788167238235473633e+00	2.786934137344360352e+00	2.784639835357666016e+00	2.781769990921020508e+00	2.779028177261352539e+00	2.777033090591430664e+00	2.776434659957885742e+00	2.777607202529907227e+00
2.782666921615600586e+00	2.788788318634033203e+00	2.796825408935546875e+00	2.806169509887695312e+00	2.814424037933349609e+00	2.819012641906738281e+00	2.818524599075317383e+00	2.813969135284423828e+00	2.807937145233154297e+00	2.801978588104248047e+00	2.796355724334716797e+00	2.791598796844482422e+00	2.788182497024536133e+00	2.785885334014892578e+00	2.784297227859497070e+00	2.783439874649047852e+00	2.783160686492919922e+00	2.782881021499633789e+00	2.782136440277099609e+00	2.780676603317260742e+00	2.778420448303222656e+00	2.775823116302490234e+00	2.773503780364990234e+00	2.772330284118652344e+00	2.773471593856811523e+00	2.776999235153198242e+00	2.781680822372436523e+00	2.784876346588134766e+00	2.784778118133544922e+00	2.782497167587280273e+00	2.780973672866821289e+00	2.781503200531005859e+00	2.784064531326293945e+00	2.787885665893554688e+00	2.791712284088134766e+00	2.794572114944458008e+00	2.796606540679931641e+00	2.799257755279541016e+00	2.804586887359619141e+00	2.813989162445068359e+00	2.827384471893310547e+00	2.842998027801513672e+00	2.856964111328125000e+00	2.864885568618774414e+00	2.865250825881958008e+00	2.860407829284667969e+00	2.854138612747192383e+00	2.848542690277099609e+00	2.844088792800903320e+00	2.840395212173461914e+00	2.836570024490356445e+00	2.831595897674560547e+00	2.824912309646606445e+00	2.816647052764892578e+00	2.807510852813720703e+00	2.798579931259155273e+00	2.790818929672241211e+00	2.784877777099609375e+00	2.781085252761840820e+00	2.779326677322387695e+00	2.779454469680786133e+00	2.781033277511596680e+00	2.783034563064575195e+00	2.784508943557739258e+00	2.784790515899658203e+00	2.783503055572509766e+00	2.781172275543212891e+00	2.778714418411254883e+00	2.776850223541259766e+00	2.776009798049926758e+00	2.776473045349121094e+00	2.778582572937011719e+00
2.787607669830322266e+00	2.794158697128295898e+00	2.802284002304077148e+00	2.812101364135742188e+00	2.820357322692871094e+00	2.818923950195312500e+00	2.813504219055175781e+00	2.808591127395629883e+00	2.804591417312622070e+00	2.799623727798461914e+00	2.793267726898193359e+00	2.787497282028198242e+00	2.782886981964111328e+00	2.779525518417358398e+00	2.777066946029663086e+00	2.774882793426513672e+00	2.772635459899902344e+00	2.770355463027954102e+00	2.768217325210571289e+00	2.766463518142700195e+00	2.765517711639404297e+00	2.766147136688232422e+00	2.768733978271484375e+00	2.772222757339477539e+00	2.775713682174682617e+00	2.778814554214477539e+00	2.780831813812255859e+00	2.781487226486206055e+00	2.780674695968627930e+00	2.777708292007446289e+00	2.776532173156738281e+00	2.777813911437988281e+00	2.780418872833251953e+00	2.783206224441528320e+00	2.785427093505859375e+00	2.786868810653686523e+00	2.787775039672851562e+00	2.788823604583740234e+00	2.791334390640258789e+00	2.796481609344482422e+00	2.804387331008911133e+00	2.814286947250366211e+00	2.824150085449218750e+00	2.831407308578491211e+00	2.834165811538696289e+00	2.831473112106323242e+00	2.825245380401611328e+00	2.816838264465332031e+00	2.808187723159790039e+00	2.801017045974731445e+00	2.795866250991821289e+00	2.791902542114257812e+00	2.787085771560668945e+00	2.783093452453613281e+00	2.779978752136230469e+00	2.776762723922729492e+00	2.773644685745239258e+00	2.771625995635986328e+00	2.771090745925903320e+00	2.771832227706909180e+00	2.773710012435913086e+00	2.776464939117431641e+00	2.778758287429809570e+00	2.779683351516723633e+00	2.778062820434570312e+00	2.774267196655273438e+00	2.771856069564819336e+00	2.770977735519409180e+00	2.772611379623413086e+00	2.776889801025390625e+00	2.780288219451904297e+00	2.783100366592407227e+00
2.778413534164428711e+00	2.787120819091796875e+00	2.797626495361328125e+00	2.808801651000976562e+00	2.817925691604614258e+00	2.818861961364746094e+00	2.810950756072998047e+00	2.799812555313110352e+00	2.790245532989501953e+00	2.783530473709106445e+00	2.778556823730468750e+00	2.774764060974121094e+00	2.772364139556884766e+00	2.770996809005737305e+00	2.769821882247924805e+00	2.768337965011596680e+00	2.766659021377563477e+00	2.765134096145629883e+00	2.764043331146240234e+00	2.763693094253540039e+00	2.764393329620361328e+00	2.766226768493652344e+00	2.768456935882568359e+00	2.768919944763183594e+00	2.767628192901611328e+00	2.766908884048461914e+00	2.766889333724975586e+00	2.766583442687988281e+00	2.764715194702148438e+00	2.762750148773193359e+00	2.762188673019409180e+00	2.763111829757690430e+00	2.764890670776367188e+00	2.766839981079101562e+00	2.768828630447387695e+00	2.771162271499633789e+00	2.773843288421630859e+00	2.776194334030151367e+00	2.777898073196411133e+00	2.780435085296630859e+00	2.785427093505859375e+00	2.793032884597778320e+00	2.801481723785400391e+00	2.808463096618652344e+00	2.811028718948364258e+00	2.807451248168945312e+00	2.800297021865844727e+00	2.790869951248168945e+00	2.782104969024658203e+00	2.775481700897216797e+00	2.770619869232177734e+00	2.767056703567504883e+00	2.765032529830932617e+00	2.764956712722778320e+00	2.766451597213745117e+00	2.768388271331787109e+00	2.770544528961181641e+00	2.772661685943603516e+00	2.773293733596801758e+00	2.772308588027954102e+00	2.771373987197875977e+00	2.771303176879882812e+00	2.771914958953857422e+00	2.771944999694824219e+00	2.770212411880493164e+00	2.767466068267822266e+00	2.765097141265869141e+00	2.763715982437133789e+00	2.763646602630615234e+00	2.764948129653930664e+00	2.767596960067749023e+00	2.771934032440185547e+00
2.781944036483764648e+00	2.790961980819702148e+00	2.799840211868286133e+00	2.811480760574340820e+00	2.826089620590209961e+00	2.834752798080444336e+00	2.830533504486083984e+00	2.812250614166259766e+00	2.794924259185791016e+00	2.783876895904541016e+00	2.777519226074218750e+00	2.774035215377807617e+00	2.772293806076049805e+00	2.771238327026367188e+00	2.769982576370239258e+00	2.768223762512207031e+00	2.766388893127441406e+00	2.765002250671386719e+00	2.764327049255371094e+00	2.764530181884765625e+00	2.765459060668945312e+00	2.766534805297851562e+00	2.767286777496337891e+00	2.767616271972656250e+00	2.767424106597900391e+00	2.766613483428955078e+00	2.765389442443847656e+00	2.764174938201904297e+00	2.763497352600097656e+00	2.763437986373901367e+00	2.763677835464477539e+00	2.764124393463134766e+00	2.764865398406982422e+00	2.765861511230468750e+00	2.767194986343383789e+00	2.768972396850585938e+00	2.771147012710571289e+00	2.773802995681762695e+00	2.777371883392333984e+00	2.782361745834350586e+00	2.789286613464355469e+00	2.798617601394653320e+00	2.808357000350952148e+00	2.813176870346069336e+00	2.810744047164916992e+00	2.801115512847900391e+00	2.791506528854370117e+00	2.783342361450195312e+00	2.776099443435668945e+00	2.770115613937377930e+00	2.765848398208618164e+00	2.763605594635009766e+00	2.763398647308349609e+00	2.764765501022338867e+00	2.767066478729248047e+00	2.769464254379272461e+00	2.771171569824218750e+00	2.772101640701293945e+00	2.772250175476074219e+00	2.771795988082885742e+00	2.771328926086425781e+00	2.771087884902954102e+00	2.770616769790649414e+00	2.769406795501708984e+00	2.767321348190307617e+00	2.764811038970947266e+00	2.762832641601562500e+00	2.761929988861083984e+00	2.762195348739624023e+00	2.763927936553955078e+00	2.767525434494018555e+00	2.773458003997802734e+00
2.802728176116943359e+00	2.807696342468261719e+00	2.810941457748413086e+00	2.815678358078002930e+00	2.824482440948486328e+00	2.836839675903320312e+00	2.838114500045776367e+00	2.826240062713623047e+00	2.814918041229248047e+00	2.806612014770507812e+00	2.800542116165161133e+00	2.795711755752563477e+00	2.791806697845458984e+00	2.788339376449584961e+00	2.784874439239501953e+00	2.781649589538574219e+00	2.779016733169555664e+00	2.777190446853637695e+00	2.776279926300048828e+00	2.776475429534912109e+00	2.777728557586669922e+00	2.779988527297973633e+00	2.784010887145996094e+00	2.788775682449340820e+00	2.790166139602661133e+00	2.788820505142211914e+00	2.786604166030883789e+00	2.784445762634277344e+00	2.783492565155029297e+00	2.783755540847778320e+00	2.784351110458374023e+00	2.784985542297363281e+00	2.786108016967773438e+00	2.788177251815795898e+00	2.791197299957275391e+00	2.794789791107177734e+00	2.798520088195800781e+00	2.802412271499633789e+00	2.807063817977905273e+00	2.813330411911010742e+00	2.821998357772827148e+00	2.833033800125122070e+00	2.843231201171875000e+00	2.846591711044311523e+00	2.844259977340698242e+00	2.840747594833374023e+00	2.837518215179443359e+00	2.833797454833984375e+00	2.828725099563598633e+00	2.822024583816528320e+00	2.813651084899902344e+00	2.805236339569091797e+00	2.798281192779541016e+00	2.792928695678710938e+00	2.788568496704101562e+00	2.785263776779174805e+00	2.783250808715820312e+00	2.782621860504150391e+00	2.782970666885375977e+00	2.783411026000976562e+00	2.783713340759277344e+00	2.783768177032470703e+00	2.783010005950927734e+00	2.781546354293823242e+00	2.779872417449951172e+00	2.778454303741455078e+00	2.777567386627197266e+00	2.777780055999755859e+00	2.779567718505859375e+00	2.783140897750854492e+00	2.788739204406738281e+00	2.795739889144897461e+00
2.791625022888183594e+00	2.794675827026367188e+00	2.797453880310058594e+00	2.800427198410034180e+00	2.803220987319946289e+00	2.805255413055419922e+00	2.805767059326171875e+00	2.804516792297363281e+00	2.801885843276977539e+00	2.798407316207885742e+00	2.795087099075317383e+00	2.792883634567260742e+00	2.792585611343383789e+00	2.795465230941772461e+00	2.804944515228271484e+00	2.826419115066528320e+00	2.827541828155517578e+00	2.804816961288452148e+00	2.788536548614501953e+00	2.779236555099487305e+00	2.776205301284790039e+00	2.777160882949829102e+00	2.779526233673095703e+00	2.781838893890380859e+00	2.783382177352905273e+00	2.783774614334106445e+00	2.783120393753051758e+00	2.782114267349243164e+00	2.781677484512329102e+00	2.782513380050659180e+00	2.784351825714111328e+00	2.786864757537841797e+00	2.791160106658935547e+00	2.798281192779541016e+00	2.807693481445312500e+00	2.815195560455322266e+00	2.815348148345947266e+00	2.812431573867797852e+00	2.812710285186767578e+00	2.816244840621948242e+00	2.821676492691040039e+00	2.828356027603149414e+00	2.835746049880981445e+00	2.842085838317871094e+00	2.845698595046997070e+00	2.846527099609375000e+00	2.845674991607666016e+00	2.843556642532348633e+00	2.838994026184082031e+00	2.831955194473266602e+00	2.823818683624267578e+00	2.815265893936157227e+00	2.807109594345092773e+00	2.800315380096435547e+00	2.795253753662109375e+00	2.792059183120727539e+00	2.790538311004638672e+00	2.789494037628173828e+00	2.787798166275024414e+00	2.785549879074096680e+00	2.783662796020507812e+00	2.782726287841796875e+00	2.782364845275878906e+00	2.781698465347290039e+00	2.780983209609985352e+00	2.781117439270019531e+00	2.781853675842285156e+00	2.782538890838623047e+00	2.783023357391357422e+00	2.783785581588745117e+00	2.785417795181274414e+00	2.788203954696655273e+00
2.784129142761230469e+00	2.785588979721069336e+00	2.787492513656616211e+00	2.789741277694702148e+00	2.791911602020263672e+00	2.793326377868652344e+00	2.793400049209594727e+00	2.791955232620239258e+00	2.789526462554931641e+00	2.787472009658813477e+00	2.787623167037963867e+00	2.791895627975463867e+00	2.801869869232177734e+00	2.818274497985839844e+00	2.841718196868896484e+00	2.875355482101440430e+00	2.891148328781127930e+00	2.837895870208740234e+00	2.802596807479858398e+00	2.785253047943115234e+00	2.777834177017211914e+00	2.776205539703369141e+00	2.777915716171264648e+00	2.780986547470092773e+00	2.783869743347167969e+00	2.785381317138671875e+00	2.784540653228759766e+00	2.782049417495727539e+00	2.780208349227905273e+00	2.781162500381469727e+00	2.786294460296630859e+00	2.796140432357788086e+00	2.809658288955688477e+00	2.824326992034912109e+00	2.833965539932250977e+00	2.832508802413940430e+00	2.822193861007690430e+00	2.810293436050415039e+00	2.802865028381347656e+00	2.800885200500488281e+00	2.803183794021606445e+00	2.808053731918334961e+00	2.813712835311889648e+00	2.818441867828369141e+00	2.821066856384277344e+00	2.821574449539184570e+00	2.820617675781250000e+00	2.818731784820556641e+00	2.816282033920288086e+00	2.813267707824707031e+00	2.809762716293334961e+00	2.806233644485473633e+00	2.802155971527099609e+00	2.796550750732421875e+00	2.791814565658569336e+00	2.790702819824218750e+00	2.792892694473266602e+00	2.796653747558593750e+00	2.800940752029418945e+00	2.804495334625244141e+00	2.805085659027099609e+00	2.802493095397949219e+00	2.798403263092041016e+00	2.794241428375244141e+00	2.790895938873291016e+00	2.788671493530273438e+00	2.787312269210815430e+00	2.786331653594970703e+00	2.785428762435913086e+00	2.784469842910766602e+00	2.783516407012939453e+00	2.783325433731079102e+00
2.787065744400024414e+00	2.788979768753051758e+00	2.789967060089111328e+00	2.789607524871826172e+00	2.787818193435668945e+00	2.785338401794433594e+00	2.782827377319335938e+00	2.780641794204711914e+00	2.779326677322387695e+00	2.779658079147338867e+00	2.782526493072509766e+00	2.788796424865722656e+00	2.799421310424804688e+00	2.815631866455078125e+00	2.838622331619262695e+00	2.871247053146362305e+00	2.880496978759765625e+00	2.834470748901367188e+00	2.802587509155273438e+00	2.787803649902343750e+00	2.782328367233276367e+00	2.782111883163452148e+00	2.784734010696411133e+00	2.788069009780883789e+00	2.790261030197143555e+00	2.790260314941406250e+00	2.787937879562377930e+00	2.784856796264648438e+00	2.784187078475952148e+00	2.789129972457885742e+00	2.801906585693359375e+00	2.823256254196166992e+00	2.851524353027343750e+00	2.880895614624023438e+00	2.898486375808715820e+00	2.888424634933471680e+00	2.859372615814208984e+00	2.829675197601318359e+00	2.807474851608276367e+00	2.793323278427124023e+00	2.785789489746093750e+00	2.783341169357299805e+00	2.784569025039672852e+00	2.787982940673828125e+00	2.792157888412475586e+00	2.795837640762329102e+00	2.797801971435546875e+00	2.797841072082519531e+00	2.796254158020019531e+00	2.792995929718017578e+00	2.788517236709594727e+00	2.783915758132934570e+00	2.780453443527221680e+00	2.779106616973876953e+00	2.780407667160034180e+00	2.784525871276855469e+00	2.790843248367309570e+00	2.798414945602416992e+00	2.807087898254394531e+00	2.817041397094726562e+00	2.828414916992187500e+00	2.843706607818603516e+00	2.856782436370849609e+00	2.848231077194213867e+00	2.827913999557495117e+00	2.810819864273071289e+00	2.798668622970581055e+00	2.790616512298583984e+00	2.785813331604003906e+00	2.783458471298217773e+00	2.783259153366088867e+00	2.784793853759765625e+00
2.789115667343139648e+00	2.791236639022827148e+00	2.790903568267822266e+00	2.788824081420898438e+00	2.786015748977661133e+00	2.783144712448120117e+00	2.780591011047363281e+00	2.778638362884521484e+00	2.777750492095947266e+00	2.778588294982910156e+00	2.781767129898071289e+00	2.787861108779907227e+00	2.797564506530761719e+00	2.811678171157836914e+00	2.830459594726562500e+00	2.853713035583496094e+00	2.851904153823852539e+00	2.817352771759033203e+00	2.795017004013061523e+00	2.785457611083984375e+00	2.783224105834960938e+00	2.784576177597045898e+00	2.786666154861450195e+00	2.787997961044311523e+00	2.788162469863891602e+00	2.786883115768432617e+00	2.784546136856079102e+00	2.782655715942382812e+00	2.783483028411865234e+00	2.789456605911254883e+00	2.802813529968261719e+00	2.825242042541503906e+00	2.856903076171875000e+00	2.891874313354492188e+00	2.910680055618286133e+00	2.898996829986572266e+00	2.868429422378540039e+00	2.837104320526123047e+00	2.813008546829223633e+00	2.796898126602172852e+00	2.787566184997558594e+00	2.783549547195434570e+00	2.783427238464355469e+00	2.785758495330810547e+00	2.789225816726684570e+00	2.792766571044921875e+00	2.795676469802856445e+00	2.797498703002929688e+00	2.797663688659667969e+00	2.795757532119750977e+00	2.791898727416992188e+00	2.786882162094116211e+00	2.782157659530639648e+00	2.779211997985839844e+00	2.778954744338989258e+00	2.781742811203002930e+00	2.787593841552734375e+00	2.795900106430053711e+00	2.805521726608276367e+00	2.815862178802490234e+00	2.827131748199462891e+00	2.842815160751342773e+00	2.858816623687744141e+00	2.852403163909912109e+00	2.830751895904541016e+00	2.810851812362670898e+00	2.796783208847045898e+00	2.788462877273559570e+00	2.784170627593994141e+00	2.782598257064819336e+00	2.783220052719116211e+00	2.785727739334106445e+00
2.785242319107055664e+00	2.786759853363037109e+00	2.786295413970947266e+00	2.784628868103027344e+00	2.781709432601928711e+00	2.777441024780273438e+00	2.773708820343017578e+00	2.771840572357177734e+00	2.772274732589721680e+00	2.774233341217041016e+00	2.776122570037841797e+00	2.777087926864624023e+00	2.776854753494262695e+00	2.775476217269897461e+00	2.773347139358520508e+00	2.771137237548828125e+00	2.769973516464233398e+00	2.770394325256347656e+00	2.772113084793090820e+00	2.774564981460571289e+00	2.777227640151977539e+00	2.779839038848876953e+00	2.781975507736206055e+00	2.782877206802368164e+00	2.782424688339233398e+00	2.781043767929077148e+00	2.778998613357543945e+00	2.777752637863159180e+00	2.779078006744384766e+00	2.784447431564331055e+00	2.795809268951416016e+00	2.815806627273559570e+00	2.845900297164916992e+00	2.880230665206909180e+00	2.897029638290405273e+00	2.883723497390747070e+00	2.852737903594970703e+00	2.824362039566040039e+00	2.804605960845947266e+00	2.791260719299316406e+00	2.782749176025390625e+00	2.778521537780761719e+00	2.777958393096923828e+00	2.779786348342895508e+00	2.782716989517211914e+00	2.786030530929565430e+00	2.789134025573730469e+00	2.791483640670776367e+00	2.792257070541381836e+00	2.790957212448120117e+00	2.787693977355957031e+00	2.783077478408813477e+00	2.778257608413696289e+00	2.774321794509887695e+00	2.771913528442382812e+00	2.771534681320190430e+00	2.773418426513671875e+00	2.777369499206542969e+00	2.783357858657836914e+00	2.791553974151611328e+00	2.803156375885009766e+00	2.820550918579101562e+00	2.840075492858886719e+00	2.843199014663696289e+00	2.826525688171386719e+00	2.804080247879028320e+00	2.788783788681030273e+00	2.780159950256347656e+00	2.776236295700073242e+00	2.775736093521118164e+00	2.777934312820434570e+00	2.781728029251098633e+00
2.791792869567871094e+00	2.792329549789428711e+00	2.794181346893310547e+00	2.796115636825561523e+00	2.794390201568603516e+00	2.790240526199340820e+00	2.787370920181274414e+00	2.786653995513916016e+00	2.787780284881591797e+00	2.789794921875000000e+00	2.791492223739624023e+00	2.792211055755615234e+00	2.791836261749267578e+00	2.789996862411499023e+00	2.787021160125732422e+00	2.784306526184082031e+00	2.782974004745483398e+00	2.783190488815307617e+00	2.784313440322875977e+00	2.785291671752929688e+00	2.785686016082763672e+00	2.785926580429077148e+00	2.786731481552124023e+00	2.788126468658447266e+00	2.789970159530639648e+00	2.792054414749145508e+00	2.792249441146850586e+00	2.790793657302856445e+00	2.789880275726318359e+00	2.791905164718627930e+00	2.799593925476074219e+00	2.815592527389526367e+00	2.841650009155273438e+00	2.873569726943969727e+00	2.892101049423217773e+00	2.882856607437133789e+00	2.858594655990600586e+00	2.839296340942382812e+00	2.830793619155883789e+00	2.830146074295043945e+00	2.834003925323486328e+00	2.839086294174194336e+00	2.844371318817138672e+00	2.849274873733520508e+00	2.853906154632568359e+00	2.857338190078735352e+00	2.856341600418090820e+00	2.852807521820068359e+00	2.847778320312500000e+00	2.840867757797241211e+00	2.832728147506713867e+00	2.824526548385620117e+00	2.816787719726562500e+00	2.809609651565551758e+00	2.803410530090332031e+00	2.798756599426269531e+00	2.795859575271606445e+00	2.794952869415283203e+00	2.796263694763183594e+00	2.800292491912841797e+00	2.808404207229614258e+00	2.821582794189453125e+00	2.836317539215087891e+00	2.837213516235351562e+00	2.821294784545898438e+00	2.806138753890991211e+00	2.796397209167480469e+00	2.790930986404418945e+00	2.788311719894409180e+00	2.788006305694580078e+00	2.789638280868530273e+00	2.791562795639038086e+00
2.792802572250366211e+00	2.791530370712280273e+00	2.791409730911254883e+00	2.791326761245727539e+00	2.790929794311523438e+00	2.790199756622314453e+00	2.789316892623901367e+00	2.788701295852661133e+00	2.788663148880004883e+00	2.789039611816406250e+00	2.789330720901489258e+00	2.789186954498291016e+00	2.788646221160888672e+00	2.787805795669555664e+00	2.786478757858276367e+00	2.784674406051635742e+00	2.783525466918945312e+00	2.783601999282836914e+00	2.784352540969848633e+00	2.784579753875732422e+00	2.783615350723266602e+00	2.781876325607299805e+00	2.780606031417846680e+00	2.781241655349731445e+00	2.784935235977172852e+00	2.792344331741333008e+00	2.802019596099853516e+00	2.813290596008300781e+00	2.819559335708618164e+00	2.824076175689697266e+00	2.830239295959472656e+00	2.840227365493774414e+00	2.858045578002929688e+00	2.879209518432617188e+00	2.887351751327514648e+00	2.876950740814208984e+00	2.856419563293457031e+00	2.840116024017333984e+00	2.833289623260498047e+00	2.833717107772827148e+00	2.837633609771728516e+00	2.840573549270629883e+00	2.843794822692871094e+00	2.847198247909545898e+00	2.849088907241821289e+00	2.851278543472290039e+00	2.852296352386474609e+00	2.849303245544433594e+00	2.843861818313598633e+00	2.836407423019409180e+00	2.828519105911254883e+00	2.821130990982055664e+00	2.814224243164062500e+00	2.807825565338134766e+00	2.802295923233032227e+00	2.798183202743530273e+00	2.795900344848632812e+00	2.795182466506958008e+00	2.795245647430419922e+00	2.797344207763671875e+00	2.804189443588256836e+00	2.817991733551025391e+00	2.837742090225219727e+00	2.850235223770141602e+00	2.843490600585937500e+00	2.838945865631103516e+00	2.840793132781982422e+00	2.838842868804931641e+00	2.827898979187011719e+00	2.814898490905761719e+00	2.804074287414550781e+00	2.796717882156372070e+00
2.796693086624145508e+00	2.794581174850463867e+00	2.792982339859008789e+00	2.791644573211669922e+00	2.790916204452514648e+00	2.790869712829589844e+00	2.791036128997802734e+00	2.791305780410766602e+00	2.791797876358032227e+00	2.792323112487792969e+00	2.792597532272338867e+00	2.792315244674682617e+00	2.791246175765991211e+00	2.789510726928710938e+00	2.787389516830444336e+00	2.785445690155029297e+00	2.784247875213623047e+00	2.783565044403076172e+00	2.782693386077880859e+00	2.781341791152954102e+00	2.780090808868408203e+00	2.779370307922363281e+00	2.779594182968139648e+00	2.781309366226196289e+00	2.784819364547729492e+00	2.790134668350219727e+00	2.797163724899291992e+00	2.805737495422363281e+00	2.814745426177978516e+00	2.822424650192260742e+00	2.829651355743408203e+00	2.837829589843750000e+00	2.848921775817871094e+00	2.855340719223022461e+00	2.853882551193237305e+00	2.848130226135253906e+00	2.839668512344360352e+00	2.834391355514526367e+00	2.834326505661010742e+00	2.837312459945678711e+00	2.840832471847534180e+00	2.842753171920776367e+00	2.842624187469482422e+00	2.841259956359863281e+00	2.838662624359130859e+00	2.835041284561157227e+00	2.831573486328125000e+00	2.828352212905883789e+00	2.824225664138793945e+00	2.818730592727661133e+00	2.812597036361694336e+00	2.806561946868896484e+00	2.801163673400878906e+00	2.796866655349731445e+00	2.794080734252929688e+00	2.792955160140991211e+00	2.792985916137695312e+00	2.793196201324462891e+00	2.792885780334472656e+00	2.793953180313110352e+00	2.799459457397460938e+00	2.811738252639770508e+00	2.832040309906005859e+00	2.856829166412353516e+00	2.858347654342651367e+00	2.846180677413940430e+00	2.845271587371826172e+00	2.840109586715698242e+00	2.828422784805297852e+00	2.815420866012573242e+00	2.805982589721679688e+00	2.800101518630981445e+00
2.800068140029907227e+00	2.797695875167846680e+00	2.795304775238037109e+00	2.793045759201049805e+00	2.791159868240356445e+00	2.789913177490234375e+00	2.789275407791137695e+00	2.788807153701782227e+00	2.787967443466186523e+00	2.786818027496337891e+00	2.785747766494750977e+00	2.784864902496337891e+00	2.783825397491455078e+00	2.782409429550170898e+00	2.780723571777343750e+00	2.779117345809936523e+00	2.778237342834472656e+00	2.778003931045532227e+00	2.777383804321289062e+00	2.776151180267333984e+00	2.775165557861328125e+00	2.775255918502807617e+00	2.776987791061401367e+00	2.780422449111938477e+00	2.784895420074462891e+00	2.790309429168701172e+00	2.796400308609008789e+00	2.803412437438964844e+00	2.812877416610717773e+00	2.822328567504882812e+00	2.823937177658081055e+00	2.817792654037475586e+00	2.813622236251831055e+00	2.813469409942626953e+00	2.815319538116455078e+00	2.817954778671264648e+00	2.821210861206054688e+00	2.825139999389648438e+00	2.828925371170043945e+00	2.831502914428710938e+00	2.832933902740478516e+00	2.834057331085205078e+00	2.835901260375976562e+00	2.838637351989746094e+00	2.838830232620239258e+00	2.836638689041137695e+00	2.834414243698120117e+00	2.831345319747924805e+00	2.825906753540039062e+00	2.817777633666992188e+00	2.808735847473144531e+00	2.800484180450439453e+00	2.793831348419189453e+00	2.789071798324584961e+00	2.786366224288940430e+00	2.785402059555053711e+00	2.785067558288574219e+00	2.784851551055908203e+00	2.784979820251464844e+00	2.785808324813842773e+00	2.787796020507812500e+00	2.792396306991577148e+00	2.799918889999389648e+00	2.809493541717529297e+00	2.820621490478515625e+00	2.837117433547973633e+00	2.857399702072143555e+00	2.852200031280517578e+00	2.830909967422485352e+00	2.816059827804565430e+00	2.807429075241088867e+00	2.802774667739868164e+00
2.789110898971557617e+00	2.795223951339721680e+00	2.797091484069824219e+00	2.793144702911376953e+00	2.788555383682250977e+00	2.786187171936035156e+00	2.785373926162719727e+00	2.785065174102783203e+00	2.784468889236450195e+00	2.783031702041625977e+00	2.780938386917114258e+00	2.778595447540283203e+00	2.776328086853027344e+00	2.774619579315185547e+00	2.773827075958251953e+00	2.773239850997924805e+00	2.772083997726440430e+00	2.771134614944458008e+00	2.770777463912963867e+00	2.770263433456420898e+00	2.770134449005126953e+00	2.771722793579101562e+00	2.775426387786865234e+00	2.780474424362182617e+00	2.785751819610595703e+00	2.789580106735229492e+00	2.792339801788330078e+00	2.792632579803466797e+00	2.788554906845092773e+00	2.782598972320556641e+00	2.777803897857666016e+00	2.775594472885131836e+00	2.776178121566772461e+00	2.779169797897338867e+00	2.783349514007568359e+00	2.787189483642578125e+00	2.790062665939331055e+00	2.792195081710815430e+00	2.793902397155761719e+00	2.794772624969482422e+00	2.794735908508300781e+00	2.795135021209716797e+00	2.796896219253540039e+00	2.799870967864990234e+00	2.803385734558105469e+00	2.805382013320922852e+00	2.804607629776000977e+00	2.800466060638427734e+00	2.792807817459106445e+00	2.785200595855712891e+00	2.779675245285034180e+00	2.775950670242309570e+00	2.773591756820678711e+00	2.772820234298706055e+00	2.773574829101562500e+00	2.775376319885253906e+00	2.776684999465942383e+00	2.776639938354492188e+00	2.776623487472534180e+00	2.776776075363159180e+00	2.776900529861450195e+00	2.776670217514038086e+00	2.775434494018554688e+00	2.773118734359741211e+00	2.770923614501953125e+00	2.769927978515625000e+00	2.770232439041137695e+00	2.771411418914794922e+00	2.773064374923706055e+00	2.775219440460205078e+00	2.778383493423461914e+00	2.783007144927978516e+00
2.786890983581542969e+00	2.788738489151000977e+00	2.789285421371459961e+00	2.788855314254760742e+00	2.788361787796020508e+00	2.788421630859375000e+00	2.789789915084838867e+00	2.790926218032836914e+00	2.789308309555053711e+00	2.786005973815917969e+00	2.782379150390625000e+00	2.778926134109497070e+00	2.776232719421386719e+00	2.774559974670410156e+00	2.773913621902465820e+00	2.774145364761352539e+00	2.774764776229858398e+00	2.775008440017700195e+00	2.774311065673828125e+00	2.773130178451538086e+00	2.772117853164672852e+00	2.771528959274291992e+00	2.772838354110717773e+00	2.776673316955566406e+00	2.782085180282592773e+00	2.786239624023437500e+00	2.786971807479858398e+00	2.785248756408691406e+00	2.781766176223754883e+00	2.777561426162719727e+00	2.773945808410644531e+00	2.771971225738525391e+00	2.771991729736328125e+00	2.774036169052124023e+00	2.777572870254516602e+00	2.781183958053588867e+00	2.783833265304565430e+00	2.785760641098022461e+00	2.787283420562744141e+00	2.788817644119262695e+00	2.790955781936645508e+00	2.793092727661132812e+00	2.794140577316284180e+00	2.794514417648315430e+00	2.795403003692626953e+00	2.796569824218750000e+00	2.796391248703002930e+00	2.794068813323974609e+00	2.790000677108764648e+00	2.785264492034912109e+00	2.781353712081909180e+00	2.778871536254882812e+00	2.777480125427246094e+00	2.776907205581665039e+00	2.777158737182617188e+00	2.777976036071777344e+00	2.778712511062622070e+00	2.779036521911621094e+00	2.778847455978393555e+00	2.778492927551269531e+00	2.777555465698242188e+00	2.775807142257690430e+00	2.773728609085083008e+00	2.772461891174316406e+00	2.772512435913085938e+00	2.772829294204711914e+00	2.773393154144287109e+00	2.774146080017089844e+00	2.775225162506103516e+00	2.777261495590209961e+00	2.780665397644042969e+00	2.784448623657226562e+00
2.786687374114990234e+00	2.787764787673950195e+00	2.788308858871459961e+00	2.788911104202270508e+00	2.788918733596801758e+00	2.788095235824584961e+00	2.788569927215576172e+00	2.788458108901977539e+00	2.785727977752685547e+00	2.781662702560424805e+00	2.777596712112426758e+00	2.774528264999389648e+00	2.772773265838623047e+00	2.772439479827880859e+00	2.773634672164916992e+00	2.775828838348388672e+00	2.776843786239624023e+00	2.775168895721435547e+00	2.772514343261718750e+00	2.770470142364501953e+00	2.769873619079589844e+00	2.770998954772949219e+00	2.773812055587768555e+00	2.778189420700073242e+00	2.782583951950073242e+00	2.784861564636230469e+00	2.785070896148681641e+00	2.783729076385498047e+00	2.780906438827514648e+00	2.777438879013061523e+00	2.774384021759033203e+00	2.772956609725952148e+00	2.773735284805297852e+00	2.776043891906738281e+00	2.778640508651733398e+00	2.780835151672363281e+00	2.782086133956909180e+00	2.782260894775390625e+00	2.781956911087036133e+00	2.782329559326171875e+00	2.784172058105468750e+00	2.787069559097290039e+00	2.789929628372192383e+00	2.792626857757568359e+00	2.795168161392211914e+00	2.796334743499755859e+00	2.795566320419311523e+00	2.793647766113281250e+00	2.791031837463378906e+00	2.787740945816040039e+00	2.784342288970947266e+00	2.781566858291625977e+00	2.780533790588378906e+00	2.781863689422607422e+00	2.784346580505371094e+00	2.785620689392089844e+00	2.784383535385131836e+00	2.781022787094116211e+00	2.777556180953979492e+00	2.775238275527954102e+00	2.774094104766845703e+00	2.773499727249145508e+00	2.773106813430786133e+00	2.773033142089843750e+00	2.773624420166015625e+00	2.774300813674926758e+00	2.773541688919067383e+00	2.773184776306152344e+00	2.774120569229125977e+00	2.776741743087768555e+00	2.780703783035278320e+00	2.784371376037597656e+00
2.798903465270996094e+00	2.803050279617309570e+00	2.805526256561279297e+00	2.808614969253540039e+00	2.809482574462890625e+00	2.806471586227416992e+00	2.801612615585327148e+00	2.794612169265747070e+00	2.787732839584350586e+00	2.783560752868652344e+00	2.781121015548706055e+00	2.779557704925537109e+00	2.778580665588378906e+00	2.777484893798828125e+00	2.775764465332031250e+00	2.773920059204101562e+00	2.772643327713012695e+00	2.772089958190917969e+00	2.772396564483642578e+00	2.773746252059936523e+00	2.776424169540405273e+00	2.780373573303222656e+00	2.784729719161987305e+00	2.788283348083496094e+00	2.788654804229736328e+00	2.786340713500976562e+00	2.782890796661376953e+00	2.779736280441284180e+00	2.778139114379882812e+00	2.777797460556030273e+00	2.778090000152587891e+00	2.778887748718261719e+00	2.780363321304321289e+00	2.782703638076782227e+00	2.785481214523315430e+00	2.788245677947998047e+00	2.791224479675292969e+00	2.794155597686767578e+00	2.796694040298461914e+00	2.799996614456176758e+00	2.805215120315551758e+00	2.811789274215698242e+00	2.817833185195922852e+00	2.822791814804077148e+00	2.826462745666503906e+00	2.827816009521484375e+00	2.827260971069335938e+00	2.825484752655029297e+00	2.822499752044677734e+00	2.817873716354370117e+00	2.810872793197631836e+00	2.802235126495361328e+00	2.793852329254150391e+00	2.787403106689453125e+00	2.783257961273193359e+00	2.780959844589233398e+00	2.780117988586425781e+00	2.779835700988769531e+00	2.779691696166992188e+00	2.779618978500366211e+00	2.779306173324584961e+00	2.778981447219848633e+00	2.778682708740234375e+00	2.778239965438842773e+00	2.778068780899047852e+00	2.778562307357788086e+00	2.779441356658935547e+00	2.780403137207031250e+00	2.781733274459838867e+00	2.783937931060791016e+00	2.787776947021484375e+00	2.793271780014038086e+00
2.799983024597167969e+00	2.804300308227539062e+00	2.807723760604858398e+00	2.810060024261474609e+00	2.810809850692749023e+00	2.808820486068725586e+00	2.803993225097656250e+00	2.797556877136230469e+00	2.791855335235595703e+00	2.787901163101196289e+00	2.785521507263183594e+00	2.784380435943603516e+00	2.783644676208496094e+00	2.782603502273559570e+00	2.780936002731323242e+00	2.778739929199218750e+00	2.776610136032104492e+00	2.775224924087524414e+00	2.774977922439575195e+00	2.776058673858642578e+00	2.778438091278076172e+00	2.781665325164794922e+00	2.783480644226074219e+00	2.784520626068115234e+00	2.785451650619506836e+00	2.784947872161865234e+00	2.783318042755126953e+00	2.781925916671752930e+00	2.781592607498168945e+00	2.782341718673706055e+00	2.784103631973266602e+00	2.787005186080932617e+00	2.791094064712524414e+00	2.796284437179565430e+00	2.802506923675537109e+00	2.809253931045532227e+00	2.815475463867187500e+00	2.820128679275512695e+00	2.823460340499877930e+00	2.827069044113159180e+00	2.832153320312500000e+00	2.838552474975585938e+00	2.844818115234375000e+00	2.849243164062500000e+00	2.850838661193847656e+00	2.849546909332275391e+00	2.846257925033569336e+00	2.841468572616577148e+00	2.835163354873657227e+00	2.827718973159790039e+00	2.819716930389404297e+00	2.810348272323608398e+00	2.800752639770507812e+00	2.793435096740722656e+00	2.788835287094116211e+00	2.785820245742797852e+00	2.783489942550659180e+00	2.781873941421508789e+00	2.781142234802246094e+00	2.780667066574096680e+00	2.779946088790893555e+00	2.778991460800170898e+00	2.778062820434570312e+00	2.777689218521118164e+00	2.778135299682617188e+00	2.778815269470214844e+00	2.779278278350830078e+00	2.779792785644531250e+00	2.780839920043945312e+00	2.783366680145263672e+00	2.788152694702148438e+00	2.794398069381713867e+00
2.793489933013916016e+00	2.796473741531372070e+00	2.802365541458129883e+00	2.810564756393432617e+00	2.818083286285400391e+00	2.822527170181274414e+00	2.819555282592773438e+00	2.813679695129394531e+00	2.807100534439086914e+00	2.801147222518920898e+00	2.796653985977172852e+00	2.794013738632202148e+00	2.793410778045654297e+00	2.794469833374023438e+00	2.794725418090820312e+00	2.793438434600830078e+00	2.793096542358398438e+00	2.794065713882446289e+00	2.795634269714355469e+00	2.796748638153076172e+00	2.796852350234985352e+00	2.796520709991455078e+00	2.794659852981567383e+00	2.791383028030395508e+00	2.789301633834838867e+00	2.789103031158447266e+00	2.789890289306640625e+00	2.790351390838623047e+00	2.790703296661376953e+00	2.792091131210327148e+00	2.795071601867675781e+00	2.799221277236938477e+00	2.803604602813720703e+00	2.808105230331420898e+00	2.813390493392944336e+00	2.821263790130615234e+00	2.834541082382202148e+00	2.855106353759765625e+00	2.883570432662963867e+00	2.918848514556884766e+00	2.956598520278930664e+00	2.986391067504882812e+00	2.991284132003784180e+00	2.969498872756958008e+00	2.937348842620849609e+00	2.905624389648437500e+00	2.878420114517211914e+00	2.856751203536987305e+00	2.839994907379150391e+00	2.826962709426879883e+00	2.816323757171630859e+00	2.807019233703613281e+00	2.798938274383544922e+00	2.792709589004516602e+00	2.788843154907226562e+00	2.787032127380371094e+00	2.786452770233154297e+00	2.786532402038574219e+00	2.786843299865722656e+00	2.787344932556152344e+00	2.788515806198120117e+00	2.790858983993530273e+00	2.794249773025512695e+00	2.797861814498901367e+00	2.800776481628417969e+00	2.802499055862426758e+00	2.802802801132202148e+00	2.801749944686889648e+00	2.799716234207153320e+00	2.797122955322265625e+00	2.794572591781616211e+00	2.793043613433837891e+00
2.798737049102783203e+00	2.801820755004882812e+00	2.807886838912963867e+00	2.818035840988159180e+00	2.833831310272216797e+00	2.857760667800903320e+00	2.880515575408935547e+00	2.875383853912353516e+00	2.859295606613159180e+00	2.841183900833129883e+00	2.824026107788085938e+00	2.811481952667236328e+00	2.803616762161254883e+00	2.799294471740722656e+00	2.797468185424804688e+00	2.797204017639160156e+00	2.797707796096801758e+00	2.798711061477661133e+00	2.800187587738037109e+00	2.801743507385253906e+00	2.802536010742187500e+00	2.801789283752441406e+00	2.799680471420288086e+00	2.796863794326782227e+00	2.794092416763305664e+00	2.792085647583007812e+00	2.791251659393310547e+00	2.791600227355957031e+00	2.793012142181396484e+00	2.795452833175659180e+00	2.798729896545410156e+00	2.802394628524780273e+00	2.806226253509521484e+00	2.810395956039428711e+00	2.815746784210205078e+00	2.824207544326782227e+00	2.838141918182373047e+00	2.859025001525878906e+00	2.886930704116821289e+00	2.920378446578979492e+00	2.954699993133544922e+00	2.979806184768676758e+00	2.982604503631591797e+00	2.961262226104736328e+00	2.927703857421875000e+00	2.893714427947998047e+00	2.864843606948852539e+00	2.842906951904296875e+00	2.827830314636230469e+00	2.817936658859252930e+00	2.810704231262207031e+00	2.804237365722656250e+00	2.798514127731323242e+00	2.794459342956542969e+00	2.792626142501831055e+00	2.792632818222045898e+00	2.793206214904785156e+00	2.793230295181274414e+00	2.792647838592529297e+00	2.792206764221191406e+00	2.792794942855834961e+00	2.794893503189086914e+00	2.798247575759887695e+00	2.801836252212524414e+00	2.804413795471191406e+00	2.805388212203979492e+00	2.804940223693847656e+00	2.803524732589721680e+00	2.801640748977661133e+00	2.799754858016967773e+00	2.798304319381713867e+00	2.797781229019165039e+00
2.808574914932250977e+00	2.812432527542114258e+00	2.819772720336914062e+00	2.831976175308227539e+00	2.851212024688720703e+00	2.878686904907226562e+00	2.899118661880493164e+00	2.889083862304687500e+00	2.870204687118530273e+00	2.851904153823852539e+00	2.834502220153808594e+00	2.821484327316284180e+00	2.813169717788696289e+00	2.808483839035034180e+00	2.806528329849243164e+00	2.806540727615356445e+00	2.807909965515136719e+00	2.810125589370727539e+00	2.812638044357299805e+00	2.814697742462158203e+00	2.815476894378662109e+00	2.814543485641479492e+00	2.812139987945556641e+00	2.809037923812866211e+00	2.806100606918334961e+00	2.803941249847412109e+00	2.802814960479736328e+00	2.802663564682006836e+00	2.803410768508911133e+00	2.805146932601928711e+00	2.807787418365478516e+00	2.811099290847778320e+00	2.815073251724243164e+00	2.819692134857177734e+00	2.825588703155517578e+00	2.834802865982055664e+00	2.849868059158325195e+00	2.872249841690063477e+00	2.901929140090942383e+00	2.937350988388061523e+00	2.973644733428955078e+00	2.999810695648193359e+00	3.001321315765380859e+00	2.977273464202880859e+00	2.941376447677612305e+00	2.905585289001464844e+00	2.875490188598632812e+00	2.852953910827636719e+00	2.837600708007812500e+00	2.827363967895507812e+00	2.819860696792602539e+00	2.813534736633300781e+00	2.808342933654785156e+00	2.804886341094970703e+00	2.803481340408325195e+00	2.803750753402709961e+00	2.804405689239501953e+00	2.804201364517211914e+00	2.803197383880615234e+00	2.802376747131347656e+00	2.802687168121337891e+00	2.804594993591308594e+00	2.807831764221191406e+00	2.811428546905517578e+00	2.814204931259155273e+00	2.815399646759033203e+00	2.814943552017211914e+00	2.813318967819213867e+00	2.811186313629150391e+00	2.809139490127563477e+00	2.807662725448608398e+00	2.807256698608398438e+00
2.824030399322509766e+00	2.826898097991943359e+00	2.832923650741577148e+00	2.843363523483276367e+00	2.860411405563354492e+00	2.885537624359130859e+00	2.904857873916625977e+00	2.896212339401245117e+00	2.879577636718750000e+00	2.863608598709106445e+00	2.848732709884643555e+00	2.837647438049316406e+00	2.830289840698242188e+00	2.825889110565185547e+00	2.823992490768432617e+00	2.824221849441528320e+00	2.825996637344360352e+00	2.828663349151611328e+00	2.831588506698608398e+00	2.833905696868896484e+00	2.834678411483764648e+00	2.833380699157714844e+00	2.830331087112426758e+00	2.826643466949462891e+00	2.823518514633178711e+00	2.821588754653930664e+00	2.820842981338500977e+00	2.820994138717651367e+00	2.821855545043945312e+00	2.823181867599487305e+00	2.824635267257690430e+00	2.827069044113159180e+00	2.830669641494750977e+00	2.835021495819091797e+00	2.840377569198608398e+00	2.848686218261718750e+00	2.862841367721557617e+00	2.884689807891845703e+00	2.914508342742919922e+00	2.950809001922607422e+00	2.988101005554199219e+00	3.014087200164794922e+00	3.014052391052246094e+00	2.988701343536376953e+00	2.952424764633178711e+00	2.917065143585205078e+00	2.888236761093139648e+00	2.868784189224243164e+00	2.857168197631835938e+00	2.844473600387573242e+00	2.836405277252197266e+00	2.830171585083007812e+00	2.825231313705444336e+00	2.822330713272094727e+00	2.822181224822998047e+00	2.823788166046142578e+00	2.824619293212890625e+00	2.823370933532714844e+00	2.821264743804931641e+00	2.819996356964111328e+00	2.820559978485107422e+00	2.823251247406005859e+00	2.827371358871459961e+00	2.831370830535888672e+00	2.833959341049194336e+00	2.834890842437744141e+00	2.834382534027099609e+00	2.832708597183227539e+00	2.830311536788940430e+00	2.827651500701904297e+00	2.825144529342651367e+00	2.823638439178466797e+00
2.829006671905517578e+00	2.832993745803833008e+00	2.839896202087402344e+00	2.850640773773193359e+00	2.867441892623901367e+00	2.892051935195922852e+00	2.910646438598632812e+00	2.900382757186889648e+00	2.883202075958251953e+00	2.868157863616943359e+00	2.854764938354492188e+00	2.844105243682861328e+00	2.836337566375732422e+00	2.831051588058471680e+00	2.828214883804321289e+00	2.827815532684326172e+00	2.829550266265869141e+00	2.832779407501220703e+00	2.836560010910034180e+00	2.839787721633911133e+00	2.841436624526977539e+00	2.840749263763427734e+00	2.837747097015380859e+00	2.833572626113891602e+00	2.829819679260253906e+00	2.827464342117309570e+00	2.826544046401977539e+00	2.826491594314575195e+00	2.826695203781127930e+00	2.827078580856323242e+00	2.828228712081909180e+00	2.830820560455322266e+00	2.834902763366699219e+00	2.839981794357299805e+00	2.845943450927734375e+00	2.854373693466186523e+00	2.868356943130493164e+00	2.890098810195922852e+00	2.919833183288574219e+00	2.955834865570068359e+00	2.992273807525634766e+00	3.017088651657104492e+00	3.016380310058593750e+00	2.991104841232299805e+00	2.955191135406494141e+00	2.919904947280883789e+00	2.890712022781372070e+00	2.869617223739624023e+00	2.856073379516601562e+00	2.847204446792602539e+00	2.839811325073242188e+00	2.833302736282348633e+00	2.828545093536376953e+00	2.826533317565917969e+00	2.827399253845214844e+00	2.829334020614624023e+00	2.829566955566406250e+00	2.827663660049438477e+00	2.825318813323974609e+00	2.824174642562866211e+00	2.825239181518554688e+00	2.828639507293701172e+00	2.833234548568725586e+00	2.837106227874755859e+00	2.839095354080200195e+00	2.839334964752197266e+00	2.838256835937500000e+00	2.836150169372558594e+00	2.833435773849487305e+00	2.830654621124267578e+00	2.828458309173583984e+00	2.827651500701904297e+00
2.830217361450195312e+00	2.834423542022705078e+00	2.841315031051635742e+00	2.851693868637084961e+00	2.867960453033447266e+00	2.892238855361938477e+00	2.911825418472290039e+00	2.901761531829833984e+00	2.884001493453979492e+00	2.868598461151123047e+00	2.855102777481079102e+00	2.844469308853149414e+00	2.836799621582031250e+00	2.831649303436279297e+00	2.828867912292480469e+00	2.828398466110229492e+00	2.829977273941040039e+00	2.833051919937133789e+00	2.836832046508789062e+00	2.840293407440185547e+00	2.842307329177856445e+00	2.841957092285156250e+00	2.839079141616821289e+00	2.834741592407226562e+00	2.830698013305664062e+00	2.828107833862304688e+00	2.827055931091308594e+00	2.826935052871704102e+00	2.827047348022460938e+00	2.827295303344726562e+00	2.828345060348510742e+00	2.830905199050903320e+00	2.835069417953491211e+00	2.840365648269653320e+00	2.846583366394042969e+00	2.855118036270141602e+00	2.868902206420898438e+00	2.890253782272338867e+00	2.919686317443847656e+00	2.955388307571411133e+00	2.991336822509765625e+00	3.015501976013183594e+00	3.014480829238891602e+00	2.989396333694458008e+00	2.953701257705688477e+00	2.918620347976684570e+00	2.889702796936035156e+00	2.868733167648315430e+00	2.854966878890991211e+00	2.846070289611816406e+00	2.839457988739013672e+00	2.833655834197998047e+00	2.829243183135986328e+00	2.827503442764282227e+00	2.828609228134155273e+00	2.830558061599731445e+00	2.830421209335327148e+00	2.828089475631713867e+00	2.825571775436401367e+00	2.824417114257812500e+00	2.825423717498779297e+00	2.828673601150512695e+00	2.833139181137084961e+00	2.836932420730590820e+00	2.838907480239868164e+00	2.839245319366455078e+00	2.838355302810668945e+00	2.836472988128662109e+00	2.833981037139892578e+00	2.831403970718383789e+00	2.829342126846313477e+00	2.828649997711181641e+00
2.829390764236450195e+00	2.833686590194702148e+00	2.840133666992187500e+00	2.849105596542358398e+00	2.862561225891113281e+00	2.881767272949218750e+00	2.897917985916137695e+00	2.892895221710205078e+00	2.878411531448364258e+00	2.864942789077758789e+00	2.853044033050537109e+00	2.843070745468139648e+00	2.835532426834106445e+00	2.830485105514526367e+00	2.827878952026367188e+00	2.827453374862670898e+00	2.828807592391967773e+00	2.831489562988281250e+00	2.834845066070556641e+00	2.837971687316894531e+00	2.839827775955200195e+00	2.839488029479980469e+00	2.836589336395263672e+00	2.832038879394531250e+00	2.827798128128051758e+00	2.825253009796142578e+00	2.824543237686157227e+00	2.825032949447631836e+00	2.825935363769531250e+00	2.826888322830200195e+00	2.828122377395629883e+00	2.830291986465454102e+00	2.833878993988037109e+00	2.838618278503417969e+00	2.844226121902465820e+00	2.851953983306884766e+00	2.864809989929199219e+00	2.885395288467407227e+00	2.914241790771484375e+00	2.949570417404174805e+00	2.985705137252807617e+00	3.010657310485839844e+00	3.010462999343872070e+00	2.985949039459228516e+00	2.950746774673461914e+00	2.916131973266601562e+00	2.887459516525268555e+00	2.866489410400390625e+00	2.852808952331542969e+00	2.844233751296997070e+00	2.838161468505859375e+00	2.833195447921752930e+00	2.829719305038452148e+00	2.828908205032348633e+00	2.830825090408325195e+00	2.832979202270507812e+00	2.832151651382446289e+00	2.828703165054321289e+00	2.825272560119628906e+00	2.823561668395996094e+00	2.824241161346435547e+00	2.827238321304321289e+00	2.831477880477905273e+00	2.835104465484619141e+00	2.836926460266113281e+00	2.837208509445190430e+00	2.836509943008422852e+00	2.834907293319702148e+00	2.832567930221557617e+00	2.830008268356323242e+00	2.828022480010986328e+00	2.827566862106323242e+00
2.829786062240600586e+00	2.834137201309204102e+00	2.840743780136108398e+00	2.849213361740112305e+00	2.861710071563720703e+00	2.880222558975219727e+00	2.896371841430664062e+00	2.891200780868530273e+00	2.875588178634643555e+00	2.862090826034545898e+00	2.850774526596069336e+00	2.841288089752197266e+00	2.834297418594360352e+00	2.829847335815429688e+00	2.827835798263549805e+00	2.827960252761840820e+00	2.829639434814453125e+00	2.832237958908081055e+00	2.835194349288940430e+00	2.837846994400024414e+00	2.839321374893188477e+00	2.838569164276123047e+00	2.835174798965454102e+00	2.830587863922119141e+00	2.826979875564575195e+00	2.825130462646484375e+00	2.824441909790039062e+00	2.824933528900146484e+00	2.826220989227294922e+00	2.827743530273437500e+00	2.828903913497924805e+00	2.830497026443481445e+00	2.833606481552124023e+00	2.837895870208740234e+00	2.843046188354492188e+00	2.850351095199584961e+00	2.862802505493164062e+00	2.882977485656738281e+00	2.911522150039672852e+00	2.946947574615478516e+00	2.983910560607910156e+00	3.010466098785400391e+00	3.011772632598876953e+00	2.987791061401367188e+00	2.952540397644042969e+00	2.917691946029663086e+00	2.888626575469970703e+00	2.867170333862304688e+00	2.853099107742309570e+00	2.844343900680541992e+00	2.838392972946166992e+00	2.833866596221923828e+00	2.831071376800537109e+00	2.831022977828979492e+00	2.833624601364135742e+00	2.836230516433715820e+00	2.835316658020019531e+00	2.831151723861694336e+00	2.826721191406250000e+00	2.824123144149780273e+00	2.824191093444824219e+00	2.826831579208374023e+00	2.830909967422485352e+00	2.834580421447753906e+00	2.836716413497924805e+00	2.837300777435302734e+00	2.836612224578857422e+00	2.834917068481445312e+00	2.832531213760375977e+00	2.830024003982543945e+00	2.828191757202148438e+00	2.827889919281005859e+00
2.830336093902587891e+00	2.833973169326782227e+00	2.840018987655639648e+00	2.849101781845092773e+00	2.862842559814453125e+00	2.882155418395996094e+00	2.898563385009765625e+00	2.893573999404907227e+00	2.878232002258300781e+00	2.864725351333618164e+00	2.853214263916015625e+00	2.843477487564086914e+00	2.836219310760498047e+00	2.831455230712890625e+00	2.829052209854125977e+00	2.828814029693603516e+00	2.830359935760498047e+00	2.833119630813598633e+00	2.836389064788818359e+00	2.839281797409057617e+00	2.840826272964477539e+00	2.840276718139648438e+00	2.837613821029663086e+00	2.833984851837158203e+00	2.830874204635620117e+00	2.828636884689331055e+00	2.827599525451660156e+00	2.827467441558837891e+00	2.827360153198242188e+00	2.827421188354492188e+00	2.828253507614135742e+00	2.830414533615112305e+00	2.834154605865478516e+00	2.839129447937011719e+00	2.845113754272460938e+00	2.853361606597900391e+00	2.866743326187133789e+00	2.887735605239868164e+00	2.916885614395141602e+00	2.952517032623291016e+00	2.989156961441040039e+00	3.015154600143432617e+00	3.016119480133056641e+00	2.991843700408935547e+00	2.956264257431030273e+00	2.921000480651855469e+00	2.891584873199462891e+00	2.869841098785400391e+00	2.855244636535644531e+00	2.845664739608764648e+00	2.838694810867309570e+00	2.832911491394042969e+00	2.828516483306884766e+00	2.826575756072998047e+00	2.827410936355590820e+00	2.829359054565429688e+00	2.829662799835205078e+00	2.827929258346557617e+00	2.825979232788085938e+00	2.825289249420166016e+00	2.826483011245727539e+00	2.829534530639648438e+00	2.833662986755371094e+00	2.837271213531494141e+00	2.839246988296508789e+00	2.839491605758666992e+00	2.838337421417236328e+00	2.836249589920043945e+00	2.833620786666870117e+00	2.831027507781982422e+00	2.829227685928344727e+00	2.828876018524169922e+00
2.830592632293701172e+00	2.834600687026977539e+00	2.841066598892211914e+00	2.850674629211425781e+00	2.865214586257934570e+00	2.886201858520507812e+00	2.904842376708984375e+00	2.900553703308105469e+00	2.887556791305541992e+00	2.872390031814575195e+00	2.857216119766235352e+00	2.845612049102783203e+00	2.837540864944458008e+00	2.832312822341918945e+00	2.829676151275634766e+00	2.829405307769775391e+00	2.831056118011474609e+00	2.833994626998901367e+00	2.837494373321533203e+00	2.840645790100097656e+00	2.842391967773437500e+00	2.841849803924560547e+00	2.838901519775390625e+00	2.834695100784301758e+00	2.830957174301147461e+00	2.828724384307861328e+00	2.828063726425170898e+00	2.828376293182373047e+00	2.828827857971191406e+00	2.829093694686889648e+00	2.829798221588134766e+00	2.831820011138916016e+00	2.835400104522705078e+00	2.840137720108032227e+00	2.845880508422851562e+00	2.854014873504638672e+00	2.867455959320068359e+00	2.888653039932250977e+00	2.918080568313598633e+00	2.953944683074951172e+00	2.990719318389892578e+00	3.016793489456176758e+00	3.017803430557250977e+00	2.993510723114013672e+00	2.957785606384277344e+00	2.922377109527587891e+00	2.892734050750732422e+00	2.870699644088745117e+00	2.856050491333007812e+00	2.846690893173217773e+00	2.839985370635986328e+00	2.834356069564819336e+00	2.829929828643798828e+00	2.827795505523681641e+00	2.828376293182373047e+00	2.830106258392333984e+00	2.830242395401000977e+00	2.828377246856689453e+00	2.826459169387817383e+00	2.825910806655883789e+00	2.827054500579833984e+00	2.830396175384521484e+00	2.835212707519531250e+00	2.839459896087646484e+00	2.841704368591308594e+00	2.841645956039428711e+00	2.840163946151733398e+00	2.837824106216430664e+00	2.834876060485839844e+00	2.831877231597900391e+00	2.829642534255981445e+00	2.829012632369995117e+00
2.831499576568603516e+00	2.835594177246093750e+00	2.842163324356079102e+00	2.851967334747314453e+00	2.866755247116088867e+00	2.888385772705078125e+00	2.910686731338500977e+00	2.908507823944091797e+00	2.893663167953491211e+00	2.876347064971923828e+00	2.859522581100463867e+00	2.847083330154418945e+00	2.838582515716552734e+00	2.833145141601562500e+00	2.830537319183349609e+00	2.830538034439086914e+00	2.832505464553833008e+00	2.835598707199096680e+00	2.839137315750122070e+00	2.842224836349487305e+00	2.843821048736572266e+00	2.843136072158813477e+00	2.840034008026123047e+00	2.835554599761962891e+00	2.831469297409057617e+00	2.828985214233398438e+00	2.828222513198852539e+00	2.828560352325439453e+00	2.829192399978637695e+00	2.829792737960815430e+00	2.830859661102294922e+00	2.833184719085693359e+00	2.836992740631103516e+00	2.841907262802124023e+00	2.847841501235961914e+00	2.856084823608398438e+00	2.869414329528808594e+00	2.890546083450317383e+00	2.920087337493896484e+00	2.956098079681396484e+00	2.992771625518798828e+00	3.018019676208496094e+00	3.017431974411010742e+00	2.991855144500732422e+00	2.955616950988769531e+00	2.920253515243530273e+00	2.891114473342895508e+00	2.869960546493530273e+00	2.856265544891357422e+00	2.847595453262329102e+00	2.841150045394897461e+00	2.835505723953247070e+00	2.831050872802734375e+00	2.828977584838867188e+00	2.829622268676757812e+00	2.831301689147949219e+00	2.831262111663818359e+00	2.829060792922973633e+00	2.826517581939697266e+00	2.825318336486816406e+00	2.826474905014038086e+00	2.830111503601074219e+00	2.835022926330566406e+00	2.839117288589477539e+00	2.841196298599243164e+00	2.841526746749877930e+00	2.840633392333984375e+00	2.838626861572265625e+00	2.835741519927978516e+00	2.832708835601806641e+00	2.830428123474121094e+00	2.829814434051513672e+00
2.829056501388549805e+00	2.833518266677856445e+00	2.840692996978759766e+00	2.851328849792480469e+00	2.867482662200927734e+00	2.891134262084960938e+00	2.913174152374267578e+00	2.907318353652954102e+00	2.891097784042358398e+00	2.873014450073242188e+00	2.856424808502197266e+00	2.844391584396362305e+00	2.836178064346313477e+00	2.830970525741577148e+00	2.828602075576782227e+00	2.828756332397460938e+00	2.830548286437988281e+00	2.833214521408081055e+00	2.836361885070800781e+00	2.839150190353393555e+00	2.840522050857543945e+00	2.839627742767333984e+00	2.836357116699218750e+00	2.831822156906127930e+00	2.827814579010009766e+00	2.825525283813476562e+00	2.825041055679321289e+00	2.825683593750000000e+00	2.826615571975708008e+00	2.827548742294311523e+00	2.829017400741577148e+00	2.831674814224243164e+00	2.835588693618774414e+00	2.840462207794189453e+00	2.846170902252197266e+00	2.853889226913452148e+00	2.866903543472290039e+00	2.887971162796020508e+00	2.917487144470214844e+00	2.953542709350585938e+00	2.990430116653442383e+00	3.015998601913452148e+00	3.015532493591308594e+00	2.989708423614501953e+00	2.953227519989013672e+00	2.917808055877685547e+00	2.888753414154052734e+00	2.867793321609497070e+00	2.854508161544799805e+00	2.846141338348388672e+00	2.839621543884277344e+00	2.834194898605346680e+00	2.830107688903808594e+00	2.828109741210937500e+00	2.828379631042480469e+00	2.829511880874633789e+00	2.829086542129516602e+00	2.826662778854370117e+00	2.823984384536743164e+00	2.822757244110107422e+00	2.823948860168457031e+00	2.827591896057128906e+00	2.832411050796508789e+00	2.836369037628173828e+00	2.838376998901367188e+00	2.838732957839965820e+00	2.837921380996704102e+00	2.835986614227294922e+00	2.833178520202636719e+00	2.830189943313598633e+00	2.827910661697387695e+00	2.827286005020141602e+00
2.831565618515014648e+00	2.835744142532348633e+00	2.842883586883544922e+00	2.853940486907958984e+00	2.871065616607666016e+00	2.895372390747070312e+00	2.916854143142700195e+00	2.910481929779052734e+00	2.892216205596923828e+00	2.873479843139648438e+00	2.856990337371826172e+00	2.845089197158813477e+00	2.837073802947998047e+00	2.832046985626220703e+00	2.829590082168579102e+00	2.829334020614624023e+00	2.830915927886962891e+00	2.833939552307128906e+00	2.837766170501708984e+00	2.841395854949951172e+00	2.843500137329101562e+00	2.842978715896606445e+00	2.839763641357421875e+00	2.835009813308715820e+00	2.830589771270751953e+00	2.827788829803466797e+00	2.826784133911132812e+00	2.826963901519775391e+00	2.827489376068115234e+00	2.828049182891845703e+00	2.829186916351318359e+00	2.831649065017700195e+00	2.835587263107299805e+00	2.840510368347167969e+00	2.846171140670776367e+00	2.854032754898071289e+00	2.867244482040405273e+00	2.888321399688720703e+00	2.917667388916015625e+00	2.953465700149536133e+00	2.990116357803344727e+00	3.015674114227294922e+00	3.015467643737792969e+00	2.989912509918212891e+00	2.953647375106811523e+00	2.918433904647827148e+00	2.889547824859619141e+00	2.868549108505249023e+00	2.854784250259399414e+00	2.845952510833740234e+00	2.839505672454833984e+00	2.834092855453491211e+00	2.829978466033935547e+00	2.828130722045898438e+00	2.828761577606201172e+00	2.830201148986816406e+00	2.829786539077758789e+00	2.827248334884643555e+00	2.824540138244628906e+00	2.823344230651855469e+00	2.824567556381225586e+00	2.828268289566040039e+00	2.833240985870361328e+00	2.837392091751098633e+00	2.839484930038452148e+00	2.839712381362915039e+00	2.838597536087036133e+00	2.836449623107910156e+00	2.833688974380493164e+00	2.831009626388549805e+00	2.829326391220092773e+00	2.829530000686645508e+00
2.832522869110107422e+00	2.836688280105590820e+00	2.844074726104736328e+00	2.855544090270996094e+00	2.873245954513549805e+00	2.898077487945556641e+00	2.919401168823242188e+00	2.911764860153198242e+00	2.892945528030395508e+00	2.874294757843017578e+00	2.858071327209472656e+00	2.846238136291503906e+00	2.838045835494995117e+00	2.832692623138427734e+00	2.829939603805541992e+00	2.829622507095336914e+00	2.831370115280151367e+00	2.834574222564697266e+00	2.838414430618286133e+00	2.841797113418579102e+00	2.843556404113769531e+00	2.842927694320678711e+00	2.839885473251342773e+00	2.835534334182739258e+00	2.831656455993652344e+00	2.829370975494384766e+00	2.828600406646728516e+00	2.828557729721069336e+00	2.828583955764770508e+00	2.828711748123168945e+00	2.829655885696411133e+00	2.832130908966064453e+00	2.836187362670898438e+00	2.841321229934692383e+00	2.847358703613281250e+00	2.855732440948486328e+00	2.869482278823852539e+00	2.891143798828125000e+00	2.921131134033203125e+00	2.957491874694824219e+00	2.994364500045776367e+00	3.019592761993408203e+00	3.018550157546997070e+00	2.992151737213134766e+00	2.955303430557250977e+00	2.919673204421997070e+00	2.890510320663452148e+00	2.869420766830444336e+00	2.855680704116821289e+00	2.846839189529418945e+00	2.840317726135253906e+00	2.834874153137207031e+00	2.830818176269531250e+00	2.829094171524047852e+00	2.829937934875488281e+00	2.831634521484375000e+00	2.831391572952270508e+00	2.828905105590820312e+00	2.826190471649169922e+00	2.824943304061889648e+00	2.826069593429565430e+00	2.829653263092041016e+00	2.834505319595336914e+00	2.838505983352661133e+00	2.840406656265258789e+00	2.840499401092529297e+00	2.839420318603515625e+00	2.837493419647216797e+00	2.835046768188476562e+00	2.832659244537353516e+00	2.831120729446411133e+00	2.831038951873779297e+00
2.831548452377319336e+00	2.835763216018676758e+00	2.843476057052612305e+00	2.855360746383666992e+00	2.873404502868652344e+00	2.898622751235961914e+00	2.920609235763549805e+00	2.912090778350830078e+00	2.892468929290771484e+00	2.872805356979370117e+00	2.856504678726196289e+00	2.844924211502075195e+00	2.836989164352416992e+00	2.831754684448242188e+00	2.828909635543823242e+00	2.828380107879638672e+00	2.829917669296264648e+00	2.832961797714233398e+00	2.836735486984252930e+00	2.840258598327636719e+00	2.842373847961425781e+00	2.841873168945312500e+00	2.838648080825805664e+00	2.834140062332153320e+00	2.830135822296142578e+00	2.827666759490966797e+00	2.826716661453247070e+00	2.826694965362548828e+00	2.826945066452026367e+00	2.827324628829956055e+00	2.828456640243530273e+00	2.831064224243164062e+00	2.835248231887817383e+00	2.840568304061889648e+00	2.846884012222290039e+00	2.855513811111450195e+00	2.869239568710327148e+00	2.890525579452514648e+00	2.919972181320190430e+00	2.955762863159179688e+00	2.992087841033935547e+00	3.017059564590454102e+00	3.016284942626953125e+00	2.990387439727783203e+00	2.953912973403930664e+00	2.918436050415039062e+00	2.889250278472900391e+00	2.868013381958007812e+00	2.854127645492553711e+00	2.845266819000244141e+00	2.838823795318603516e+00	2.833413600921630859e+00	2.829283714294433594e+00	2.827439308166503906e+00	2.828168869018554688e+00	2.829844713211059570e+00	2.829707622528076172e+00	2.827307939529418945e+00	2.824606418609619141e+00	2.823364734649658203e+00	2.824508905410766602e+00	2.828099250793457031e+00	2.832949876785278320e+00	2.836982965469360352e+00	2.838986635208129883e+00	2.839194774627685547e+00	2.838113069534301758e+00	2.836056232452392578e+00	2.833474159240722656e+00	2.831089735031127930e+00	2.829975366592407227e+00	2.830456256866455078e+00
2.830502033233642578e+00	2.834913730621337891e+00	2.842829942703247070e+00	2.854945421218872070e+00	2.872769117355346680e+00	2.897872447967529297e+00	2.919986963272094727e+00	2.911148071289062500e+00	2.891581058502197266e+00	2.872333049774169922e+00	2.856649637222290039e+00	2.845377445220947266e+00	2.837325096130371094e+00	2.831760644912719727e+00	2.828749895095825195e+00	2.828305959701538086e+00	2.830060482025146484e+00	2.833327054977416992e+00	2.837279558181762695e+00	2.840978622436523438e+00	2.843142271041870117e+00	2.842032670974731445e+00	2.838228702545166016e+00	2.833795309066772461e+00	2.830308914184570312e+00	2.828480482101440430e+00	2.827986478805541992e+00	2.827873229980468750e+00	2.827623605728149414e+00	2.827654600143432617e+00	2.828657865524291992e+00	2.831124544143676758e+00	2.835001468658447266e+00	2.839879751205444336e+00	2.845842599868774414e+00	2.854521274566650391e+00	2.868783235549926758e+00	2.890803813934326172e+00	2.920914649963378906e+00	2.957257032394409180e+00	2.994107723236083984e+00	3.019445419311523438e+00	3.018705606460571289e+00	2.992685556411743164e+00	2.956085443496704102e+00	2.920476675033569336e+00	2.890898227691650391e+00	2.869019746780395508e+00	2.854537487030029297e+00	2.845336675643920898e+00	2.838798522949218750e+00	2.833410024642944336e+00	2.829287767410278320e+00	2.827305555343627930e+00	2.827757596969604492e+00	2.829321861267089844e+00	2.829525947570800781e+00	2.827709436416625977e+00	2.825424671173095703e+00	2.824273586273193359e+00	2.825235366821289062e+00	2.828529834747314453e+00	2.833236217498779297e+00	2.837454557418823242e+00	2.839800119400024414e+00	2.840206861495971680e+00	2.839118957519531250e+00	2.836943626403808594e+00	2.834154605865478516e+00	2.831397056579589844e+00	2.829440355300903320e+00	2.828949213027954102e+00
2.833194494247436523e+00	2.837842226028442383e+00	2.844951868057250977e+00	2.855257987976074219e+00	2.870846509933471680e+00	2.893871307373046875e+00	2.915213346481323242e+00	2.907982110977172852e+00	2.890990257263183594e+00	2.874047756195068359e+00	2.859385490417480469e+00	2.848306655883789062e+00	2.840320587158203125e+00	2.834861755371093750e+00	2.831851720809936523e+00	2.831254243850708008e+00	2.832758188247680664e+00	2.835743665695190430e+00	2.839405536651611328e+00	2.842781543731689453e+00	2.844810724258422852e+00	2.844553232192993164e+00	2.841683864593505859e+00	2.837195158004760742e+00	2.833002090454101562e+00	2.830436944961547852e+00	2.829644203186035156e+00	2.829897165298461914e+00	2.830184459686279297e+00	2.830209255218505859e+00	2.830811738967895508e+00	2.832969427108764648e+00	2.836888790130615234e+00	2.842085838317871094e+00	2.848232269287109375e+00	2.856559276580810547e+00	2.870078802108764648e+00	2.891352415084838867e+00	2.920866489410400391e+00	2.956811904907226562e+00	2.993484497070312500e+00	3.018963813781738281e+00	3.018743038177490234e+00	2.993245124816894531e+00	2.956921100616455078e+00	2.921437263488769531e+00	2.892123699188232422e+00	2.870749711990356445e+00	2.856757402420043945e+00	2.847709417343139648e+00	2.840969085693359375e+00	2.835333108901977539e+00	2.831267595291137695e+00	2.829876184463500977e+00	2.831364154815673828e+00	2.833683013916015625e+00	2.833537578582763672e+00	2.830742120742797852e+00	2.827799081802368164e+00	2.826613187789916992e+00	2.828101634979248047e+00	2.832286596298217773e+00	2.837668657302856445e+00	2.841367483139038086e+00	2.842516899108886719e+00	2.842115879058837891e+00	2.840783596038818359e+00	2.838678121566772461e+00	2.835996627807617188e+00	2.833261013031005859e+00	2.831313848495483398e+00	2.831076145172119141e+00
2.827751398086547852e+00	2.831874847412109375e+00	2.838146924972534180e+00	2.846960306167602539e+00	2.860289096832275391e+00	2.881382703781127930e+00	2.905778408050537109e+00	2.903391838073730469e+00	2.888049125671386719e+00	2.871392011642456055e+00	2.855295658111572266e+00	2.843472480773925781e+00	2.835301637649536133e+00	2.829749345779418945e+00	2.826653480529785156e+00	2.825975179672241211e+00	2.827336311340332031e+00	2.830074787139892578e+00	2.833478450775146484e+00	2.836755752563476562e+00	2.838944196701049805e+00	2.839061260223388672e+00	2.836677551269531250e+00	2.832699775695800781e+00	2.828866243362426758e+00	2.826339960098266602e+00	2.825329065322875977e+00	2.825314760208129883e+00	2.825477123260498047e+00	2.825526952743530273e+00	2.826168775558471680e+00	2.828333854675292969e+00	2.832298040390014648e+00	2.837677240371704102e+00	2.844198226928710938e+00	2.853039026260375977e+00	2.867095708847045898e+00	2.888893604278564453e+00	2.918885946273803711e+00	2.955131053924560547e+00	2.991768121719360352e+00	3.016944408416748047e+00	3.016725540161132812e+00	2.991270065307617188e+00	2.954789876937866211e+00	2.919102907180786133e+00	2.889610052108764648e+00	2.867973089218139648e+00	2.853586912155151367e+00	2.844121932983398438e+00	2.837064504623413086e+00	2.831246614456176758e+00	2.827141284942626953e+00	2.825859069824218750e+00	2.827550411224365234e+00	2.829884767532348633e+00	2.829339981079101562e+00	2.826072216033935547e+00	2.822894334793090820e+00	2.821715116500854492e+00	2.823378324508666992e+00	2.827790498733520508e+00	2.833214759826660156e+00	2.837003231048583984e+00	2.838442087173461914e+00	2.838270187377929688e+00	2.837110042572021484e+00	2.835057973861694336e+00	2.832240581512451172e+00	2.829203367233276367e+00	2.826835632324218750e+00	2.826112031936645508e+00
2.822297811508178711e+00	2.826156616210937500e+00	2.832009553909301758e+00	2.840406894683837891e+00	2.853610038757324219e+00	2.875538587570190430e+00	2.900631666183471680e+00	2.896877527236938477e+00	2.882809877395629883e+00	2.867232799530029297e+00	2.850892543792724609e+00	2.838746309280395508e+00	2.830411672592163086e+00	2.824778795242309570e+00	2.821661710739135742e+00	2.820951223373413086e+00	2.821925640106201172e+00	2.823888301849365234e+00	2.826741695404052734e+00	2.829859018325805664e+00	2.832019329071044922e+00	2.831958055496215820e+00	2.829221248626708984e+00	2.824908018112182617e+00	2.820986986160278320e+00	2.818789482116699219e+00	2.818440198898315430e+00	2.819197893142700195e+00	2.820046186447143555e+00	2.820590019226074219e+00	2.821537971496582031e+00	2.823813676834106445e+00	2.827592849731445312e+00	2.832487106323242188e+00	2.838255643844604492e+00	2.846117258071899414e+00	2.859142303466796875e+00	2.880053997039794922e+00	2.909470558166503906e+00	2.945730447769165039e+00	2.983382225036621094e+00	3.010425329208374023e+00	3.011696338653564453e+00	2.986877202987670898e+00	2.950515508651733398e+00	2.914745807647705078e+00	2.885083436965942383e+00	2.863293409347534180e+00	2.848875045776367188e+00	2.839468955993652344e+00	2.832362890243530273e+00	2.826204299926757812e+00	2.821483135223388672e+00	2.819466352462768555e+00	2.820475578308105469e+00	2.822216987609863281e+00	2.821528911590576172e+00	2.818547248840332031e+00	2.815633296966552734e+00	2.814587831497192383e+00	2.816254377365112305e+00	2.820526123046875000e+00	2.825968503952026367e+00	2.830327033996582031e+00	2.832401990890502930e+00	2.832550525665283203e+00	2.831412315368652344e+00	2.829303741455078125e+00	2.826520442962646484e+00	2.823586463928222656e+00	2.821335554122924805e+00	2.820703983306884766e+00
2.809484958648681641e+00	2.812431812286376953e+00	2.818358182907104492e+00	2.827857732772827148e+00	2.842761516571044922e+00	2.866987228393554688e+00	2.894129991531372070e+00	2.890339612960815430e+00	2.875398159027099609e+00	2.859318733215332031e+00	2.842061996459960938e+00	2.828474760055541992e+00	2.819127559661865234e+00	2.813247919082641602e+00	2.810425758361816406e+00	2.810284614562988281e+00	2.812022447586059570e+00	2.815145969390869141e+00	2.819164752960205078e+00	2.822378635406494141e+00	2.822531461715698242e+00	2.820315122604370117e+00	2.816981315612792969e+00	2.813275575637817383e+00	2.810255050659179688e+00	2.808633327484130859e+00	2.808317899703979492e+00	2.808710575103759766e+00	2.809287309646606445e+00	2.810115098953247070e+00	2.811722993850708008e+00	2.814471244812011719e+00	2.818337202072143555e+00	2.823119401931762695e+00	2.829128026962280273e+00	2.838111877441406250e+00	2.852754354476928711e+00	2.874984502792358398e+00	2.905099391937255859e+00	2.941542863845825195e+00	2.979131221771240234e+00	3.006033658981323242e+00	3.006891727447509766e+00	2.981577873229980469e+00	2.944774150848388672e+00	2.908443212509155273e+00	2.878009080886840820e+00	2.855192184448242188e+00	2.839704751968383789e+00	2.829765558242797852e+00	2.822935581207275391e+00	2.817402124404907227e+00	2.812869310379028320e+00	2.809747457504272461e+00	2.808210611343383789e+00	2.807789802551269531e+00	2.806989908218383789e+00	2.805263996124267578e+00	2.803525686264038086e+00	2.802968025207519531e+00	2.804469585418701172e+00	2.808277606964111328e+00	2.813644886016845703e+00	2.818880081176757812e+00	2.822305679321289062e+00	2.823435783386230469e+00	2.822595596313476562e+00	2.820281505584716797e+00	2.817187070846557617e+00	2.813909530639648438e+00	2.810954570770263672e+00	2.809175491333007812e+00
2.791549682617187500e+00	2.794706106185913086e+00	2.796005725860595703e+00	2.797378063201904297e+00	2.799438238143920898e+00	2.801384687423706055e+00	2.800552368164062500e+00	2.798665046691894531e+00	2.795411109924316406e+00	2.790778875350952148e+00	2.785592794418334961e+00	2.780953407287597656e+00	2.777622461318969727e+00	2.775520801544189453e+00	2.773862600326538086e+00	2.772115230560302734e+00	2.770807504653930664e+00	2.770588874816894531e+00	2.771560668945312500e+00	2.773757219314575195e+00	2.777444124221801758e+00	2.782193660736083984e+00	2.786430120468139648e+00	2.788856983184814453e+00	2.789717435836791992e+00	2.789902210235595703e+00	2.790158748626708984e+00	2.791523456573486328e+00	2.793482542037963867e+00	2.795616865158081055e+00	2.798465490341186523e+00	2.802454471588134766e+00	2.808273553848266602e+00	2.815929412841796875e+00	2.823587179183959961e+00	2.827720880508422852e+00	2.828335285186767578e+00	2.828318595886230469e+00	2.829727172851562500e+00	2.832806825637817383e+00	2.836241006851196289e+00	2.837956666946411133e+00	2.836578845977783203e+00	2.832638025283813477e+00	2.827876329421997070e+00	2.823861837387084961e+00	2.819334030151367188e+00	2.813712358474731445e+00	2.808122634887695312e+00	2.801255941390991211e+00	2.793353796005249023e+00	2.785943746566772461e+00	2.779860258102416992e+00	2.775358200073242188e+00	2.772515535354614258e+00	2.771094560623168945e+00	2.770512104034423828e+00	2.770339012145996094e+00	2.770714521408081055e+00	2.772117614746093750e+00	2.774449825286865234e+00	2.776849269866943359e+00	2.778796672821044922e+00	2.780405759811401367e+00	2.781955003738403320e+00	2.783254384994506836e+00	2.783838272094726562e+00	2.783867359161376953e+00	2.783808946609497070e+00	2.784162044525146484e+00	2.785551786422729492e+00	2.788053035736083984e+00
2.783761501312255859e+00	2.786008358001708984e+00	2.789207220077514648e+00	2.794457674026489258e+00	2.802141666412353516e+00	2.812406063079833984e+00	2.823566913604736328e+00	2.830381631851196289e+00	2.828923225402832031e+00	2.821398735046386719e+00	2.811866760253906250e+00	2.802848100662231445e+00	2.794089317321777344e+00	2.786015033721923828e+00	2.780284881591796875e+00	2.777368783950805664e+00	2.776900529861450195e+00	2.778270483016967773e+00	2.780885457992553711e+00	2.784004449844360352e+00	2.786753654479980469e+00	2.788815736770629883e+00	2.790061712265014648e+00	2.790446281433105469e+00	2.789821386337280273e+00	2.788428068161010742e+00	2.787393093109130859e+00	2.787866592407226562e+00	2.790641546249389648e+00	2.795036554336547852e+00	2.797540903091430664e+00	2.798029899597167969e+00	2.801416635513305664e+00	2.809030294418334961e+00	2.821393013000488281e+00	2.839630126953125000e+00	2.864204883575439453e+00	2.892494201660156250e+00	2.918036937713623047e+00	2.935116767883300781e+00	2.940009117126464844e+00	2.932026863098144531e+00	2.912987709045410156e+00	2.888128042221069336e+00	2.862864494323730469e+00	2.840812206268310547e+00	2.822965145111083984e+00	2.809374809265136719e+00	2.799359798431396484e+00	2.791692256927490234e+00	2.785696029663085938e+00	2.781496524810791016e+00	2.779606103897094727e+00	2.779975652694702148e+00	2.781577825546264648e+00	2.782802343368530273e+00	2.782073497772216797e+00	2.779231786727905273e+00	2.776731729507446289e+00	2.776068925857543945e+00	2.777017354965209961e+00	2.779317617416381836e+00	2.783267974853515625e+00	2.788282394409179688e+00	2.792850255966186523e+00	2.795163393020629883e+00	2.794668674468994141e+00	2.791917800903320312e+00	2.788180351257324219e+00	2.784953832626342773e+00	2.783033609390258789e+00	2.782660007476806641e+00
2.810003042221069336e+00	2.811493158340454102e+00	2.815760374069213867e+00	2.823450088500976562e+00	2.836160659790039062e+00	2.856812000274658203e+00	2.889264822006225586e+00	2.932878971099853516e+00	2.946553230285644531e+00	2.906796932220458984e+00	2.869640111923217773e+00	2.845532655715942383e+00	2.831161737442016602e+00	2.824677705764770508e+00	2.826629638671875000e+00	2.835855722427368164e+00	2.832220315933227539e+00	2.821732997894287109e+00	2.817046165466308594e+00	2.816166639328002930e+00	2.816694021224975586e+00	2.817434549331665039e+00	2.818077087402343750e+00	2.818582057952880859e+00	2.818874597549438477e+00	2.818737268447875977e+00	2.817924976348876953e+00	2.816380500793457031e+00	2.814559221267700195e+00	2.813640117645263672e+00	2.814239025115966797e+00	2.816649675369262695e+00	2.821250915527343750e+00	2.828536510467529297e+00	2.838823318481445312e+00	2.852227210998535156e+00	2.870290279388427734e+00	2.895008087158203125e+00	2.925085067749023438e+00	2.955347061157226562e+00	2.976402997970581055e+00	2.978423118591308594e+00	2.960413932800292969e+00	2.931212902069091797e+00	2.900513172149658203e+00	2.873813152313232422e+00	2.852815389633178711e+00	2.837461233139038086e+00	2.826684236526489258e+00	2.818918466567993164e+00	2.813093185424804688e+00	2.808958530426025391e+00	2.807056188583374023e+00	2.808050632476806641e+00	2.811948060989379883e+00	2.816131591796875000e+00	2.816514968872070312e+00	2.814180612564086914e+00	2.811318397521972656e+00	2.808619737625122070e+00	2.806999206542968750e+00	2.807337045669555664e+00	2.809822082519531250e+00	2.813789367675781250e+00	2.818087816238403320e+00	2.821525096893310547e+00	2.823169469833374023e+00	2.822698116302490234e+00	2.820346117019653320e+00	2.816809654235839844e+00	2.813233375549316406e+00	2.810746192932128906e+00
2.810249328613281250e+00	2.812680721282958984e+00	2.818015336990356445e+00	2.826967477798461914e+00	2.841292858123779297e+00	2.864361763000488281e+00	2.899920940399169922e+00	2.934747695922851562e+00	2.922449588775634766e+00	2.884666919708251953e+00	2.856141805648803711e+00	2.840029478073120117e+00	2.834520816802978516e+00	2.838597059249877930e+00	2.853777170181274414e+00	2.870960712432861328e+00	2.860604047775268555e+00	2.839218378067016602e+00	2.826916456222534180e+00	2.820494890213012695e+00	2.817253828048706055e+00	2.816060781478881836e+00	2.816188097000122070e+00	2.817003726959228516e+00	2.817842483520507812e+00	2.817901372909545898e+00	2.816694736480712891e+00	2.814303398132324219e+00	2.811493873596191406e+00	2.810688972473144531e+00	2.812986373901367188e+00	2.818800449371337891e+00	2.828465938568115234e+00	2.841084718704223633e+00	2.853136062622070312e+00	2.862579822540283203e+00	2.873343706130981445e+00	2.890846967697143555e+00	2.915773868560791016e+00	2.943924903869628906e+00	2.966841459274291992e+00	2.973999261856079102e+00	2.961072444915771484e+00	2.935046672821044922e+00	2.905731678009033203e+00	2.879175424575805664e+00	2.857854604721069336e+00	2.841949939727783203e+00	2.829822063446044922e+00	2.820308923721313477e+00	2.813386201858520508e+00	2.808768033981323242e+00	2.806300401687622070e+00	2.806066513061523438e+00	2.807968616485595703e+00	2.811140060424804688e+00	2.813850164413452148e+00	2.816253900527954102e+00	2.819300889968872070e+00	2.821309804916381836e+00	2.820538520812988281e+00	2.818040847778320312e+00	2.816006422042846680e+00	2.815500020980834961e+00	2.816220045089721680e+00	2.817477464675903320e+00	2.818507671356201172e+00	2.818567991256713867e+00	2.817093849182128906e+00	2.814389228820800781e+00	2.811701774597167969e+00	2.810120344161987305e+00
2.860414266586303711e+00	2.883589029312133789e+00	2.916433334350585938e+00	2.958771228790283203e+00	2.947531700134277344e+00	2.900358676910400391e+00	2.866912841796875000e+00	2.847425222396850586e+00	2.835897922515869141e+00	2.829104423522949219e+00	2.825480937957763672e+00	2.824300527572631836e+00	2.825191020965576172e+00	2.827654600143432617e+00	2.830988645553588867e+00	2.834250688552856445e+00	2.836454391479492188e+00	2.836951017379760742e+00	2.835824728012084961e+00	2.833659410476684570e+00	2.831341266632080078e+00	2.828095674514770508e+00	2.823117733001708984e+00	2.820515632629394531e+00	2.821892023086547852e+00	2.827803134918212891e+00	2.837759494781494141e+00	2.849722623825073242e+00	2.862612247467041016e+00	2.870180130004882812e+00	2.857707977294921875e+00	2.837080001831054688e+00	2.825922727584838867e+00	2.823348999023437500e+00	2.825960159301757812e+00	2.830791711807250977e+00	2.836440563201904297e+00	2.842864036560058594e+00	2.851660013198852539e+00	2.865387201309204102e+00	2.885560274124145508e+00	2.912082195281982422e+00	2.942221879959106445e+00	2.969352722167968750e+00	2.983958005905151367e+00	2.979241847991943359e+00	2.957655429840087891e+00	2.927948236465454102e+00	2.898146867752075195e+00	2.872835874557495117e+00	2.853992462158203125e+00	2.841740131378173828e+00	2.834921360015869141e+00	2.831806898117065430e+00	2.830786228179931641e+00	2.830754756927490234e+00	2.831161260604858398e+00	2.831916570663452148e+00	2.832878112792968750e+00	2.833806991577148438e+00	2.834434509277343750e+00	2.834201574325561523e+00	2.832707881927490234e+00	2.830236434936523438e+00	2.827452898025512695e+00	2.825013875961303711e+00	2.823427677154541016e+00	2.823018550872802734e+00	2.824021100997924805e+00	2.827227115631103516e+00	2.833696842193603516e+00	2.844383716583251953e+00
2.874581098556518555e+00	2.903127431869506836e+00	2.946582317352294922e+00	2.971897602081298828e+00	2.935349941253662109e+00	2.891908407211303711e+00	2.865142822265625000e+00	2.849052190780639648e+00	2.839150190353393555e+00	2.833121538162231445e+00	2.829904794692993164e+00	2.829157590866088867e+00	2.830596685409545898e+00	2.833529949188232422e+00	2.836831569671630859e+00	2.839373826980590820e+00	2.840591907501220703e+00	2.840370178222656250e+00	2.838938713073730469e+00	2.836736679077148438e+00	2.833793401718139648e+00	2.830516576766967773e+00	2.827703237533569336e+00	2.826648950576782227e+00	2.828982830047607422e+00	2.836072921752929688e+00	2.848571777343750000e+00	2.866532802581787109e+00	2.890913486480712891e+00	2.915983676910400391e+00	2.903395414352416992e+00	2.858968734741210938e+00	2.836068153381347656e+00	2.828578233718872070e+00	2.828499555587768555e+00	2.832228899002075195e+00	2.837742090225219727e+00	2.844057798385620117e+00	2.851616144180297852e+00	2.862509012222290039e+00	2.879370689392089844e+00	2.903218746185302734e+00	2.932377338409423828e+00	2.961876869201660156e+00	2.982984781265258789e+00	2.986536741256713867e+00	2.971099615097045898e+00	2.943817377090454102e+00	2.913681030273437500e+00	2.886752128601074219e+00	2.866015434265136719e+00	2.852206230163574219e+00	2.844564914703369141e+00	2.841266632080078125e+00	2.840108156204223633e+00	2.839620828628540039e+00	2.839305639266967773e+00	2.839160919189453125e+00	2.839216947555541992e+00	2.839271545410156250e+00	2.838905334472656250e+00	2.837777853012084961e+00	2.835856199264526367e+00	2.833432912826538086e+00	2.831018209457397461e+00	2.829168081283569336e+00	2.828247785568237305e+00	2.828454017639160156e+00	2.830511331558227539e+00	2.835286378860473633e+00	2.843438625335693359e+00	2.855948686599731445e+00
2.876135587692260742e+00	2.905236482620239258e+00	2.950978279113769531e+00	2.978175163269042969e+00	2.933198451995849609e+00	2.888932943344116211e+00	2.862937927246093750e+00	2.847452640533447266e+00	2.837855577468872070e+00	2.831928253173828125e+00	2.828847408294677734e+00	2.828325271606445312e+00	2.829925298690795898e+00	2.832774400711059570e+00	2.835699558258056641e+00	2.837728738784790039e+00	2.838426351547241211e+00	2.837869405746459961e+00	2.836367368698120117e+00	2.834300279617309570e+00	2.831922054290771484e+00	2.829298019409179688e+00	2.826853275299072266e+00	2.826053380966186523e+00	2.828950881958007812e+00	2.836917400360107422e+00	2.850631475448608398e+00	2.870543479919433594e+00	2.898750066757202148e+00	2.931626081466674805e+00	2.919510364532470703e+00	2.862214088439941406e+00	2.835888624191284180e+00	2.827153205871582031e+00	2.826791763305664062e+00	2.830933809280395508e+00	2.837013006210327148e+00	2.843297958374023438e+00	2.850362539291381836e+00	2.860608100891113281e+00	2.876815557479858398e+00	2.900165319442749023e+00	2.929119586944580078e+00	2.958962917327880859e+00	2.981224775314331055e+00	2.986414194107055664e+00	2.972230911254882812e+00	2.945370912551879883e+00	2.914933443069458008e+00	2.887249469757080078e+00	2.865617990493774414e+00	2.851136445999145508e+00	2.843287467956542969e+00	2.840229034423828125e+00	2.839550971984863281e+00	2.839440584182739258e+00	2.839138269424438477e+00	2.838677644729614258e+00	2.838349819183349609e+00	2.838179826736450195e+00	2.837831258773803711e+00	2.836906433105468750e+00	2.835212230682373047e+00	2.832879304885864258e+00	2.830363035202026367e+00	2.828285932540893555e+00	2.827194213867187500e+00	2.827553272247314453e+00	2.829961061477661133e+00	2.835127353668212891e+00	2.843840837478637695e+00	2.856972455978393555e+00
2.876567125320434570e+00	2.904844284057617188e+00	2.936561346054077148e+00	2.933496236801147461e+00	2.895906925201416016e+00	2.867764711380004883e+00	2.849667310714721680e+00	2.838109016418457031e+00	2.830715417861938477e+00	2.826364040374755859e+00	2.824591159820556641e+00	2.824996948242187500e+00	2.826818704605102539e+00	2.829223155975341797e+00	2.831462621688842773e+00	2.832861900329589844e+00	2.833210468292236328e+00	2.832628726959228516e+00	2.831332921981811523e+00	2.829548597335815430e+00	2.827299594879150391e+00	2.824537992477416992e+00	2.822128057479858398e+00	2.821992635726928711e+00	2.826089620590209961e+00	2.835880517959594727e+00	2.852390766143798828e+00	2.875975847244262695e+00	2.909094095230102539e+00	2.943175077438354492e+00	2.915429115295410156e+00	2.858437538146972656e+00	2.832678794860839844e+00	2.824240922927856445e+00	2.823517322540283203e+00	2.826547861099243164e+00	2.831397056579589844e+00	2.837085962295532227e+00	2.843940734863281250e+00	2.853851318359375000e+00	2.869344711303710938e+00	2.891817331314086914e+00	2.920171499252319336e+00	2.950054168701171875e+00	2.973353624343872070e+00	2.980602979660034180e+00	2.968851566314697266e+00	2.943619251251220703e+00	2.913502454757690430e+00	2.885210275650024414e+00	2.862528800964355469e+00	2.846921443939208984e+00	2.838162899017333984e+00	2.834671020507812500e+00	2.834042310714721680e+00	2.834174156188964844e+00	2.834098339080810547e+00	2.833909988403320312e+00	2.834000587463378906e+00	2.834441423416137695e+00	2.834809780120849609e+00	2.834394931793212891e+00	2.832785606384277344e+00	2.830233335494995117e+00	2.827341794967651367e+00	2.824875354766845703e+00	2.823613405227661133e+00	2.824159383773803711e+00	2.827036857604980469e+00	2.832857370376586914e+00	2.842326164245605469e+00	2.856321811676025391e+00
2.837753772735595703e+00	2.830147266387939453e+00	2.825937509536743164e+00	2.824103593826293945e+00	2.823359727859497070e+00	2.822970390319824219e+00	2.823191881179809570e+00	2.824428796768188477e+00	2.826537847518920898e+00	2.828793287277221680e+00	2.830206871032714844e+00	2.830082893371582031e+00	2.828432559967041016e+00	2.825926780700683594e+00	2.823513269424438477e+00	2.821959018707275391e+00	2.821728706359863281e+00	2.823189496994018555e+00	2.826835870742797852e+00	2.833499908447265625e+00	2.845008373260498047e+00	2.865723609924316406e+00	2.907487392425537109e+00	2.954397439956665039e+00	2.907924175262451172e+00	2.874353885650634766e+00	2.853633403778076172e+00	2.839163303375244141e+00	2.829175710678100586e+00	2.823347806930541992e+00	2.820818901062011719e+00	2.821194648742675781e+00	2.824718713760375977e+00	2.831101179122924805e+00	2.838246583938598633e+00	2.841417789459228516e+00	2.839936733245849609e+00	2.837391853332519531e+00	2.835668087005615234e+00	2.835319519042968750e+00	2.836600303649902344e+00	2.839893102645874023e+00	2.846242427825927734e+00	2.857131719589233398e+00	2.873668432235717773e+00	2.896357059478759766e+00	2.924317121505737305e+00	2.953860282897949219e+00	2.977601766586303711e+00	2.987119674682617188e+00	2.978224277496337891e+00	2.954078197479248047e+00	2.922658443450927734e+00	2.891684770584106445e+00	2.865782022476196289e+00	2.846992254257202148e+00	2.835472822189331055e+00	2.830038785934448242e+00	2.828547716140747070e+00	2.828493595123291016e+00	2.828284502029418945e+00	2.827656984329223633e+00	2.826786041259765625e+00	2.826676130294799805e+00	2.830521106719970703e+00	2.843713045120239258e+00	2.872708320617675781e+00	2.907632589340209961e+00	2.910836696624755859e+00	2.895331621170043945e+00	2.871257066726684570e+00	2.850430011749267578e+00
2.827601909637451172e+00	2.824637413024902344e+00	2.825204610824584961e+00	2.827995300292968750e+00	2.831296920776367188e+00	2.834018945693969727e+00	2.835805892944335938e+00	2.836581230163574219e+00	2.836413145065307617e+00	2.835274696350097656e+00	2.832985639572143555e+00	2.830198287963867188e+00	2.828087091445922852e+00	2.827309131622314453e+00	2.828270673751831055e+00	2.831436634063720703e+00	2.837638139724731445e+00	2.848410367965698242e+00	2.866232633590698242e+00	2.893865823745727539e+00	2.930927276611328125e+00	2.950483798980712891e+00	2.935813903808593750e+00	2.897842645645141602e+00	2.865525007247924805e+00	2.846261501312255859e+00	2.834573268890380859e+00	2.827835798263549805e+00	2.824645996093750000e+00	2.823963165283203125e+00	2.825019359588623047e+00	2.827367544174194336e+00	2.830537796020507812e+00	2.833788394927978516e+00	2.836301803588867188e+00	2.837543010711669922e+00	2.837375640869140625e+00	2.835945129394531250e+00	2.833939790725708008e+00	2.832345247268676758e+00	2.831846714019775391e+00	2.832589149475097656e+00	2.834592580795288086e+00	2.838133335113525391e+00	2.844058036804199219e+00	2.853984832763671875e+00	2.869824409484863281e+00	2.892506599426269531e+00	2.921017646789550781e+00	2.952016592025756836e+00	2.979006052017211914e+00	2.993083000183105469e+00	2.987305402755737305e+00	2.963641166687011719e+00	2.931666135787963867e+00	2.900256872177124023e+00	2.874221324920654297e+00	2.855377435684204102e+00	2.843621253967285156e+00	2.836987018585205078e+00	2.832721948623657227e+00	2.829116582870483398e+00	2.826300382614135742e+00	2.825433492660522461e+00	2.827720880508422852e+00	2.835294246673583984e+00	2.851561784744262695e+00	2.867476701736450195e+00	2.867221832275390625e+00	2.857927322387695312e+00	2.845546960830688477e+00	2.834673881530761719e+00
2.827299594879150391e+00	2.825521469116210938e+00	2.826943159103393555e+00	2.830217838287353516e+00	2.833770036697387695e+00	2.836590528488159180e+00	2.838157892227172852e+00	2.838284969329833984e+00	2.837134599685668945e+00	2.834904909133911133e+00	2.831914424896240234e+00	2.829163074493408203e+00	2.827766656875610352e+00	2.828281402587890625e+00	2.830779790878295898e+00	2.835626840591430664e+00	2.843942165374755859e+00	2.857893705368041992e+00	2.881041526794433594e+00	2.916942119598388672e+00	2.959048271179199219e+00	2.964970350265502930e+00	2.927116155624389648e+00	2.883558750152587891e+00	2.856757164001464844e+00	2.840716123580932617e+00	2.831188678741455078e+00	2.826194047927856445e+00	2.824594974517822266e+00	2.825457334518432617e+00	2.827756643295288086e+00	2.830605506896972656e+00	2.833480834960937500e+00	2.835843801498413086e+00	2.837093114852905273e+00	2.836987257003784180e+00	2.835924625396728516e+00	2.834608793258666992e+00	2.833364725112915039e+00	2.832316637039184570e+00	2.831964731216430664e+00	2.832639455795288086e+00	2.834317684173583984e+00	2.837143182754516602e+00	2.841874122619628906e+00	2.849954366683959961e+00	2.863169908523559570e+00	2.882825851440429688e+00	2.908921003341674805e+00	2.939531564712524414e+00	2.969604969024658203e+00	2.990637063980102539e+00	2.993385553359985352e+00	2.975594758987426758e+00	2.945574045181274414e+00	2.913357019424438477e+00	2.884507179260253906e+00	2.862661838531494141e+00	2.848418951034545898e+00	2.840154886245727539e+00	2.834991693496704102e+00	2.830749034881591797e+00	2.827227830886840820e+00	2.825351238250732422e+00	2.826412200927734375e+00	2.832478761672973633e+00	2.845221757888793945e+00	2.858211994171142578e+00	2.859019279479980469e+00	2.851792335510253906e+00	2.841890811920166016e+00	2.832894802093505859e+00
2.823420286178588867e+00	2.821726083755493164e+00	2.822925329208374023e+00	2.825788497924804688e+00	2.829002618789672852e+00	2.831609964370727539e+00	2.833224773406982422e+00	2.833507537841796875e+00	2.832185029983520508e+00	2.829522609710693359e+00	2.826196908950805664e+00	2.823219299316406250e+00	2.821577548980712891e+00	2.821892023086547852e+00	2.824447870254516602e+00	2.829545974731445312e+00	2.838045358657836914e+00	2.851789712905883789e+00	2.873633146286010742e+00	2.906145572662353516e+00	2.943380117416381836e+00	2.963902950286865234e+00	2.926571607589721680e+00	2.878091096878051758e+00	2.850713253021240234e+00	2.835323095321655273e+00	2.826812267303466797e+00	2.822406053543090820e+00	2.820657730102539062e+00	2.820835828781127930e+00	2.822515726089477539e+00	2.825104713439941406e+00	2.827984333038330078e+00	2.830374240875244141e+00	2.831466913223266602e+00	2.830987691879272461e+00	2.829429864883422852e+00	2.827561616897583008e+00	2.825937986373901367e+00	2.824813127517700195e+00	2.824316978454589844e+00	2.824592828750610352e+00	2.825875997543334961e+00	2.828495025634765625e+00	2.833171606063842773e+00	2.841196537017822266e+00	2.853736639022827148e+00	2.872045993804931641e+00	2.896770238876342773e+00	2.926446914672851562e+00	2.956807136535644531e+00	2.980243921279907227e+00	2.987530708312988281e+00	2.974012374877929688e+00	2.945496559143066406e+00	2.912843465805053711e+00	2.883481979370117188e+00	2.860724687576293945e+00	2.845364093780517578e+00	2.836058378219604492e+00	2.830208063125610352e+00	2.825603723526000977e+00	2.821815490722656250e+00	2.819813013076782227e+00	2.820804119110107422e+00	2.826290369033813477e+00	2.837647199630737305e+00	2.850764751434326172e+00	2.853832960128784180e+00	2.847559452056884766e+00	2.837640523910522461e+00	2.828868865966796875e+00
2.833919763565063477e+00	2.832184791564941406e+00	2.829911231994628906e+00	2.827410459518432617e+00	2.825191020965576172e+00	2.823822259902954102e+00	2.823944807052612305e+00	2.825964212417602539e+00	2.830329895019531250e+00	2.838135004043579102e+00	2.850767135620117188e+00	2.870561361312866211e+00	2.901392698287963867e+00	2.944621801376342773e+00	2.957484006881713867e+00	2.935640573501586914e+00	2.893045425415039062e+00	2.864234447479248047e+00	2.846567392349243164e+00	2.835557222366333008e+00	2.828383922576904297e+00	2.824385404586791992e+00	2.823502302169799805e+00	2.825571775436401367e+00	2.829917669296264648e+00	2.835110425949096680e+00	2.839212656021118164e+00	2.840759754180908203e+00	2.839967250823974609e+00	2.837787628173828125e+00	2.834984302520751953e+00	2.832059621810913086e+00	2.829183101654052734e+00	2.826358556747436523e+00	2.824260950088500977e+00	2.824620246887207031e+00	2.829202651977539062e+00	2.839318513870239258e+00	2.856348514556884766e+00	2.881056547164916992e+00	2.912284851074218750e+00	2.940868377685546875e+00	2.913988113403320312e+00	2.867552280426025391e+00	2.840104341506958008e+00	2.828698635101318359e+00	2.825655937194824219e+00	2.826987266540527344e+00	2.830971240997314453e+00	2.837014198303222656e+00	2.845343351364135742e+00	2.857167243957519531e+00	2.874354362487792969e+00	2.898177146911621094e+00	2.928043127059936523e+00	2.959956169128417969e+00	2.985511541366577148e+00	2.994476556777954102e+00	2.982437133789062500e+00	2.954976081848144531e+00	2.922116994857788086e+00	2.891715288162231445e+00	2.867938518524169922e+00	2.852285623550415039e+00	2.844100952148437500e+00	2.840963363647460938e+00	2.839775562286376953e+00	2.838710784912109375e+00	2.837571859359741211e+00	2.836630582809448242e+00	2.835887908935546875e+00	2.835088253021240234e+00
2.833493709564208984e+00	2.831681728363037109e+00	2.829293012619018555e+00	2.826659440994262695e+00	2.824342250823974609e+00	2.822983741760253906e+00	2.823213338851928711e+00	2.825618982315063477e+00	2.830946683883666992e+00	2.840178728103637695e+00	2.854630708694458008e+00	2.876478672027587891e+00	2.910329103469848633e+00	2.955962657928466797e+00	2.965195417404174805e+00	2.932831287384033203e+00	2.888534069061279297e+00	2.860948562622070312e+00	2.844153165817260742e+00	2.833743333816528320e+00	2.827300786972045898e+00	2.823965311050415039e+00	2.823663711547851562e+00	2.826208114624023438e+00	2.830878734588623047e+00	2.836277008056640625e+00	2.840430259704589844e+00	2.841761112213134766e+00	2.840380430221557617e+00	2.837567090988159180e+00	2.834385871887207031e+00	2.831224679946899414e+00	2.828218698501586914e+00	2.825635194778442383e+00	2.824307441711425781e+00	2.825654029846191406e+00	2.831165313720703125e+00	2.841996669769287109e+00	2.859400749206542969e+00	2.884458780288696289e+00	2.917824268341064453e+00	2.948619842529296875e+00	2.918926477432250977e+00	2.869855880737304688e+00	2.841778993606567383e+00	2.829228401184082031e+00	2.825489997863769531e+00	2.826562166213989258e+00	2.830309867858886719e+00	2.835794687271118164e+00	2.843280315399169922e+00	2.854057788848876953e+00	2.870065927505493164e+00	2.892862796783447266e+00	2.922276973724365234e+00	2.955011844635009766e+00	2.983533143997192383e+00	2.996889352798461914e+00	2.988166332244873047e+00	2.961823940277099609e+00	2.928546190261840820e+00	2.897063732147216797e+00	2.871936559677124023e+00	2.854904651641845703e+00	2.845630884170532227e+00	2.841805458068847656e+00	2.840198040008544922e+00	2.838862180709838867e+00	2.837530136108398438e+00	2.836408615112304688e+00	2.835533142089843750e+00	2.834690809249877930e+00
2.832890272140502930e+00	2.830902576446533203e+00	2.828541755676269531e+00	2.826135873794555664e+00	2.824086189270019531e+00	2.822732448577880859e+00	2.822814464569091797e+00	2.825260162353515625e+00	2.830934762954711914e+00	2.840734720230102539e+00	2.855642795562744141e+00	2.878139495849609375e+00	2.913710355758666992e+00	2.954988956451416016e+00	2.957591772079467773e+00	2.921133756637573242e+00	2.881250143051147461e+00	2.856389999389648438e+00	2.841495037078857422e+00	2.832447528839111328e+00	2.826560735702514648e+00	2.823560476303100586e+00	2.823505401611328125e+00	2.826090335845947266e+00	2.830580472946166992e+00	2.835675239562988281e+00	2.839474439620971680e+00	2.840456485748291016e+00	2.839007854461669922e+00	2.836297035217285156e+00	2.833197593688964844e+00	2.830104827880859375e+00	2.827005624771118164e+00	2.824309349060058594e+00	2.823343038558959961e+00	2.825707674026489258e+00	2.832190275192260742e+00	2.843396663665771484e+00	2.861359596252441406e+00	2.887421607971191406e+00	2.920931339263916016e+00	2.944709539413452148e+00	2.912560939788818359e+00	2.867476224899291992e+00	2.840205907821655273e+00	2.828112602233886719e+00	2.824515342712402344e+00	2.825524330139160156e+00	2.829276084899902344e+00	2.834989547729492188e+00	2.842661380767822266e+00	2.853234052658081055e+00	2.868545055389404297e+00	2.890372753143310547e+00	2.918874025344848633e+00	2.951089382171630859e+00	2.979782581329345703e+00	2.994453907012939453e+00	2.987911939620971680e+00	2.963311195373535156e+00	2.930639266967773438e+00	2.898882865905761719e+00	2.873048067092895508e+00	2.855223178863525391e+00	2.845291137695312500e+00	2.841188669204711914e+00	2.839701890945434570e+00	2.838588476181030273e+00	2.837495565414428711e+00	2.836608886718750000e+00	2.835664749145507812e+00	2.834439754486083984e+00
2.820541381835937500e+00	2.817901611328125000e+00	2.815105199813842773e+00	2.812745332717895508e+00	2.811338901519775391e+00	2.811359643936157227e+00	2.813839673995971680e+00	2.819913864135742188e+00	2.830555677413940430e+00	2.846636295318603516e+00	2.868770360946655273e+00	2.897195100784301758e+00	2.924025774002075195e+00	2.913722276687622070e+00	2.880088329315185547e+00	2.855060338973999023e+00	2.837950229644775391e+00	2.826841115951538086e+00	2.820318698883056641e+00	2.817054748535156250e+00	2.816026210784912109e+00	2.816506147384643555e+00	2.817360877990722656e+00	2.819149732589721680e+00	2.822190046310424805e+00	2.825127601623535156e+00	2.826446533203125000e+00	2.825518846511840820e+00	2.822830677032470703e+00	2.819358348846435547e+00	2.816141366958618164e+00	2.813492298126220703e+00	2.811520099639892578e+00	2.811286211013793945e+00	2.814064979553222656e+00	2.821230649948120117e+00	2.834076881408691406e+00	2.854072332382202148e+00	2.883553981781005859e+00	2.917375087738037109e+00	2.940875291824340820e+00	2.925802469253540039e+00	2.880933761596679688e+00	2.840829133987426758e+00	2.820902347564697266e+00	2.812536954879760742e+00	2.810874462127685547e+00	2.813326358795166016e+00	2.818199396133422852e+00	2.824201345443725586e+00	2.830927848815917969e+00	2.838877916336059570e+00	2.849807262420654297e+00	2.866371393203735352e+00	2.889827966690063477e+00	2.919100761413574219e+00	2.949672937393188477e+00	2.973518371582031250e+00	2.980899095535278320e+00	2.967606067657470703e+00	2.939440727233886719e+00	2.906623125076293945e+00	2.876667261123657227e+00	2.853387832641601562e+00	2.837758302688598633e+00	2.828966856002807617e+00	2.825346231460571289e+00	2.824796676635742188e+00	2.825393438339233398e+00	2.825543880462646484e+00	2.824753761291503906e+00	2.822871446609497070e+00
2.837443828582763672e+00	2.834938526153564453e+00	2.833166122436523438e+00	2.832922697067260742e+00	2.835155963897705078e+00	2.840426206588745117e+00	2.848662376403808594e+00	2.861378192901611328e+00	2.881097555160522461e+00	2.912117481231689453e+00	2.959296703338623047e+00	3.004844665527343750e+00	2.966340780258178711e+00	2.911765575408935547e+00	2.877208948135375977e+00	2.856273174285888672e+00	2.844031333923339844e+00	2.837141275405883789e+00	2.833483934402465820e+00	2.832150459289550781e+00	2.833086013793945312e+00	2.836141586303710938e+00	2.840827465057373047e+00	2.845947265625000000e+00	2.849539041519165039e+00	2.849951028823852539e+00	2.847238540649414062e+00	2.843074798583984375e+00	2.839107036590576172e+00	2.835971593856811523e+00	2.834211111068725586e+00	2.833781957626342773e+00	2.834557771682739258e+00	2.837864398956298828e+00	2.846321582794189453e+00	2.862488508224487305e+00	2.888724327087402344e+00	2.928844928741455078e+00	2.991386413574218750e+00	3.008616685867309570e+00	2.974210023880004883e+00	2.922171592712402344e+00	2.881709575653076172e+00	2.855490922927856445e+00	2.840707063674926758e+00	2.833586454391479492e+00	2.831432104110717773e+00	2.832474708557128906e+00	2.835235834121704102e+00	2.838562965393066406e+00	2.841756820678710938e+00	2.844868659973144531e+00	2.849151134490966797e+00	2.856969118118286133e+00	2.870830774307250977e+00	2.892139911651611328e+00	2.920498847961425781e+00	2.953238248825073242e+00	2.983814954757690430e+00	3.001183032989501953e+00	2.995504140853881836e+00	2.969657659530639648e+00	2.935934543609619141e+00	2.904012203216552734e+00	2.878536701202392578e+00	2.861171245574951172e+00	2.851502656936645508e+00	2.847226858139038086e+00	2.845401763916015625e+00	2.844019174575805664e+00	2.842279195785522461e+00	2.840036153793334961e+00
2.839573621749877930e+00	2.836954832077026367e+00	2.834388017654418945e+00	2.832641601562500000e+00	2.832739353179931641e+00	2.835427045822143555e+00	2.840959310531616211e+00	2.850645303726196289e+00	2.866313457489013672e+00	2.890857696533203125e+00	2.929089546203613281e+00	2.978983879089355469e+00	2.980940341949462891e+00	2.934683799743652344e+00	2.894503593444824219e+00	2.867871046066284180e+00	2.851371049880981445e+00	2.841621637344360352e+00	2.836040258407592773e+00	2.833262205123901367e+00	2.832856893539428711e+00	2.834722757339477539e+00	2.838517189025878906e+00	2.843453884124755859e+00	2.848131895065307617e+00	2.850608587265014648e+00	2.849792480468750000e+00	2.846479892730712891e+00	2.842201948165893555e+00	2.838389635086059570e+00	2.835878849029541016e+00	2.834618091583251953e+00	2.834391832351684570e+00	2.835948705673217773e+00	2.841345548629760742e+00	2.852898359298706055e+00	2.872711896896362305e+00	2.903392314910888672e+00	2.949243545532226562e+00	3.003931999206542969e+00	3.026559352874755859e+00	2.981149196624755859e+00	2.913926839828491211e+00	2.869517087936401367e+00	2.846245288848876953e+00	2.835855722427368164e+00	2.832707881927490234e+00	2.833377838134765625e+00	2.835747241973876953e+00	2.838635444641113281e+00	2.841485023498535156e+00	2.844701290130615234e+00	2.850113153457641602e+00	2.860373497009277344e+00	2.877590417861938477e+00	2.902315855026245117e+00	2.933251619338989258e+00	2.966530799865722656e+00	2.993774175643920898e+00	3.003470182418823242e+00	2.989735364913940430e+00	2.959769487380981445e+00	2.925928831100463867e+00	2.896288156509399414e+00	2.874143123626708984e+00	2.860116720199584961e+00	2.852686166763305664e+00	2.849023580551147461e+00	2.846838712692260742e+00	2.845123767852783203e+00	2.843530654907226562e+00	2.841778755187988281e+00
2.841686725616455078e+00	2.838894605636596680e+00	2.836244821548461914e+00	2.834348440170288086e+00	2.833857297897338867e+00	2.835404872894287109e+00	2.839838743209838867e+00	2.848397254943847656e+00	2.862556457519531250e+00	2.884454965591430664e+00	2.918444395065307617e+00	2.966780185699462891e+00	2.988897323608398438e+00	2.948419809341430664e+00	2.904621839523315430e+00	2.874433994293212891e+00	2.855868101119995117e+00	2.845142602920532227e+00	2.839076757431030273e+00	2.835842847824096680e+00	2.834760189056396484e+00	2.835845232009887695e+00	2.839115381240844727e+00	2.843983411788940430e+00	2.849098920822143555e+00	2.852460861206054688e+00	2.852653980255126953e+00	2.850043058395385742e+00	2.845805644989013672e+00	2.841289520263671875e+00	2.837925434112548828e+00	2.835920333862304688e+00	2.835102796554565430e+00	2.836049318313598633e+00	2.840479373931884766e+00	2.850389242172241211e+00	2.867540597915649414e+00	2.893814802169799805e+00	2.931752920150756836e+00	2.982909202575683594e+00	3.019680261611938477e+00	2.997062444686889648e+00	2.924893140792846680e+00	2.875965833663940430e+00	2.850225925445556641e+00	2.838798522949218750e+00	2.834978342056274414e+00	2.835078954696655273e+00	2.837191104888916016e+00	2.840134382247924805e+00	2.843302965164184570e+00	2.847052335739135742e+00	2.853186130523681641e+00	2.864406824111938477e+00	2.882777929306030273e+00	2.908664703369140625e+00	2.940423011779785156e+00	2.973581790924072266e+00	2.998888015747070312e+00	3.004671812057495117e+00	2.987397670745849609e+00	2.956146955490112305e+00	2.922747135162353516e+00	2.894536972045898438e+00	2.874372482299804688e+00	2.862081289291381836e+00	2.855354785919189453e+00	2.851695299148559570e+00	2.849343538284301758e+00	2.847587108612060547e+00	2.846057891845703125e+00	2.844169855117797852e+00
2.842009305953979492e+00	2.839344024658203125e+00	2.836673736572265625e+00	2.834722518920898438e+00	2.834319353103637695e+00	2.836178779602050781e+00	2.840998888015747070e+00	2.849709033966064453e+00	2.863683700561523438e+00	2.885176420211791992e+00	2.917590379714965820e+00	2.963150501251220703e+00	2.997285366058349609e+00	2.955846309661865234e+00	2.907463788986206055e+00	2.876235961914062500e+00	2.857337474822998047e+00	2.846343517303466797e+00	2.839903116226196289e+00	2.836194276809692383e+00	2.834757804870605469e+00	2.835819721221923828e+00	2.839263200759887695e+00	2.844256877899169922e+00	2.849399089813232422e+00	2.852719068527221680e+00	2.852871894836425781e+00	2.850319147109985352e+00	2.846490859985351562e+00	2.842638015747070312e+00	2.839475870132446289e+00	2.837119579315185547e+00	2.835660696029663086e+00	2.835832118988037109e+00	2.839435100555419922e+00	2.848541736602783203e+00	2.864989519119262695e+00	2.891228914260864258e+00	2.930898904800415039e+00	2.978093147277832031e+00	3.015230178833007812e+00	2.989841461181640625e+00	2.920459032058715820e+00	2.873796939849853516e+00	2.849480390548706055e+00	2.838763713836669922e+00	2.835402488708496094e+00	2.835710287094116211e+00	2.837739706039428711e+00	2.840490102767944336e+00	2.843543767929077148e+00	2.847387790679931641e+00	2.853821516036987305e+00	2.865408182144165039e+00	2.884138345718383789e+00	2.910355806350708008e+00	2.942345142364501953e+00	2.975377082824707031e+00	2.999726295471191406e+00	3.003585815429687500e+00	2.984587907791137695e+00	2.953202724456787109e+00	2.920517444610595703e+00	2.892861604690551758e+00	2.872880935668945312e+00	2.860811233520507812e+00	2.854679584503173828e+00	2.851604700088500977e+00	2.849588394165039062e+00	2.847835302352905273e+00	2.846129179000854492e+00	2.844268321990966797e+00
2.840872526168823242e+00	2.838384389877319336e+00	2.836087703704833984e+00	2.834610223770141602e+00	2.834787845611572266e+00	2.837466001510620117e+00	2.843478441238403320e+00	2.853902578353881836e+00	2.870570421218872070e+00	2.896546602249145508e+00	2.935473203659057617e+00	2.984420061111450195e+00	2.992445468902587891e+00	2.940046072006225586e+00	2.896649837493896484e+00	2.869289398193359375e+00	2.852951765060424805e+00	2.843476295471191406e+00	2.837828397750854492e+00	2.834793329238891602e+00	2.834336519241333008e+00	2.836431741714477539e+00	2.840612649917602539e+00	2.845843315124511719e+00	2.850569963455200195e+00	2.852797031402587891e+00	2.851654529571533203e+00	2.848174571990966797e+00	2.843916177749633789e+00	2.840112447738647461e+00	2.837498188018798828e+00	2.836133956909179688e+00	2.835763216018676758e+00	2.837051153182983398e+00	2.842169761657714844e+00	2.853510379791259766e+00	2.873249769210815430e+00	2.905023336410522461e+00	2.956377744674682617e+00	2.999952077865600586e+00	3.007752418518066406e+00	2.957091331481933594e+00	2.901402473449707031e+00	2.865771770477294922e+00	2.846042156219482422e+00	2.836893320083618164e+00	2.834113359451293945e+00	2.834872722625732422e+00	2.837104082107543945e+00	2.839903116226196289e+00	2.843031644821166992e+00	2.846770048141479492e+00	2.852524757385253906e+00	2.862671613693237305e+00	2.879469871520996094e+00	2.903878450393676758e+00	2.934743165969848633e+00	2.968105077743530273e+00	2.995309591293334961e+00	3.004174470901489258e+00	2.989320755004882812e+00	2.959320545196533203e+00	2.925935745239257812e+00	2.896540164947509766e+00	2.874403476715087891e+00	2.860345840454101562e+00	2.853233098983764648e+00	2.850252151489257812e+00	2.848636627197265625e+00	2.847057819366455078e+00	2.845248460769653320e+00	2.843196630477905273e+00
2.838384151458740234e+00	2.835704803466796875e+00	2.833863735198974609e+00	2.833320379257202148e+00	2.834685087203979492e+00	2.838981866836547852e+00	2.847177267074584961e+00	2.860230445861816406e+00	2.880234003067016602e+00	2.911505937576293945e+00	2.958353757858276367e+00	2.999743938446044922e+00	2.966266870498657227e+00	2.914731264114379883e+00	2.880117654800415039e+00	2.858744621276855469e+00	2.845864772796630859e+00	2.838099002838134766e+00	2.833614826202392578e+00	2.831717014312744141e+00	2.832703351974487305e+00	2.836471796035766602e+00	2.841527462005615234e+00	2.846293210983276367e+00	2.849457263946533203e+00	2.849714279174804688e+00	2.846930742263793945e+00	2.842602968215942383e+00	2.838451147079467773e+00	2.835687398910522461e+00	2.834724903106689453e+00	2.834979534149169922e+00	2.835721731185913086e+00	2.838138341903686523e+00	2.845297813415527344e+00	2.859744310379028320e+00	2.883631706237792969e+00	2.921395540237426758e+00	2.982287883758544922e+00	2.993265151977539062e+00	2.964724063873291016e+00	2.922436714172363281e+00	2.882204055786132812e+00	2.855236768722534180e+00	2.839509248733520508e+00	2.832041501998901367e+00	2.830087900161743164e+00	2.831446409225463867e+00	2.834497928619384766e+00	2.838177204132080078e+00	2.841858625411987305e+00	2.845205068588256836e+00	2.849263429641723633e+00	2.857053041458129883e+00	2.871145725250244141e+00	2.892869949340820312e+00	2.921854972839355469e+00	2.955341577529907227e+00	2.986353158950805664e+00	3.003014564514160156e+00	2.995610237121582031e+00	2.968804359436035156e+00	2.935066223144531250e+00	2.903363943099975586e+00	2.878038644790649414e+00	2.860740900039672852e+00	2.851182937622070312e+00	2.847225666046142578e+00	2.845957040786743164e+00	2.845141410827636719e+00	2.843619346618652344e+00	2.841234207153320312e+00
2.830204725265502930e+00	2.827836990356445312e+00	2.826851606369018555e+00	2.828872203826904297e+00	2.836182117462158203e+00	2.852087736129760742e+00	2.880446910858154297e+00	2.920432329177856445e+00	2.955204010009765625e+00	2.993962764739990234e+00	2.975665569305419922e+00	2.922787904739379883e+00	2.883214235305786133e+00	2.856910705566406250e+00	2.840939283370971680e+00	2.831949710845947266e+00	2.827476739883422852e+00	2.825653076171875000e+00	2.825841903686523438e+00	2.828109502792358398e+00	2.832137346267700195e+00	2.837025880813598633e+00	2.841244935989379883e+00	2.843098163604736328e+00	2.841694593429565430e+00	2.837760448455810547e+00	2.832999467849731445e+00	2.829035282135009766e+00	2.826936006546020508e+00	2.827026367187500000e+00	2.828909873962402344e+00	2.832563161849975586e+00	2.839603424072265625e+00	2.852992773056030273e+00	2.875740528106689453e+00	2.909373521804809570e+00	2.945167779922485352e+00	2.965647697448730469e+00	2.941950559616088867e+00	2.899416208267211914e+00	2.869492053985595703e+00	2.849639892578125000e+00	2.836587667465209961e+00	2.828375816345214844e+00	2.824077606201171875e+00	2.822987079620361328e+00	2.824292182922363281e+00	2.827112913131713867e+00	2.830603837966918945e+00	2.834063291549682617e+00	2.836992025375366211e+00	2.839215517044067383e+00	2.841284751892089844e+00	2.844646215438842773e+00	2.851491928100585938e+00	2.864272594451904297e+00	2.884713411331176758e+00	2.913081407546997070e+00	2.947292566299438477e+00	2.981593608856201172e+00	3.004490137100219727e+00	3.003586769104003906e+00	2.979871273040771484e+00	2.945642471313476562e+00	2.911441564559936523e+00	2.882629394531250000e+00	2.861362695693969727e+00	2.847942829132080078e+00	2.840944528579711914e+00	2.837580204010009766e+00	2.835277080535888672e+00	2.832872629165649414e+00
2.830741167068481445e+00	2.828380346298217773e+00	2.827334880828857422e+00	2.829479217529296875e+00	2.837315559387207031e+00	2.854574680328369141e+00	2.886012554168701172e+00	2.933742523193359375e+00	2.968314886093139648e+00	3.005268573760986328e+00	2.970855474472045898e+00	2.920689821243286133e+00	2.882073163986206055e+00	2.856110811233520508e+00	2.840311527252197266e+00	2.831668615341186523e+00	2.827554702758789062e+00	2.826103210449218750e+00	2.826633930206298828e+00	2.829053401947021484e+00	2.833086013793945312e+00	2.838024616241455078e+00	2.842530488967895508e+00	2.844764709472656250e+00	2.843290805816650391e+00	2.838904142379760742e+00	2.833718776702880859e+00	2.829505920410156250e+00	2.827242612838745117e+00	2.827201128005981445e+00	2.829169034957885742e+00	2.833351373672485352e+00	2.841442584991455078e+00	2.856401443481445312e+00	2.881520509719848633e+00	2.918812751770019531e+00	2.957700252532958984e+00	2.976914405822753906e+00	2.938670635223388672e+00	2.895495891571044922e+00	2.866923332214355469e+00	2.848252058029174805e+00	2.835970163345336914e+00	2.828189373016357422e+00	2.824181079864501953e+00	2.823390245437622070e+00	2.825048685073852539e+00	2.828230619430541992e+00	2.831933736801147461e+00	2.835291385650634766e+00	2.837873220443725586e+00	2.839871406555175781e+00	2.841953516006469727e+00	2.845313549041748047e+00	2.851943492889404297e+00	2.864197969436645508e+00	2.883795022964477539e+00	2.911170482635498047e+00	2.944545984268188477e+00	2.978615045547485352e+00	3.002594232559204102e+00	3.003973007202148438e+00	2.982070207595825195e+00	2.948466539382934570e+00	2.914102792739868164e+00	2.884839296340942383e+00	2.863019227981567383e+00	2.848896265029907227e+00	2.841242551803588867e+00	2.837595939636230469e+00	2.835420131683349609e+00	2.833243608474731445e+00
2.823287010192871094e+00	2.820883274078369141e+00	2.819870471954345703e+00	2.821867227554321289e+00	2.829029560089111328e+00	2.844315767288208008e+00	2.872323751449584961e+00	2.916370153427124023e+00	2.946336507797241211e+00	2.980549573898315430e+00	2.965044736862182617e+00	2.929986238479614258e+00	2.887032032012939453e+00	2.856620311737060547e+00	2.837847709655761719e+00	2.827108144760131836e+00	2.821497201919555664e+00	2.819255352020263672e+00	2.819384574890136719e+00	2.821518898010253906e+00	2.825409412384033203e+00	2.830320119857788086e+00	2.834778070449829102e+00	2.836786508560180664e+00	2.835345268249511719e+00	2.831453800201416016e+00	2.826776266098022461e+00	2.822743654251098633e+00	2.820311307907104492e+00	2.819934844970703125e+00	2.821765899658203125e+00	2.826048612594604492e+00	2.833667278289794922e+00	2.847852468490600586e+00	2.872717618942260742e+00	2.909113168716430664e+00	2.935683012008666992e+00	2.962305068969726562e+00	2.939820289611816406e+00	2.893423557281494141e+00	2.863381862640380859e+00	2.843554019927978516e+00	2.830368280410766602e+00	2.821868419647216797e+00	2.817492008209228516e+00	2.816743135452270508e+00	2.818771362304687500e+00	2.822490692138671875e+00	2.826532602310180664e+00	2.829721689224243164e+00	2.831803321838378906e+00	2.833312511444091797e+00	2.835442304611206055e+00	2.839671850204467773e+00	2.848047733306884766e+00	2.862421989440917969e+00	2.883639812469482422e+00	2.911721944808959961e+00	2.944370031356811523e+00	2.975379467010498047e+00	2.994839668273925781e+00	2.993669271469116211e+00	2.971500396728515625e+00	2.938060760498046875e+00	2.904061794281005859e+00	2.875309467315673828e+00	2.854023933410644531e+00	2.840468883514404297e+00	2.833346605300903320e+00	2.830078601837158203e+00	2.828069448471069336e+00	2.825882196426391602e+00
2.780519485473632812e+00	2.780311822891235352e+00	2.781161546707153320e+00	2.783896207809448242e+00	2.788561820983886719e+00	2.794515609741210938e+00	2.802038908004760742e+00	2.812352895736694336e+00	2.825206518173217773e+00	2.840750932693481445e+00	2.859072685241699219e+00	2.862198114395141602e+00	2.843095779418945312e+00	2.820398330688476562e+00	2.802086114883422852e+00	2.789193630218505859e+00	2.781061172485351562e+00	2.776602983474731445e+00	2.774956226348876953e+00	2.775732755661010742e+00	2.778735399246215820e+00	2.783552169799804688e+00	2.789030790328979492e+00	2.792898893356323242e+00	2.793493986129760742e+00	2.791362524032592773e+00	2.787406921386718750e+00	2.782992124557495117e+00	2.779328346252441406e+00	2.777165174484252930e+00	2.776741743087768555e+00	2.777765989303588867e+00	2.780858039855957031e+00	2.787671566009521484e+00	2.799311876296997070e+00	2.815667152404785156e+00	2.836091756820678711e+00	2.857046842575073242e+00	2.860407114028930664e+00	2.845629692077636719e+00	2.829118251800537109e+00	2.815186738967895508e+00	2.803522348403930664e+00	2.795016288757324219e+00	2.790913820266723633e+00	2.789887666702270508e+00	2.790444135665893555e+00	2.792031288146972656e+00	2.793638467788696289e+00	2.794606685638427734e+00	2.795530557632446289e+00	2.797384738922119141e+00	2.801216125488281250e+00	2.808054685592651367e+00	2.818614721298217773e+00	2.833151340484619141e+00	2.851348161697387695e+00	2.871967077255249023e+00	2.892149448394775391e+00	2.906537771224975586e+00	2.908985376358032227e+00	2.896850824356079102e+00	2.874251842498779297e+00	2.848581075668334961e+00	2.825527906417846680e+00	2.807843923568725586e+00	2.796080827713012695e+00	2.789319038391113281e+00	2.785684347152709961e+00	2.783451795578002930e+00	2.781998634338378906e+00	2.781105995178222656e+00
2.779763936996459961e+00	2.780542373657226562e+00	2.781238079071044922e+00	2.782479047775268555e+00	2.785291910171508789e+00	2.789879798889160156e+00	2.794966459274291992e+00	2.799499034881591797e+00	2.803375959396362305e+00	2.806894540786743164e+00	2.811147212982177734e+00	2.812971591949462891e+00	2.805214881896972656e+00	2.796495676040649414e+00	2.788645744323730469e+00	2.782391786575317383e+00	2.778307199478149414e+00	2.776175975799560547e+00	2.775470018386840820e+00	2.775991678237915039e+00	2.777897357940673828e+00	2.780762672424316406e+00	2.783303260803222656e+00	2.784702777862548828e+00	2.785039663314819336e+00	2.784127712249755859e+00	2.781528472900390625e+00	2.778146743774414062e+00	2.775786161422729492e+00	2.774829626083374023e+00	2.774782180786132812e+00	2.775606393814086914e+00	2.778326988220214844e+00	2.783406257629394531e+00	2.789968729019165039e+00	2.797024488449096680e+00	2.804660797119140625e+00	2.812900066375732422e+00	2.817972421646118164e+00	2.816099166870117188e+00	2.812838554382324219e+00	2.809586524963378906e+00	2.806523323059082031e+00	2.804539203643798828e+00	2.804486751556396484e+00	2.806403398513793945e+00	2.810193300247192383e+00	2.814977645874023438e+00	2.819519758224487305e+00	2.823738098144531250e+00	2.827224731445312500e+00	2.830063104629516602e+00	2.834067821502685547e+00	2.839787483215332031e+00	2.844958066940307617e+00	2.848078727722167969e+00	2.849926233291625977e+00	2.851964473724365234e+00	2.854130268096923828e+00	2.852265596389770508e+00	2.845999002456665039e+00	2.835666179656982422e+00	2.822075605392456055e+00	2.807565927505493164e+00	2.794554471969604492e+00	2.785014629364013672e+00	2.779690027236938477e+00	2.777888298034667969e+00	2.777874708175659180e+00	2.777997732162475586e+00	2.778168201446533203e+00	2.778838872909545898e+00
2.780266284942626953e+00	2.781604290008544922e+00	2.783569335937500000e+00	2.786355733871459961e+00	2.789958477020263672e+00	2.793617248535156250e+00	2.796033382415771484e+00	2.797457695007324219e+00	2.797993898391723633e+00	2.798050880432128906e+00	2.798619747161865234e+00	2.800214052200317383e+00	2.797936916351318359e+00	2.791589021682739258e+00	2.785944461822509766e+00	2.781690835952758789e+00	2.778354406356811523e+00	2.775934457778930664e+00	2.774562835693359375e+00	2.774060249328613281e+00	2.774132251739501953e+00	2.774644851684570312e+00	2.775660276412963867e+00	2.777015686035156250e+00	2.778422832489013672e+00	2.779826879501342773e+00	2.781099319458007812e+00	2.781406164169311523e+00	2.780212163925170898e+00	2.778855800628662109e+00	2.778158426284790039e+00	2.778059005737304688e+00	2.779101610183715820e+00	2.781812667846679688e+00	2.785938739776611328e+00	2.791005134582519531e+00	2.797084808349609375e+00	2.802779197692871094e+00	2.805552244186401367e+00	2.808178424835205078e+00	2.810741901397705078e+00	2.811822652816772461e+00	2.813809633255004883e+00	2.815078973770141602e+00	2.815527200698852539e+00	2.815234184265136719e+00	2.815533161163330078e+00	2.816878795623779297e+00	2.819420337677001953e+00	2.824495792388916016e+00	2.833811283111572266e+00	2.849204540252685547e+00	2.865922927856445312e+00	2.869147539138793945e+00	2.862558364868164062e+00	2.854453086853027344e+00	2.849455595016479492e+00	2.844523191452026367e+00	2.836975336074829102e+00	2.829144239425659180e+00	2.820938110351562500e+00	2.811895608901977539e+00	2.802499771118164062e+00	2.793378353118896484e+00	2.785275936126708984e+00	2.779060363769531250e+00	2.775377750396728516e+00	2.774132013320922852e+00	2.774657011032104492e+00	2.775862932205200195e+00	2.777252674102783203e+00	2.778904676437377930e+00
2.784368753433227539e+00	2.786351919174194336e+00	2.787984132766723633e+00	2.789391756057739258e+00	2.790901422500610352e+00	2.793073654174804688e+00	2.795854806900024414e+00	2.798329591751098633e+00	2.799386262893676758e+00	2.798721075057983398e+00	2.796675682067871094e+00	2.793486118316650391e+00	2.789249658584594727e+00	2.784690618515014648e+00	2.780863046646118164e+00	2.778364419937133789e+00	2.777190446853637695e+00	2.776889324188232422e+00	2.776721715927124023e+00	2.776414632797241211e+00	2.776202201843261719e+00	2.776532888412475586e+00	2.777561902999877930e+00	2.778987884521484375e+00	2.780612230300903320e+00	2.782465696334838867e+00	2.784487485885620117e+00	2.784986495971679688e+00	2.783135890960693359e+00	2.781565427780151367e+00	2.780439376831054688e+00	2.780285596847534180e+00	2.781696796417236328e+00	2.784755468368530273e+00	2.789460897445678711e+00	2.795350074768066406e+00	2.801310777664184570e+00	2.806578159332275391e+00	2.811471462249755859e+00	2.816745996475219727e+00	2.822263956069946289e+00	2.826793432235717773e+00	2.829589366912841797e+00	2.831904649734497070e+00	2.836817502975463867e+00	2.833336830139160156e+00	2.822195768356323242e+00	2.814102172851562500e+00	2.807436704635620117e+00	2.802739858627319336e+00	2.801119089126586914e+00	2.802991390228271484e+00	2.806438922882080078e+00	2.808353424072265625e+00	2.810263156890869141e+00	2.811329841613769531e+00	2.810880899429321289e+00	2.809387922286987305e+00	2.807424068450927734e+00	2.804944038391113281e+00	2.801971197128295898e+00	2.797890424728393555e+00	2.792567968368530273e+00	2.786702871322631836e+00	2.780948638916015625e+00	2.776206254959106445e+00	2.773506879806518555e+00	2.773087024688720703e+00	2.774570941925048828e+00	2.777220010757446289e+00	2.779449701309204102e+00	2.781812667846679688e+00
2.787031650543212891e+00	2.790214538574218750e+00	2.792738199234008789e+00	2.794955253601074219e+00	2.797101497650146484e+00	2.798923730850219727e+00	2.800048828125000000e+00	2.799957752227783203e+00	2.798676252365112305e+00	2.796587467193603516e+00	2.793895721435546875e+00	2.790915489196777344e+00	2.788230180740356445e+00	2.786065816879272461e+00	2.784414291381835938e+00	2.783154726028442383e+00	2.781863212585449219e+00	2.780363321304321289e+00	2.778762578964233398e+00	2.777364015579223633e+00	2.776782751083374023e+00	2.777617454528808594e+00	2.779849529266357422e+00	2.782788753509521484e+00	2.785691738128662109e+00	2.788280248641967773e+00	2.790356636047363281e+00	2.790905714035034180e+00	2.789567232131958008e+00	2.786828517913818359e+00	2.783971548080444336e+00	2.782527685165405273e+00	2.783197164535522461e+00	2.785838365554809570e+00	2.789849996566772461e+00	2.794312953948974609e+00	2.798567056655883789e+00	2.802840471267700195e+00	2.807375669479370117e+00	2.812096595764160156e+00	2.816969156265258789e+00	2.821760892868041992e+00	2.825618982315063477e+00	2.827554702758789062e+00	2.827055931091308594e+00	2.823733568191528320e+00	2.818336248397827148e+00	2.812268972396850586e+00	2.806793451309204102e+00	2.803155422210693359e+00	2.802335262298583984e+00	2.804612159729003906e+00	2.808907747268676758e+00	2.814095973968505859e+00	2.819439888000488281e+00	2.822962999343872070e+00	2.821879863739013672e+00	2.816023588180541992e+00	2.807954549789428711e+00	2.800787925720214844e+00	2.795673608779907227e+00	2.791724205017089844e+00	2.787902832031250000e+00	2.784151315689086914e+00	2.780799865722656250e+00	2.778196334838867188e+00	2.776759386062622070e+00	2.776858091354370117e+00	2.778085470199584961e+00	2.779229640960693359e+00	2.781107902526855469e+00	2.783763408660888672e+00
2.789745807647705078e+00	2.794166326522827148e+00	2.797370910644531250e+00	2.798343658447265625e+00	2.798027276992797852e+00	2.797756910324096680e+00	2.797285318374633789e+00	2.796031236648559570e+00	2.794018745422363281e+00	2.791475772857666016e+00	2.788569211959838867e+00	2.785565137863159180e+00	2.782793283462524414e+00	2.780584573745727539e+00	2.779177665710449219e+00	2.778469562530517578e+00	2.778150796890258789e+00	2.777960538864135742e+00	2.777300596237182617e+00	2.776872396469116211e+00	2.777871608734130859e+00	2.780428409576416016e+00	2.784199714660644531e+00	2.788449048995971680e+00	2.792068004608154297e+00	2.794506549835205078e+00	2.795192003250122070e+00	2.794333934783935547e+00	2.791864156723022461e+00	2.788390159606933594e+00	2.785956382751464844e+00	2.785476922988891602e+00	2.786863565444946289e+00	2.789732217788696289e+00	2.793378114700317383e+00	2.796905279159545898e+00	2.799796819686889648e+00	2.802193641662597656e+00	2.804397821426391602e+00	2.806917428970336914e+00	2.810206890106201172e+00	2.813784360885620117e+00	2.817012310028076172e+00	2.819817304611206055e+00	2.821957111358642578e+00	2.822346925735473633e+00	2.819983482360839844e+00	2.815953254699707031e+00	2.812502861022949219e+00	2.811036586761474609e+00	2.812039613723754883e+00	2.815601825714111328e+00	2.821712493896484375e+00	2.830649137496948242e+00	2.842243194580078125e+00	2.853016376495361328e+00	2.856705665588378906e+00	2.849605083465576172e+00	2.835537672042846680e+00	2.821361064910888672e+00	2.810494899749755859e+00	2.802673816680908203e+00	2.796336412429809570e+00	2.790815353393554688e+00	2.786006927490234375e+00	2.782014369964599609e+00	2.779257297515869141e+00	2.778124332427978516e+00	2.778336048126220703e+00	2.779414653778076172e+00	2.781622886657714844e+00	2.785229682922363281e+00
2.791147232055664062e+00	2.798309803009033203e+00	2.804645299911499023e+00	2.808511972427368164e+00	2.808279275894165039e+00	2.806329250335693359e+00	2.803912878036499023e+00	2.800233840942382812e+00	2.795545339584350586e+00	2.790805339813232422e+00	2.786361217498779297e+00	2.782711029052734375e+00	2.780668973922729492e+00	2.779870271682739258e+00	2.779178380966186523e+00	2.779122352600097656e+00	2.779645442962646484e+00	2.780135154724121094e+00	2.779958724975585938e+00	2.779230594635009766e+00	2.779026508331298828e+00	2.780246973037719727e+00	2.782689571380615234e+00	2.785140037536621094e+00	2.787134170532226562e+00	2.789264678955078125e+00	2.792035579681396484e+00	2.794465065002441406e+00	2.794050216674804688e+00	2.791730880737304688e+00	2.790633678436279297e+00	2.791853427886962891e+00	2.794494390487670898e+00	2.797312259674072266e+00	2.799568414688110352e+00	2.801345825195312500e+00	2.802328109741210938e+00	2.803512573242187500e+00	2.806632280349731445e+00	2.811677694320678711e+00	2.818166255950927734e+00	2.825500965118408203e+00	2.832505702972412109e+00	2.837579965591430664e+00	2.839023828506469727e+00	2.836185455322265625e+00	2.828618049621582031e+00	2.819155693054199219e+00	2.811688899993896484e+00	2.807547092437744141e+00	2.807139158248901367e+00	2.810647726058959961e+00	2.818090438842773438e+00	2.828866004943847656e+00	2.841029167175292969e+00	2.850050449371337891e+00	2.850680589675903320e+00	2.842210054397583008e+00	2.828756093978881836e+00	2.815814018249511719e+00	2.806633234024047852e+00	2.801260232925415039e+00	2.798166751861572266e+00	2.795419454574584961e+00	2.791926383972167969e+00	2.787218809127807617e+00	2.782102346420288086e+00	2.778136491775512695e+00	2.776175022125244141e+00	2.776571750640869141e+00	2.779410600662231445e+00	2.784474134445190430e+00
2.793929815292358398e+00	2.802244663238525391e+00	2.810965061187744141e+00	2.820028543472290039e+00	2.828709840774536133e+00	2.833391666412353516e+00	2.829791307449340820e+00	2.820289850234985352e+00	2.811196327209472656e+00	2.803742408752441406e+00	2.796756029129028320e+00	2.790369987487792969e+00	2.785305976867675781e+00	2.782040834426879883e+00	2.780654430389404297e+00	2.780852794647216797e+00	2.782279729843139648e+00	2.784556865692138672e+00	2.786886453628540039e+00	2.788148641586303711e+00	2.787544965744018555e+00	2.785893917083740234e+00	2.784907817840576172e+00	2.784623622894287109e+00	2.784600734710693359e+00	2.785990238189697266e+00	2.788621902465820312e+00	2.790845155715942383e+00	2.791202306747436523e+00	2.790424823760986328e+00	2.790468931198120117e+00	2.791816711425781250e+00	2.794042587280273438e+00	2.796842575073242188e+00	2.799845933914184570e+00	2.802987575531005859e+00	2.806453466415405273e+00	2.810305118560791016e+00	2.814592123031616211e+00	2.819787740707397461e+00	2.826542377471923828e+00	2.834763765335083008e+00	2.842442989349365234e+00	2.845928430557250977e+00	2.842829227447509766e+00	2.834307193756103516e+00	2.823944091796875000e+00	2.815531015396118164e+00	2.811171770095825195e+00	2.811342477798461914e+00	2.815962076187133789e+00	2.825056076049804688e+00	2.837632894515991211e+00	2.851313352584838867e+00	2.862967729568481445e+00	2.867820739746093750e+00	2.864048480987548828e+00	2.853370428085327148e+00	2.838883399963378906e+00	2.824990749359130859e+00	2.814500331878662109e+00	2.807823419570922852e+00	2.803967714309692383e+00	2.800847768783569336e+00	2.796358346939086914e+00	2.790241241455078125e+00	2.784054040908813477e+00	2.779392004013061523e+00	2.777387380599975586e+00	2.778295755386352539e+00	2.781512975692749023e+00	2.786777496337890625e+00
2.794308423995971680e+00	2.800900459289550781e+00	2.809691429138183594e+00	2.820451021194458008e+00	2.833342075347900391e+00	2.844095468521118164e+00	2.841250658035278320e+00	2.826462268829345703e+00	2.813284635543823242e+00	2.804020643234252930e+00	2.796971321105957031e+00	2.792031288146972656e+00	2.789186000823974609e+00	2.788511514663696289e+00	2.790112257003784180e+00	2.793894767761230469e+00	2.799019813537597656e+00	2.803673028945922852e+00	2.805986166000366211e+00	2.804751157760620117e+00	2.800092458724975586e+00	2.793836593627929688e+00	2.788074016571044922e+00	2.784517765045166016e+00	2.783552885055541992e+00	2.784687995910644531e+00	2.786928415298461914e+00	2.789155960083007812e+00	2.790383100509643555e+00	2.790485143661499023e+00	2.790174245834350586e+00	2.790118455886840820e+00	2.790634393692016602e+00	2.791930437088012695e+00	2.794232845306396484e+00	2.797797203063964844e+00	2.802802085876464844e+00	2.808529615402221680e+00	2.813904762268066406e+00	2.819425582885742188e+00	2.826369762420654297e+00	2.833631753921508789e+00	2.839051961898803711e+00	2.839628934860229492e+00	2.834780693054199219e+00	2.826968431472778320e+00	2.819486379623413086e+00	2.814927816390991211e+00	2.814013719558715820e+00	2.816878080368041992e+00	2.823739528656005859e+00	2.834447383880615234e+00	2.848524570465087891e+00	2.865188598632812500e+00	2.881097078323364258e+00	2.887402772903442383e+00	2.881983518600463867e+00	2.868157148361206055e+00	2.852561473846435547e+00	2.837917327880859375e+00	2.825361251831054688e+00	2.814754962921142578e+00	2.805696725845336914e+00	2.798043727874755859e+00	2.792160272598266602e+00	2.788024663925170898e+00	2.785509109497070312e+00	2.784391403198242188e+00	2.784410953521728516e+00	2.785467147827148438e+00	2.787311077117919922e+00	2.789994716644287109e+00
2.796343803405761719e+00	2.798479557037353516e+00	2.803084373474121094e+00	2.811922550201416016e+00	2.824597358703613281e+00	2.835245609283447266e+00	2.834978818893432617e+00	2.825091838836669922e+00	2.813575506210327148e+00	2.805766344070434570e+00	2.802250623703002930e+00	2.800238132476806641e+00	2.797362804412841797e+00	2.795740365982055664e+00	2.797107458114624023e+00	2.801576375961303711e+00	2.807850122451782227e+00	2.813308000564575195e+00	2.815585136413574219e+00	2.813793182373046875e+00	2.808373689651489258e+00	2.801269054412841797e+00	2.794563531875610352e+00	2.789815187454223633e+00	2.787550210952758789e+00	2.786748647689819336e+00	2.786273956298828125e+00	2.785860300064086914e+00	2.785599470138549805e+00	2.785127162933349609e+00	2.784189939498901367e+00	2.783387899398803711e+00	2.783528804779052734e+00	2.784937381744384766e+00	2.787878036499023438e+00	2.792780876159667969e+00	2.799752712249755859e+00	2.808598756790161133e+00	2.816972494125366211e+00	2.823100328445434570e+00	2.830123424530029297e+00	2.837088823318481445e+00	2.841102361679077148e+00	2.840703964233398438e+00	2.836414813995361328e+00	2.829749584197998047e+00	2.822729110717773438e+00	2.817663908004760742e+00	2.815132617950439453e+00	2.814673185348510742e+00	2.816217899322509766e+00	2.820041418075561523e+00	2.826081037521362305e+00	2.834772586822509766e+00	2.847888231277465820e+00	2.865782499313354492e+00	2.871456384658813477e+00	2.852952241897583008e+00	2.837115764617919922e+00	2.826961755752563477e+00	2.817470312118530273e+00	2.808803558349609375e+00	2.801988601684570312e+00	2.796637773513793945e+00	2.792577743530273438e+00	2.790144681930541992e+00	2.789448261260986328e+00	2.790091514587402344e+00	2.791366577148437500e+00	2.792671918869018555e+00	2.793768882751464844e+00	2.794951677322387695e+00
2.791103601455688477e+00	2.791797876358032227e+00	2.795303106307983398e+00	2.801904916763305664e+00	2.808856487274169922e+00	2.813167572021484375e+00	2.813867568969726562e+00	2.811419963836669922e+00	2.804605484008789062e+00	2.798851728439331055e+00	2.795318126678466797e+00	2.794008731842041016e+00	2.793893814086914062e+00	2.793735265731811523e+00	2.794956445693969727e+00	2.799118995666503906e+00	2.805626392364501953e+00	2.811887264251708984e+00	2.814998388290405273e+00	2.813225030899047852e+00	2.807129383087158203e+00	2.799206495285034180e+00	2.791812419891357422e+00	2.786239385604858398e+00	2.782912015914916992e+00	2.781714439392089844e+00	2.782197713851928711e+00	2.784090518951416016e+00	2.786780357360839844e+00	2.787711143493652344e+00	2.785877466201782227e+00	2.784387111663818359e+00	2.784244775772094727e+00	2.785737752914428711e+00	2.789388179779052734e+00	2.795871496200561523e+00	2.805415868759155273e+00	2.817321300506591797e+00	2.830263376235961914e+00	2.842963457107543945e+00	2.853574037551879883e+00	2.858419656753540039e+00	2.855801105499267578e+00	2.849040985107421875e+00	2.840600252151489258e+00	2.831476211547851562e+00	2.822530269622802734e+00	2.815625905990600586e+00	2.811937093734741211e+00	2.811007261276245117e+00	2.811738967895507812e+00	2.814244985580444336e+00	2.818977355957031250e+00	2.825935125350952148e+00	2.834446191787719727e+00	2.841542482376098633e+00	2.841083049774169922e+00	2.833586454391479492e+00	2.826671361923217773e+00	2.818845987319946289e+00	2.810371875762939453e+00	2.802947044372558594e+00	2.797698736190795898e+00	2.794564008712768555e+00	2.793288946151733398e+00	2.793539762496948242e+00	2.794609785079956055e+00	2.795806407928466797e+00	2.796545743942260742e+00	2.796079635620117188e+00	2.794326066970825195e+00	2.792302131652832031e+00
2.785411834716796875e+00	2.784462451934814453e+00	2.784478425979614258e+00	2.785577535629272461e+00	2.787247896194458008e+00	2.788907051086425781e+00	2.790801286697387695e+00	2.793015480041503906e+00	2.795104742050170898e+00	2.796438217163085938e+00	2.796779394149780273e+00	2.795900344848632812e+00	2.794014930725097656e+00	2.793333530426025391e+00	2.795607805252075195e+00	2.801133871078491211e+00	2.809139013290405273e+00	2.817487955093383789e+00	2.822211265563964844e+00	2.820323467254638672e+00	2.813538789749145508e+00	2.804847717285156250e+00	2.796209335327148438e+00	2.789132833480834961e+00	2.784900188446044922e+00	2.783602476119995117e+00	2.784012794494628906e+00	2.784905910491943359e+00	2.786392450332641602e+00	2.788473367691040039e+00	2.790662050247192383e+00	2.792533874511718750e+00	2.793715238571166992e+00	2.795693635940551758e+00	2.799692153930664062e+00	2.805995941162109375e+00	2.814627408981323242e+00	2.825616359710693359e+00	2.838200092315673828e+00	2.850049018859863281e+00	2.857737302780151367e+00	2.857436895370483398e+00	2.849657058715820312e+00	2.839203834533691406e+00	2.829679250717163086e+00	2.822393655776977539e+00	2.817645549774169922e+00	2.815340042114257812e+00	2.815269947052001953e+00	2.817671537399291992e+00	2.822567462921142578e+00	2.829268455505371094e+00	2.837032079696655273e+00	2.844540596008300781e+00	2.848025321960449219e+00	2.842990636825561523e+00	2.835789203643798828e+00	2.826885700225830078e+00	2.815486192703247070e+00	2.804400205612182617e+00	2.795730590820312500e+00	2.790232658386230469e+00	2.788152694702148438e+00	2.788736343383789062e+00	2.790856361389160156e+00	2.793441295623779297e+00	2.795512437820434570e+00	2.796208381652832031e+00	2.794977664947509766e+00	2.792160511016845703e+00	2.789198875427246094e+00	2.786978483200073242e+00
2.789946317672729492e+00	2.789373159408569336e+00	2.788148403167724609e+00	2.786990404129028320e+00	2.787283420562744141e+00	2.789444684982299805e+00	2.793212413787841797e+00	2.797741174697875977e+00	2.801110506057739258e+00	2.801566600799560547e+00	2.799690961837768555e+00	2.796437978744506836e+00	2.794091939926147461e+00	2.794433832168579102e+00	2.798074960708618164e+00	2.804633855819702148e+00	2.813452005386352539e+00	2.822900056838989258e+00	2.828425884246826172e+00	2.826624870300292969e+00	2.818665504455566406e+00	2.808748722076416016e+00	2.799851894378662109e+00	2.792817354202270508e+00	2.788204669952392578e+00	2.785939693450927734e+00	2.785741567611694336e+00	2.786937475204467773e+00	2.788840055465698242e+00	2.791000127792358398e+00	2.793220996856689453e+00	2.795626878738403320e+00	2.798445463180541992e+00	2.801637649536132812e+00	2.804721593856811523e+00	2.808969974517822266e+00	2.816193819046020508e+00	2.826778411865234375e+00	2.839787006378173828e+00	2.852122068405151367e+00	2.858017683029174805e+00	2.854814052581787109e+00	2.846271276473999023e+00	2.836665391921997070e+00	2.827936172485351562e+00	2.821141958236694336e+00	2.816989421844482422e+00	2.815579175949096680e+00	2.816520690917968750e+00	2.819688081741333008e+00	2.826156616210937500e+00	2.837847232818603516e+00	2.853083372116088867e+00	2.858863115310668945e+00	2.854192495346069336e+00	2.839802980422973633e+00	2.827990055084228516e+00	2.815790176391601562e+00	2.802278518676757812e+00	2.791010856628417969e+00	2.783875226974487305e+00	2.780893802642822266e+00	2.781549692153930664e+00	2.784792184829711914e+00	2.789000988006591797e+00	2.792759418487548828e+00	2.795437097549438477e+00	2.796691656112670898e+00	2.796533823013305664e+00	2.795307874679565430e+00	2.793072462081909180e+00	2.790982007980346680e+00
2.791047811508178711e+00	2.790172100067138672e+00	2.788140773773193359e+00	2.785748958587646484e+00	2.784559249877929688e+00	2.784904003143310547e+00	2.786170244216918945e+00	2.787934780120849609e+00	2.790338039398193359e+00	2.792708873748779297e+00	2.793615341186523438e+00	2.792476177215576172e+00	2.790901184082031250e+00	2.790834903717041016e+00	2.793398618698120117e+00	2.798775434494018555e+00	2.805188655853271484e+00	2.812350749969482422e+00	2.817075490951538086e+00	2.816059589385986328e+00	2.810270309448242188e+00	2.802997589111328125e+00	2.797187089920043945e+00	2.794672966003417969e+00	2.795922517776489258e+00	2.795949220657348633e+00	2.791316032409667969e+00	2.787931680679321289e+00	2.786648035049438477e+00	2.786306381225585938e+00	2.787342309951782227e+00	2.790083885192871094e+00	2.794666528701782227e+00	2.801085233688354492e+00	2.807906627655029297e+00	2.813685655593872070e+00	2.819903612136840820e+00	2.826048851013183594e+00	2.831133842468261719e+00	2.834681510925292969e+00	2.836102485656738281e+00	2.835000276565551758e+00	2.831649065017700195e+00	2.827063798904418945e+00	2.822559833526611328e+00	2.819431543350219727e+00	2.818829536437988281e+00	2.820067167282104492e+00	2.819835662841796875e+00	2.821180582046508789e+00	2.823835134506225586e+00	2.827138662338256836e+00	2.832201719284057617e+00	2.839390993118286133e+00	2.833241939544677734e+00	2.819291353225708008e+00	2.806636333465576172e+00	2.797429084777832031e+00	2.791222095489501953e+00	2.787765502929687500e+00	2.787148475646972656e+00	2.785010576248168945e+00	2.783232450485229492e+00	2.783303022384643555e+00	2.784463405609130859e+00	2.786145925521850586e+00	2.787852287292480469e+00	2.789594411849975586e+00	2.791139364242553711e+00	2.791651964187622070e+00	2.791485548019409180e+00	2.791325092315673828e+00
2.799168586730957031e+00	2.799202680587768555e+00	2.797929286956787109e+00	2.795201778411865234e+00	2.792070627212524414e+00	2.789070606231689453e+00	2.787009716033935547e+00	2.786653995513916016e+00	2.787909269332885742e+00	2.789983987808227539e+00	2.791856288909912109e+00	2.793335199356079102e+00	2.795198202133178711e+00	2.798126697540283203e+00	2.801600933074951172e+00	2.805148363113403320e+00	2.809949874877929688e+00	2.815825223922729492e+00	2.819519042968750000e+00	2.817992687225341797e+00	2.812381505966186523e+00	2.806504487991333008e+00	2.802523851394653320e+00	2.800184011459350586e+00	2.798270225524902344e+00	2.795087575912475586e+00	2.790380239486694336e+00	2.786043167114257812e+00	2.784119129180908203e+00	2.785434007644653320e+00	2.789667844772338867e+00	2.796126842498779297e+00	2.803989648818969727e+00	2.811961174011230469e+00	2.818387746810913086e+00	2.822632074356079102e+00	2.824826717376708984e+00	2.825437307357788086e+00	2.825196266174316406e+00	2.824347019195556641e+00	2.822964668273925781e+00	2.821501016616821289e+00	2.820406913757324219e+00	2.819492816925048828e+00	2.818608522415161133e+00	2.818413734436035156e+00	2.819452047348022461e+00	2.821143388748168945e+00	2.823746919631958008e+00	2.827054500579833984e+00	2.829687118530273438e+00	2.830714225769042969e+00	2.832576274871826172e+00	2.832235574722290039e+00	2.826995611190795898e+00	2.817411899566650391e+00	2.806296348571777344e+00	2.797100543975830078e+00	2.791518211364746094e+00	2.789005279541015625e+00	2.787788152694702148e+00	2.786821365356445312e+00	2.786365270614624023e+00	2.787001371383666992e+00	2.788692951202392578e+00	2.790697336196899414e+00	2.792284488677978516e+00	2.793694019317626953e+00	2.795316934585571289e+00	2.796788930892944336e+00	2.797742366790771484e+00	2.798565864562988281e+00
2.799013853073120117e+00	2.797281742095947266e+00	2.794168472290039062e+00	2.790480613708496094e+00	2.787011146545410156e+00	2.784662246704101562e+00	2.783635377883911133e+00	2.783668041229248047e+00	2.784512519836425781e+00	2.786089897155761719e+00	2.788755655288696289e+00	2.792115449905395508e+00	2.795491695404052734e+00	2.798466205596923828e+00	2.801178455352783203e+00	2.804505348205566406e+00	2.809312820434570312e+00	2.814714431762695312e+00	2.817925453186035156e+00	2.816427469253540039e+00	2.811905622482299805e+00	2.807179450988769531e+00	2.803491592407226562e+00	2.800523281097412109e+00	2.797367334365844727e+00	2.793402433395385742e+00	2.789357423782348633e+00	2.786750793457031250e+00	2.786555767059326172e+00	2.789182424545288086e+00	2.794310569763183594e+00	2.800879478454589844e+00	2.808016777038574219e+00	2.814947843551635742e+00	2.820686340332031250e+00	2.824872016906738281e+00	2.827697038650512695e+00	2.829312801361083984e+00	2.829523801803588867e+00	2.828623771667480469e+00	2.827065706253051758e+00	2.825096607208251953e+00	2.823031425476074219e+00	2.821136713027954102e+00	2.819546461105346680e+00	2.819013833999633789e+00	2.820374488830566406e+00	2.823709487915039062e+00	2.827266454696655273e+00	2.827847242355346680e+00	2.825360774993896484e+00	2.822380542755126953e+00	2.820388078689575195e+00	2.819351434707641602e+00	2.817526102066040039e+00	2.812132358551025391e+00	2.803145647048950195e+00	2.795147895812988281e+00	2.790874958038330078e+00	2.790060997009277344e+00	2.790559291839599609e+00	2.790532827377319336e+00	2.789605855941772461e+00	2.787915468215942383e+00	2.786358594894409180e+00	2.785835504531860352e+00	2.786774873733520508e+00	2.788784265518188477e+00	2.790906190872192383e+00	2.793068885803222656e+00	2.795792102813720703e+00	2.798365592956542969e+00
2.803052425384521484e+00	2.800836086273193359e+00	2.797307491302490234e+00	2.794302463531494141e+00	2.792423963546752930e+00	2.791036605834960938e+00	2.790392398834228516e+00	2.790503740310668945e+00	2.790397882461547852e+00	2.790570497512817383e+00	2.791451215744018555e+00	2.792726516723632812e+00	2.793960809707641602e+00	2.795000791549682617e+00	2.796668291091918945e+00	2.800080060958862305e+00	2.804961681365966797e+00	2.809671878814697266e+00	2.812397956848144531e+00	2.812064647674560547e+00	2.809334278106689453e+00	2.805714845657348633e+00	2.802048683166503906e+00	2.799154520034790039e+00	2.796839714050292969e+00	2.793875694274902344e+00	2.790508747100830078e+00	2.788521289825439453e+00	2.788768768310546875e+00	2.790678024291992188e+00	2.793612003326416016e+00	2.797510623931884766e+00	2.801916360855102539e+00	2.806126117706298828e+00	2.809822320938110352e+00	2.813156127929687500e+00	2.816301584243774414e+00	2.819039583206176758e+00	2.820782423019409180e+00	2.821318864822387695e+00	2.820826530456542969e+00	2.819213628768920898e+00	2.816244602203369141e+00	2.812517166137695312e+00	2.809555768966674805e+00	2.809257984161376953e+00	2.812507867813110352e+00	2.818501710891723633e+00	2.824567794799804688e+00	2.827283382415771484e+00	2.826454639434814453e+00	2.824779033660888672e+00	2.823009729385375977e+00	2.821999073028564453e+00	2.820169210433959961e+00	2.815548419952392578e+00	2.807454586029052734e+00	2.799043655395507812e+00	2.793278932571411133e+00	2.790315866470336914e+00	2.788604259490966797e+00	2.787371158599853516e+00	2.786316633224487305e+00	2.785224914550781250e+00	2.784249305725097656e+00	2.783970832824707031e+00	2.785139799118041992e+00	2.787919759750366211e+00	2.791773319244384766e+00	2.795619964599609375e+00	2.799011468887329102e+00	2.802018165588378906e+00
2.793954849243164062e+00	2.794533491134643555e+00	2.793705940246582031e+00	2.792787075042724609e+00	2.792857646942138672e+00	2.793135881423950195e+00	2.791938781738281250e+00	2.790306568145751953e+00	2.788553953170776367e+00	2.787052869796752930e+00	2.786386489868164062e+00	2.786742210388183594e+00	2.787719249725341797e+00	2.789266824722290039e+00	2.791976213455200195e+00	2.795843601226806641e+00	2.800457477569580078e+00	2.805188417434692383e+00	2.808471679687500000e+00	2.808531522750854492e+00	2.805441617965698242e+00	2.801453828811645508e+00	2.798462390899658203e+00	2.796458721160888672e+00	2.794445991516113281e+00	2.792265176773071289e+00	2.790566921234130859e+00	2.790056943893432617e+00	2.790777683258056641e+00	2.792388200759887695e+00	2.794912576675415039e+00	2.798289775848388672e+00	2.802206277847290039e+00	2.806292057037353516e+00	2.809975862503051758e+00	2.812700271606445312e+00	2.814762115478515625e+00	2.816812515258789062e+00	2.818842172622680664e+00	2.820265531539916992e+00	2.820738077163696289e+00	2.820016860961914062e+00	2.817724227905273438e+00	2.814666509628295898e+00	2.812471389770507812e+00	2.811684846878051758e+00	2.812368869781494141e+00	2.814325571060180664e+00	2.816439151763916016e+00	2.816810607910156250e+00	2.816221237182617188e+00	2.816807508468627930e+00	2.817729234695434570e+00	2.817736387252807617e+00	2.817058563232421875e+00	2.814727783203125000e+00	2.809480428695678711e+00	2.802386999130249023e+00	2.795841693878173828e+00	2.791022300720214844e+00	2.788109064102172852e+00	2.786517381668090820e+00	2.785076856613159180e+00	2.783381223678588867e+00	2.782160043716430664e+00	2.782073497772216797e+00	2.783324003219604492e+00	2.785561323165893555e+00	2.787793636322021484e+00	2.789361476898193359e+00	2.790654420852661133e+00	2.792302846908569336e+00
2.788462638854980469e+00	2.789661884307861328e+00	2.790693759918212891e+00	2.791358232498168945e+00	2.791104078292846680e+00	2.790116310119628906e+00	2.788780689239501953e+00	2.787140369415283203e+00	2.785427093505859375e+00	2.783850431442260742e+00	2.782588958740234375e+00	2.781975746154785156e+00	2.782325983047485352e+00	2.783156633377075195e+00	2.784217596054077148e+00	2.785983800888061523e+00	2.788727998733520508e+00	2.792794704437255859e+00	2.797666072845458984e+00	2.801219463348388672e+00	2.802445650100708008e+00	2.801914930343627930e+00	2.799649477005004883e+00	2.795651674270629883e+00	2.791096925735473633e+00	2.788188934326171875e+00	2.788824081420898438e+00	2.788320779800415039e+00	2.788943290710449219e+00	2.791461706161499023e+00	2.794375181198120117e+00	2.798157691955566406e+00	2.802588224411010742e+00	2.806844711303710938e+00	2.810717105865478516e+00	2.814403295516967773e+00	2.817982435226440430e+00	2.820780754089355469e+00	2.822007179260253906e+00	2.822103977203369141e+00	2.821629047393798828e+00	2.820577144622802734e+00	2.819205284118652344e+00	2.818044662475585938e+00	2.816009998321533203e+00	2.812582969665527344e+00	2.809167861938476562e+00	2.807569980621337891e+00	2.807895421981811523e+00	2.809088945388793945e+00	2.810495376586914062e+00	2.811623573303222656e+00	2.811195135116577148e+00	2.808135271072387695e+00	2.803264856338500977e+00	2.798120260238647461e+00	2.792829990386962891e+00	2.787311077117919922e+00	2.782449722290039062e+00	2.779052734375000000e+00	2.777300834655761719e+00	2.777006864547729492e+00	2.777539014816284180e+00	2.778706312179565430e+00	2.780471801757812500e+00	2.782357454299926758e+00	2.784026145935058594e+00	2.785213232040405273e+00	2.785712718963623047e+00	2.785849332809448242e+00	2.786214113235473633e+00	2.787178516387939453e+00
2.781233787536621094e+00	2.781216382980346680e+00	2.781403303146362305e+00	2.781643867492675781e+00	2.781945943832397461e+00	2.782165765762329102e+00	2.781996726989746094e+00	2.781624555587768555e+00	2.781608343124389648e+00	2.782174587249755859e+00	2.783141374588012695e+00	2.783759117126464844e+00	2.783285140991210938e+00	2.781855344772338867e+00	2.779957056045532227e+00	2.778128385543823242e+00	2.776838779449462891e+00	2.776143550872802734e+00	2.776032209396362305e+00	2.776719570159912109e+00	2.778016090393066406e+00	2.779173612594604492e+00	2.779734611511230469e+00	2.779996871948242188e+00	2.780386924743652344e+00	2.780938625335693359e+00	2.781669378280639648e+00	2.783183097839355469e+00	2.786544561386108398e+00	2.790939807891845703e+00	2.794908285140991211e+00	2.798428773880004883e+00	2.801958084106445312e+00	2.806507587432861328e+00	2.812194585800170898e+00	2.817667245864868164e+00	2.821188449859619141e+00	2.822423219680786133e+00	2.822443008422851562e+00	2.822135210037231445e+00	2.821806192398071289e+00	2.820895671844482422e+00	2.818804264068603516e+00	2.816007852554321289e+00	2.812876224517822266e+00	2.809091091156005859e+00	2.805095672607421875e+00	2.801588058471679688e+00	2.798874855041503906e+00	2.796563863754272461e+00	2.793922901153564453e+00	2.790808439254760742e+00	2.787431478500366211e+00	2.783308506011962891e+00	2.778889179229736328e+00	2.775592565536499023e+00	2.774075269699096680e+00	2.774221658706665039e+00	2.775742292404174805e+00	2.778139352798461914e+00	2.780687093734741211e+00	2.782530546188354492e+00	2.783559799194335938e+00	2.784885883331298828e+00	2.786937713623046875e+00	2.788828849792480469e+00	2.789483308792114258e+00	2.788736104965209961e+00	2.786864042282104492e+00	2.784547090530395508e+00	2.782721281051635742e+00	2.781674385070800781e+00
2.784476280212402344e+00	2.784977912902832031e+00	2.784197330474853516e+00	2.783729791641235352e+00	2.783783197402954102e+00	2.783817529678344727e+00	2.783441066741943359e+00	2.782919645309448242e+00	2.782602548599243164e+00	2.782309770584106445e+00	2.781888723373413086e+00	2.781615734100341797e+00	2.781470060348510742e+00	2.781007766723632812e+00	2.779926061630249023e+00	2.778316497802734375e+00	2.776542186737060547e+00	2.774758815765380859e+00	2.773131370544433594e+00	2.772093057632446289e+00	2.772001504898071289e+00	2.773030996322631836e+00	2.775114059448242188e+00	2.777919292449951172e+00	2.780799627304077148e+00	2.782578229904174805e+00	2.782673358917236328e+00	2.782673120498657227e+00	2.784524917602539062e+00	2.788317918777465820e+00	2.793237209320068359e+00	2.798796653747558594e+00	2.804838418960571289e+00	2.810666561126708984e+00	2.815244436264038086e+00	2.818471193313598633e+00	2.820830583572387695e+00	2.822789907455444336e+00	2.824167490005493164e+00	2.824533700942993164e+00	2.824039459228515625e+00	2.822752475738525391e+00	2.820814132690429688e+00	2.818586587905883789e+00	2.814978122711181641e+00	2.809023857116699219e+00	2.803273200988769531e+00	2.798587322235107422e+00	2.794605493545532227e+00	2.790351629257202148e+00	2.786095619201660156e+00	2.783170938491821289e+00	2.781615972518920898e+00	2.778872251510620117e+00	2.775599241256713867e+00	2.773714542388916016e+00	2.773157835006713867e+00	2.773183345794677734e+00	2.773721933364868164e+00	2.774606704711914062e+00	2.775011301040649414e+00	2.775255203247070312e+00	2.776387929916381836e+00	2.778652191162109375e+00	2.781581163406372070e+00	2.784208536148071289e+00	2.785939216613769531e+00	2.786481618881225586e+00	2.785654783248901367e+00	2.784526586532592773e+00	2.783580780029296875e+00	2.783444404602050781e+00
2.804087400436401367e+00	2.802837610244750977e+00	2.801702499389648438e+00	2.801470279693603516e+00	2.802741765975952148e+00	2.805923223495483398e+00	2.811278581619262695e+00	2.818799495697021484e+00	2.828025817871093750e+00	2.837620496749877930e+00	2.845254182815551758e+00	2.845168590545654297e+00	2.835963964462280273e+00	2.823877811431884766e+00	2.813034772872924805e+00	2.805701732635498047e+00	2.801973104476928711e+00	2.800887823104858398e+00	2.801345348358154297e+00	2.802808761596679688e+00	2.805252313613891602e+00	2.808590173721313477e+00	2.812265872955322266e+00	2.815272569656372070e+00	2.816598892211914062e+00	2.815878152847290039e+00	2.813501834869384766e+00	2.810247182846069336e+00	2.806918859481811523e+00	2.804013729095458984e+00	2.801898717880249023e+00	2.801140308380126953e+00	2.802788734436035156e+00	2.807995557785034180e+00	2.816984653472900391e+00	2.828920602798461914e+00	2.840869903564453125e+00	2.848090887069702148e+00	2.844996452331542969e+00	2.834867954254150391e+00	2.825904369354248047e+00	2.819320201873779297e+00	2.814192771911621094e+00	2.810503482818603516e+00	2.808419704437255859e+00	2.807747364044189453e+00	2.807991981506347656e+00	2.808818578720092773e+00	2.810060739517211914e+00	2.811651706695556641e+00	2.814142704010009766e+00	2.818314552307128906e+00	2.824852466583251953e+00	2.834834575653076172e+00	2.850028038024902344e+00	2.871944427490234375e+00	2.900864362716674805e+00	2.935938358306884766e+00	2.972865581512451172e+00	3.001201868057250977e+00	3.006512403488159180e+00	2.984944343566894531e+00	2.948797941207885742e+00	2.911488056182861328e+00	2.879745244979858398e+00	2.855114221572875977e+00	2.836744785308837891e+00	2.823958635330200195e+00	2.815624952316284180e+00	2.810416698455810547e+00	2.807256937026977539e+00	2.805365085601806641e+00
2.815081596374511719e+00	2.814381122589111328e+00	2.813854932785034180e+00	2.813868045806884766e+00	2.814665794372558594e+00	2.816606998443603516e+00	2.820739030838012695e+00	2.827854394912719727e+00	2.837836027145385742e+00	2.849184989929199219e+00	2.858712434768676758e+00	2.861078023910522461e+00	2.854869365692138672e+00	2.843223810195922852e+00	2.830613851547241211e+00	2.820740699768066406e+00	2.814377069473266602e+00	2.811044216156005859e+00	2.810259580612182617e+00	2.811703443527221680e+00	2.814836502075195312e+00	2.818938970565795898e+00	2.823057413101196289e+00	2.826056957244873047e+00	2.826952219009399414e+00	2.825612306594848633e+00	2.822870254516601562e+00	2.819776773452758789e+00	2.817038774490356445e+00	2.814804077148437500e+00	2.813131093978881836e+00	2.812794685363769531e+00	2.815211296081542969e+00	2.821377038955688477e+00	2.831089735031127930e+00	2.843127727508544922e+00	2.854793071746826172e+00	2.861922502517700195e+00	2.858621120452880859e+00	2.847239494323730469e+00	2.835885763168334961e+00	2.826772928237915039e+00	2.820043087005615234e+00	2.815805673599243164e+00	2.813852548599243164e+00	2.813528537750244141e+00	2.814348459243774414e+00	2.815954208374023438e+00	2.817887544631958008e+00	2.819684028625488281e+00	2.821804523468017578e+00	2.825550079345703125e+00	2.831945657730102539e+00	2.842058897018432617e+00	2.857530593872070312e+00	2.879957199096679688e+00	2.909702539443969727e+00	2.945688486099243164e+00	2.983640909194946289e+00	3.013180255889892578e+00	3.019546031951904297e+00	2.997556924819946289e+00	2.959909200668334961e+00	2.920936346054077148e+00	2.887528181076049805e+00	2.861844539642333984e+00	2.843846559524536133e+00	2.832137346267700195e+00	2.824810504913330078e+00	2.820261716842651367e+00	2.817532062530517578e+00	2.815983533859252930e+00
2.823405027389526367e+00	2.821917057037353516e+00	2.820602655410766602e+00	2.820027589797973633e+00	2.820964813232421875e+00	2.824087142944335938e+00	2.829933881759643555e+00	2.838913202285766602e+00	2.850657224655151367e+00	2.862805366516113281e+00	2.870892524719238281e+00	2.870604276657104492e+00	2.863045215606689453e+00	2.851738214492797852e+00	2.839500188827514648e+00	2.829229831695556641e+00	2.822153329849243164e+00	2.818395853042602539e+00	2.817515134811401367e+00	2.818849325180053711e+00	2.821780681610107422e+00	2.825736284255981445e+00	2.829919338226318359e+00	2.833261251449584961e+00	2.834675073623657227e+00	2.833836078643798828e+00	2.831485509872436523e+00	2.828680276870727539e+00	2.826251268386840820e+00	2.824323892593383789e+00	2.822501659393310547e+00	2.821456909179687500e+00	2.822993755340576172e+00	2.828490495681762695e+00	2.838087797164916992e+00	2.850167274475097656e+00	2.861488103866577148e+00	2.868402719497680664e+00	2.867722511291503906e+00	2.856984853744506836e+00	2.843723773956298828e+00	2.833212375640869141e+00	2.826199293136596680e+00	2.822061061859130859e+00	2.820170879364013672e+00	2.820000886917114258e+00	2.820920228958129883e+00	2.822279453277587891e+00	2.823803901672363281e+00	2.825835466384887695e+00	2.828929662704467773e+00	2.833232402801513672e+00	2.839061737060546875e+00	2.848055839538574219e+00	2.862356185913085938e+00	2.883722066879272461e+00	2.912876605987548828e+00	2.948849916458129883e+00	2.987102031707763672e+00	3.017134428024291992e+00	3.023769617080688477e+00	3.001577854156494141e+00	2.963813066482543945e+00	2.924877166748046875e+00	2.891718864440917969e+00	2.866544008255004883e+00	2.849264860153198242e+00	2.838570356369018555e+00	2.832701444625854492e+00	2.829727172851562500e+00	2.827296257019042969e+00	2.825065612792968750e+00
2.826509714126586914e+00	2.825295686721801758e+00	2.824470520019531250e+00	2.824471712112426758e+00	2.825941801071166992e+00	2.829485416412353516e+00	2.835628747940063477e+00	2.844721317291259766e+00	2.856252670288085938e+00	2.867582082748413086e+00	2.874303817749023438e+00	2.873260259628295898e+00	2.865794658660888672e+00	2.854843616485595703e+00	2.843212366104125977e+00	2.833634614944458008e+00	2.827162265777587891e+00	2.823683261871337891e+00	2.822642087936401367e+00	2.823551177978515625e+00	2.826058387756347656e+00	2.829770326614379883e+00	2.833970785140991211e+00	2.837555646896362305e+00	2.839355707168579102e+00	2.838777542114257812e+00	2.836386203765869141e+00	2.833511829376220703e+00	2.831183433532714844e+00	2.829559564590454102e+00	2.828183650970458984e+00	2.827282667160034180e+00	2.828407287597656250e+00	2.833150863647460938e+00	2.842008590698242188e+00	2.853917121887207031e+00	2.865789890289306641e+00	2.873308658599853516e+00	2.873055696487426758e+00	2.864281177520751953e+00	2.852644920349121094e+00	2.842258691787719727e+00	2.834295511245727539e+00	2.828911066055297852e+00	2.826018810272216797e+00	2.825344324111938477e+00	2.826266765594482422e+00	2.827826738357543945e+00	2.829190969467163086e+00	2.830723285675048828e+00	2.833440065383911133e+00	2.837302923202514648e+00	2.842937231063842773e+00	2.852028846740722656e+00	2.866466522216796875e+00	2.887890338897705078e+00	2.917067766189575195e+00	2.953181505203247070e+00	2.991734981536865234e+00	3.022089481353759766e+00	3.028695106506347656e+00	3.006074428558349609e+00	2.967899084091186523e+00	2.928953170776367188e+00	2.896180629730224609e+00	2.871639490127563477e+00	2.855013370513916016e+00	2.844616413116455078e+00	2.838254928588867188e+00	2.833954334259033203e+00	2.830555915832519531e+00	2.828130960464477539e+00
2.827085018157958984e+00	2.825917959213256836e+00	2.825282812118530273e+00	2.825494289398193359e+00	2.827151536941528320e+00	2.830836534500122070e+00	2.836897611618041992e+00	2.845575094223022461e+00	2.856534242630004883e+00	2.867297172546386719e+00	2.873392105102539062e+00	2.872002601623535156e+00	2.864958047866821289e+00	2.854274749755859375e+00	2.843003511428833008e+00	2.834012269973754883e+00	2.828130960464477539e+00	2.825008869171142578e+00	2.824041366577148438e+00	2.824879884719848633e+00	2.827315568923950195e+00	2.831044673919677734e+00	2.835398197174072266e+00	2.839207887649536133e+00	2.841077566146850586e+00	2.840159177780151367e+00	2.837248325347900391e+00	2.834164142608642578e+00	2.831954956054687500e+00	2.830682992935180664e+00	2.829765558242797852e+00	2.829145908355712891e+00	2.830143690109252930e+00	2.834500551223754883e+00	2.843075990676879883e+00	2.855015754699707031e+00	2.867211818695068359e+00	2.874983072280883789e+00	2.874221324920654297e+00	2.865105152130126953e+00	2.853836774826049805e+00	2.843673706054687500e+00	2.835664033889770508e+00	2.830137252807617188e+00	2.827102184295654297e+00	2.826264858245849609e+00	2.826936244964599609e+00	2.828296899795532227e+00	2.829930782318115234e+00	2.831983089447021484e+00	2.834583997726440430e+00	2.838345527648925781e+00	2.844289779663085938e+00	2.853549957275390625e+00	2.867814302444458008e+00	2.888728380203247070e+00	2.917353630065917969e+00	2.953194141387939453e+00	2.991744279861450195e+00	3.022152185440063477e+00	3.028846502304077148e+00	3.006391525268554688e+00	2.968342542648315430e+00	2.929390907287597656e+00	2.896486282348632812e+00	2.871860504150390625e+00	2.855394124984741211e+00	2.845298528671264648e+00	2.839103221893310547e+00	2.834800004959106445e+00	2.831403493881225586e+00	2.828839063644409180e+00
2.826165914535522461e+00	2.825167894363403320e+00	2.824664592742919922e+00	2.824913263320922852e+00	2.826451063156127930e+00	2.829852104187011719e+00	2.835452556610107422e+00	2.843314409255981445e+00	2.853047847747802734e+00	2.862705469131469727e+00	2.868739366531372070e+00	2.868404626846313477e+00	2.862703084945678711e+00	2.852785587310791016e+00	2.841677665710449219e+00	2.832894563674926758e+00	2.827304601669311523e+00	2.824411153793334961e+00	2.823527336120605469e+00	2.824290752410888672e+00	2.826588392257690430e+00	2.830262899398803711e+00	2.834686040878295898e+00	2.838518381118774414e+00	2.840110540390014648e+00	2.838885307312011719e+00	2.835982799530029297e+00	2.832979679107666016e+00	2.830851078033447266e+00	2.829675674438476562e+00	2.828863382339477539e+00	2.828284502029418945e+00	2.829134464263916016e+00	2.833095312118530273e+00	2.840990781784057617e+00	2.852097272872924805e+00	2.863621473312377930e+00	2.871090412139892578e+00	2.870677709579467773e+00	2.862529993057250977e+00	2.852295398712158203e+00	2.842900514602661133e+00	2.835270166397094727e+00	2.829661846160888672e+00	2.826223373413085938e+00	2.824876308441162109e+00	2.825155735015869141e+00	2.826366424560546875e+00	2.827959775924682617e+00	2.829929590225219727e+00	2.832725048065185547e+00	2.836873531341552734e+00	2.843000888824462891e+00	2.852269887924194336e+00	2.866611719131469727e+00	2.887874126434326172e+00	2.916872978210449219e+00	2.952903270721435547e+00	2.991269350051879883e+00	3.021192550659179688e+00	3.027513265609741211e+00	3.004908800125122070e+00	2.966849327087402344e+00	2.928017139434814453e+00	2.895382642745971680e+00	2.871109962463378906e+00	2.854896783828735352e+00	2.844742774963378906e+00	2.838223457336425781e+00	2.833594799041748047e+00	2.830143690109252930e+00	2.827733993530273438e+00
2.826212882995605469e+00	2.825244665145874023e+00	2.824795246124267578e+00	2.825133800506591797e+00	2.826795816421508789e+00	2.830374002456665039e+00	2.836255073547363281e+00	2.844502449035644531e+00	2.854660987854003906e+00	2.864445686340332031e+00	2.869329452514648438e+00	2.866930007934570312e+00	2.860200881958007812e+00	2.851144313812255859e+00	2.841697216033935547e+00	2.834044933319091797e+00	2.828859090805053711e+00	2.825751304626464844e+00	2.824308156967163086e+00	2.824466943740844727e+00	2.826323747634887695e+00	2.829752445220947266e+00	2.833963632583618164e+00	2.837474584579467773e+00	2.838853359222412109e+00	2.837784290313720703e+00	2.835267543792724609e+00	2.832670688629150391e+00	2.830909252166748047e+00	2.830030679702758789e+00	2.829344749450683594e+00	2.828710556030273438e+00	2.829376459121704102e+00	2.833051681518554688e+00	2.840596914291381836e+00	2.851151943206787109e+00	2.862019062042236328e+00	2.869646072387695312e+00	2.870958566665649414e+00	2.863750457763671875e+00	2.852869749069213867e+00	2.842778921127319336e+00	2.834892272949218750e+00	2.829496383666992188e+00	2.826476573944091797e+00	2.825447320938110352e+00	2.825783014297485352e+00	2.826777935028076172e+00	2.827993154525756836e+00	2.829605102539062500e+00	2.832235097885131836e+00	2.836490392684936523e+00	2.842968702316284180e+00	2.852667570114135742e+00	2.867273330688476562e+00	2.888620376586914062e+00	2.917556047439575195e+00	2.953326463699340820e+00	2.991596221923828125e+00	3.021627187728881836e+00	3.028145313262939453e+00	3.005578279495239258e+00	2.967349767684936523e+00	2.928282737731933594e+00	2.895328760147094727e+00	2.870671987533569336e+00	2.854130506515502930e+00	2.843919277191162109e+00	2.837635755538940430e+00	2.833333730697631836e+00	2.830105781555175781e+00	2.827765941619873047e+00
2.826545715332031250e+00	2.825477361679077148e+00	2.824918270111083984e+00	2.825251817703247070e+00	2.826966285705566406e+00	2.830538749694824219e+00	2.836499691009521484e+00	2.845146179199218750e+00	2.855803012847900391e+00	2.865807533264160156e+00	2.870527029037475586e+00	2.867877483367919922e+00	2.860845804214477539e+00	2.851401329040527344e+00	2.841657876968383789e+00	2.833762884140014648e+00	2.828472852706909180e+00	2.825470685958862305e+00	2.824197053909301758e+00	2.824505805969238281e+00	2.826492309570312500e+00	2.829932689666748047e+00	2.833910703659057617e+00	2.837203264236450195e+00	2.838718414306640625e+00	2.837960481643676758e+00	2.835613250732421875e+00	2.832982301712036133e+00	2.831029176712036133e+00	2.829822301864624023e+00	2.828625202178955078e+00	2.827470064163208008e+00	2.828041076660156250e+00	2.832103729248046875e+00	2.840202808380126953e+00	2.851294279098510742e+00	2.862683057785034180e+00	2.870758771896362305e+00	2.872358083724975586e+00	2.865148782730102539e+00	2.853932857513427734e+00	2.843521118164062500e+00	2.835342645645141602e+00	2.829661130905151367e+00	2.826380968093872070e+00	2.825109004974365234e+00	2.825215101242065430e+00	2.826075077056884766e+00	2.827384710311889648e+00	2.829289197921752930e+00	2.832194805145263672e+00	2.836539030075073242e+00	2.842921018600463867e+00	2.852534294128417969e+00	2.867257356643676758e+00	2.888852596282958984e+00	2.918134689331054688e+00	2.954235315322875977e+00	2.992538452148437500e+00	3.022303581237792969e+00	3.028350114822387695e+00	3.005393743515014648e+00	2.967059850692749023e+00	2.927943229675292969e+00	2.894990444183349609e+00	2.870429277420043945e+00	2.854113578796386719e+00	2.844149351119995117e+00	2.837950229644775391e+00	2.833607912063598633e+00	2.830365180969238281e+00	2.828078985214233398e+00
2.827509880065917969e+00	2.826213121414184570e+00	2.825522899627685547e+00	2.825856924057006836e+00	2.827843189239501953e+00	2.832043170928955078e+00	2.838662862777709961e+00	2.847358942031860352e+00	2.857758045196533203e+00	2.868260622024536133e+00	2.875046491622924805e+00	2.873314142227172852e+00	2.864982604980468750e+00	2.854301691055297852e+00	2.843701362609863281e+00	2.835244655609130859e+00	2.829513788223266602e+00	2.826208591461181641e+00	2.824857711791992188e+00	2.825263977050781250e+00	2.827442407608032227e+00	2.831135749816894531e+00	2.835482358932495117e+00	2.839122295379638672e+00	2.840634584426879883e+00	2.839583158493041992e+00	2.836947202682495117e+00	2.834151744842529297e+00	2.832115888595581055e+00	2.830911397933959961e+00	2.830029964447021484e+00	2.829512596130371094e+00	2.830695629119873047e+00	2.835273265838623047e+00	2.843990325927734375e+00	2.855957984924316406e+00	2.868192195892333984e+00	2.876206398010253906e+00	2.875669956207275391e+00	2.865635633468627930e+00	2.853492736816406250e+00	2.843223094940185547e+00	2.835467576980590820e+00	2.830122470855712891e+00	2.827059030532836914e+00	2.825992584228515625e+00	2.826358318328857422e+00	2.827522277832031250e+00	2.829088449478149414e+00	2.831107139587402344e+00	2.833977699279785156e+00	2.838145971298217773e+00	2.844159364700317383e+00	2.853214263916015625e+00	2.867361545562744141e+00	2.888584613800048828e+00	2.917711734771728516e+00	2.953702211380004883e+00	2.991836547851562500e+00	3.021491289138793945e+00	3.027773618698120117e+00	3.005543470382690430e+00	2.967940807342529297e+00	2.929131746292114258e+00	2.896124362945556641e+00	2.871360063552856445e+00	2.854825258255004883e+00	2.844783067703247070e+00	2.838740587234497070e+00	2.834686756134033203e+00	2.831658840179443359e+00	2.829309701919555664e+00
2.827866315841674805e+00	2.826683521270751953e+00	2.826069116592407227e+00	2.826339721679687500e+00	2.828076124191284180e+00	2.831878423690795898e+00	2.838110923767089844e+00	2.846775531768798828e+00	2.857287645339965820e+00	2.867560863494873047e+00	2.873796939849853516e+00	2.871809244155883789e+00	2.863842487335205078e+00	2.853694915771484375e+00	2.843780517578125000e+00	2.836079120635986328e+00	2.830953121185302734e+00	2.827900409698486328e+00	2.826423645019531250e+00	2.826412439346313477e+00	2.828097581863403320e+00	2.831461668014526367e+00	2.835802078247070312e+00	2.839752197265625000e+00	2.841679334640502930e+00	2.840874671936035156e+00	2.838314771652221680e+00	2.835605144500732422e+00	2.833924770355224609e+00	2.833578586578369141e+00	2.832937002182006836e+00	2.831529617309570312e+00	2.832035064697265625e+00	2.836034297943115234e+00	2.844073772430419922e+00	2.855124950408935547e+00	2.866248130798339844e+00	2.873847723007202148e+00	2.874216318130493164e+00	2.865339994430541992e+00	2.854032039642333984e+00	2.844322204589843750e+00	2.836896657943725586e+00	2.831741809844970703e+00	2.828845500946044922e+00	2.827801942825317383e+00	2.827799558639526367e+00	2.828390836715698242e+00	2.829517841339111328e+00	2.831382513046264648e+00	2.834372520446777344e+00	2.838866710662841797e+00	2.845206737518310547e+00	2.854283809661865234e+00	2.868206977844238281e+00	2.889152526855468750e+00	2.918045759201049805e+00	2.953925132751464844e+00	2.992189884185791016e+00	3.022317647933959961e+00	3.029047250747680664e+00	3.006643533706665039e+00	2.968592405319213867e+00	2.929677724838256836e+00	2.896899223327636719e+00	2.872511625289916992e+00	2.856349468231201172e+00	2.846446275711059570e+00	2.840165138244628906e+00	2.835646867752075195e+00	2.832184076309204102e+00	2.829636573791503906e+00
2.827393054962158203e+00	2.826320409774780273e+00	2.825836658477783203e+00	2.826229810714721680e+00	2.828028202056884766e+00	2.831774711608886719e+00	2.837831258773803711e+00	2.846368789672851562e+00	2.857039213180541992e+00	2.867768049240112305e+00	2.874361515045166016e+00	2.872254848480224609e+00	2.864533185958862305e+00	2.854674577713012695e+00	2.844700813293457031e+00	2.836479425430297852e+00	2.830760240554809570e+00	2.827251434326171875e+00	2.825553655624389648e+00	2.825711727142333984e+00	2.827710866928100586e+00	2.831287622451782227e+00	2.835652589797973633e+00	2.839373826980590820e+00	2.840927362442016602e+00	2.839914560317993164e+00	2.837319612503051758e+00	2.834517478942871094e+00	2.832464218139648438e+00	2.831373929977416992e+00	2.830834388732910156e+00	2.830698013305664062e+00	2.831772804260253906e+00	2.835866928100585938e+00	2.843980550765991211e+00	2.855155467987060547e+00	2.866621732711791992e+00	2.874890565872192383e+00	2.875555276870727539e+00	2.865853786468505859e+00	2.853817939758300781e+00	2.843585252761840820e+00	2.835861682891845703e+00	2.830554246902465820e+00	2.827479124069213867e+00	2.826327800750732422e+00	2.826473474502563477e+00	2.827263116836547852e+00	2.828521728515625000e+00	2.830520391464233398e+00	2.833726882934570312e+00	2.838504314422607422e+00	2.845056056976318359e+00	2.854264497756958008e+00	2.868309497833251953e+00	2.889327526092529297e+00	2.918287277221679688e+00	2.954272985458374023e+00	2.992618799209594727e+00	3.022557973861694336e+00	3.028739929199218750e+00	3.005853652954101562e+00	2.967567205429077148e+00	2.928590059280395508e+00	2.895840883255004883e+00	2.871546745300292969e+00	2.855563163757324219e+00	2.845938920974731445e+00	2.839760780334472656e+00	2.835138320922851562e+00	2.831618547439575195e+00	2.829089641571044922e+00
2.827905893325805664e+00	2.826766729354858398e+00	2.826162576675415039e+00	2.826441764831542969e+00	2.828174829483032227e+00	2.831924438476562500e+00	2.838052749633789062e+00	2.846745252609252930e+00	2.857754707336425781e+00	2.869224309921264648e+00	2.876704216003417969e+00	2.874916076660156250e+00	2.866567373275756836e+00	2.855765342712402344e+00	2.845468997955322266e+00	2.838115453720092773e+00	2.832225084304809570e+00	2.827906608581542969e+00	2.825874328613281250e+00	2.825916767120361328e+00	2.827913761138916016e+00	2.831520795822143555e+00	2.835958242416381836e+00	2.839864253997802734e+00	2.841622352600097656e+00	2.840607881546020508e+00	2.837792634963989258e+00	2.834721088409423828e+00	2.832499742507934570e+00	2.831413030624389648e+00	2.831086158752441406e+00	2.831425428390502930e+00	2.833397388458251953e+00	2.838909387588500977e+00	2.846524477005004883e+00	2.857846021652221680e+00	2.870140075683593750e+00	2.878624916076660156e+00	2.878818273544311523e+00	2.868649959564208984e+00	2.856070756912231445e+00	2.845216274261474609e+00	2.836978673934936523e+00	2.831283092498779297e+00	2.827954769134521484e+00	2.826714515686035156e+00	2.826968193054199219e+00	2.828000068664550781e+00	2.829421520233154297e+00	2.831394910812377930e+00	2.834375143051147461e+00	2.838754415512084961e+00	2.844967126846313477e+00	2.854145050048828125e+00	2.868375301361083984e+00	2.889671087265014648e+00	2.918874263763427734e+00	2.955044269561767578e+00	2.993581056594848633e+00	3.023657798767089844e+00	3.029719829559326172e+00	3.006645917892456055e+00	2.968309402465820312e+00	2.929270982742309570e+00	2.896370887756347656e+00	2.871811866760253906e+00	2.855438709259033203e+00	2.845457553863525391e+00	2.839372158050537109e+00	2.835154056549072266e+00	2.831939458847045898e+00	2.829569101333618164e+00
2.827923059463500977e+00	2.826822519302368164e+00	2.826152086257934570e+00	2.826284170150756836e+00	2.827819347381591797e+00	2.831392526626586914e+00	2.837501049041748047e+00	2.846376180648803711e+00	2.857771396636962891e+00	2.869874477386474609e+00	2.878103256225585938e+00	2.876687765121459961e+00	2.867890119552612305e+00	2.855978250503540039e+00	2.844419240951538086e+00	2.835616827011108398e+00	2.829850435256958008e+00	2.826429843902587891e+00	2.824900627136230469e+00	2.825241565704345703e+00	2.827410221099853516e+00	2.831145286560058594e+00	2.835734367370605469e+00	2.839934825897216797e+00	2.842422008514404297e+00	2.842319011688232422e+00	2.839048862457275391e+00	2.835057020187377930e+00	2.832303285598754883e+00	2.830886125564575195e+00	2.830200433731079102e+00	2.830181360244750977e+00	2.832149028778076172e+00	2.837830781936645508e+00	2.847668409347534180e+00	2.860867500305175781e+00	2.874556064605712891e+00	2.883126020431518555e+00	2.881980657577514648e+00	2.870553731918334961e+00	2.857347488403320312e+00	2.846297025680541992e+00	2.837954998016357422e+00	2.832080364227294922e+00	2.828579902648925781e+00	2.827312231063842773e+00	2.827698230743408203e+00	2.828873872756958008e+00	2.830238103866577148e+00	2.831921577453613281e+00	2.834450721740722656e+00	2.838320255279541016e+00	2.844137191772460938e+00	2.853176355361938477e+00	2.867525100708007812e+00	2.889100790023803711e+00	2.918584108352661133e+00	2.954878091812133789e+00	2.993478298187255859e+00	3.023711919784545898e+00	3.030029296875000000e+00	3.007089138031005859e+00	2.968666791915893555e+00	2.929512023925781250e+00	2.896489858627319336e+00	2.871767997741699219e+00	2.855206727981567383e+00	2.845043897628784180e+00	2.838842391967773438e+00	2.834657907485961914e+00	2.831610679626464844e+00	2.829442262649536133e+00
2.828388690948486328e+00	2.827459096908569336e+00	2.826464176177978516e+00	2.826213836669921875e+00	2.827604055404663086e+00	2.831198453903198242e+00	2.837375640869140625e+00	2.846275568008422852e+00	2.857571840286254883e+00	2.869491577148437500e+00	2.877870082855224609e+00	2.876933336257934570e+00	2.868089675903320312e+00	2.856276512145996094e+00	2.844821691513061523e+00	2.835894107818603516e+00	2.829835414886474609e+00	2.826139450073242188e+00	2.824445009231567383e+00	2.824792861938476562e+00	2.827236652374267578e+00	2.831470012664794922e+00	2.836599111557006836e+00	2.841343402862548828e+00	2.844695806503295898e+00	2.845106124877929688e+00	2.840059757232666016e+00	2.835449218750000000e+00	2.832437753677368164e+00	2.830781936645507812e+00	2.829885005950927734e+00	2.829722642898559570e+00	2.831579446792602539e+00	2.837027072906494141e+00	2.846749544143676758e+00	2.860014915466308594e+00	2.873225212097167969e+00	2.880577087402343750e+00	2.879551410675048828e+00	2.869226455688476562e+00	2.856531620025634766e+00	2.845637798309326172e+00	2.837290525436401367e+00	2.831470489501953125e+00	2.828117609024047852e+00	2.826955556869506836e+00	2.827384471893310547e+00	2.828672409057617188e+00	2.830231904983520508e+00	2.831960439682006836e+00	2.834270477294921875e+00	2.837839603424072266e+00	2.843435049057006836e+00	2.852330923080444336e+00	2.866572141647338867e+00	2.888049364089965820e+00	2.917455911636352539e+00	2.953628301620483398e+00	2.992033481597900391e+00	3.022292375564575195e+00	3.029165506362915039e+00	3.007081508636474609e+00	2.969128131866455078e+00	2.929984092712402344e+00	2.896820306777954102e+00	2.872038364410400391e+00	2.855613708496093750e+00	2.845706224441528320e+00	2.839600324630737305e+00	2.835282564163208008e+00	2.832033157348632812e+00	2.829760789871215820e+00
2.826625108718872070e+00	2.825305700302124023e+00	2.824560880661010742e+00	2.824674367904663086e+00	2.826270818710327148e+00	2.830049991607666016e+00	2.836491584777832031e+00	2.845724105834960938e+00	2.857238292694091797e+00	2.868649959564208984e+00	2.875349760055541992e+00	2.873193502426147461e+00	2.864403009414672852e+00	2.853417634963989258e+00	2.842996835708618164e+00	2.834828615188598633e+00	2.829272031784057617e+00	2.825947284698486328e+00	2.824386835098266602e+00	2.824514389038085938e+00	2.826468229293823242e+00	2.830118179321289062e+00	2.834746360778808594e+00	2.839211225509643555e+00	2.842467546463012695e+00	2.842707395553588867e+00	2.839211463928222656e+00	2.835212469100952148e+00	2.832250118255615234e+00	2.830391407012939453e+00	2.829065561294555664e+00	2.828218460083007812e+00	2.829229116439819336e+00	2.833640575408935547e+00	2.841905593872070312e+00	2.853067874908447266e+00	2.864493370056152344e+00	2.872436523437500000e+00	2.874170064926147461e+00	2.867230415344238281e+00	2.855584621429443359e+00	2.844436407089233398e+00	2.835741996765136719e+00	2.829860210418701172e+00	2.826573848724365234e+00	2.825358152389526367e+00	2.825541973114013672e+00	2.826514244079589844e+00	2.827911376953125000e+00	2.829734325408935547e+00	2.832354545593261719e+00	2.836371898651123047e+00	2.842505455017089844e+00	2.851919412612915039e+00	2.866485118865966797e+00	2.888033866882324219e+00	2.917325496673583984e+00	2.953235387802124023e+00	2.991261243820190430e+00	3.021221160888671875e+00	3.028060913085937500e+00	3.006062030792236328e+00	2.968165874481201172e+00	2.929119825363159180e+00	2.896128177642822266e+00	2.871598720550537109e+00	2.855345964431762695e+00	2.845226526260375977e+00	2.838881969451904297e+00	2.834532976150512695e+00	2.831172466278076172e+00	2.828548431396484375e+00
2.827680110931396484e+00	2.826685190200805664e+00	2.826207399368286133e+00	2.826617479324340820e+00	2.828494787216186523e+00	2.832258939743041992e+00	2.837923288345336914e+00	2.845649003982543945e+00	2.855675697326660156e+00	2.866019010543823242e+00	2.872163534164428711e+00	2.871068000793457031e+00	2.864880323410034180e+00	2.855369567871093750e+00	2.844903230667114258e+00	2.836132526397705078e+00	2.829955577850341797e+00	2.826225996017456055e+00	2.824633836746215820e+00	2.825049161911010742e+00	2.827404022216796875e+00	2.831499814987182617e+00	2.836595535278320312e+00	2.841152667999267578e+00	2.843056201934814453e+00	2.841503143310546875e+00	2.838088512420654297e+00	2.834643125534057617e+00	2.832181215286254883e+00	2.830918788909912109e+00	2.830411195755004883e+00	2.830612897872924805e+00	2.832669258117675781e+00	2.838082551956176758e+00	2.847619295120239258e+00	2.860311031341552734e+00	2.872197151184082031e+00	2.878251075744628906e+00	2.875475883483886719e+00	2.864536523818969727e+00	2.852528333663940430e+00	2.842993259429931641e+00	2.836236476898193359e+00	2.831625461578369141e+00	2.828795433044433594e+00	2.827556848526000977e+00	2.827585935592651367e+00	2.828393936157226562e+00	2.829619646072387695e+00	2.831336975097656250e+00	2.833970308303833008e+00	2.838002681732177734e+00	2.843960046768188477e+00	2.852921962738037109e+00	2.866872310638427734e+00	2.887867450714111328e+00	2.916867494583129883e+00	2.952962398529052734e+00	2.991548538208007812e+00	3.022021293640136719e+00	3.029152393341064453e+00	3.007201433181762695e+00	2.969334125518798828e+00	2.930326223373413086e+00	2.897240638732910156e+00	2.872347116470336914e+00	2.855553627014160156e+00	2.845187664031982422e+00	2.838872432708740234e+00	2.834594726562500000e+00	2.831439256668090820e+00	2.829193115234375000e+00
2.826951980590820312e+00	2.825689315795898438e+00	2.824798583984375000e+00	2.824795246124267578e+00	2.826387643814086914e+00	2.830032110214233398e+00	2.835696935653686523e+00	2.843601703643798828e+00	2.854356050491333008e+00	2.867124080657958984e+00	2.878073692321777344e+00	2.878581047058105469e+00	2.869199514389038086e+00	2.856975555419921875e+00	2.845479488372802734e+00	2.836221456527709961e+00	2.829550266265869141e+00	2.825294256210327148e+00	2.823240756988525391e+00	2.823429584503173828e+00	2.825898647308349609e+00	2.830389261245727539e+00	2.836002349853515625e+00	2.840901374816894531e+00	2.842713356018066406e+00	2.840740680694580078e+00	2.836798906326293945e+00	2.832869291305541992e+00	2.830052137374877930e+00	2.828549146652221680e+00	2.827898740768432617e+00	2.828054904937744141e+00	2.830202341079711914e+00	2.836089849472045898e+00	2.847037553787231445e+00	2.862938404083251953e+00	2.879489660263061523e+00	2.887294054031372070e+00	2.881015062332153320e+00	2.864846944808959961e+00	2.850219488143920898e+00	2.839627504348754883e+00	2.832525491714477539e+00	2.828071355819702148e+00	2.825701475143432617e+00	2.825034618377685547e+00	2.825598239898681641e+00	2.826836585998535156e+00	2.828348875045776367e+00	2.830184459686279297e+00	2.832812309265136719e+00	2.836797237396240234e+00	2.842780828475952148e+00	2.851911306381225586e+00	2.866136074066162109e+00	2.887412071228027344e+00	2.916581392288208008e+00	2.952598094940185547e+00	2.990756750106811523e+00	3.020501136779785156e+00	3.027004957199096680e+00	3.004930973052978516e+00	2.967186689376831055e+00	2.928153276443481445e+00	2.894820928573608398e+00	2.869625568389892578e+00	2.852715253829956055e+00	2.842553853988647461e+00	2.836719512939453125e+00	2.833049774169921875e+00	2.830425977706909180e+00	2.828471660614013672e+00
2.820607185363769531e+00	2.819063901901245117e+00	2.818089246749877930e+00	2.818166017532348633e+00	2.819870948791503906e+00	2.823507308959960938e+00	2.829037666320800781e+00	2.836824417114257812e+00	2.847735643386840820e+00	2.860809087753295898e+00	2.871257066726684570e+00	2.871539831161499023e+00	2.862710475921630859e+00	2.851774692535400391e+00	2.839032173156738281e+00	2.829674959182739258e+00	2.824146032333374023e+00	2.821327924728393555e+00	2.820517301559448242e+00	2.821377754211425781e+00	2.823759794235229492e+00	2.827521085739135742e+00	2.832039833068847656e+00	2.835962057113647461e+00	2.837107419967651367e+00	2.834578990936279297e+00	2.830216646194458008e+00	2.826075077056884766e+00	2.823275089263916016e+00	2.822008609771728516e+00	2.821763753890991211e+00	2.822368621826171875e+00	2.824814558029174805e+00	2.830760955810546875e+00	2.841591119766235352e+00	2.857264518737792969e+00	2.873566150665283203e+00	2.881763219833374023e+00	2.876003026962280273e+00	2.860689401626586914e+00	2.847044706344604492e+00	2.837279319763183594e+00	2.830398797988891602e+00	2.825094938278198242e+00	2.821221113204956055e+00	2.819214582443237305e+00	2.819048881530761719e+00	2.820259809494018555e+00	2.822357892990112305e+00	2.825221538543701172e+00	2.829096794128417969e+00	2.834311485290527344e+00	2.841178655624389648e+00	2.850500822067260742e+00	2.864161968231201172e+00	2.884362459182739258e+00	2.912416696548461914e+00	2.947614192962646484e+00	2.985333204269409180e+00	3.014865159988403320e+00	3.021158933639526367e+00	2.999289751052856445e+00	2.961988687515258789e+00	2.923338651657104492e+00	2.890354156494140625e+00	2.865356206893920898e+00	2.848423719406127930e+00	2.838053941726684570e+00	2.831902980804443359e+00	2.827909469604492188e+00	2.824939966201782227e+00	2.822546482086181641e+00
2.813836574554443359e+00	2.812460660934448242e+00	2.811285018920898438e+00	2.810912132263183594e+00	2.811933517456054688e+00	2.814782142639160156e+00	2.819778680801391602e+00	2.827235221862792969e+00	2.837304592132568359e+00	2.849347114562988281e+00	2.860408067703247070e+00	2.861739873886108398e+00	2.853308439254760742e+00	2.843376398086547852e+00	2.832813739776611328e+00	2.823668718338012695e+00	2.819541454315185547e+00	2.819218635559082031e+00	2.820868253707885742e+00	2.822470426559448242e+00	2.823310136795043945e+00	2.823817491531372070e+00	2.824480295181274414e+00	2.825101375579833984e+00	2.824830055236816406e+00	2.823176622390747070e+00	2.820570468902587891e+00	2.817947387695312500e+00	2.816154479980468750e+00	2.815323829650878906e+00	2.814949750900268555e+00	2.815204381942749023e+00	2.817405462265014648e+00	2.823022603988647461e+00	2.833428621292114258e+00	2.848891258239746094e+00	2.865200042724609375e+00	2.872989654541015625e+00	2.866157054901123047e+00	2.849900007247924805e+00	2.836572885513305664e+00	2.827723264694213867e+00	2.821271419525146484e+00	2.816003799438476562e+00	2.812188625335693359e+00	2.810436964035034180e+00	2.810650825500488281e+00	2.812342166900634766e+00	2.815234899520874023e+00	2.819604396820068359e+00	2.826235532760620117e+00	2.835889339447021484e+00	2.848399162292480469e+00	2.861246347427368164e+00	2.871887922286987305e+00	2.886174440383911133e+00	2.909929037094116211e+00	2.942996263504028320e+00	2.979785203933715820e+00	3.008468866348266602e+00	3.013497591018676758e+00	2.990587472915649414e+00	2.953377485275268555e+00	2.915682554244995117e+00	2.883891105651855469e+00	2.859873771667480469e+00	2.843242406845092773e+00	2.832254171371459961e+00	2.825054168701171875e+00	2.820343017578125000e+00	2.817289829254150391e+00	2.815305471420288086e+00
2.799871683120727539e+00	2.799696683883666992e+00	2.800246238708496094e+00	2.800707340240478516e+00	2.800729274749755859e+00	2.800816059112548828e+00	2.800957679748535156e+00	2.801134109497070312e+00	2.801674127578735352e+00	2.802233457565307617e+00	2.802597999572753906e+00	2.803012609481811523e+00	2.802727937698364258e+00	2.801824331283569336e+00	2.802630662918090820e+00	2.806877374649047852e+00	2.814128398895263672e+00	2.822075605392456055e+00	2.828075885772705078e+00	2.829816341400146484e+00	2.826809644699096680e+00	2.821075677871704102e+00	2.814690113067626953e+00	2.809329748153686523e+00	2.805554151535034180e+00	2.803005695343017578e+00	2.801270723342895508e+00	2.800027132034301758e+00	2.799017190933227539e+00	2.798238039016723633e+00	2.797771930694580078e+00	2.797743082046508789e+00	2.798512458801269531e+00	2.800170898437500000e+00	2.802850484848022461e+00	2.806638002395629883e+00	2.809135437011718750e+00	2.808231830596923828e+00	2.804805755615234375e+00	2.800636053085327148e+00	2.797111511230468750e+00	2.794305086135864258e+00	2.791716337203979492e+00	2.789844989776611328e+00	2.789555072784423828e+00	2.791243791580200195e+00	2.795069456100463867e+00	2.801013708114624023e+00	2.808803558349609375e+00	2.817958831787109375e+00	2.829084873199462891e+00	2.845256090164184570e+00	2.867397546768188477e+00	2.884603023529052734e+00	2.887601613998413086e+00	2.891327857971191406e+00	2.905310869216918945e+00	2.930081844329833984e+00	2.960928916931152344e+00	2.985197544097900391e+00	2.985430717468261719e+00	2.958947420120239258e+00	2.922495841979980469e+00	2.888974428176879883e+00	2.862613677978515625e+00	2.843664169311523438e+00	2.830768108367919922e+00	2.821724653244018555e+00	2.814692497253417969e+00	2.808869600296020508e+00	2.804296970367431641e+00	2.801305055618286133e+00
2.796912670135498047e+00	2.794734477996826172e+00	2.792905092239379883e+00	2.791864633560180664e+00	2.792038679122924805e+00	2.793925523757934570e+00	2.797849416732788086e+00	2.803985834121704102e+00	2.812484502792358398e+00	2.823856115341186523e+00	2.833267211914062500e+00	2.827969789505004883e+00	2.814828872680664062e+00	2.805169105529785156e+00	2.801827907562255859e+00	2.804069042205810547e+00	2.810002565383911133e+00	2.817048311233520508e+00	2.822213888168334961e+00	2.822612285614013672e+00	2.817722320556640625e+00	2.810538530349731445e+00	2.804071426391601562e+00	2.799307346343994141e+00	2.796387195587158203e+00	2.795104742050170898e+00	2.795038700103759766e+00	2.795734882354736328e+00	2.796679735183715820e+00	2.797184944152832031e+00	2.796582698822021484e+00	2.794632911682128906e+00	2.791906356811523438e+00	2.789874553680419922e+00	2.790384531021118164e+00	2.795411109924316406e+00	2.807900428771972656e+00	2.834253787994384766e+00	2.888040781021118164e+00	2.927701473236083984e+00	2.920636177062988281e+00	2.874570131301879883e+00	2.828488588333129883e+00	2.802158832550048828e+00	2.789565801620483398e+00	2.785567998886108398e+00	2.787369251251220703e+00	2.793500423431396484e+00	2.802939653396606445e+00	2.814439773559570312e+00	2.827119588851928711e+00	2.842643260955810547e+00	2.863387823104858398e+00	2.880576372146606445e+00	2.882701158523559570e+00	2.885683059692382812e+00	2.896102428436279297e+00	2.909644603729248047e+00	2.919516563415527344e+00	2.917543172836303711e+00	2.902271747589111328e+00	2.879526138305664062e+00	2.856172084808349609e+00	2.836894512176513672e+00	2.823491811752319336e+00	2.815775156021118164e+00	2.812186717987060547e+00	2.810326814651489258e+00	2.808188199996948242e+00	2.805154085159301758e+00	2.801857948303222656e+00	2.799147605895996094e+00
2.814953327178955078e+00	2.811866521835327148e+00	2.809188127517700195e+00	2.807765245437622070e+00	2.808263540267944336e+00	2.810949802398681641e+00	2.816034555435180664e+00	2.823909759521484375e+00	2.835276603698730469e+00	2.850906372070312500e+00	2.870727300643920898e+00	2.883883953094482422e+00	2.873906612396240234e+00	2.853777170181274414e+00	2.840993642807006836e+00	2.834624290466308594e+00	2.831229686737060547e+00	2.829042196273803711e+00	2.826727628707885742e+00	2.823630094528198242e+00	2.820236921310424805e+00	2.817680835723876953e+00	2.816845655441284180e+00	2.817716836929321289e+00	2.819411754608154297e+00	2.820708274841308594e+00	2.820799350738525391e+00	2.819603204727172852e+00	2.817800283432006836e+00	2.815862894058227539e+00	2.813807010650634766e+00	2.811740398406982422e+00	2.809967517852783203e+00	2.809407711029052734e+00	2.812008857727050781e+00	2.819986104965209961e+00	2.835655927658081055e+00	2.864140987396240234e+00	2.911621332168579102e+00	2.959785699844360352e+00	2.966465234756469727e+00	2.923312187194824219e+00	2.864616632461547852e+00	2.832056045532226562e+00	2.815338611602783203e+00	2.808011054992675781e+00	2.806442260742187500e+00	2.808823108673095703e+00	2.814252614974975586e+00	2.821744441986083984e+00	2.830168724060058594e+00	2.837798357009887695e+00	2.846871614456176758e+00	2.858712673187255859e+00	2.874670743942260742e+00	2.895874023437500000e+00	2.921045780181884766e+00	2.948530435562133789e+00	2.971864700317382812e+00	2.980032205581665039e+00	2.965925216674804688e+00	2.935955286026000977e+00	2.902440309524536133e+00	2.873332262039184570e+00	2.851839780807495117e+00	2.838356018066406250e+00	2.831390142440795898e+00	2.828361511230468750e+00	2.827021837234497070e+00	2.825612545013427734e+00	2.822262763977050781e+00	2.818353176116943359e+00
2.827178955078125000e+00	2.824650049209594727e+00	2.822541952133178711e+00	2.821185827255249023e+00	2.821257114410400391e+00	2.823542356491088867e+00	2.828669548034667969e+00	2.837670564651489258e+00	2.852161884307861328e+00	2.874146699905395508e+00	2.904700517654418945e+00	2.937416553497314453e+00	2.939573764801025391e+00	2.905116081237792969e+00	2.871963977813720703e+00	2.849993228912353516e+00	2.836039304733276367e+00	2.827441215515136719e+00	2.822547912597656250e+00	2.820426225662231445e+00	2.820746421813964844e+00	2.823397159576416016e+00	2.827109575271606445e+00	2.830846786499023438e+00	2.834440708160400391e+00	2.836534976959228516e+00	2.836181163787841797e+00	2.833512544631958008e+00	2.829761743545532227e+00	2.826353311538696289e+00	2.823759317398071289e+00	2.821678400039672852e+00	2.820426225662231445e+00	2.821436405181884766e+00	2.826631069183349609e+00	2.837797403335571289e+00	2.856773853302001953e+00	2.887299299240112305e+00	2.938406229019165039e+00	2.988081455230712891e+00	2.986787319183349609e+00	2.934704065322875977e+00	2.879491567611694336e+00	2.846362352371215820e+00	2.828729152679443359e+00	2.820951700210571289e+00	2.818625450134277344e+00	2.819538354873657227e+00	2.822587966918945312e+00	2.826884746551513672e+00	2.831740379333496094e+00	2.837035417556762695e+00	2.843959808349609375e+00	2.855191707611083984e+00	2.873192787170410156e+00	2.898452043533325195e+00	2.929142951965332031e+00	2.960683345794677734e+00	2.984938383102416992e+00	2.991946458816528320e+00	2.976696729660034180e+00	2.946603775024414062e+00	2.912986040115356445e+00	2.883270263671875000e+00	2.860923051834106445e+00	2.846874952316284180e+00	2.839862108230590820e+00	2.837141036987304688e+00	2.835988759994506836e+00	2.834712743759155273e+00	2.832619667053222656e+00	2.829938888549804688e+00
2.822804212570190430e+00	2.820048809051513672e+00	2.817625999450683594e+00	2.816281557083129883e+00	2.816743135452270508e+00	2.819615840911865234e+00	2.825520038604736328e+00	2.835292339324951172e+00	2.850355625152587891e+00	2.873081207275390625e+00	2.906449556350708008e+00	2.943745374679565430e+00	2.939149379730224609e+00	2.901740789413452148e+00	2.867822885513305664e+00	2.846305608749389648e+00	2.833008289337158203e+00	2.824896574020385742e+00	2.820053577423095703e+00	2.817465305328369141e+00	2.816999197006225586e+00	2.818855047225952148e+00	2.822598218917846680e+00	2.827084779739379883e+00	2.830960988998413086e+00	2.832767486572265625e+00	2.831859588623046875e+00	2.829008579254150391e+00	2.825595378875732422e+00	2.822605133056640625e+00	2.820308923721313477e+00	2.818572044372558594e+00	2.817617893218994141e+00	2.818635463714599609e+00	2.823643684387207031e+00	2.834803819656372070e+00	2.854482650756835938e+00	2.886291265487670898e+00	2.935533285140991211e+00	2.982971906661987305e+00	2.985042810440063477e+00	2.930784463882446289e+00	2.876240491867065430e+00	2.842324495315551758e+00	2.823874473571777344e+00	2.815856933593750000e+00	2.814474105834960938e+00	2.816773176193237305e+00	2.820118188858032227e+00	2.823506355285644531e+00	2.827163934707641602e+00	2.831645011901855469e+00	2.838536977767944336e+00	2.850278377532958984e+00	2.868804693222045898e+00	2.894326448440551758e+00	2.924867391586303711e+00	2.955797910690307617e+00	2.979283332824707031e+00	2.986253499984741211e+00	2.971982955932617188e+00	2.943086624145507812e+00	2.910238981246948242e+00	2.880759239196777344e+00	2.858352899551391602e+00	2.844079256057739258e+00	2.836723566055297852e+00	2.833230257034301758e+00	2.831148386001586914e+00	2.829408645629882812e+00	2.827554225921630859e+00	2.825368165969848633e+00
2.810160160064697266e+00	2.805451869964599609e+00	2.801172971725463867e+00	2.798578977584838867e+00	2.799397706985473633e+00	2.805485486984252930e+00	2.817774772644042969e+00	2.833557844161987305e+00	2.850276231765747070e+00	2.863044023513793945e+00	2.846839904785156250e+00	2.830240011215209961e+00	2.817538022994995117e+00	2.809847593307495117e+00	2.806754350662231445e+00	2.807078361511230469e+00	2.809444189071655273e+00	2.812755584716796875e+00	2.816279649734497070e+00	2.819215297698974609e+00	2.820552825927734375e+00	2.819631576538085938e+00	2.817096710205078125e+00	2.814124345779418945e+00	2.811511993408203125e+00	2.809360027313232422e+00	2.807801008224487305e+00	2.806953191757202148e+00	2.807016372680664062e+00	2.808297157287597656e+00	2.810938596725463867e+00	2.814736366271972656e+00	2.819341182708740234e+00	2.824742078781127930e+00	2.831501007080078125e+00	2.839728593826293945e+00	2.846400260925292969e+00	2.845580339431762695e+00	2.835942745208740234e+00	2.825660228729248047e+00	2.816590309143066406e+00	2.809898853302001953e+00	2.805835485458374023e+00	2.803364515304565430e+00	2.802728891372680664e+00	2.804332971572875977e+00	2.807641267776489258e+00	2.811830997467041016e+00	2.816499233245849609e+00	2.821619272232055664e+00	2.826039791107177734e+00	2.828898906707763672e+00	2.830670595169067383e+00	2.833095312118530273e+00	2.837900638580322266e+00	2.845923662185668945e+00	2.856978416442871094e+00	2.869858741760253906e+00	2.884721279144287109e+00	2.902682781219482422e+00	2.923350095748901367e+00	2.943740606307983398e+00	2.957395553588867188e+00	2.957727909088134766e+00	2.943304061889648438e+00	2.918546676635742188e+00	2.890836238861083984e+00	2.865541934967041016e+00	2.845303773880004883e+00	2.830775499343872070e+00	2.821237802505493164e+00	2.815032720565795898e+00
2.825830221176147461e+00	2.821640253067016602e+00	2.817542076110839844e+00	2.815036773681640625e+00	2.815756559371948242e+00	2.821106195449829102e+00	2.831375598907470703e+00	2.843060970306396484e+00	2.850210428237915039e+00	2.850979566574096680e+00	2.844707489013671875e+00	2.835113286972045898e+00	2.826683044433593750e+00	2.821203947067260742e+00	2.819141864776611328e+00	2.819681406021118164e+00	2.821785926818847656e+00	2.824749231338500977e+00	2.827975511550903320e+00	2.830727577209472656e+00	2.832189798355102539e+00	2.831833839416503906e+00	2.829858541488647461e+00	2.827210664749145508e+00	2.824970960617065430e+00	2.823681592941284180e+00	2.823208570480346680e+00	2.823394536972045898e+00	2.824725151062011719e+00	2.828843116760253906e+00	2.837871313095092773e+00	2.853573799133300781e+00	2.876377582550048828e+00	2.899224996566772461e+00	2.906286239624023438e+00	2.896504640579223633e+00	2.882239341735839844e+00	2.860646963119506836e+00	2.843496799468994141e+00	2.831631422042846680e+00	2.824111700057983398e+00	2.820194959640502930e+00	2.819214344024658203e+00	2.820494890213012695e+00	2.823236942291259766e+00	2.826539039611816406e+00	2.829137563705444336e+00	2.829905509948730469e+00	2.829957485198974609e+00	2.830002784729003906e+00	2.830078840255737305e+00	2.830025911331176758e+00	2.830095052719116211e+00	2.831058740615844727e+00	2.833677053451538086e+00	2.838552951812744141e+00	2.846801042556762695e+00	2.859863996505737305e+00	2.879102468490600586e+00	2.905344247817993164e+00	2.937264204025268555e+00	2.969632863998413086e+00	2.992845773696899414e+00	2.996889114379882812e+00	2.980167150497436523e+00	2.950225353240966797e+00	2.916632890701293945e+00	2.886054039001464844e+00	2.861898183822631836e+00	2.845221996307373047e+00	2.835314273834228516e+00	2.829824447631835938e+00
2.827570676803588867e+00	2.823564767837524414e+00	2.819656848907470703e+00	2.817522287368774414e+00	2.819334030151367188e+00	2.827504873275756836e+00	2.844229698181152344e+00	2.866260528564453125e+00	2.877384185791015625e+00	2.875489473342895508e+00	2.863409280776977539e+00	2.847397089004516602e+00	2.834379673004150391e+00	2.826312303543090820e+00	2.822891712188720703e+00	2.822457551956176758e+00	2.823437452316284180e+00	2.825337886810302734e+00	2.827889442443847656e+00	2.830646276473999023e+00	2.832862854003906250e+00	2.833818197250366211e+00	2.833304882049560547e+00	2.831808328628540039e+00	2.830178737640380859e+00	2.828706741333007812e+00	2.827072858810424805e+00	2.825743675231933594e+00	2.825902462005615234e+00	2.828984975814819336e+00	2.836915493011474609e+00	2.850960969924926758e+00	2.872788667678833008e+00	2.906815052032470703e+00	2.944097280502319336e+00	2.940402507781982422e+00	2.919145584106445312e+00	2.887016057968139648e+00	2.859563827514648438e+00	2.840871810913085938e+00	2.829129695892333984e+00	2.822734117507934570e+00	2.820556640625000000e+00	2.821583509445190430e+00	2.824495077133178711e+00	2.827571392059326172e+00	2.829563617706298828e+00	2.830470085144042969e+00	2.830852508544921875e+00	2.831075429916381836e+00	2.831223249435424805e+00	2.831251382827758789e+00	2.831320285797119141e+00	2.832061290740966797e+00	2.834567308425903320e+00	2.840129852294921875e+00	2.850016117095947266e+00	2.865516901016235352e+00	2.887722253799438477e+00	2.916885614395141602e+00	2.950884342193603516e+00	2.983210086822509766e+00	3.002557754516601562e+00	2.999349117279052734e+00	2.976048946380615234e+00	2.942984580993652344e+00	2.909224510192871094e+00	2.880048036575317383e+00	2.858034372329711914e+00	2.843693494796752930e+00	2.835645437240600586e+00	2.831174850463867188e+00
2.823633909225463867e+00	2.820429801940917969e+00	2.818710088729858398e+00	2.820012331008911133e+00	2.826826095581054688e+00	2.843607902526855469e+00	2.878696680068969727e+00	2.933912038803100586e+00	2.945356369018554688e+00	2.926099538803100586e+00	2.897244691848754883e+00	2.868375062942504883e+00	2.845642328262329102e+00	2.831319808959960938e+00	2.823890924453735352e+00	2.821046590805053711e+00	2.820625305175781250e+00	2.821681261062622070e+00	2.823944568634033203e+00	2.827178239822387695e+00	2.830739021301269531e+00	2.833625316619873047e+00	2.834873199462890625e+00	2.834005832672119141e+00	2.831131935119628906e+00	2.827157020568847656e+00	2.823703050613403320e+00	2.821841716766357422e+00	2.822179317474365234e+00	2.825202465057373047e+00	2.831239461898803711e+00	2.841132640838623047e+00	2.857449769973754883e+00	2.884579181671142578e+00	2.920882463455200195e+00	2.937429428100585938e+00	2.939920902252197266e+00	2.916117191314697266e+00	2.882240772247314453e+00	2.855915784835815430e+00	2.838217973709106445e+00	2.826944589614868164e+00	2.820734500885009766e+00	2.818492889404296875e+00	2.819063663482666016e+00	2.821100473403930664e+00	2.823499441146850586e+00	2.825935125350952148e+00	2.828299045562744141e+00	2.830178737640380859e+00	2.831352949142456055e+00	2.832058906555175781e+00	2.832599401473999023e+00	2.833498954772949219e+00	2.836031436920166016e+00	2.842289447784423828e+00	2.854470968246459961e+00	2.874116420745849609e+00	2.901415109634399414e+00	2.934754848480224609e+00	2.969479799270629883e+00	2.996254444122314453e+00	3.002923250198364258e+00	2.985652446746826172e+00	2.954308509826660156e+00	2.919955253601074219e+00	2.889350414276123047e+00	2.865515232086181641e+00	2.848997831344604492e+00	2.838618993759155273e+00	2.832148313522338867e+00	2.827520847320556641e+00
2.846100807189941406e+00	2.833961725234985352e+00	2.826750755310058594e+00	2.822692871093750000e+00	2.820539712905883789e+00	2.820034742355346680e+00	2.821617603302001953e+00	2.825417518615722656e+00	2.827137470245361328e+00	2.824071645736694336e+00	2.821308374404907227e+00	2.820071697235107422e+00	2.820659160614013672e+00	2.822663068771362305e+00	2.825199365615844727e+00	2.827151060104370117e+00	2.827641487121582031e+00	2.826642990112304688e+00	2.824945449829101562e+00	2.822340488433837891e+00	2.818221330642700195e+00	2.815405130386352539e+00	2.814776659011840820e+00	2.816495418548583984e+00	2.820687532424926758e+00	2.828130245208740234e+00	2.840729713439941406e+00	2.861027240753173828e+00	2.890548944473266602e+00	2.920469284057617188e+00	2.921634435653686523e+00	2.895107269287109375e+00	2.867589950561523438e+00	2.846639156341552734e+00	2.832690954208374023e+00	2.823848724365234375e+00	2.818697452545166016e+00	2.816595554351806641e+00	2.816931009292602539e+00	2.818418741226196289e+00	2.820241928100585938e+00	2.822446823120117188e+00	2.824711561203002930e+00	2.826474189758300781e+00	2.827187299728393555e+00	2.826326370239257812e+00	2.823847293853759766e+00	2.820647001266479492e+00	2.818022727966308594e+00	2.816852092742919922e+00	2.817169427871704102e+00	2.818588972091674805e+00	2.820395708084106445e+00	2.820938110351562500e+00	2.819850206375122070e+00	2.819201707839965820e+00	2.820514202117919922e+00	2.824110507965087891e+00	2.830024719238281250e+00	2.839008331298828125e+00	2.852337360382080078e+00	2.871025085449218750e+00	2.895716190338134766e+00	2.924760341644287109e+00	2.953666448593139648e+00	2.975924968719482422e+00	2.984473228454589844e+00	2.975338697433471680e+00	2.951197862625122070e+00	2.920208930969238281e+00	2.889940738677978516e+00	2.864691257476806641e+00
2.856424808502197266e+00	2.843761682510375977e+00	2.835771322250366211e+00	2.830234527587890625e+00	2.826170206069946289e+00	2.823495149612426758e+00	2.822192668914794922e+00	2.821855783462524414e+00	2.822179555892944336e+00	2.823199748992919922e+00	2.824220180511474609e+00	2.825491666793823242e+00	2.828270673751831055e+00	2.832104921340942383e+00	2.835698366165161133e+00	2.837590456008911133e+00	2.837055921554565430e+00	2.834491729736328125e+00	2.830836772918701172e+00	2.826998233795166016e+00	2.823436737060546875e+00	2.820753574371337891e+00	2.820030212402343750e+00	2.822080850601196289e+00	2.827709197998046875e+00	2.837776184082031250e+00	2.853990554809570312e+00	2.879568815231323242e+00	2.917254924774169922e+00	2.949112415313720703e+00	2.926328420639038086e+00	2.891024112701416016e+00	2.863852024078369141e+00	2.845702409744262695e+00	2.834260463714599609e+00	2.827227830886840820e+00	2.823156833648681641e+00	2.821488380432128906e+00	2.822061777114868164e+00	2.824604988098144531e+00	2.828206777572631836e+00	2.831786870956420898e+00	2.834747076034545898e+00	2.836539268493652344e+00	2.836696147918701172e+00	2.834910392761230469e+00	2.831357955932617188e+00	2.827124834060668945e+00	2.823867559432983398e+00	2.822469949722290039e+00	2.822608232498168945e+00	2.823345184326171875e+00	2.823864459991455078e+00	2.823665142059326172e+00	2.823228597640991211e+00	2.823858261108398438e+00	2.826218366622924805e+00	2.829901695251464844e+00	2.834064006805419922e+00	2.839169263839721680e+00	2.847147941589355469e+00	2.860371828079223633e+00	2.880758523941040039e+00	2.908162117004394531e+00	2.939586639404296875e+00	2.968901157379150391e+00	2.986678123474121094e+00	2.984860420227050781e+00	2.963998794555664062e+00	2.933313369750976562e+00	2.902172088623046875e+00	2.875846385955810547e+00
2.851937294006347656e+00	2.839607000350952148e+00	2.832289218902587891e+00	2.827487707138061523e+00	2.823533535003662109e+00	2.820493221282958984e+00	2.818838834762573242e+00	2.818409919738769531e+00	2.818725109100341797e+00	2.819483995437622070e+00	2.820780992507934570e+00	2.822919845581054688e+00	2.826084136962890625e+00	2.829955101013183594e+00	2.833437681198120117e+00	2.835228204727172852e+00	2.834682941436767578e+00	2.832083225250244141e+00	2.828390836715698242e+00	2.824663400650024414e+00	2.821420431137084961e+00	2.819138288497924805e+00	2.818590164184570312e+00	2.820557355880737305e+00	2.826528310775756836e+00	2.837217092514038086e+00	2.854092597961425781e+00	2.880116462707519531e+00	2.917039394378662109e+00	2.944764375686645508e+00	2.921322584152221680e+00	2.886851787567138672e+00	2.860282421112060547e+00	2.842614173889160156e+00	2.831505537033081055e+00	2.824640989303588867e+00	2.820650339126586914e+00	2.819042682647705078e+00	2.819514751434326172e+00	2.821725845336914062e+00	2.825321197509765625e+00	2.829646587371826172e+00	2.833616971969604492e+00	2.835814952850341797e+00	2.835273742675781250e+00	2.833291769027709961e+00	2.829955816268920898e+00	2.825621128082275391e+00	2.821751594543457031e+00	2.819547176361083984e+00	2.819059133529663086e+00	2.819574117660522461e+00	2.820145845413208008e+00	2.820224523544311523e+00	2.820268630981445312e+00	2.821227788925170898e+00	2.823451995849609375e+00	2.826660394668579102e+00	2.830512523651123047e+00	2.835407495498657227e+00	2.842769384384155273e+00	2.854921340942382812e+00	2.874242305755615234e+00	2.900838136672973633e+00	2.931941032409667969e+00	2.961417913436889648e+00	2.979860067367553711e+00	2.978993892669677734e+00	2.958874702453613281e+00	2.928458929061889648e+00	2.897321701049804688e+00	2.871120691299438477e+00
2.849186420440673828e+00	2.834632873535156250e+00	2.825486898422241211e+00	2.819830179214477539e+00	2.816155433654785156e+00	2.813459157943725586e+00	2.811718940734863281e+00	2.811177492141723633e+00	2.811613082885742188e+00	2.812523603439331055e+00	2.813592910766601562e+00	2.815325736999511719e+00	2.818162679672241211e+00	2.821767568588256836e+00	2.825035095214843750e+00	2.826584100723266602e+00	2.825572252273559570e+00	2.822154760360717773e+00	2.817401409149169922e+00	2.812747001647949219e+00	2.809271574020385742e+00	2.807685375213623047e+00	2.808675289154052734e+00	2.812709808349609375e+00	2.820459365844726562e+00	2.833424329757690430e+00	2.853873729705810547e+00	2.885262012481689453e+00	2.928482532501220703e+00	2.942695856094360352e+00	2.907965660095214844e+00	2.870950698852539062e+00	2.845029354095458984e+00	2.828643083572387695e+00	2.819005727767944336e+00	2.813867807388305664e+00	2.811567544937133789e+00	2.811239957809448242e+00	2.812499523162841797e+00	2.815069675445556641e+00	2.818508625030517578e+00	2.822176456451416016e+00	2.825368404388427734e+00	2.827359199523925781e+00	2.827435970306396484e+00	2.825111389160156250e+00	2.820836067199707031e+00	2.816024065017700195e+00	2.812221527099609375e+00	2.810294151306152344e+00	2.810157775878906250e+00	2.810954332351684570e+00	2.811616182327270508e+00	2.811653614044189453e+00	2.811592578887939453e+00	2.812227010726928711e+00	2.813671112060546875e+00	2.815492391586303711e+00	2.817310571670532227e+00	2.819465875625610352e+00	2.823608636856079102e+00	2.832287311553955078e+00	2.847586870193481445e+00	2.870113849639892578e+00	2.898711442947387695e+00	2.929567813873291016e+00	2.955032825469970703e+00	2.965145349502563477e+00	2.954645633697509766e+00	2.928951025009155273e+00	2.898345232009887695e+00	2.870586633682250977e+00
2.826736450195312500e+00	2.814047813415527344e+00	2.807468414306640625e+00	2.804637432098388672e+00	2.803173065185546875e+00	2.801671504974365234e+00	2.800110816955566406e+00	2.799122333526611328e+00	2.799103260040283203e+00	2.800127983093261719e+00	2.802150249481201172e+00	2.805101394653320312e+00	2.808663368225097656e+00	2.812018156051635742e+00	2.813959836959838867e+00	2.813493490219116211e+00	2.810413360595703125e+00	2.805425405502319336e+00	2.799918889999389648e+00	2.795481443405151367e+00	2.793314933776855469e+00	2.794142246246337891e+00	2.798058748245239258e+00	2.804764986038208008e+00	2.815425872802734375e+00	2.832519531250000000e+00	2.859344720840454102e+00	2.898120880126953125e+00	2.930908679962158203e+00	2.907303571701049805e+00	2.866935968399047852e+00	2.838399171829223633e+00	2.820183038711547852e+00	2.808939933776855469e+00	2.802128076553344727e+00	2.798177719116210938e+00	2.796468257904052734e+00	2.796843767166137695e+00	2.798956871032714844e+00	2.802088022232055664e+00	2.805357933044433594e+00	2.808008193969726562e+00	2.809399127960205078e+00	2.809127330780029297e+00	2.807241439819335938e+00	2.804105997085571289e+00	2.800408840179443359e+00	2.797387361526489258e+00	2.796268463134765625e+00	2.797443866729736328e+00	2.800373315811157227e+00	2.803878068923950195e+00	2.806276798248291016e+00	2.805957555770874023e+00	2.803400754928588867e+00	2.801126003265380859e+00	2.800289154052734375e+00	2.800387144088745117e+00	2.800621986389160156e+00	2.800379991531372070e+00	2.799751996994018555e+00	2.800404787063598633e+00	2.805293798446655273e+00	2.816893577575683594e+00	2.836078166961669922e+00	2.861670732498168945e+00	2.889150142669677734e+00	2.909357309341430664e+00	2.912049531936645508e+00	2.896300077438354492e+00	2.871244668960571289e+00	2.846358537673950195e+00
2.821547269821166992e+00	2.809208631515502930e+00	2.802809476852416992e+00	2.800524473190307617e+00	2.800079584121704102e+00	2.799646854400634766e+00	2.798792362213134766e+00	2.798070907592773438e+00	2.797909259796142578e+00	2.798571348190307617e+00	2.800248622894287109e+00	2.802963733673095703e+00	2.806420564651489258e+00	2.809839487075805664e+00	2.811886310577392578e+00	2.811206102371215820e+00	2.807750225067138672e+00	2.802515745162963867e+00	2.796797275543212891e+00	2.792013168334960938e+00	2.789358377456665039e+00	2.789676904678344727e+00	2.793390989303588867e+00	2.800560235977172852e+00	2.812128305435180664e+00	2.830165386199951172e+00	2.857715845108032227e+00	2.896151542663574219e+00	2.923671722412109375e+00	2.897104263305664062e+00	2.859766721725463867e+00	2.833972454071044922e+00	2.817220211029052734e+00	2.805967330932617188e+00	2.798995018005371094e+00	2.794975757598876953e+00	2.793178796768188477e+00	2.793395757675170898e+00	2.795352458953857422e+00	2.798493385314941406e+00	2.802011013031005859e+00	2.804974794387817383e+00	2.806442022323608398e+00	2.805958271026611328e+00	2.803871631622314453e+00	2.800767183303833008e+00	2.797458648681640625e+00	2.795113325119018555e+00	2.794750690460205078e+00	2.796609878540039062e+00	2.800154685974121094e+00	2.804294586181640625e+00	2.807211875915527344e+00	2.806792497634887695e+00	2.803304910659790039e+00	2.799851417541503906e+00	2.798065900802612305e+00	2.797789096832275391e+00	2.798080921173095703e+00	2.798045158386230469e+00	2.797456979751586914e+00	2.797481536865234375e+00	2.800859212875366211e+00	2.810380458831787109e+00	2.827344179153442383e+00	2.850997686386108398e+00	2.877365350723266602e+00	2.897785902023315430e+00	2.901783704757690430e+00	2.887588024139404297e+00	2.863982677459716797e+00	2.840335369110107422e+00
2.797175168991088867e+00	2.785877466201782227e+00	2.779327630996704102e+00	2.776632785797119141e+00	2.776369810104370117e+00	2.777169704437255859e+00	2.778213977813720703e+00	2.779172420501708984e+00	2.779893636703491211e+00	2.780366897583007812e+00	2.780858278274536133e+00	2.781778812408447266e+00	2.783265113830566406e+00	2.784865379333496094e+00	2.785649776458740234e+00	2.784765720367431641e+00	2.781982660293579102e+00	2.777779340744018555e+00	2.773235082626342773e+00	2.769734382629394531e+00	2.768314599990844727e+00	2.769546031951904297e+00	2.773837327957153320e+00	2.781627893447875977e+00	2.793504714965820312e+00	2.810616970062255859e+00	2.834337711334228516e+00	2.860118150711059570e+00	2.861337184906005859e+00	2.836612462997436523e+00	2.813371896743774414e+00	2.796970605850219727e+00	2.786157369613647461e+00	2.779505491256713867e+00	2.775725603103637695e+00	2.773876428604125977e+00	2.773510932922363281e+00	2.774478673934936523e+00	2.776557922363281250e+00	2.779287815093994141e+00	2.781934976577758789e+00	2.783598184585571289e+00	2.783443927764892578e+00	2.781342983245849609e+00	2.778094291687011719e+00	2.774701356887817383e+00	2.772160053253173828e+00	2.771410703659057617e+00	2.772942781448364258e+00	2.776509284973144531e+00	2.781043052673339844e+00	2.784774065017700195e+00	2.785877704620361328e+00	2.784018516540527344e+00	2.780977249145507812e+00	2.778731346130371094e+00	2.778038978576660156e+00	2.778541564941406250e+00	2.779114961624145508e+00	2.778800725936889648e+00	2.777342796325683594e+00	2.775782346725463867e+00	2.776445865631103516e+00	2.781501293182373047e+00	2.792175531387329102e+00	2.808685779571533203e+00	2.829329490661621094e+00	2.848530292510986328e+00	2.856832981109619141e+00	2.849461555480957031e+00	2.832087993621826172e+00	2.813121318817138672e+00
2.894782543182373047e+00	2.867351531982421875e+00	2.844203710556030273e+00	2.827970266342163086e+00	2.818850755691528320e+00	2.815147161483764648e+00	2.814346551895141602e+00	2.814955472946166992e+00	2.816143035888671875e+00	2.817257642745971680e+00	2.817987442016601562e+00	2.817927360534667969e+00	2.816968202590942383e+00	2.815057754516601562e+00	2.812102556228637695e+00	2.808413267135620117e+00	2.804625034332275391e+00	2.801574707031250000e+00	2.800344467163085938e+00	2.802042007446289062e+00	2.807469367980957031e+00	2.817270517349243164e+00	2.832307338714599609e+00	2.854733228683471680e+00	2.888554573059082031e+00	2.937159776687622070e+00	2.986052274703979492e+00	2.936309337615966797e+00	2.879312515258789062e+00	2.845118999481201172e+00	2.825643301010131836e+00	2.814886093139648438e+00	2.809430599212646484e+00	2.806923627853393555e+00	2.806197404861450195e+00	2.807095766067504883e+00	2.809464454650878906e+00	2.812627792358398438e+00	2.815560102462768555e+00	2.817284584045410156e+00	2.817236423492431641e+00	2.815393209457397461e+00	2.812216997146606445e+00	2.808501482009887695e+00	2.805152177810668945e+00	2.803076505661010742e+00	2.803133249282836914e+00	2.806154012680053711e+00	2.812776803970336914e+00	2.823451042175292969e+00	2.838256835937500000e+00	2.855402231216430664e+00	2.868624448776245117e+00	2.866542339324951172e+00	2.850485086441040039e+00	2.821825504302978516e+00	2.809612274169921875e+00	2.805146217346191406e+00	2.804654121398925781e+00	2.806226253509521484e+00	2.808485031127929688e+00	2.810202360153198242e+00	2.811161756515502930e+00	2.813376665115356445e+00	2.820255279541015625e+00	2.834191560745239258e+00	2.855753183364868164e+00	2.883660554885864258e+00	2.912896871566772461e+00	2.933712959289550781e+00	2.936489105224609375e+00	2.920800209045410156e+00
2.930270433425903320e+00	2.899453163146972656e+00	2.872149705886840820e+00	2.851187467575073242e+00	2.837109804153442383e+00	2.829064369201660156e+00	2.825525522232055664e+00	2.824582576751708984e+00	2.824611902236938477e+00	2.824744939804077148e+00	2.824707984924316406e+00	2.824398756027221680e+00	2.823470115661621094e+00	2.821516036987304688e+00	2.818613290786743164e+00	2.815211534500122070e+00	2.811713218688964844e+00	2.808735847473144531e+00	2.807463645935058594e+00	2.809124946594238281e+00	2.814678430557250977e+00	2.824853658676147461e+00	2.840325593948364258e+00	2.862858057022094727e+00	2.896202087402343750e+00	2.944068431854248047e+00	2.984091043472290039e+00	2.931606054306030273e+00	2.877238988876342773e+00	2.846856594085693359e+00	2.830444335937500000e+00	2.821612596511840820e+00	2.817121982574462891e+00	2.815117597579956055e+00	2.814698696136474609e+00	2.815829515457153320e+00	2.818444490432739258e+00	2.821840763092041016e+00	2.824731826782226562e+00	2.825881242752075195e+00	2.824838161468505859e+00	2.822072267532348633e+00	2.818534851074218750e+00	2.815175533294677734e+00	2.812649250030517578e+00	2.811326742172241211e+00	2.811693191528320312e+00	2.814548254013061523e+00	2.820747852325439453e+00	2.831382036209106445e+00	2.846868991851806641e+00	2.865360736846923828e+00	2.881189823150634766e+00	2.880285024642944336e+00	2.860159873962402344e+00	2.833541870117187500e+00	2.819290399551391602e+00	2.813840866088867188e+00	2.813333749771118164e+00	2.815457820892333984e+00	2.818695783615112305e+00	2.822040796279907227e+00	2.825539350509643555e+00	2.831004381179809570e+00	2.841245174407958984e+00	2.858377218246459961e+00	2.882904529571533203e+00	2.913254261016845703e+00	2.944603919982910156e+00	2.967906475067138672e+00	2.973142623901367188e+00	2.958100795745849609e+00
2.923875808715820312e+00	2.893602609634399414e+00	2.866287946701049805e+00	2.845091819763183594e+00	2.830958843231201172e+00	2.823166131973266602e+00	2.819814920425415039e+00	2.818670988082885742e+00	2.818296432495117188e+00	2.818211078643798828e+00	2.818114519119262695e+00	2.817535877227783203e+00	2.816212415695190430e+00	2.813971996307373047e+00	2.811053991317749023e+00	2.807838678359985352e+00	2.804862737655639648e+00	2.802742242813110352e+00	2.801847696304321289e+00	2.803133010864257812e+00	2.807824373245239258e+00	2.816736221313476562e+00	2.830782651901245117e+00	2.851580142974853516e+00	2.882257461547851562e+00	2.927622795104980469e+00	2.947608947753906250e+00	2.898518085479736328e+00	2.857429027557373047e+00	2.832196712493896484e+00	2.818268060684204102e+00	2.811342477798461914e+00	2.808294534683227539e+00	2.807145118713378906e+00	2.807345390319824219e+00	2.808962583541870117e+00	2.811704158782958984e+00	2.814864635467529297e+00	2.817461967468261719e+00	2.818557739257812500e+00	2.817679882049560547e+00	2.815165281295776367e+00	2.811891078948974609e+00	2.808529853820800781e+00	2.805539131164550781e+00	2.803693532943725586e+00	2.803927659988403320e+00	2.807117938995361328e+00	2.813979387283325195e+00	2.825128316879272461e+00	2.841233015060424805e+00	2.862199306488037109e+00	2.883828163146972656e+00	2.882026433944702148e+00	2.852574110031127930e+00	2.826776504516601562e+00	2.812626123428344727e+00	2.807421207427978516e+00	2.807321071624755859e+00	2.809608936309814453e+00	2.812714099884033203e+00	2.815903663635253906e+00	2.818977117538452148e+00	2.823475360870361328e+00	2.832777023315429688e+00	2.849363565444946289e+00	2.873544931411743164e+00	2.903536081314086914e+00	2.934607982635498047e+00	2.958050012588500977e+00	2.964143276214599609e+00	2.950492382049560547e+00
2.900113105773925781e+00	2.874272108078002930e+00	2.849420070648193359e+00	2.829176664352416992e+00	2.815605163574218750e+00	2.808431625366210938e+00	2.805491685867309570e+00	2.804191827774047852e+00	2.803106784820556641e+00	2.801795482635498047e+00	2.800330400466918945e+00	2.799035787582397461e+00	2.797890424728393555e+00	2.796710729598999023e+00	2.794636964797973633e+00	2.791733026504516602e+00	2.789035797119140625e+00	2.786569595336914062e+00	2.784529685974121094e+00	2.784000396728515625e+00	2.786453247070312500e+00	2.792859554290771484e+00	2.804323434829711914e+00	2.822829246520996094e+00	2.851250171661376953e+00	2.889661550521850586e+00	2.914110898971557617e+00	2.881837129592895508e+00	2.844391822814941406e+00	2.818721532821655273e+00	2.802629470825195312e+00	2.793471336364746094e+00	2.789441823959350586e+00	2.788862943649291992e+00	2.790510892868041992e+00	2.793461799621582031e+00	2.797054052352905273e+00	2.800576686859130859e+00	2.802849054336547852e+00	2.803359985351562500e+00	2.802289724349975586e+00	2.799986362457275391e+00	2.796993255615234375e+00	2.793780565261840820e+00	2.790937185287475586e+00	2.789437532424926758e+00	2.789690017700195312e+00	2.791412115097045898e+00	2.795103073120117188e+00	2.800849914550781250e+00	2.808362483978271484e+00	2.817591905593872070e+00	2.826854228973388672e+00	2.829778194427490234e+00	2.817623853683471680e+00	2.802380084991455078e+00	2.794221401214599609e+00	2.791789770126342773e+00	2.792523145675659180e+00	2.794921875000000000e+00	2.797829627990722656e+00	2.800845623016357422e+00	2.804933547973632812e+00	2.811974287033081055e+00	2.823916435241699219e+00	2.841176271438598633e+00	2.862904787063598633e+00	2.888437271118164062e+00	2.914405345916748047e+00	2.932828664779663086e+00	2.935554742813110352e+00	2.922511339187622070e+00
2.874766826629638672e+00	2.853145122528076172e+00	2.834443092346191406e+00	2.819702863693237305e+00	2.809391021728515625e+00	2.803106069564819336e+00	2.799746513366699219e+00	2.798011302947998047e+00	2.797065734863281250e+00	2.796636819839477539e+00	2.795831441879272461e+00	2.794740676879882812e+00	2.793773412704467773e+00	2.792294979095458984e+00	2.789807081222534180e+00	2.786607742309570312e+00	2.783479928970336914e+00	2.781011343002319336e+00	2.779345989227294922e+00	2.778969764709472656e+00	2.780384063720703125e+00	2.783589839935302734e+00	2.789150476455688477e+00	2.799089193344116211e+00	2.816867589950561523e+00	2.842530965805053711e+00	2.863205909729003906e+00	2.862061262130737305e+00	2.842489242553710938e+00	2.821252346038818359e+00	2.803860902786254883e+00	2.792020082473754883e+00	2.785132408142089844e+00	2.782029628753662109e+00	2.781726837158203125e+00	2.783682107925415039e+00	2.787428855895996094e+00	2.792081832885742188e+00	2.796230316162109375e+00	2.798707723617553711e+00	2.799027919769287109e+00	2.797118663787841797e+00	2.793412208557128906e+00	2.789026260375976562e+00	2.785273313522338867e+00	2.782865762710571289e+00	2.781712055206298828e+00	2.781847000122070312e+00	2.783459186553955078e+00	2.787023544311523438e+00	2.793589353561401367e+00	2.801249027252197266e+00	2.804159641265869141e+00	2.803649187088012695e+00	2.796332120895385742e+00	2.790868520736694336e+00	2.788673162460327148e+00	2.788543701171875000e+00	2.789523363113403320e+00	2.791356563568115234e+00	2.794293642044067383e+00	2.799068212509155273e+00	2.806478261947631836e+00	2.816625833511352539e+00	2.829142332077026367e+00	2.844730377197265625e+00	2.863977432250976562e+00	2.885236978530883789e+00	2.903846740722656250e+00	2.913943529129028320e+00	2.911275386810302734e+00	2.896192312240600586e+00
2.825304508209228516e+00	2.814349412918090820e+00	2.805371761322021484e+00	2.798891544342041016e+00	2.794978380203247070e+00	2.793126344680786133e+00	2.792487382888793945e+00	2.792270421981811523e+00	2.791960716247558594e+00	2.791216850280761719e+00	2.790222167968750000e+00	2.789517879486083984e+00	2.789161205291748047e+00	2.788813591003417969e+00	2.788537502288818359e+00	2.788592576980590820e+00	2.788833141326904297e+00	2.788934230804443359e+00	2.788652181625366211e+00	2.787812471389770508e+00	2.786417722702026367e+00	2.785001277923583984e+00	2.784704446792602539e+00	2.786759376525878906e+00	2.792097806930541992e+00	2.799810647964477539e+00	2.806046485900878906e+00	2.809391498565673828e+00	2.807857036590576172e+00	2.800916194915771484e+00	2.791723251342773438e+00	2.784349679946899414e+00	2.780141115188598633e+00	2.778692245483398438e+00	2.779309272766113281e+00	2.781248331069946289e+00	2.783631563186645508e+00	2.785864114761352539e+00	2.787783384323120117e+00	2.789571523666381836e+00	2.791453123092651367e+00	2.793327331542968750e+00	2.795118808746337891e+00	2.795899391174316406e+00	2.794253349304199219e+00	2.790663480758666992e+00	2.787056922912597656e+00	2.784594774246215820e+00	2.783164978027343750e+00	2.782140016555786133e+00	2.781464338302612305e+00	2.781312465667724609e+00	2.781624555587768555e+00	2.782334804534912109e+00	2.783376932144165039e+00	2.784789085388183594e+00	2.786550045013427734e+00	2.788045883178710938e+00	2.789461135864257812e+00	2.791299104690551758e+00	2.793962478637695312e+00	2.797771930694580078e+00	2.802724838256835938e+00	2.808117151260375977e+00	2.814139604568481445e+00	2.822154521942138672e+00	2.832427263259887695e+00	2.843033790588378906e+00	2.850386619567871094e+00	2.851325750350952148e+00	2.846360683441162109e+00	2.836872577667236328e+00
2.774678707122802734e+00	2.775484561920166016e+00	2.777585506439208984e+00	2.780797243118286133e+00	2.784665346145629883e+00	2.788405179977416992e+00	2.790946960449218750e+00	2.791394472122192383e+00	2.789548873901367188e+00	2.785838842391967773e+00	2.780921936035156250e+00	2.775730133056640625e+00	2.771140336990356445e+00	2.767805814743041992e+00	2.766054391860961914e+00	2.765730142593383789e+00	2.766372919082641602e+00	2.767341613769531250e+00	2.767985582351684570e+00	2.767868280410766602e+00	2.767035484313964844e+00	2.766122102737426758e+00	2.765971899032592773e+00	2.766817808151245117e+00	2.768615722656250000e+00	2.771233320236206055e+00	2.773825407028198242e+00	2.775407075881958008e+00	2.775135993957519531e+00	2.772906064987182617e+00	2.770142793655395508e+00	2.767796993255615234e+00	2.765907049179077148e+00	2.764618158340454102e+00	2.764109849929809570e+00	2.764474868774414062e+00	2.765961885452270508e+00	2.769008636474609375e+00	2.774033784866333008e+00	2.780665397644042969e+00	2.787102222442626953e+00	2.792832136154174805e+00	2.796600818634033203e+00	2.796088457107543945e+00	2.790817022323608398e+00	2.783459663391113281e+00	2.777092218399047852e+00	2.773322343826293945e+00	2.772262811660766602e+00	2.772565364837646484e+00	2.772637605667114258e+00	2.772204875946044922e+00	2.771499872207641602e+00	2.770370244979858398e+00	2.769092082977294922e+00	2.768383026123046875e+00	2.768577098846435547e+00	2.768770933151245117e+00	2.768064022064208984e+00	2.767508983612060547e+00	2.767407894134521484e+00	2.767336845397949219e+00	2.767266988754272461e+00	2.767643451690673828e+00	2.768724203109741211e+00	2.770394563674926758e+00	2.772346496582031250e+00	2.774244546890258789e+00	2.775734663009643555e+00	2.776370763778686523e+00	2.775949716567993164e+00	2.775048255920410156e+00
2.770163297653198242e+00	2.773088216781616211e+00	2.777632236480712891e+00	2.783103704452514648e+00	2.788469076156616211e+00	2.793547391891479492e+00	2.797566652297973633e+00	2.796717882156372070e+00	2.790757417678833008e+00	2.783771753311157227e+00	2.777400255203247070e+00	2.771929264068603516e+00	2.767450332641601562e+00	2.764180898666381836e+00	2.762473344802856445e+00	2.762279987335205078e+00	2.762976169586181641e+00	2.764055013656616211e+00	2.765203237533569336e+00	2.765920162200927734e+00	2.765975713729858398e+00	2.765704870223999023e+00	2.765604734420776367e+00	2.765742301940917969e+00	2.766281604766845703e+00	2.767521142959594727e+00	2.769551753997802734e+00	2.772124290466308594e+00	2.773615837097167969e+00	2.772019624710083008e+00	2.769522190093994141e+00	2.767511606216430664e+00	2.765839576721191406e+00	2.764241218566894531e+00	2.762818813323974609e+00	2.762305974960327148e+00	2.763393640518188477e+00	2.766445159912109375e+00	2.771611690521240234e+00	2.778676271438598633e+00	2.786894798278808594e+00	2.794724464416503906e+00	2.798902511596679688e+00	2.797214508056640625e+00	2.790374040603637695e+00	2.781548023223876953e+00	2.773761749267578125e+00	2.768555879592895508e+00	2.766149044036865234e+00	2.765725374221801758e+00	2.766010522842407227e+00	2.766069412231445312e+00	2.765775203704833984e+00	2.765324592590332031e+00	2.764951944351196289e+00	2.764893293380737305e+00	2.765175580978393555e+00	2.765362262725830078e+00	2.765169858932495117e+00	2.764971017837524414e+00	2.765156745910644531e+00	2.765814065933227539e+00	2.766867160797119141e+00	2.768146276473999023e+00	2.769445180892944336e+00	2.770631074905395508e+00	2.771562337875366211e+00	2.771929025650024414e+00	2.771363496780395508e+00	2.770102024078369141e+00	2.769005775451660156e+00	2.768878459930419922e+00
2.789661645889282227e+00	2.789397001266479492e+00	2.792641639709472656e+00	2.798996925354003906e+00	2.807457208633422852e+00	2.816981554031372070e+00	2.824226140975952148e+00	2.820996284484863281e+00	2.808882474899291992e+00	2.797832727432250977e+00	2.789665699005126953e+00	2.783937931060791016e+00	2.780228614807128906e+00	2.777778625488281250e+00	2.776343584060668945e+00	2.774714231491088867e+00	2.772588253021240234e+00	2.771290779113769531e+00	2.770634174346923828e+00	2.770415782928466797e+00	2.770365238189697266e+00	2.770735502243041992e+00	2.772450447082519531e+00	2.775100469589233398e+00	2.777881622314453125e+00	2.780746221542358398e+00	2.783511877059936523e+00	2.784507513046264648e+00	2.783367156982421875e+00	2.781081199645996094e+00	2.778828620910644531e+00	2.777184009552001953e+00	2.775895833969116211e+00	2.774551391601562500e+00	2.773537158966064453e+00	2.773781538009643555e+00	2.775451660156250000e+00	2.777868747711181641e+00	2.781826972961425781e+00	2.788163900375366211e+00	2.796225547790527344e+00	2.803314685821533203e+00	2.805398225784301758e+00	2.800838232040405273e+00	2.792248487472534180e+00	2.783269882202148438e+00	2.776208639144897461e+00	2.771931171417236328e+00	2.770493745803833008e+00	2.771311998367309570e+00	2.773189544677734375e+00	2.774303436279296875e+00	2.773239612579345703e+00	2.771571159362792969e+00	2.770789384841918945e+00	2.771165370941162109e+00	2.772355318069458008e+00	2.773728132247924805e+00	2.774697780609130859e+00	2.775418996810913086e+00	2.776345491409301758e+00	2.777838945388793945e+00	2.780098915100097656e+00	2.782149791717529297e+00	2.784032583236694336e+00	2.787459611892700195e+00	2.792457580566406250e+00	2.797809839248657227e+00	2.801973819732666016e+00	2.802434682846069336e+00	2.798299312591552734e+00	2.793064117431640625e+00
2.795008897781372070e+00	2.794048786163330078e+00	2.795185804367065430e+00	2.798074483871459961e+00	2.802910566329956055e+00	2.810751199722290039e+00	2.818040847778320312e+00	2.813786029815673828e+00	2.800682544708251953e+00	2.790226459503173828e+00	2.784376621246337891e+00	2.780767917633056641e+00	2.777739763259887695e+00	2.774953603744506836e+00	2.772861480712890625e+00	2.771507501602172852e+00	2.770773410797119141e+00	2.770573139190673828e+00	2.770602226257324219e+00	2.771295547485351562e+00	2.773427963256835938e+00	2.776859521865844727e+00	2.780406475067138672e+00	2.783305168151855469e+00	2.785760641098022461e+00	2.788339138031005859e+00	2.790985107421875000e+00	2.792917966842651367e+00	2.792154073715209961e+00	2.787381649017333984e+00	2.780569314956665039e+00	2.775031328201293945e+00	2.771739721298217773e+00	2.770362377166748047e+00	2.770507335662841797e+00	2.771858453750610352e+00	2.774040460586547852e+00	2.776832580566406250e+00	2.780567407608032227e+00	2.785484552383422852e+00	2.790808677673339844e+00	2.795271396636962891e+00	2.796845436096191406e+00	2.794187068939208984e+00	2.789123773574829102e+00	2.783858776092529297e+00	2.779411315917968750e+00	2.776218891143798828e+00	2.774931907653808594e+00	2.775513887405395508e+00	2.776493549346923828e+00	2.775716304779052734e+00	2.773454189300537109e+00	2.771711587905883789e+00	2.771696329116821289e+00	2.773142814636230469e+00	2.774764776229858398e+00	2.775893449783325195e+00	2.776380777359008789e+00	2.776004314422607422e+00	2.775680303573608398e+00	2.775910377502441406e+00	2.776951789855957031e+00	2.779451131820678711e+00	2.784250974655151367e+00	2.791754245758056641e+00	2.797431468963623047e+00	2.801466941833496094e+00	2.805262088775634766e+00	2.805371284484863281e+00	2.801902770996093750e+00	2.797884225845336914e+00
2.813398361206054688e+00	2.805427551269531250e+00	2.798429489135742188e+00	2.792436122894287109e+00	2.787763118743896484e+00	2.784462928771972656e+00	2.782676935195922852e+00	2.782567501068115234e+00	2.783921003341674805e+00	2.785718917846679688e+00	2.786270856857299805e+00	2.785695075988769531e+00	2.784053802490234375e+00	2.781844139099121094e+00	2.780161380767822266e+00	2.779180288314819336e+00	2.778556823730468750e+00	2.778214693069458008e+00	2.778271675109863281e+00	2.779169559478759766e+00	2.781239748001098633e+00	2.784240484237670898e+00	2.787327527999877930e+00	2.789709806442260742e+00	2.791561365127563477e+00	2.793361902236938477e+00	2.795809507369995117e+00	2.798443794250488281e+00	2.798816919326782227e+00	2.795083999633789062e+00	2.788800954818725586e+00	2.783161401748657227e+00	2.779933929443359375e+00	2.779333114624023438e+00	2.780816316604614258e+00	2.783299207687377930e+00	2.785558462142944336e+00	2.787626266479492188e+00	2.789946317672729492e+00	2.791873693466186523e+00	2.792873144149780273e+00	2.791860580444335938e+00	2.788865327835083008e+00	2.785568952560424805e+00	2.783488512039184570e+00	2.783101558685302734e+00	2.784215688705444336e+00	2.786101341247558594e+00	2.787877082824707031e+00	2.789205789566040039e+00	2.789652585983276367e+00	2.788793325424194336e+00	2.787233829498291016e+00	2.783910512924194336e+00	2.781737565994262695e+00	2.781756401062011719e+00	2.782688856124877930e+00	2.783526420593261719e+00	2.784288167953491211e+00	2.785162925720214844e+00	2.786415815353393555e+00	2.788815259933471680e+00	2.791550159454345703e+00	2.794341802597045898e+00	2.799922943115234375e+00	2.808441877365112305e+00	2.818662643432617188e+00	2.828579425811767578e+00	2.835114955902099609e+00	2.835644245147705078e+00	2.830485582351684570e+00	2.822197198867797852e+00
2.771035671234130859e+00	2.771761655807495117e+00	2.772329092025756836e+00	2.772386789321899414e+00	2.771906137466430664e+00	2.771178960800170898e+00	2.770213603973388672e+00	2.768929481506347656e+00	2.767622947692871094e+00	2.766690969467163086e+00	2.766361474990844727e+00	2.766687154769897461e+00	2.767604589462280273e+00	2.768704891204833984e+00	2.769098520278930664e+00	2.768779993057250977e+00	2.768487215042114258e+00	2.768606424331665039e+00	2.769773244857788086e+00	2.771409988403320312e+00	2.771311044692993164e+00	2.770378351211547852e+00	2.770214319229125977e+00	2.770459890365600586e+00	2.770581483840942383e+00	2.770392417907714844e+00	2.770305395126342773e+00	2.770613670349121094e+00	2.770902156829833984e+00	2.770750761032104492e+00	2.770224332809448242e+00	2.769393444061279297e+00	2.768100976943969727e+00	2.766689062118530273e+00	2.765687227249145508e+00	2.765309095382690430e+00	2.765784740447998047e+00	2.767317056655883789e+00	2.769821882247924805e+00	2.772799015045166016e+00	2.775617599487304688e+00	2.777062892913818359e+00	2.776147842407226562e+00	2.774301052093505859e+00	2.772670745849609375e+00	2.771597146987915039e+00	2.771028518676757812e+00	2.770775079727172852e+00	2.770558357238769531e+00	2.770157098770141602e+00	2.769628286361694336e+00	2.769447803497314453e+00	2.769840240478515625e+00	2.769770145416259766e+00	2.769255638122558594e+00	2.769341945648193359e+00	2.770394325256347656e+00	2.772053480148315430e+00	2.773077487945556641e+00	2.771562814712524414e+00	2.768375158309936523e+00	2.765831947326660156e+00	2.764698266983032227e+00	2.764850854873657227e+00	2.766028165817260742e+00	2.767630338668823242e+00	2.769296646118164062e+00	2.770863533020019531e+00	2.771774768829345703e+00	2.771615505218505859e+00	2.770905971527099609e+00	2.770639657974243164e+00
2.778422355651855469e+00	2.780050516128540039e+00	2.780471086502075195e+00	2.779403924942016602e+00	2.777432203292846680e+00	2.774960041046142578e+00	2.772275209426879883e+00	2.769846439361572266e+00	2.767831325531005859e+00	2.766360521316528320e+00	2.766029119491577148e+00	2.767239332199096680e+00	2.769852876663208008e+00	2.773314952850341797e+00	2.777280807495117188e+00	2.782414436340332031e+00	2.788014411926269531e+00	2.791766881942749023e+00	2.791807174682617188e+00	2.788481712341308594e+00	2.783970355987548828e+00	2.780057668685913086e+00	2.777627229690551758e+00	2.776431560516357422e+00	2.775033712387084961e+00	2.772993326187133789e+00	2.771052122116088867e+00	2.769641876220703125e+00	2.768795013427734375e+00	2.768434286117553711e+00	2.768584489822387695e+00	2.768996000289916992e+00	2.769584894180297852e+00	2.770535945892333984e+00	2.771480321884155273e+00	2.771985530853271484e+00	2.771871328353881836e+00	2.771331787109375000e+00	2.771343946456909180e+00	2.772321224212646484e+00	2.773667097091674805e+00	2.774516582489013672e+00	2.774589538574218750e+00	2.774531126022338867e+00	2.775142669677734375e+00	2.776822805404663086e+00	2.779649257659912109e+00	2.783142566680908203e+00	2.785976886749267578e+00	2.787289619445800781e+00	2.788475751876831055e+00	2.792106389999389648e+00	2.800413846969604492e+00	2.814029693603515625e+00	2.828485488891601562e+00	2.831882715225219727e+00	2.819131851196289062e+00	2.802651643753051758e+00	2.792357921600341797e+00	2.785893440246582031e+00	2.779867172241210938e+00	2.774535655975341797e+00	2.770790815353393555e+00	2.768928766250610352e+00	2.768994808197021484e+00	2.770408868789672852e+00	2.771429061889648438e+00	2.771863937377929688e+00	2.772711992263793945e+00	2.773915290832519531e+00	2.775223255157470703e+00	2.776657104492187500e+00
2.784981489181518555e+00	2.786214351654052734e+00	2.786289453506469727e+00	2.785203933715820312e+00	2.783506870269775391e+00	2.780931711196899414e+00	2.777261018753051758e+00	2.773604393005371094e+00	2.770821809768676758e+00	2.769178390502929688e+00	2.769018888473510742e+00	2.770634174346923828e+00	2.774017810821533203e+00	2.778989076614379883e+00	2.785694360733032227e+00	2.794463396072387695e+00	2.804224491119384766e+00	2.811512231826782227e+00	2.813256025314331055e+00	2.808918714523315430e+00	2.801112413406372070e+00	2.793445587158203125e+00	2.787623405456542969e+00	2.783100605010986328e+00	2.779926061630249023e+00	2.777796745300292969e+00	2.776212930679321289e+00	2.775149822235107422e+00	2.774662494659423828e+00	2.774814128875732422e+00	2.775731086730957031e+00	2.777093887329101562e+00	2.778230190277099609e+00	2.778833389282226562e+00	2.778582811355590820e+00	2.777232885360717773e+00	2.775373697280883789e+00	2.774116992950439453e+00	2.774205684661865234e+00	2.775826930999755859e+00	2.778554439544677734e+00	2.781285524368286133e+00	2.782688617706298828e+00	2.782857656478881836e+00	2.783317565917968750e+00	2.785379648208618164e+00	2.789669513702392578e+00	2.795504331588745117e+00	2.800559520721435547e+00	2.803334474563598633e+00	2.806807279586791992e+00	2.816171884536743164e+00	2.836109399795532227e+00	2.870889663696289062e+00	2.899427652359008789e+00	2.874688148498535156e+00	2.836468935012817383e+00	2.811239719390869141e+00	2.796178817749023438e+00	2.787009954452514648e+00	2.781071186065673828e+00	2.777225017547607422e+00	2.774897813796997070e+00	2.773822784423828125e+00	2.774060726165771484e+00	2.775680065155029297e+00	2.778280973434448242e+00	2.780826091766357422e+00	2.782137632369995117e+00	2.782641649246215820e+00	2.783023595809936523e+00	2.783707141876220703e+00
2.798460960388183594e+00	2.796810150146484375e+00	2.794030427932739258e+00	2.791031122207641602e+00	2.788870573043823242e+00	2.787018299102783203e+00	2.784311532974243164e+00	2.781092643737792969e+00	2.778245925903320312e+00	2.776783704757690430e+00	2.777229070663452148e+00	2.779550552368164062e+00	2.783533811569213867e+00	2.788939952850341797e+00	2.795284748077392578e+00	2.802385091781616211e+00	2.810723781585693359e+00	2.818315267562866211e+00	2.821459054946899414e+00	2.818521022796630859e+00	2.811926364898681641e+00	2.804572105407714844e+00	2.798257350921630859e+00	2.793694496154785156e+00	2.790221452713012695e+00	2.787274599075317383e+00	2.785103321075439453e+00	2.783770561218261719e+00	2.783176183700561523e+00	2.783389329910278320e+00	2.784519672393798828e+00	2.786171436309814453e+00	2.787291049957275391e+00	2.787114858627319336e+00	2.785868167877197266e+00	2.784475803375244141e+00	2.783590555191040039e+00	2.783572196960449219e+00	2.784572124481201172e+00	2.786315679550170898e+00	2.788334846496582031e+00	2.790420293807983398e+00	2.792307853698730469e+00	2.793652296066284180e+00	2.794618368148803711e+00	2.796432018280029297e+00	2.800414800643920898e+00	2.806783676147460938e+00	2.812356233596801758e+00	2.815979957580566406e+00	2.822140216827392578e+00	2.832178115844726562e+00	2.849704742431640625e+00	2.882079124450683594e+00	2.899938821792602539e+00	2.870402812957763672e+00	2.838251352310180664e+00	2.818790912628173828e+00	2.807936429977416992e+00	2.801526546478271484e+00	2.797542095184326172e+00	2.795316219329833984e+00	2.794519901275634766e+00	2.794929504394531250e+00	2.796440839767456055e+00	2.798856258392333984e+00	2.801471948623657227e+00	2.803318977355957031e+00	2.803585052490234375e+00	2.802484035491943359e+00	2.800854206085205078e+00	2.799505233764648438e+00
2.794976711273193359e+00	2.794676542282104492e+00	2.792881250381469727e+00	2.790780067443847656e+00	2.789646387100219727e+00	2.789322853088378906e+00	2.788695573806762695e+00	2.786935567855834961e+00	2.785324335098266602e+00	2.784992218017578125e+00	2.785963296890258789e+00	2.787982225418090820e+00	2.791109800338745117e+00	2.795624017715454102e+00	2.801249742507934570e+00	2.807671785354614258e+00	2.815121173858642578e+00	2.821619510650634766e+00	2.823615312576293945e+00	2.819874048233032227e+00	2.812736272811889648e+00	2.805010795593261719e+00	2.798346996307373047e+00	2.793265342712402344e+00	2.789319515228271484e+00	2.786467313766479492e+00	2.784895658493041992e+00	2.784203290939331055e+00	2.783821105957031250e+00	2.783645391464233398e+00	2.783743143081665039e+00	2.784014701843261719e+00	2.784695625305175781e+00	2.785327672958374023e+00	2.785501956939697266e+00	2.785256862640380859e+00	2.784843206405639648e+00	2.784668207168579102e+00	2.785506248474121094e+00	2.787771463394165039e+00	2.791090011596679688e+00	2.794046640396118164e+00	2.795056819915771484e+00	2.794645071029663086e+00	2.794391393661499023e+00	2.795565128326416016e+00	2.799343347549438477e+00	2.805610418319702148e+00	2.810696363449096680e+00	2.815235614776611328e+00	2.822925329208374023e+00	2.833125591278076172e+00	2.848476648330688477e+00	2.875139474868774414e+00	2.903671979904174805e+00	2.892368793487548828e+00	2.850650310516357422e+00	2.825905799865722656e+00	2.812306642532348633e+00	2.804577589035034180e+00	2.799843788146972656e+00	2.796912193298339844e+00	2.795373678207397461e+00	2.794683218002319336e+00	2.794080257415771484e+00	2.793202161788940430e+00	2.792407512664794922e+00	2.792029857635498047e+00	2.792095899581909180e+00	2.792557954788208008e+00	2.793371915817260742e+00	2.794340848922729492e+00
2.797221899032592773e+00	2.796843528747558594e+00	2.796664953231811523e+00	2.796410799026489258e+00	2.796241521835327148e+00	2.796139240264892578e+00	2.795672893524169922e+00	2.794489622116088867e+00	2.793202161788940430e+00	2.792578458786010742e+00	2.793263673782348633e+00	2.795273542404174805e+00	2.797994136810302734e+00	2.801785230636596680e+00	2.807085275650024414e+00	2.813627481460571289e+00	2.821468353271484375e+00	2.828177690505981445e+00	2.830138206481933594e+00	2.826273918151855469e+00	2.818393945693969727e+00	2.809161663055419922e+00	2.800959587097167969e+00	2.794605493545532227e+00	2.790289878845214844e+00	2.788668155670166016e+00	2.789471149444580078e+00	2.791644573211669922e+00	2.793535947799682617e+00	2.794159173965454102e+00	2.794009923934936523e+00	2.793640375137329102e+00	2.793426752090454102e+00	2.793401241302490234e+00	2.792827129364013672e+00	2.791456699371337891e+00	2.789762258529663086e+00	2.788502931594848633e+00	2.788385629653930664e+00	2.790264129638671875e+00	2.794397592544555664e+00	2.797925233840942383e+00	2.798567295074462891e+00	2.797805070877075195e+00	2.797744989395141602e+00	2.799952268600463867e+00	2.804681301116943359e+00	2.811134338378906250e+00	2.818629503250122070e+00	2.827092647552490234e+00	2.838006496429443359e+00	2.853411436080932617e+00	2.874420166015625000e+00	2.902712106704711914e+00	2.932666301727294922e+00	2.927993297576904297e+00	2.896532535552978516e+00	2.869643211364746094e+00	2.846143722534179688e+00	2.829303741455078125e+00	2.818276882171630859e+00	2.811871528625488281e+00	2.808431386947631836e+00	2.805197000503540039e+00	2.801407098770141602e+00	2.798310041427612305e+00	2.796574831008911133e+00	2.795952320098876953e+00	2.795823812484741211e+00	2.795866966247558594e+00	2.796437740325927734e+00	2.797578573226928711e+00
2.802950620651245117e+00	2.803983449935913086e+00	2.803834199905395508e+00	2.802752256393432617e+00	2.801307916641235352e+00	2.799483299255371094e+00	2.797464847564697266e+00	2.795867204666137695e+00	2.794833898544311523e+00	2.794431447982788086e+00	2.794797897338867188e+00	2.796112775802612305e+00	2.798667669296264648e+00	2.803026914596557617e+00	2.809833765029907227e+00	2.818558931350708008e+00	2.827871561050415039e+00	2.835340738296508789e+00	2.837530851364135742e+00	2.833678007125854492e+00	2.825819730758666992e+00	2.816510438919067383e+00	2.807518720626831055e+00	2.799695730209350586e+00	2.793712377548217773e+00	2.790358066558837891e+00	2.790047407150268555e+00	2.792266130447387695e+00	2.795588016510009766e+00	2.798445224761962891e+00	2.799825668334960938e+00	2.799987077713012695e+00	2.799775123596191406e+00	2.799413919448852539e+00	2.798679590225219727e+00	2.797934770584106445e+00	2.797700405120849609e+00	2.797988891601562500e+00	2.797032833099365234e+00	2.795868635177612305e+00	2.796495676040649414e+00	2.798533678054809570e+00	2.799846649169921875e+00	2.799405336380004883e+00	2.799012184143066406e+00	2.800702095031738281e+00	2.805049657821655273e+00	2.811029434204101562e+00	2.818181753158569336e+00	2.827442169189453125e+00	2.839319229125976562e+00	2.853937625885009766e+00	2.871991157531738281e+00	2.894781589508056641e+00	2.922179460525512695e+00	2.923496484756469727e+00	2.898725271224975586e+00	2.872344017028808594e+00	2.852042436599731445e+00	2.838314294815063477e+00	2.828059673309326172e+00	2.820382356643676758e+00	2.814749240875244141e+00	2.810004472732543945e+00	2.806054592132568359e+00	2.803347826004028320e+00	2.801770687103271484e+00	2.800968885421752930e+00	2.800575494766235352e+00	2.800437450408935547e+00	2.800717592239379883e+00	2.801607847213745117e+00
2.807795047760009766e+00	2.809635400772094727e+00	2.808934926986694336e+00	2.805298805236816406e+00	2.800761222839355469e+00	2.796944379806518555e+00	2.794136524200439453e+00	2.792137861251831055e+00	2.790940761566162109e+00	2.790766477584838867e+00	2.791818141937255859e+00	2.793979167938232422e+00	2.797186613082885742e+00	2.801763057708740234e+00	2.808133125305175781e+00	2.816338777542114258e+00	2.825043916702270508e+00	2.831475734710693359e+00	2.833061218261718750e+00	2.829890489578247070e+00	2.824156045913696289e+00	2.817354917526245117e+00	2.810291767120361328e+00	2.803167343139648438e+00	2.796697616577148438e+00	2.792735815048217773e+00	2.791931152343750000e+00	2.793471813201904297e+00	2.795992851257324219e+00	2.798666000366210938e+00	2.801184654235839844e+00	2.802216529846191406e+00	2.801877260208129883e+00	2.801795959472656250e+00	2.801962614059448242e+00	2.801583766937255859e+00	2.799916505813598633e+00	2.797286748886108398e+00	2.795079469680786133e+00	2.794231891632080078e+00	2.795326471328735352e+00	2.798358440399169922e+00	2.802036762237548828e+00	2.803739547729492188e+00	2.804266929626464844e+00	2.806443691253662109e+00	2.812097549438476562e+00	2.821233034133911133e+00	2.830049753189086914e+00	2.836399078369140625e+00	2.845501184463500977e+00	2.857658624649047852e+00	2.872853040695190430e+00	2.893029689788818359e+00	2.916682004928588867e+00	2.921879291534423828e+00	2.898935079574584961e+00	2.873397588729858398e+00	2.853960514068603516e+00	2.840283632278442383e+00	2.828956127166748047e+00	2.819664478302001953e+00	2.812580108642578125e+00	2.807376623153686523e+00	2.803707599639892578e+00	2.801190376281738281e+00	2.799580335617065430e+00	2.798832178115844727e+00	2.798942327499389648e+00	2.799916267395019531e+00	2.801844596862792969e+00	2.804734706878662109e+00
2.816497325897216797e+00	2.815182685852050781e+00	2.812854528427124023e+00	2.809093475341796875e+00	2.805385589599609375e+00	2.803161382675170898e+00	2.801527976989746094e+00	2.798026084899902344e+00	2.794472455978393555e+00	2.792365312576293945e+00	2.791961193084716797e+00	2.793036937713623047e+00	2.794751167297363281e+00	2.796835422515869141e+00	2.800345420837402344e+00	2.806119441986083984e+00	2.813940286636352539e+00	2.821766376495361328e+00	2.826094150543212891e+00	2.825165271759033203e+00	2.820442676544189453e+00	2.813900947570800781e+00	2.807708501815795898e+00	2.802102327346801758e+00	2.797378540039062500e+00	2.794650554656982422e+00	2.793956756591796875e+00	2.794697523117065430e+00	2.795359373092651367e+00	2.795165538787841797e+00	2.795055389404296875e+00	2.795553207397460938e+00	2.796190977096557617e+00	2.796924829483032227e+00	2.797792196273803711e+00	2.798037767410278320e+00	2.797086238861083984e+00	2.795234680175781250e+00	2.793583393096923828e+00	2.793290376663208008e+00	2.794953346252441406e+00	2.798096418380737305e+00	2.801454067230224609e+00	2.804051637649536133e+00	2.805792808532714844e+00	2.807627439498901367e+00	2.811461210250854492e+00	2.817353010177612305e+00	2.824249267578125000e+00	2.829465627670288086e+00	2.835438728332519531e+00	2.845315933227539062e+00	2.857249259948730469e+00	2.871452569961547852e+00	2.879386663436889648e+00	2.869932651519775391e+00	2.853372812271118164e+00	2.838411331176757812e+00	2.827620983123779297e+00	2.820554971694946289e+00	2.816190242767333984e+00	2.813649177551269531e+00	2.812845706939697266e+00	2.813710451126098633e+00	2.815303564071655273e+00	2.816495895385742188e+00	2.817170858383178711e+00	2.818027973175048828e+00	2.819168090820312500e+00	2.819795131683349609e+00	2.819186449050903320e+00	2.817666769027709961e+00
2.824869394302368164e+00	2.821567773818969727e+00	2.818050622940063477e+00	2.814818620681762695e+00	2.813989639282226562e+00	2.817706823348999023e+00	2.821350574493408203e+00	2.810550451278686523e+00	2.801437616348266602e+00	2.795706987380981445e+00	2.792619943618774414e+00	2.792006492614746094e+00	2.793607711791992188e+00	2.796904802322387695e+00	2.801843166351318359e+00	2.808279275894165039e+00	2.815584897994995117e+00	2.822002649307250977e+00	2.824625968933105469e+00	2.822249889373779297e+00	2.816305875778198242e+00	2.809313535690307617e+00	2.803800106048583984e+00	2.800585746765136719e+00	2.798290967941284180e+00	2.796323060989379883e+00	2.794946193695068359e+00	2.794418096542358398e+00	2.794299602508544922e+00	2.793603420257568359e+00	2.792358636856079102e+00	2.791817665100097656e+00	2.791952133178710938e+00	2.792246103286743164e+00	2.792725086212158203e+00	2.793338775634765625e+00	2.793675899505615234e+00	2.793551445007324219e+00	2.793663740158081055e+00	2.795302867889404297e+00	2.799178361892700195e+00	2.803984642028808594e+00	2.806896924972534180e+00	2.806617498397827148e+00	2.805833339691162109e+00	2.806955814361572266e+00	2.810686826705932617e+00	2.815706729888916016e+00	2.820161581039428711e+00	2.824882268905639648e+00	2.831645727157592773e+00	2.840128421783447266e+00	2.848551988601684570e+00	2.857505798339843750e+00	2.859456777572631836e+00	2.851373434066772461e+00	2.840732812881469727e+00	2.830775499343872070e+00	2.822805881500244141e+00	2.816013813018798828e+00	2.810101032257080078e+00	2.805786609649658203e+00	2.803966522216796875e+00	2.804996490478515625e+00	2.808358669281005859e+00	2.813177585601806641e+00	2.818867444992065430e+00	2.824819087982177734e+00	2.830192565917968750e+00	2.833561420440673828e+00	2.832641363143920898e+00	2.828799009323120117e+00
2.817350387573242188e+00	2.812624216079711914e+00	2.809939861297607422e+00	2.811074018478393555e+00	2.817862510681152344e+00	2.829403638839721680e+00	2.846168756484985352e+00	2.830641508102416992e+00	2.805114507675170898e+00	2.795834064483642578e+00	2.791851043701171875e+00	2.790339946746826172e+00	2.790519237518310547e+00	2.792198181152343750e+00	2.795079231262207031e+00	2.798949480056762695e+00	2.803915262222290039e+00	2.809570074081420898e+00	2.814201593399047852e+00	2.815519571304321289e+00	2.812833547592163086e+00	2.807519197463989258e+00	2.801931381225585938e+00	2.797722816467285156e+00	2.794769763946533203e+00	2.792829990386962891e+00	2.791554212570190430e+00	2.790137290954589844e+00	2.789051055908203125e+00	2.789076566696166992e+00	2.790041923522949219e+00	2.791093111038208008e+00	2.791838169097900391e+00	2.792413234710693359e+00	2.793072700500488281e+00	2.793852329254150391e+00	2.794956445693969727e+00	2.796859264373779297e+00	2.799978017807006836e+00	2.804082393646240234e+00	2.808554887771606445e+00	2.811933279037475586e+00	2.811557292938232422e+00	2.806857109069824219e+00	2.801172256469726562e+00	2.798231601715087891e+00	2.799290657043457031e+00	2.803751707077026367e+00	2.810247421264648438e+00	2.818241596221923828e+00	2.828107118606567383e+00	2.839645624160766602e+00	2.849354505538940430e+00	2.854005813598632812e+00	2.853257894515991211e+00	2.848536968231201172e+00	2.842773675918579102e+00	2.836908340454101562e+00	2.829721927642822266e+00	2.821911573410034180e+00	2.815223693847656250e+00	2.811333656311035156e+00	2.810716390609741211e+00	2.812904834747314453e+00	2.817234754562377930e+00	2.822990894317626953e+00	2.829163551330566406e+00	2.834337472915649414e+00	2.836830615997314453e+00	2.835324525833129883e+00	2.830086946487426758e+00	2.823410511016845703e+00
2.805801391601562500e+00	2.803705930709838867e+00	2.802557468414306641e+00	2.803183555603027344e+00	2.806594610214233398e+00	2.813086509704589844e+00	2.819915533065795898e+00	2.813129186630249023e+00	2.803062438964843750e+00	2.797738075256347656e+00	2.795103549957275391e+00	2.793909311294555664e+00	2.794028759002685547e+00	2.795454502105712891e+00	2.797071456909179688e+00	2.800599813461303711e+00	2.806472301483154297e+00	2.813041925430297852e+00	2.817737340927124023e+00	2.818594455718994141e+00	2.815700292587280273e+00	2.810035705566406250e+00	2.802800416946411133e+00	2.796576738357543945e+00	2.792817831039428711e+00	2.791123151779174805e+00	2.790337324142456055e+00	2.789858102798461914e+00	2.790015220642089844e+00	2.791031360626220703e+00	2.792184591293334961e+00	2.792451381683349609e+00	2.792784452438354492e+00	2.793334722518920898e+00	2.793746709823608398e+00	2.794019699096679688e+00	2.794737577438354492e+00	2.796622276306152344e+00	2.799802541732788086e+00	2.803245782852172852e+00	2.805855274200439453e+00	2.807383298873901367e+00	2.806678056716918945e+00	2.803132534027099609e+00	2.799603939056396484e+00	2.798911571502685547e+00	2.801719188690185547e+00	2.808124065399169922e+00	2.817982196807861328e+00	2.830552101135253906e+00	2.842835426330566406e+00	2.851368188858032227e+00	2.858163833618164062e+00	2.862032413482666016e+00	2.861162185668945312e+00	2.853745937347412109e+00	2.844398498535156250e+00	2.836289882659912109e+00	2.829191923141479492e+00	2.822157621383666992e+00	2.814939260482788086e+00	2.808712959289550781e+00	2.804689884185791016e+00	2.803120374679565430e+00	2.803532600402832031e+00	2.805262565612792969e+00	2.807568311691284180e+00	2.809794425964355469e+00	2.811345100402832031e+00	2.811737775802612305e+00	2.810679435729980469e+00	2.808414936065673828e+00
2.829498529434204102e+00	2.824699878692626953e+00	2.817157268524169922e+00	2.809928178787231445e+00	2.804335832595825195e+00	2.800702810287475586e+00	2.798570632934570312e+00	2.797278642654418945e+00	2.796502590179443359e+00	2.795699834823608398e+00	2.794816970825195312e+00	2.794107198715209961e+00	2.794169425964355469e+00	2.795290708541870117e+00	2.797640323638916016e+00	2.801770925521850586e+00	2.807930946350097656e+00	2.814857006072998047e+00	2.820051908493041992e+00	2.821372985839843750e+00	2.818663358688354492e+00	2.813291788101196289e+00	2.806533813476562500e+00	2.799647331237792969e+00	2.794683456420898438e+00	2.791862010955810547e+00	2.790432691574096680e+00	2.790278673171997070e+00	2.791112661361694336e+00	2.792264938354492188e+00	2.793229818344116211e+00	2.793980360031127930e+00	2.794738769531250000e+00	2.795493364334106445e+00	2.796274423599243164e+00	2.797240734100341797e+00	2.798388719558715820e+00	2.799942016601562500e+00	2.802503347396850586e+00	2.806004285812377930e+00	2.806561231613159180e+00	2.804017066955566406e+00	2.800426483154296875e+00	2.797327995300292969e+00	2.796045780181884766e+00	2.797672271728515625e+00	2.802556991577148438e+00	2.810426712036132812e+00	2.821156501770019531e+00	2.834021329879760742e+00	2.845406055450439453e+00	2.852927207946777344e+00	2.859298706054687500e+00	2.862731456756591797e+00	2.860532283782958984e+00	2.852382659912109375e+00	2.842829704284667969e+00	2.833654403686523438e+00	2.824804544448852539e+00	2.816453218460083008e+00	2.808966159820556641e+00	2.803710937500000000e+00	2.801894187927246094e+00	2.803779125213623047e+00	2.807812690734863281e+00	2.809971332550048828e+00	2.809983730316162109e+00	2.810989856719970703e+00	2.813864946365356445e+00	2.818587303161621094e+00	2.824377059936523438e+00	2.829013347625732422e+00
2.837537288665771484e+00	2.832275629043579102e+00	2.823313713073730469e+00	2.814874887466430664e+00	2.808731079101562500e+00	2.804805755615234375e+00	2.802012681961059570e+00	2.799430131912231445e+00	2.797591686248779297e+00	2.796590566635131836e+00	2.795087337493896484e+00	2.793363094329833984e+00	2.791661977767944336e+00	2.789746999740600586e+00	2.788048267364501953e+00	2.787670850753784180e+00	2.788708686828613281e+00	2.789888620376586914e+00	2.790616989135742188e+00	2.791200876235961914e+00	2.791396617889404297e+00	2.790285587310791016e+00	2.789450168609619141e+00	2.789786338806152344e+00	2.790032386779785156e+00	2.789251804351806641e+00	2.788362026214599609e+00	2.788263320922851562e+00	2.788661479949951172e+00	2.788561820983886719e+00	2.787902355194091797e+00	2.787276506423950195e+00	2.787245750427246094e+00	2.788191318511962891e+00	2.790335178375244141e+00	2.793611526489257812e+00	2.797132968902587891e+00	2.800252437591552734e+00	2.802656173706054688e+00	2.803565979003906250e+00	2.803093910217285156e+00	2.801806688308715820e+00	2.799884796142578125e+00	2.798040628433227539e+00	2.795828819274902344e+00	2.794426918029785156e+00	2.795115232467651367e+00	2.797878503799438477e+00	2.801126480102539062e+00	2.803429841995239258e+00	2.805818557739257812e+00	2.809077024459838867e+00	2.813440322875976562e+00	2.818052053451538086e+00	2.820377349853515625e+00	2.819337606430053711e+00	2.816371202468872070e+00	2.813134193420410156e+00	2.810199260711669922e+00	2.807295322418212891e+00	2.803951978683471680e+00	2.800389289855957031e+00	2.797454833984375000e+00	2.796007871627807617e+00	2.796519517898559570e+00	2.798872470855712891e+00	2.802270650863647461e+00	2.806649923324584961e+00	2.812543153762817383e+00	2.819887638092041016e+00	2.828402757644653320e+00	2.835689067840576172e+00
2.799750089645385742e+00	2.799373865127563477e+00	2.797767400741577148e+00	2.795232057571411133e+00	2.792728185653686523e+00	2.791071414947509766e+00	2.790306806564331055e+00	2.790380954742431641e+00	2.790255069732666016e+00	2.789630174636840820e+00	2.788812160491943359e+00	2.788145303726196289e+00	2.788295507431030273e+00	2.789668083190917969e+00	2.792146205902099609e+00	2.795125484466552734e+00	2.796498060226440430e+00	2.796056985855102539e+00	2.795521020889282227e+00	2.795083522796630859e+00	2.794151306152343750e+00	2.792902231216430664e+00	2.791044473648071289e+00	2.787447452545166016e+00	2.783136844635009766e+00	2.779477357864379883e+00	2.777368068695068359e+00	2.776693582534790039e+00	2.777078628540039062e+00	2.778448104858398438e+00	2.780300378799438477e+00	2.782015800476074219e+00	2.782659769058227539e+00	2.781448602676391602e+00	2.780198335647583008e+00	2.779884099960327148e+00	2.781342983245849609e+00	2.784940958023071289e+00	2.790250539779663086e+00	2.794546365737915039e+00	2.795229911804199219e+00	2.794380903244018555e+00	2.792436122894287109e+00	2.790557861328125000e+00	2.789772748947143555e+00	2.790490627288818359e+00	2.792778730392456055e+00	2.795972347259521484e+00	2.799759626388549805e+00	2.804296731948852539e+00	2.808769941329956055e+00	2.811928749084472656e+00	2.814191102981567383e+00	2.815956830978393555e+00	2.816779613494873047e+00	2.816650867462158203e+00	2.814871549606323242e+00	2.810814619064331055e+00	2.805778026580810547e+00	2.801220417022705078e+00	2.797481775283813477e+00	2.794622659683227539e+00	2.792431354522705078e+00	2.790470838546752930e+00	2.788721799850463867e+00	2.787523269653320312e+00	2.787350177764892578e+00	2.788304328918457031e+00	2.790097713470458984e+00	2.792709827423095703e+00	2.795834541320800781e+00	2.798510313034057617e+00
2.785076141357421875e+00	2.785721540451049805e+00	2.785175085067749023e+00	2.784136533737182617e+00	2.783599138259887695e+00	2.783847093582153320e+00	2.784732580184936523e+00	2.785638809204101562e+00	2.786153316497802734e+00	2.786165237426757812e+00	2.786010265350341797e+00	2.786738157272338867e+00	2.788980245590209961e+00	2.792601346969604492e+00	2.797190189361572266e+00	2.801277637481689453e+00	2.803724288940429688e+00	2.803548574447631836e+00	2.800642490386962891e+00	2.796726942062377930e+00	2.793577432632446289e+00	2.791448116302490234e+00	2.789533615112304688e+00	2.786683559417724609e+00	2.782852411270141602e+00	2.778692483901977539e+00	2.774421691894531250e+00	2.770837545394897461e+00	2.769155979156494141e+00	2.769561529159545898e+00	2.771582841873168945e+00	2.774548768997192383e+00	2.777657985687255859e+00	2.780039787292480469e+00	2.780696392059326172e+00	2.779497385025024414e+00	2.779149532318115234e+00	2.780968666076660156e+00	2.784815549850463867e+00	2.789282798767089844e+00	2.792418718338012695e+00	2.794737339019775391e+00	2.796902656555175781e+00	2.798784494400024414e+00	2.800487518310546875e+00	2.802526235580444336e+00	2.805568456649780273e+00	2.809349298477172852e+00	2.813579320907592773e+00	2.817890882492065430e+00	2.820765495300292969e+00	2.822532653808593750e+00	2.824317216873168945e+00	2.826354503631591797e+00	2.827658891677856445e+00	2.827057600021362305e+00	2.824045181274414062e+00	2.818826913833618164e+00	2.813219070434570312e+00	2.807447195053100586e+00	2.801523208618164062e+00	2.796543359756469727e+00	2.792635679244995117e+00	2.789251804351806641e+00	2.786134243011474609e+00	2.783451318740844727e+00	2.781653642654418945e+00	2.780811309814453125e+00	2.780549764633178711e+00	2.780898332595825195e+00	2.782037734985351562e+00	2.783607006072998047e+00
2.782638788223266602e+00	2.781491518020629883e+00	2.779352426528930664e+00	2.778184652328491211e+00	2.779224395751953125e+00	2.782115936279296875e+00	2.785800695419311523e+00	2.789273262023925781e+00	2.789796113967895508e+00	2.787564277648925781e+00	2.785355567932128906e+00	2.784135818481445312e+00	2.784121751785278320e+00	2.784703016281127930e+00	2.784823179244995117e+00	2.784243583679199219e+00	2.783146858215332031e+00	2.782067537307739258e+00	2.781603097915649414e+00	2.781810045242309570e+00	2.782939672470092773e+00	2.784839153289794922e+00	2.786154985427856445e+00	2.785280466079711914e+00	2.781963825225830078e+00	2.777740955352783203e+00	2.774200439453125000e+00	2.771971464157104492e+00	2.771191120147705078e+00	2.772384405136108398e+00	2.775223731994628906e+00	2.777841329574584961e+00	2.779235363006591797e+00	2.779407024383544922e+00	2.778398990631103516e+00	2.777261495590209961e+00	2.776752710342407227e+00	2.777091026306152344e+00	2.778614044189453125e+00	2.781354904174804688e+00	2.784219741821289062e+00	2.786227226257324219e+00	2.787529468536376953e+00	2.789016485214233398e+00	2.791590690612792969e+00	2.795625925064086914e+00	2.801148653030395508e+00	2.807925224304199219e+00	2.815176248550415039e+00	2.820921421051025391e+00	2.823285102844238281e+00	2.823852300643920898e+00	2.823902368545532227e+00	2.822952270507812500e+00	2.821484327316284180e+00	2.820356369018554688e+00	2.818534135818481445e+00	2.814357280731201172e+00	2.808071613311767578e+00	2.801721096038818359e+00	2.796802282333374023e+00	2.793188810348510742e+00	2.790061712265014648e+00	2.786822557449340820e+00	2.783222675323486328e+00	2.779704332351684570e+00	2.777272224426269531e+00	2.775902032852172852e+00	2.775639057159423828e+00	2.777086973190307617e+00	2.779713630676269531e+00	2.781965732574462891e+00
2.782806873321533203e+00	2.781962633132934570e+00	2.780313253402709961e+00	2.779217243194580078e+00	2.779487848281860352e+00	2.780989170074462891e+00	2.783088445663452148e+00	2.784862041473388672e+00	2.784349203109741211e+00	2.782101631164550781e+00	2.780517101287841797e+00	2.780087709426879883e+00	2.780292272567749023e+00	2.779373407363891602e+00	2.779349565505981445e+00	2.779497861862182617e+00	2.777736663818359375e+00	2.777156352996826172e+00	2.778427124023437500e+00	2.781252384185791016e+00	2.784977436065673828e+00	2.788539648056030273e+00	2.789564371109008789e+00	2.787447929382324219e+00	2.783990621566772461e+00	2.780750513076782227e+00	2.778903484344482422e+00	2.778467655181884766e+00	2.778356552124023438e+00	2.778582572937011719e+00	2.779073476791381836e+00	2.779268026351928711e+00	2.780330657958984375e+00	2.783289432525634766e+00	2.784837961196899414e+00	2.784963607788085938e+00	2.785309314727783203e+00	2.785374879837036133e+00	2.785341739654541016e+00	2.785821199417114258e+00	2.786961078643798828e+00	2.788032770156860352e+00	2.788776636123657227e+00	2.789401769638061523e+00	2.790562391281127930e+00	2.792837142944335938e+00	2.796075820922851562e+00	2.799433946609497070e+00	2.802823305130004883e+00	2.806831836700439453e+00	2.810885667800903320e+00	2.814022779464721680e+00	2.815824985504150391e+00	2.817501783370971680e+00	2.820393085479736328e+00	2.824172973632812500e+00	2.827467203140258789e+00	2.828392028808593750e+00	2.825960397720336914e+00	2.821268796920776367e+00	2.815796613693237305e+00	2.810516119003295898e+00	2.804923534393310547e+00	2.797971248626708984e+00	2.790836572647094727e+00	2.785079956054687500e+00	2.780942916870117188e+00	2.778573513031005859e+00	2.777916669845581055e+00	2.778668880462646484e+00	2.780433893203735352e+00	2.782171726226806641e+00
2.783636569976806641e+00	2.782882928848266602e+00	2.781332731246948242e+00	2.780091285705566406e+00	2.779876708984375000e+00	2.780670404434204102e+00	2.781588315963745117e+00	2.781391620635986328e+00	2.780307292938232422e+00	2.779560089111328125e+00	2.779134988784790039e+00	2.778813600540161133e+00	2.778864383697509766e+00	2.779402256011962891e+00	2.780180692672729492e+00	2.781106472015380859e+00	2.782279729843139648e+00	2.783671855926513672e+00	2.785025596618652344e+00	2.786114215850830078e+00	2.786742448806762695e+00	2.786339521408081055e+00	2.784378051757812500e+00	2.781612157821655273e+00	2.779283761978149414e+00	2.777920007705688477e+00	2.777877807617187500e+00	2.779354572296142578e+00	2.780866622924804688e+00	2.780500888824462891e+00	2.778777360916137695e+00	2.776626348495483398e+00	2.775334358215332031e+00	2.775425672531127930e+00	2.776772975921630859e+00	2.778973817825317383e+00	2.781476736068725586e+00	2.783633947372436523e+00	2.785033464431762695e+00	2.785737037658691406e+00	2.786729574203491211e+00	2.788295745849609375e+00	2.790014982223510742e+00	2.791359424591064453e+00	2.792366743087768555e+00	2.793604135513305664e+00	2.795571565628051758e+00	2.798681974411010742e+00	2.803377151489257812e+00	2.809516668319702148e+00	2.816354751586914062e+00	2.823462724685668945e+00	2.829011440277099609e+00	2.830938816070556641e+00	2.830448389053344727e+00	2.828026771545410156e+00	2.823603153228759766e+00	2.817792654037475586e+00	2.811030864715576172e+00	2.804299116134643555e+00	2.798267602920532227e+00	2.793025970458984375e+00	2.788809776306152344e+00	2.784919261932373047e+00	2.781510353088378906e+00	2.779237508773803711e+00	2.777837753295898438e+00	2.777444124221801758e+00	2.778213977813720703e+00	2.779837369918823242e+00	2.781777620315551758e+00	2.783217191696166992e+00
2.789772510528564453e+00	2.790737152099609375e+00	2.790620326995849609e+00	2.788718700408935547e+00	2.786033868789672852e+00	2.783407926559448242e+00	2.781226873397827148e+00	2.779823064804077148e+00	2.779153108596801758e+00	2.778861999511718750e+00	2.778503894805908203e+00	2.777752876281738281e+00	2.776619195938110352e+00	2.775513410568237305e+00	2.775154829025268555e+00	2.776028871536254883e+00	2.777972221374511719e+00	2.780329942703247070e+00	2.782436132431030273e+00	2.784055948257446289e+00	2.785823345184326172e+00	2.787930965423583984e+00	2.788740158081054688e+00	2.786864042282104492e+00	2.783320903778076172e+00	2.780836343765258789e+00	2.779834032058715820e+00	2.779672622680664062e+00	2.779667615890502930e+00	2.778043270111083984e+00	2.774537801742553711e+00	2.770931005477905273e+00	2.768919944763183594e+00	2.769149541854858398e+00	2.771439075469970703e+00	2.774963617324829102e+00	2.778588533401489258e+00	2.781627416610717773e+00	2.783903837203979492e+00	2.785419702529907227e+00	2.786707401275634766e+00	2.787731885910034180e+00	2.789129495620727539e+00	2.791163682937622070e+00	2.793517112731933594e+00	2.796199798583984375e+00	2.799556016921997070e+00	2.803879499435424805e+00	2.808388948440551758e+00	2.812685966491699219e+00	2.817012071609497070e+00	2.821640729904174805e+00	2.827094793319702148e+00	2.832467555999755859e+00	2.835238695144653320e+00	2.833053827285766602e+00	2.825770139694213867e+00	2.815593719482421875e+00	2.805466890335083008e+00	2.797056913375854492e+00	2.790955781936645508e+00	2.786345958709716797e+00	2.782690286636352539e+00	2.780412197113037109e+00	2.779724359512329102e+00	2.780142307281494141e+00	2.781466484069824219e+00	2.783517599105834961e+00	2.785395622253417969e+00	2.786181211471557617e+00	2.786828994750976562e+00	2.788233280181884766e+00
2.785639286041259766e+00	2.786331892013549805e+00	2.786498785018920898e+00	2.785669088363647461e+00	2.784277439117431641e+00	2.783030033111572266e+00	2.782595634460449219e+00	2.783619642257690430e+00	2.786836147308349609e+00	2.791740655899047852e+00	2.788257360458374023e+00	2.784256696701049805e+00	2.782083749771118164e+00	2.780922412872314453e+00	2.780695438385009766e+00	2.781183242797851562e+00	2.782465219497680664e+00	2.784615755081176758e+00	2.786542415618896484e+00	2.787011146545410156e+00	2.786291837692260742e+00	2.785342693328857422e+00	2.784214496612548828e+00	2.782286882400512695e+00	2.779369354248046875e+00	2.776233673095703125e+00	2.773660659790039062e+00	2.771686792373657227e+00	2.770450592041015625e+00	2.769912242889404297e+00	2.769791364669799805e+00	2.770051717758178711e+00	2.771033287048339844e+00	2.772805690765380859e+00	2.775085210800170898e+00	2.777963876724243164e+00	2.781413793563842773e+00	2.785603761672973633e+00	2.790913820266723633e+00	2.793150186538696289e+00	2.790525913238525391e+00	2.789071321487426758e+00	2.790125846862792969e+00	2.792475223541259766e+00	2.795197010040283203e+00	2.798372983932495117e+00	2.802412033081054688e+00	2.807112455368041992e+00	2.811403036117553711e+00	2.813947200775146484e+00	2.814683437347412109e+00	2.814196586608886719e+00	2.812819480895996094e+00	2.810742855072021484e+00	2.808472156524658203e+00	2.807013273239135742e+00	2.807011604309082031e+00	2.806747198104858398e+00	2.807627439498901367e+00	2.805225849151611328e+00	2.798669576644897461e+00	2.791798591613769531e+00	2.786557674407958984e+00	2.783133268356323242e+00	2.781226873397827148e+00	2.780725955963134766e+00	2.781312942504882812e+00	2.782040596008300781e+00	2.782765626907348633e+00	2.783489942550659180e+00	2.784189701080322266e+00	2.784887313842773438e+00
2.775726318359375000e+00	2.776252985000610352e+00	2.777214288711547852e+00	2.778551816940307617e+00	2.780278205871582031e+00	2.781786680221557617e+00	2.781618118286132812e+00	2.780713319778442383e+00	2.780405759811401367e+00	2.780620098114013672e+00	2.781054735183715820e+00	2.781067609786987305e+00	2.780042886734008789e+00	2.778273582458496094e+00	2.776582479476928711e+00	2.775856018066406250e+00	2.776551723480224609e+00	2.778040647506713867e+00	2.779259920120239258e+00	2.779792070388793945e+00	2.779671192169189453e+00	2.779215097427368164e+00	2.778713941574096680e+00	2.777823686599731445e+00	2.776066541671752930e+00	2.773522615432739258e+00	2.770913362503051758e+00	2.768874883651733398e+00	2.767775774002075195e+00	2.767841100692749023e+00	2.768682956695556641e+00	2.769793510437011719e+00	2.771220922470092773e+00	2.773588418960571289e+00	2.777094841003417969e+00	2.781222343444824219e+00	2.784636974334716797e+00	2.785152196884155273e+00	2.782878875732421875e+00	2.780277252197265625e+00	2.778958082199096680e+00	2.779104471206665039e+00	2.780292749404907227e+00	2.782252073287963867e+00	2.784933567047119141e+00	2.788249492645263672e+00	2.791672945022583008e+00	2.794378519058227539e+00	2.796276569366455078e+00	2.797180891036987305e+00	2.796717882156372070e+00	2.794983148574829102e+00	2.792973041534423828e+00	2.790735006332397461e+00	2.786864042282104492e+00	2.782892227172851562e+00	2.780049800872802734e+00	2.779142379760742188e+00	2.780059099197387695e+00	2.781340599060058594e+00	2.782127618789672852e+00	2.781748533248901367e+00	2.780010461807250977e+00	2.777834892272949219e+00	2.776265144348144531e+00	2.775791883468627930e+00	2.776066780090332031e+00	2.776241540908813477e+00	2.776200294494628906e+00	2.776201963424682617e+00	2.775907516479492188e+00	2.775609493255615234e+00
2.765014410018920898e+00	2.765368223190307617e+00	2.765084266662597656e+00	2.764070034027099609e+00	2.763079166412353516e+00	2.762688159942626953e+00	2.763056755065917969e+00	2.763781070709228516e+00	2.764125585556030273e+00	2.763733386993408203e+00	2.762669563293457031e+00	2.761210680007934570e+00	2.759603977203369141e+00	2.758463382720947266e+00	2.758543014526367188e+00	2.759564161300659180e+00	2.760521888732910156e+00	2.760978221893310547e+00	2.761218786239624023e+00	2.761318922042846680e+00	2.761217355728149414e+00	2.761222600936889648e+00	2.761903762817382812e+00	2.763052940368652344e+00	2.763129711151123047e+00	2.761671066284179688e+00	2.759748220443725586e+00	2.758305072784423828e+00	2.757417440414428711e+00	2.756938934326171875e+00	2.756849288940429688e+00	2.757106781005859375e+00	2.757610082626342773e+00	2.758412837982177734e+00	2.759707450866699219e+00	2.761360645294189453e+00	2.762552261352539062e+00	2.762849092483520508e+00	2.762567043304443359e+00	2.761980056762695312e+00	2.761419534683227539e+00	2.761054992675781250e+00	2.760887145996093750e+00	2.760961532592773438e+00	2.761402130126953125e+00	2.762274503707885742e+00	2.763400793075561523e+00	2.764232873916625977e+00	2.764310359954833984e+00	2.763998031616210938e+00	2.763944387435913086e+00	2.764587402343750000e+00	2.766009330749511719e+00	2.767065048217773438e+00	2.766894102096557617e+00	2.765770196914672852e+00	2.764249086380004883e+00	2.762682676315307617e+00	2.761325359344482422e+00	2.760571956634521484e+00	2.760504245758056641e+00	2.760502576828002930e+00	2.760104656219482422e+00	2.759552717208862305e+00	2.759165287017822266e+00	2.759016752243041992e+00	2.759256124496459961e+00	2.759842395782470703e+00	2.760474920272827148e+00	2.761365890502929688e+00	2.762663602828979492e+00	2.764073133468627930e+00
2.762945890426635742e+00	2.763421297073364258e+00	2.763522148132324219e+00	2.763189792633056641e+00	2.762762784957885742e+00	2.762718439102172852e+00	2.763210535049438477e+00	2.763779163360595703e+00	2.763723611831665039e+00	2.762994289398193359e+00	2.761776447296142578e+00	2.760300636291503906e+00	2.759139776229858398e+00	2.759202003479003906e+00	2.761043787002563477e+00	2.763899564743041992e+00	2.766195535659790039e+00	2.767064332962036133e+00	2.766472578048706055e+00	2.764998912811279297e+00	2.763471841812133789e+00	2.761550664901733398e+00	2.759568214416503906e+00	2.758285999298095703e+00	2.757694244384765625e+00	2.757346630096435547e+00	2.757154226303100586e+00	2.757455587387084961e+00	2.758541107177734375e+00	2.759738445281982422e+00	2.760194540023803711e+00	2.760290861129760742e+00	2.760127544403076172e+00	2.759744167327880859e+00	2.759319543838500977e+00	2.759035825729370117e+00	2.758914470672607422e+00	2.759083509445190430e+00	2.759704351425170898e+00	2.760663986206054688e+00	2.761634111404418945e+00	2.762366294860839844e+00	2.762860774993896484e+00	2.763278961181640625e+00	2.763598203659057617e+00	2.763370990753173828e+00	2.762310981750488281e+00	2.761224985122680664e+00	2.761094808578491211e+00	2.762187480926513672e+00	2.764322042465209961e+00	2.767625331878662109e+00	2.772051811218261719e+00	2.774044990539550781e+00	2.773808479309082031e+00	2.773329973220825195e+00	2.771320581436157227e+00	2.767228364944458008e+00	2.762888669967651367e+00	2.759896993637084961e+00	2.758625984191894531e+00	2.758762836456298828e+00	2.759551763534545898e+00	2.760290384292602539e+00	2.760453939437866211e+00	2.760102033615112305e+00	2.759794235229492188e+00	2.759831666946411133e+00	2.760239839553833008e+00	2.760939359664916992e+00	2.761692047119140625e+00	2.762347221374511719e+00
2.764465570449829102e+00	2.765164852142333984e+00	2.765486717224121094e+00	2.765167474746704102e+00	2.764303207397460938e+00	2.763241767883300781e+00	2.762262344360351562e+00	2.761462450027465820e+00	2.760714292526245117e+00	2.759800672531127930e+00	2.758757591247558594e+00	2.758036375045776367e+00	2.758281707763671875e+00	2.759828567504882812e+00	2.762423038482666016e+00	2.765315294265747070e+00	2.767415761947631836e+00	2.767577886581420898e+00	2.765821933746337891e+00	2.763961553573608398e+00	2.763265371322631836e+00	2.762762784957885742e+00	2.761592864990234375e+00	2.760591268539428711e+00	2.760086774826049805e+00	2.759657144546508789e+00	2.758716583251953125e+00	2.757735490798950195e+00	2.757477045059204102e+00	2.758082389831542969e+00	2.759417772293090820e+00	2.761003494262695312e+00	2.762005090713500977e+00	2.761956214904785156e+00	2.761093854904174805e+00	2.759982824325561523e+00	2.759305238723754883e+00	2.759453058242797852e+00	2.760321617126464844e+00	2.761415481567382812e+00	2.762152671813964844e+00	2.762327432632446289e+00	2.762265205383300781e+00	2.762511014938354492e+00	2.763404130935668945e+00	2.764584779739379883e+00	2.764810562133789062e+00	2.764001131057739258e+00	2.763420104980468750e+00	2.763709068298339844e+00	2.765145301818847656e+00	2.767855882644653320e+00	2.770998716354370117e+00	2.773615121841430664e+00	2.776607990264892578e+00	2.779642581939697266e+00	2.779636859893798828e+00	2.774545431137084961e+00	2.768180370330810547e+00	2.763275384902954102e+00	2.760419368743896484e+00	2.759684801101684570e+00	2.760101079940795898e+00	2.760486364364624023e+00	2.760458469390869141e+00	2.760243892669677734e+00	2.760085582733154297e+00	2.760279655456542969e+00	2.760995626449584961e+00	2.762033224105834961e+00	2.762993574142456055e+00	2.763744115829467773e+00
2.817914009094238281e+00	2.819587469100952148e+00	2.817641258239746094e+00	2.813449859619140625e+00	2.808369159698486328e+00	2.803642988204956055e+00	2.799754381179809570e+00	2.796497344970703125e+00	2.793406724929809570e+00	2.790555715560913086e+00	2.788593053817749023e+00	2.787786483764648438e+00	2.788121223449707031e+00	2.790457487106323242e+00	2.793446302413940430e+00	2.796284675598144531e+00	2.800224065780639648e+00	2.804114103317260742e+00	2.805815219879150391e+00	2.803603649139404297e+00	2.798586606979370117e+00	2.793855905532836914e+00	2.790554523468017578e+00	2.787622451782226562e+00	2.784786701202392578e+00	2.782618284225463867e+00	2.782415390014648438e+00	2.783065795898437500e+00	2.782477140426635742e+00	2.782040834426879883e+00	2.782863140106201172e+00	2.784221649169921875e+00	2.786011695861816406e+00	2.787161350250244141e+00	2.786766767501831055e+00	2.785392761230468750e+00	2.784085988998413086e+00	2.784036159515380859e+00	2.785462617874145508e+00	2.787960529327392578e+00	2.790392637252807617e+00	2.791944503784179688e+00	2.792727470397949219e+00	2.793354272842407227e+00	2.795151233673095703e+00	2.799272537231445312e+00	2.805194854736328125e+00	2.810585737228393555e+00	2.816199064254760742e+00	2.824192762374877930e+00	2.835400819778442383e+00	2.849024534225463867e+00	2.863515377044677734e+00	2.872268438339233398e+00	2.868445634841918945e+00	2.857718229293823242e+00	2.843373060226440430e+00	2.829186916351318359e+00	2.817574024200439453e+00	2.808967113494873047e+00	2.803023099899291992e+00	2.798571348190307617e+00	2.794220685958862305e+00	2.789804935455322266e+00	2.786767482757568359e+00	2.786034584045410156e+00	2.787486791610717773e+00	2.790603160858154297e+00	2.795476675033569336e+00	2.802074432373046875e+00	2.808773994445800781e+00	2.813875198364257812e+00
2.798084259033203125e+00	2.796893835067749023e+00	2.795610904693603516e+00	2.794342756271362305e+00	2.792742729187011719e+00	2.790831804275512695e+00	2.788484573364257812e+00	2.785587310791015625e+00	2.782453060150146484e+00	2.779645204544067383e+00	2.777654647827148438e+00	2.777143478393554688e+00	2.778807401657104492e+00	2.782538890838623047e+00	2.786939382553100586e+00	2.792511224746704102e+00	2.799277305603027344e+00	2.805667638778686523e+00	2.809296369552612305e+00	2.808443784713745117e+00	2.804159879684448242e+00	2.797992944717407227e+00	2.791012048721313477e+00	2.785569667816162109e+00	2.782021760940551758e+00	2.779446601867675781e+00	2.777541875839233398e+00	2.776366472244262695e+00	2.776661157608032227e+00	2.778484344482421875e+00	2.781096458435058594e+00	2.783363580703735352e+00	2.784604310989379883e+00	2.784927845001220703e+00	2.784435987472534180e+00	2.783303737640380859e+00	2.781980991363525391e+00	2.781020879745483398e+00	2.780190944671630859e+00	2.779345750808715820e+00	2.779031515121459961e+00	2.778999328613281250e+00	2.779043912887573242e+00	2.779270887374877930e+00	2.780211448669433594e+00	2.782359600067138672e+00	2.785976886749267578e+00	2.790992259979248047e+00	2.797553777694702148e+00	2.806740283966064453e+00	2.819267749786376953e+00	2.834454298019409180e+00	2.848864555358886719e+00	2.855271577835083008e+00	2.849633693695068359e+00	2.833860874176025391e+00	2.816110372543334961e+00	2.802006721496582031e+00	2.791646480560302734e+00	2.784667015075683594e+00	2.780505657196044922e+00	2.778061389923095703e+00	2.776410579681396484e+00	2.775344371795654297e+00	2.775467395782470703e+00	2.777319908142089844e+00	2.780592441558837891e+00	2.784558534622192383e+00	2.788792133331298828e+00	2.792828798294067383e+00	2.796064615249633789e+00	2.798017501831054688e+00
2.771041631698608398e+00	2.770244121551513672e+00	2.769331932067871094e+00	2.768279075622558594e+00	2.767050504684448242e+00	2.765726566314697266e+00	2.764473438262939453e+00	2.763303041458129883e+00	2.762113809585571289e+00	2.761044502258300781e+00	2.760529756546020508e+00	2.761095523834228516e+00	2.763075351715087891e+00	2.766436338424682617e+00	2.771004199981689453e+00	2.776831388473510742e+00	2.783475399017333984e+00	2.789198160171508789e+00	2.791537761688232422e+00	2.789164781570434570e+00	2.783266782760620117e+00	2.776085138320922852e+00	2.769656181335449219e+00	2.765352010726928711e+00	2.763555526733398438e+00	2.763764858245849609e+00	2.765024185180664062e+00	2.766345500946044922e+00	2.767070770263671875e+00	2.767076969146728516e+00	2.766621589660644531e+00	2.766025066375732422e+00	2.765512943267822266e+00	2.765163660049438477e+00	2.764883518218994141e+00	2.764509916305541992e+00	2.764011144638061523e+00	2.763527154922485352e+00	2.763202905654907227e+00	2.763063430786132812e+00	2.763026952743530273e+00	2.762920141220092773e+00	2.762491226196289062e+00	2.761834144592285156e+00	2.761404514312744141e+00	2.761454105377197266e+00	2.762090682983398438e+00	2.763853788375854492e+00	2.767681837081909180e+00	2.774341106414794922e+00	2.784078598022460938e+00	2.795864582061767578e+00	2.806088447570800781e+00	2.811860084533691406e+00	2.812916994094848633e+00	2.807542085647583008e+00	2.797391891479492188e+00	2.787215232849121094e+00	2.778648614883422852e+00	2.771747827529907227e+00	2.766364812850952148e+00	2.762419700622558594e+00	2.760001182556152344e+00	2.759189128875732422e+00	2.759832382202148438e+00	2.761629819869995117e+00	2.764189243316650391e+00	2.766973733901977539e+00	2.769381761550903320e+00	2.770994424819946289e+00	2.771692752838134766e+00	2.771612882614135742e+00
2.774329662322998047e+00	2.769943237304687500e+00	2.766463041305541992e+00	2.764023542404174805e+00	2.762669086456298828e+00	2.762340784072875977e+00	2.762696504592895508e+00	2.762964963912963867e+00	2.763028144836425781e+00	2.763339996337890625e+00	2.764129400253295898e+00	2.765609741210937500e+00	2.767965078353881836e+00	2.771261453628540039e+00	2.775409221649169922e+00	2.780118465423583984e+00	2.784682512283325195e+00	2.787891387939453125e+00	2.788489103317260742e+00	2.786217451095581055e+00	2.782121896743774414e+00	2.777378320693969727e+00	2.773408889770507812e+00	2.771776437759399414e+00	2.773213863372802734e+00	2.777123451232910156e+00	2.781213998794555664e+00	2.782168149948120117e+00	2.779452323913574219e+00	2.775487422943115234e+00	2.772004842758178711e+00	2.769466400146484375e+00	2.767900943756103516e+00	2.767211914062500000e+00	2.767077684402465820e+00	2.767050743103027344e+00	2.766862869262695312e+00	2.766469717025756836e+00	2.765862703323364258e+00	2.765025615692138672e+00	2.763999223709106445e+00	2.762846469879150391e+00	2.761641502380371094e+00	2.760608911514282227e+00	2.760096788406372070e+00	2.760388135910034180e+00	2.761812448501586914e+00	2.764970541000366211e+00	2.770463705062866211e+00	2.778380155563354492e+00	2.787883758544921875e+00	2.797319650650024414e+00	2.805059194564819336e+00	2.810078620910644531e+00	2.811113357543945312e+00	2.805503606796264648e+00	2.795751810073852539e+00	2.786806583404541016e+00	2.779539585113525391e+00	2.773396492004394531e+00	2.768203973770141602e+00	2.764151811599731445e+00	2.761603593826293945e+00	2.760878324508666992e+00	2.762236118316650391e+00	2.765835762023925781e+00	2.771481752395629883e+00	2.778251886367797852e+00	2.783946275711059570e+00	2.785885572433471680e+00	2.783669233322143555e+00	2.779222726821899414e+00
2.854418992996215820e+00	2.831475496292114258e+00	2.813929796218872070e+00	2.801680326461791992e+00	2.793998718261718750e+00	2.789587020874023438e+00	2.787071704864501953e+00	2.785595417022705078e+00	2.784906148910522461e+00	2.785038471221923828e+00	2.786085128784179688e+00	2.788027286529541016e+00	2.790555000305175781e+00	2.793149471282958984e+00	2.795317411422729492e+00	2.796570062637329102e+00	2.796413660049438477e+00	2.794732332229614258e+00	2.792041063308715820e+00	2.789425134658813477e+00	2.788110017776489258e+00	2.788979291915893555e+00	2.792817354202270508e+00	2.800535917282104492e+00	2.812706708908081055e+00	2.828162193298339844e+00	2.841571331024169922e+00	2.841168403625488281e+00	2.825647354125976562e+00	2.808985471725463867e+00	2.797269105911254883e+00	2.790293693542480469e+00	2.786840677261352539e+00	2.785651683807373047e+00	2.785742282867431641e+00	2.786535024642944336e+00	2.787706136703491211e+00	2.788967609405517578e+00	2.789994955062866211e+00	2.790445566177368164e+00	2.790063858032226562e+00	2.788801908493041992e+00	2.786811351776123047e+00	2.784411191940307617e+00	2.782122611999511719e+00	2.780725717544555664e+00	2.781120061874389648e+00	2.784023284912109375e+00	2.789618253707885742e+00	2.797436237335205078e+00	2.806456565856933594e+00	2.814810752868652344e+00	2.818206310272216797e+00	2.813138723373413086e+00	2.805214881896972656e+00	2.799230575561523438e+00	2.795359373092651367e+00	2.793083190917968750e+00	2.792220115661621094e+00	2.792355537414550781e+00	2.792884111404418945e+00	2.793845653533935547e+00	2.796701669692993164e+00	2.803822040557861328e+00	2.817117452621459961e+00	2.837328195571899414e+00	2.863676309585571289e+00	2.892858028411865234e+00	2.916641473770141602e+00	2.922929048538208008e+00	2.907784223556518555e+00	2.881444215774536133e+00
2.910453081130981445e+00	2.880113363265991211e+00	2.856327533721923828e+00	2.839685440063476562e+00	2.829427003860473633e+00	2.823594093322753906e+00	2.820117950439453125e+00	2.818084716796875000e+00	2.817017316818237305e+00	2.815183877944946289e+00	2.814402341842651367e+00	2.815169811248779297e+00	2.816816329956054688e+00	2.818771600723266602e+00	2.820522069931030273e+00	2.821604967117309570e+00	2.821604490280151367e+00	2.820214986801147461e+00	2.817578315734863281e+00	2.814580917358398438e+00	2.812733173370361328e+00	2.813908815383911133e+00	2.819995403289794922e+00	2.832790374755859375e+00	2.853574514389038086e+00	2.880155801773071289e+00	2.899696588516235352e+00	2.895336866378784180e+00	2.871870517730712891e+00	2.847715139389038086e+00	2.830195903778076172e+00	2.819062948226928711e+00	2.812822341918945312e+00	2.809893608093261719e+00	2.808965682983398438e+00	2.809439420700073242e+00	2.811183452606201172e+00	2.814001798629760742e+00	2.817193984985351562e+00	2.819566488265991211e+00	2.820352792739868164e+00	2.819681167602539062e+00	2.817923307418823242e+00	2.815352439880371094e+00	2.812441587448120117e+00	2.810451507568359375e+00	2.810259342193603516e+00	2.811615705490112305e+00	2.814770221710205078e+00	2.820244789123535156e+00	2.827512741088867188e+00	2.835554361343383789e+00	2.840285062789916992e+00	2.835948705673217773e+00	2.827783584594726562e+00	2.821506977081298828e+00	2.817700862884521484e+00	2.816011190414428711e+00	2.816254615783691406e+00	2.817657709121704102e+00	2.819546461105346680e+00	2.822926044464111328e+00	2.829834699630737305e+00	2.842553138732910156e+00	2.861210107803344727e+00	2.887000322341918945e+00	2.919729709625244141e+00	2.955154418945312500e+00	2.983868598937988281e+00	2.992189645767211914e+00	2.975644588470458984e+00	2.944528341293334961e+00
2.915060043334960938e+00	2.884998321533203125e+00	2.861503839492797852e+00	2.844941854476928711e+00	2.834297657012939453e+00	2.827681779861450195e+00	2.823430061340332031e+00	2.820654153823852539e+00	2.819085836410522461e+00	2.818721055984497070e+00	2.819484233856201172e+00	2.821088314056396484e+00	2.823071002960205078e+00	2.824886798858642578e+00	2.825993537902832031e+00	2.825908660888671875e+00	2.824399709701538086e+00	2.821798324584960938e+00	2.818863868713378906e+00	2.816450595855712891e+00	2.815717697143554688e+00	2.818101167678833008e+00	2.825050354003906250e+00	2.838117361068725586e+00	2.858590841293334961e+00	2.884619235992431641e+00	2.904421091079711914e+00	2.900150299072265625e+00	2.875327825546264648e+00	2.851137399673461914e+00	2.834817409515380859e+00	2.824941635131835938e+00	2.819181203842163086e+00	2.816014528274536133e+00	2.814679861068725586e+00	2.814872741699218750e+00	2.816464424133300781e+00	2.819133281707763672e+00	2.822181701660156250e+00	2.824652433395385742e+00	2.825754880905151367e+00	2.825285673141479492e+00	2.823482275009155273e+00	2.820800781250000000e+00	2.817836284637451172e+00	2.815516948699951172e+00	2.814978837966918945e+00	2.816776752471923828e+00	2.821183681488037109e+00	2.828571081161499023e+00	2.838855981826782227e+00	2.850781679153442383e+00	2.858148813247680664e+00	2.850594997406005859e+00	2.836171150207519531e+00	2.826683521270751953e+00	2.822252750396728516e+00	2.821027755737304688e+00	2.821936368942260742e+00	2.823791503906250000e+00	2.825610637664794922e+00	2.827947139739990234e+00	2.833135604858398438e+00	2.844065904617309570e+00	2.862620830535888672e+00	2.889092445373535156e+00	2.922001123428344727e+00	2.957544088363647461e+00	2.986862182617187500e+00	2.996098279953002930e+00	2.979931354522705078e+00	2.948955059051513672e+00
2.901911735534667969e+00	2.873084306716918945e+00	2.851143360137939453e+00	2.836411476135253906e+00	2.827638149261474609e+00	2.822607755661010742e+00	2.819521427154541016e+00	2.817580938339233398e+00	2.816630363464355469e+00	2.816666126251220703e+00	2.817573785781860352e+00	2.819038391113281250e+00	2.820498704910278320e+00	2.821205615997314453e+00	2.820502996444702148e+00	2.818202972412109375e+00	2.814721345901489258e+00	2.810935735702514648e+00	2.807842016220092773e+00	2.806409358978271484e+00	2.807599067687988281e+00	2.812418222427368164e+00	2.821961402893066406e+00	2.837527751922607422e+00	2.860213279724121094e+00	2.888281345367431641e+00	2.909819602966308594e+00	2.906150102615356445e+00	2.880665063858032227e+00	2.854427099227905273e+00	2.835456609725952148e+00	2.823491096496582031e+00	2.816745996475219727e+00	2.813165426254272461e+00	2.811375617980957031e+00	2.811024665832519531e+00	2.812167644500732422e+00	2.814567089080810547e+00	2.817457199096679688e+00	2.819825410842895508e+00	2.820856571197509766e+00	2.820318698883056641e+00	2.818510770797729492e+00	2.815927267074584961e+00	2.813047409057617188e+00	2.810543775558471680e+00	2.809434175491333008e+00	2.810742855072021484e+00	2.815181493759155273e+00	2.823171138763427734e+00	2.834851741790771484e+00	2.849621534347534180e+00	2.860486268997192383e+00	2.850397586822509766e+00	2.830079555511474609e+00	2.817209482192993164e+00	2.812026977539062500e+00	2.811842918395996094e+00	2.814418554306030273e+00	2.817874670028686523e+00	2.820837020874023438e+00	2.823289871215820312e+00	2.827611446380615234e+00	2.837320327758789062e+00	2.854783296585083008e+00	2.880572080612182617e+00	2.913338422775268555e+00	2.949039459228515625e+00	2.977768898010253906e+00	2.984543085098266602e+00	2.966231346130371094e+00	2.935006141662597656e+00
2.904333829879760742e+00	2.875511646270751953e+00	2.853843688964843750e+00	2.839569330215454102e+00	2.831180810928344727e+00	2.826305866241455078e+00	2.823209047317504883e+00	2.821186065673828125e+00	2.820118904113769531e+00	2.819983243942260742e+00	2.820656061172485352e+00	2.821909189224243164e+00	2.823321342468261719e+00	2.824247360229492188e+00	2.823958873748779297e+00	2.822023391723632812e+00	2.818679332733154297e+00	2.814823150634765625e+00	2.811575651168823242e+00	2.809994220733642578e+00	2.811020851135253906e+00	2.815624237060546875e+00	2.824868440628051758e+00	2.839946746826171875e+00	2.861912250518798828e+00	2.889470815658569336e+00	2.911861658096313477e+00	2.909960508346557617e+00	2.885340452194213867e+00	2.859032392501831055e+00	2.839774608612060547e+00	2.827633857727050781e+00	2.820805072784423828e+00	2.817092418670654297e+00	2.815060138702392578e+00	2.814467191696166992e+00	2.815473318099975586e+00	2.817843914031982422e+00	2.820772886276245117e+00	2.823188781738281250e+00	2.824260711669921875e+00	2.823793172836303711e+00	2.822091341018676758e+00	2.819611787796020508e+00	2.816757678985595703e+00	2.814110279083251953e+00	2.812717676162719727e+00	2.813784360885620117e+00	2.818094015121459961e+00	2.826169013977050781e+00	2.838373184204101562e+00	2.854460239410400391e+00	2.867892026901245117e+00	2.858972072601318359e+00	2.835795879364013672e+00	2.820681810379028320e+00	2.814836263656616211e+00	2.814705610275268555e+00	2.817521333694458008e+00	2.821243524551391602e+00	2.824419975280761719e+00	2.826958894729614258e+00	2.831299781799316406e+00	2.841171503067016602e+00	2.859059810638427734e+00	2.885466575622558594e+00	2.918948411941528320e+00	2.955242633819580078e+00	2.983783721923828125e+00	2.989331960678100586e+00	2.969724893569946289e+00	2.937726259231567383e+00
2.918407678604125977e+00	2.887994289398193359e+00	2.865118980407714844e+00	2.849878072738647461e+00	2.840533018112182617e+00	2.834667444229125977e+00	2.830659627914428711e+00	2.827892780303955078e+00	2.826291084289550781e+00	2.825855255126953125e+00	2.826468229293823242e+00	2.827930688858032227e+00	2.829899549484252930e+00	2.831767559051513672e+00	2.832715034484863281e+00	2.832109928131103516e+00	2.829923629760742188e+00	2.826662778854370117e+00	2.823127269744873047e+00	2.820555686950683594e+00	2.820221424102783203e+00	2.823029279708862305e+00	2.829745769500732422e+00	2.841257333755493164e+00	2.858443021774291992e+00	2.880908250808715820e+00	2.902364015579223633e+00	2.905796051025390625e+00	2.885446310043334961e+00	2.861943721771240234e+00	2.844494104385375977e+00	2.833648443222045898e+00	2.827762603759765625e+00	2.824702262878417969e+00	2.823117971420288086e+00	2.822908639907836914e+00	2.824198722839355469e+00	2.826420783996582031e+00	2.829002618789672852e+00	2.831299781799316406e+00	2.832494497299194336e+00	2.832250833511352539e+00	2.830860853195190430e+00	2.828788757324218750e+00	2.826202630996704102e+00	2.823335886001586914e+00	2.821267127990722656e+00	2.821543693542480469e+00	2.825430154800415039e+00	2.833559513092041016e+00	2.846121549606323242e+00	2.862785100936889648e+00	2.877436637878417969e+00	2.870485544204711914e+00	2.846855163574218750e+00	2.830630540847778320e+00	2.823777198791503906e+00	2.822913169860839844e+00	2.825327634811401367e+00	2.828996658325195312e+00	2.832561731338500977e+00	2.835892200469970703e+00	2.841208934783935547e+00	2.852202892303466797e+00	2.871368169784545898e+00	2.899143218994140625e+00	2.933985233306884766e+00	2.971369266510009766e+00	3.000395298004150391e+00	3.006333351135253906e+00	2.986773729324340820e+00	2.953572273254394531e+00
2.919815301895141602e+00	2.889206886291503906e+00	2.865959167480468750e+00	2.850239515304565430e+00	2.840459108352661133e+00	2.834388971328735352e+00	2.830468416213989258e+00	2.827941179275512695e+00	2.826567173004150391e+00	2.826290130615234375e+00	2.826965093612670898e+00	2.828330755233764648e+00	2.829999685287475586e+00	2.831379890441894531e+00	2.831631183624267578e+00	2.829967975616455078e+00	2.826458215713500977e+00	2.822219133377075195e+00	2.818624973297119141e+00	2.816854238510131836e+00	2.817838668823242188e+00	2.822393178939819336e+00	2.831312656402587891e+00	2.845534801483154297e+00	2.866158246994018555e+00	2.892435073852539062e+00	2.915230035781860352e+00	2.916270017623901367e+00	2.893589973449707031e+00	2.867260694503784180e+00	2.847790718078613281e+00	2.835524559020996094e+00	2.828528642654418945e+00	2.824934244155883789e+00	2.823282480239868164e+00	2.823024749755859375e+00	2.824195384979248047e+00	2.826425075531005859e+00	2.829102039337158203e+00	2.831465005874633789e+00	2.832571029663085938e+00	2.832082986831665039e+00	2.830265045166015625e+00	2.827656507492065430e+00	2.824745893478393555e+00	2.822100639343261719e+00	2.820698976516723633e+00	2.821539640426635742e+00	2.825323820114135742e+00	2.832866668701171875e+00	2.844564676284790039e+00	2.860144853591918945e+00	2.873391151428222656e+00	2.865820407867431641e+00	2.843174934387207031e+00	2.828071594238281250e+00	2.822371006011962891e+00	2.822370767593383789e+00	2.825162649154663086e+00	2.828823089599609375e+00	2.832167148590087891e+00	2.835167169570922852e+00	2.840175867080688477e+00	2.850910186767578125e+00	2.869861125946044922e+00	2.897472858428955078e+00	2.932175397872924805e+00	2.969475030899047852e+00	2.998712778091430664e+00	3.005495309829711914e+00	2.987194538116455078e+00	2.954816102981567383e+00
2.922425985336303711e+00	2.891612291336059570e+00	2.868075370788574219e+00	2.852111339569091797e+00	2.842233657836914062e+00	2.836128473281860352e+00	2.832219362258911133e+00	2.829840660095214844e+00	2.828758955001831055e+00	2.828696012496948242e+00	2.829279422760009766e+00	2.830385446548461914e+00	2.831768989562988281e+00	2.832813501358032227e+00	2.832777023315429688e+00	2.831135034561157227e+00	2.827979803085327148e+00	2.824147462844848633e+00	2.820778846740722656e+00	2.818992376327514648e+00	2.819772958755493164e+00	2.824000358581542969e+00	2.832515001296997070e+00	2.846361398696899414e+00	2.866794347763061523e+00	2.893056392669677734e+00	2.915860176086425781e+00	2.916864633560180664e+00	2.894150257110595703e+00	2.867725372314453125e+00	2.848075866699218750e+00	2.835814237594604492e+00	2.829107284545898438e+00	2.825608968734741211e+00	2.823751211166381836e+00	2.823269605636596680e+00	2.824384927749633789e+00	2.826886892318725586e+00	2.829987287521362305e+00	2.832632303237915039e+00	2.833906412124633789e+00	2.833479404449462891e+00	2.831659793853759766e+00	2.829012393951416016e+00	2.826038599014282227e+00	2.823379993438720703e+00	2.822064399719238281e+00	2.823222160339355469e+00	2.827608346939086914e+00	2.835446357727050781e+00	2.846600294113159180e+00	2.860506057739257812e+00	2.870727300643920898e+00	2.861509799957275391e+00	2.842052936553955078e+00	2.828751087188720703e+00	2.823384284973144531e+00	2.823372840881347656e+00	2.826148033142089844e+00	2.829726934432983398e+00	2.833074808120727539e+00	2.836449146270751953e+00	2.842085123062133789e+00	2.853049278259277344e+00	2.871602296829223633e+00	2.898786067962646484e+00	2.933311700820922852e+00	2.970771074295043945e+00	3.000675201416015625e+00	3.008322715759277344e+00	2.990218400955200195e+00	2.957617998123168945e+00
2.917100667953491211e+00	2.886663913726806641e+00	2.863566398620605469e+00	2.848059415817260742e+00	2.838431596755981445e+00	2.832345247268676758e+00	2.828323125839233398e+00	2.825709342956542969e+00	2.824227333068847656e+00	2.823804378509521484e+00	2.824322700500488281e+00	2.825526952743530273e+00	2.827058315277099609e+00	2.828427553176879883e+00	2.828996658325195312e+00	2.828226804733276367e+00	2.825832605361938477e+00	2.821972846984863281e+00	2.818216562271118164e+00	2.816164016723632812e+00	2.816871404647827148e+00	2.821218490600585938e+00	2.830150127410888672e+00	2.844988822937011719e+00	2.867194890975952148e+00	2.895694017410278320e+00	2.917740583419799805e+00	2.913085460662841797e+00	2.887608289718627930e+00	2.861609458923339844e+00	2.843050479888916016e+00	2.831750154495239258e+00	2.825782537460327148e+00	2.822897195816040039e+00	2.820873498916625977e+00	2.819735050201416016e+00	2.820373773574829102e+00	2.822530984878540039e+00	2.825279235839843750e+00	2.827508926391601562e+00	2.828433513641357422e+00	2.827884435653686523e+00	2.826164960861206055e+00	2.823769807815551758e+00	2.821212768554687500e+00	2.819186687469482422e+00	2.818537473678588867e+00	2.819708585739135742e+00	2.823829174041748047e+00	2.831733703613281250e+00	2.843133211135864258e+00	2.857720613479614258e+00	2.869706392288208008e+00	2.861564397811889648e+00	2.839550971984863281e+00	2.824785470962524414e+00	2.818927288055419922e+00	2.818730354309082031e+00	2.821518182754516602e+00	2.825272560119628906e+00	2.828647851943969727e+00	2.831655025482177734e+00	2.836552381515502930e+00	2.846844196319580078e+00	2.865072727203369141e+00	2.891824245452880859e+00	2.925754547119140625e+00	2.962828874588012695e+00	2.992836475372314453e+00	3.000947475433349609e+00	2.983646154403686523e+00	2.951789617538452148e+00
2.920539140701293945e+00	2.890082836151123047e+00	2.866984367370605469e+00	2.851276874542236328e+00	2.841265916824340820e+00	2.834871530532836914e+00	2.830789089202880859e+00	2.828445672988891602e+00	2.827606201171875000e+00	2.827992439270019531e+00	2.829091310501098633e+00	2.830462217330932617e+00	2.831881761550903320e+00	2.832925319671630859e+00	2.832963466644287109e+00	2.831491708755493164e+00	2.828554391860961914e+00	2.824880599975585938e+00	2.821471214294433594e+00	2.819436311721801758e+00	2.820024967193603516e+00	2.824306726455688477e+00	2.833234071731567383e+00	2.847964048385620117e+00	2.869811296463012695e+00	2.897901296615600586e+00	2.920220613479614258e+00	2.915797233581542969e+00	2.890675544738769531e+00	2.865479946136474609e+00	2.847183942794799805e+00	2.835622310638427734e+00	2.829095840454101562e+00	2.825501680374145508e+00	2.823438882827758789e+00	2.822830915451049805e+00	2.824004173278808594e+00	2.826648950576782227e+00	2.829819679260253906e+00	2.832448005676269531e+00	2.833544015884399414e+00	2.832787275314331055e+00	2.830744504928588867e+00	2.828078985214233398e+00	2.825181961059570312e+00	2.822498321533203125e+00	2.820907115936279297e+00	2.821619987487792969e+00	2.825621604919433594e+00	2.833337068557739258e+00	2.845008373260498047e+00	2.860578775405883789e+00	2.874259233474731445e+00	2.867152690887451172e+00	2.844937324523925781e+00	2.829625368118286133e+00	2.823408365249633789e+00	2.822913646697998047e+00	2.825344085693359375e+00	2.828830480575561523e+00	2.832068681716918945e+00	2.834899425506591797e+00	2.839618444442749023e+00	2.849920034408569336e+00	2.868292331695556641e+00	2.895250797271728516e+00	2.929404258728027344e+00	2.966591358184814453e+00	2.996504545211791992e+00	3.004511117935180664e+00	2.987266540527343750e+00	2.955353736877441406e+00
2.886105537414550781e+00	2.860895395278930664e+00	2.841922998428344727e+00	2.829433441162109375e+00	2.822064876556396484e+00	2.817749023437500000e+00	2.815013885498046875e+00	2.813284873962402344e+00	2.812515258789062500e+00	2.812700510025024414e+00	2.813623189926147461e+00	2.814895868301391602e+00	2.816036939620971680e+00	2.816490888595581055e+00	2.815693616867065430e+00	2.813341140747070312e+00	2.809734821319580078e+00	2.805787801742553711e+00	2.802613735198974609e+00	2.801279067993164062e+00	2.802772760391235352e+00	2.808142900466918945e+00	2.818586111068725586e+00	2.835556507110595703e+00	2.860533952713012695e+00	2.892085790634155273e+00	2.915824413299560547e+00	2.909358501434326172e+00	2.881361961364746094e+00	2.853703022003173828e+00	2.833446979522705078e+00	2.820446491241455078e+00	2.812924385070800781e+00	2.808692455291748047e+00	2.806239128112792969e+00	2.805259227752685547e+00	2.805927276611328125e+00	2.808038473129272461e+00	2.810812950134277344e+00	2.813221454620361328e+00	2.814429044723510742e+00	2.814148187637329102e+00	2.812594413757324219e+00	2.810197353363037109e+00	2.807394266128540039e+00	2.804823160171508789e+00	2.803584098815917969e+00	2.804956674575805664e+00	2.809809684753417969e+00	2.818498134613037109e+00	2.831008911132812500e+00	2.846590042114257812e+00	2.858483076095581055e+00	2.849446535110473633e+00	2.827541112899780273e+00	2.812605142593383789e+00	2.806430339813232422e+00	2.806015253067016602e+00	2.808597564697265625e+00	2.811917066574096680e+00	2.814341306686401367e+00	2.815658330917358398e+00	2.818197965621948242e+00	2.825767993927001953e+00	2.841104269027709961e+00	2.864911794662475586e+00	2.895863056182861328e+00	2.929813623428344727e+00	2.956460475921630859e+00	2.961291313171386719e+00	2.943394899368286133e+00	2.915241718292236328e+00
2.879488945007324219e+00	2.855713367462158203e+00	2.837926149368286133e+00	2.826368808746337891e+00	2.819597005844116211e+00	2.815574407577514648e+00	2.813006162643432617e+00	2.811438560485839844e+00	2.810835123062133789e+00	2.811155796051025391e+00	2.812159776687622070e+00	2.813468933105468750e+00	2.814631462097167969e+00	2.815120458602905273e+00	2.814383506774902344e+00	2.812103271484375000e+00	2.808557033538818359e+00	2.804667472839355469e+00	2.801587104797363281e+00	2.800408363342285156e+00	2.802125692367553711e+00	2.807780981063842773e+00	2.818564414978027344e+00	2.835954666137695312e+00	2.861402750015258789e+00	2.892843246459960938e+00	2.914466381072998047e+00	2.905462741851806641e+00	2.877234697341918945e+00	2.850450515747070312e+00	2.831037044525146484e+00	2.818665981292724609e+00	2.811616659164428711e+00	2.807684659957885742e+00	2.805297851562500000e+00	2.804182291030883789e+00	2.804624557495117188e+00	2.806503057479858398e+00	2.809070348739624023e+00	2.811299085617065430e+00	2.812354087829589844e+00	2.811967849731445312e+00	2.810384511947631836e+00	2.808031558990478516e+00	2.805306434631347656e+00	2.802814483642578125e+00	2.801665306091308594e+00	2.803168296813964844e+00	2.808230876922607422e+00	2.817245960235595703e+00	2.830208778381347656e+00	2.846337556838989258e+00	2.858732938766479492e+00	2.849693775177001953e+00	2.827202558517456055e+00	2.811701536178588867e+00	2.805259704589843750e+00	2.804797649383544922e+00	2.807451486587524414e+00	2.810835361480712891e+00	2.813170909881591797e+00	2.814120054244995117e+00	2.815965652465820312e+00	2.822563886642456055e+00	2.836724519729614258e+00	2.859236717224121094e+00	2.888931274414062500e+00	2.921908617019653320e+00	2.947812557220458984e+00	2.951995372772216797e+00	2.934157609939575195e+00	2.907066345214843750e+00
2.915431022644042969e+00	2.888433218002319336e+00	2.866060733795166016e+00	2.849603176116943359e+00	2.838685750961303711e+00	2.831607818603515625e+00	2.826946496963500977e+00	2.823979616165161133e+00	2.822426795959472656e+00	2.822092294692993164e+00	2.822655439376831055e+00	2.823718070983886719e+00	2.824844837188720703e+00	2.825532913208007812e+00	2.825178861618041992e+00	2.823309659957885742e+00	2.820073366165161133e+00	2.816351175308227539e+00	2.813286304473876953e+00	2.811992645263671875e+00	2.813492536544799805e+00	2.818805694580078125e+00	2.829078197479248047e+00	2.845854520797729492e+00	2.870944499969482422e+00	2.902651548385620117e+00	2.922973871231079102e+00	2.910209655761718750e+00	2.881733417510986328e+00	2.856879949569702148e+00	2.839384317398071289e+00	2.828526973724365234e+00	2.822605133056640625e+00	2.819532394409179688e+00	2.817821264266967773e+00	2.817186594009399414e+00	2.817867517471313477e+00	2.819733858108520508e+00	2.822095155715942383e+00	2.824018001556396484e+00	2.824755191802978516e+00	2.824090719223022461e+00	2.822287082672119141e+00	2.819777011871337891e+00	2.816954612731933594e+00	2.814383506774902344e+00	2.813083410263061523e+00	2.814275026321411133e+00	2.818798065185546875e+00	2.827037334442138672e+00	2.839077472686767578e+00	2.854288101196289062e+00	2.866082191467285156e+00	2.857613325119018555e+00	2.836763381958007812e+00	2.822606563568115234e+00	2.816835641860961914e+00	2.816608428955078125e+00	2.819366693496704102e+00	2.823016643524169922e+00	2.826068639755249023e+00	2.828428268432617188e+00	2.832427024841308594e+00	2.841722249984741211e+00	2.858904838562011719e+00	2.884633541107177734e+00	2.917553663253784180e+00	2.953379392623901367e+00	2.981590747833251953e+00	2.988313198089599609e+00	2.972358942031860352e+00	2.944897651672363281e+00
2.914346218109130859e+00	2.886733293533325195e+00	2.864759206771850586e+00	2.849066257476806641e+00	2.838650703430175781e+00	2.831838607788085938e+00	2.827437639236450195e+00	2.824852705001831055e+00	2.823794841766357422e+00	2.823957681655883789e+00	2.824841499328613281e+00	2.825923919677734375e+00	2.826881647109985352e+00	2.827423095703125000e+00	2.827052116394042969e+00	2.825291156768798828e+00	2.822226047515869141e+00	2.818638563156127930e+00	2.815539598464965820e+00	2.814031124114990234e+00	2.815292358398437500e+00	2.820430517196655273e+00	2.830598115921020508e+00	2.847412347793579102e+00	2.872938156127929688e+00	2.905905008316040039e+00	2.927448749542236328e+00	2.912954330444335938e+00	2.882991790771484375e+00	2.857831239700317383e+00	2.840323686599731445e+00	2.829547166824340820e+00	2.823753118515014648e+00	2.820754289627075195e+00	2.818982124328613281e+00	2.818244934082031250e+00	2.818953990936279297e+00	2.821051836013793945e+00	2.823794603347778320e+00	2.826119422912597656e+00	2.827131986618041992e+00	2.826544046401977539e+00	2.824648380279541016e+00	2.821949720382690430e+00	2.818913936614990234e+00	2.816165208816528320e+00	2.814750671386718750e+00	2.815897703170776367e+00	2.820447206497192383e+00	2.828743457794189453e+00	2.840823888778686523e+00	2.856187343597412109e+00	2.868582725524902344e+00	2.860675096511840820e+00	2.838912487030029297e+00	2.823784112930297852e+00	2.817495107650756836e+00	2.817071914672851562e+00	2.819866418838500977e+00	2.823732376098632812e+00	2.827110528945922852e+00	2.829698324203491211e+00	2.833503246307373047e+00	2.842350244522094727e+00	2.859185934066772461e+00	2.884791851043701172e+00	2.917843818664550781e+00	2.954032421112060547e+00	2.982457399368286133e+00	2.988864183425903320e+00	2.972660779953002930e+00	2.944767475128173828e+00
2.915168762207031250e+00	2.885473966598510742e+00	2.862762451171875000e+00	2.847380399703979492e+00	2.837922334671020508e+00	2.832256793975830078e+00	2.828843593597412109e+00	2.826964855194091797e+00	2.826375007629394531e+00	2.826844453811645508e+00	2.828000068664550781e+00	2.829488992691040039e+00	2.830849885940551758e+00	2.831523656845092773e+00	2.830944061279296875e+00	2.828790903091430664e+00	2.825376510620117188e+00	2.821537971496582031e+00	2.818230390548706055e+00	2.816547870635986328e+00	2.817698001861572266e+00	2.822775840759277344e+00	2.832875251770019531e+00	2.849549770355224609e+00	2.874717473983764648e+00	2.906738281250000000e+00	2.926962614059448242e+00	2.912962436676025391e+00	2.884300231933593750e+00	2.860039472579956055e+00	2.842960357666015625e+00	2.832135915756225586e+00	2.825990438461303711e+00	2.822683811187744141e+00	2.820911407470703125e+00	2.820439338684082031e+00	2.821491479873657227e+00	2.823906421661376953e+00	2.826935768127441406e+00	2.829558134078979492e+00	2.830917835235595703e+00	2.830697059631347656e+00	2.829092025756835938e+00	2.826544523239135742e+00	2.823546171188354492e+00	2.820803642272949219e+00	2.819394826889038086e+00	2.820440769195556641e+00	2.824644804000854492e+00	2.832258462905883789e+00	2.843336820602416992e+00	2.857354879379272461e+00	2.867667675018310547e+00	2.858219861984252930e+00	2.838201522827148438e+00	2.824692726135253906e+00	2.819137811660766602e+00	2.819141387939453125e+00	2.822323322296142578e+00	2.826590061187744141e+00	2.830375194549560547e+00	2.833535194396972656e+00	2.838212013244628906e+00	2.848040342330932617e+00	2.865917921066284180e+00	2.892500638961791992e+00	2.926275730133056641e+00	2.962775707244873047e+00	2.991293668746948242e+00	2.997661113739013672e+00	2.979979515075683594e+00	2.948879480361938477e+00
2.920308113098144531e+00	2.890581846237182617e+00	2.868009328842163086e+00	2.852699756622314453e+00	2.842821836471557617e+00	2.836247205734252930e+00	2.831856489181518555e+00	2.829213380813598633e+00	2.828080415725708008e+00	2.828174114227294922e+00	2.829102993011474609e+00	2.830461502075195312e+00	2.831839799880981445e+00	2.832749843597412109e+00	2.832592248916625977e+00	2.830913066864013672e+00	2.827839136123657227e+00	2.824184894561767578e+00	2.821062564849853516e+00	2.819583654403686523e+00	2.820744991302490234e+00	2.825480222702026367e+00	2.834781885147094727e+00	2.850022554397583008e+00	2.873019695281982422e+00	2.902897834777832031e+00	2.925336837768554688e+00	2.915166616439819336e+00	2.886223077774047852e+00	2.861920833587646484e+00	2.844913482666015625e+00	2.834388256072998047e+00	2.828783750534057617e+00	2.825984477996826172e+00	2.824298381805419922e+00	2.823498249053955078e+00	2.824213743209838867e+00	2.826507806777954102e+00	2.829595804214477539e+00	2.832332372665405273e+00	2.833755493164062500e+00	2.833544254302978516e+00	2.831934213638305664e+00	2.829419136047363281e+00	2.826487541198730469e+00	2.823671579360961914e+00	2.821891307830810547e+00	2.822404861450195312e+00	2.826268196105957031e+00	2.834044456481933594e+00	2.845975875854492188e+00	2.861998558044433594e+00	2.877576112747192383e+00	2.875229835510253906e+00	2.850531816482543945e+00	2.831467390060424805e+00	2.823328256607055664e+00	2.822136163711547852e+00	2.824747085571289062e+00	2.828836917877197266e+00	2.832720041275024414e+00	2.836009740829467773e+00	2.840896844863891602e+00	2.851234912872314453e+00	2.869746208190917969e+00	2.897000789642333984e+00	2.931468009948730469e+00	2.968575477600097656e+00	2.997291564941406250e+00	3.003452777862548828e+00	2.985440015792846680e+00	2.954133272171020508e+00
2.915635347366333008e+00	2.886350393295288086e+00	2.864317893981933594e+00	2.849532842636108398e+00	2.840093612670898438e+00	2.833896875381469727e+00	2.829843521118164062e+00	2.827471733093261719e+00	2.826500415802001953e+00	2.826592206954956055e+00	2.827321290969848633e+00	2.828332901000976562e+00	2.829360008239746094e+00	2.830053091049194336e+00	2.829856395721435547e+00	2.828259468078613281e+00	2.825294971466064453e+00	2.821722269058227539e+00	2.818665504455566406e+00	2.817253351211547852e+00	2.818434715270996094e+00	2.822985172271728516e+00	2.831517934799194336e+00	2.844745874404907227e+00	2.863680601119995117e+00	2.887525558471679688e+00	2.906382560729980469e+00	2.902161836624145508e+00	2.879848957061767578e+00	2.857389211654663086e+00	2.841090917587280273e+00	2.830987453460693359e+00	2.825637578964233398e+00	2.822998762130737305e+00	2.821497440338134766e+00	2.820923566818237305e+00	2.821811914443969727e+00	2.824268341064453125e+00	2.827591896057128906e+00	2.830618143081665039e+00	2.832281827926635742e+00	2.832162857055664062e+00	2.830483675003051758e+00	2.827755689620971680e+00	2.824481964111328125e+00	2.821286439895629883e+00	2.819202423095703125e+00	2.819584131240844727e+00	2.823548316955566406e+00	2.831659555435180664e+00	2.844056606292724609e+00	2.860471487045288086e+00	2.875776529312133789e+00	2.872107028961181641e+00	2.847656488418579102e+00	2.828862667083740234e+00	2.820555925369262695e+00	2.819185495376586914e+00	2.821868658065795898e+00	2.826317548751831055e+00	2.830725431442260742e+00	2.834569931030273438e+00	2.840005636215209961e+00	2.850933551788330078e+00	2.870107173919677734e+00	2.898034334182739258e+00	2.932991027832031250e+00	2.969889402389526367e+00	2.997118711471557617e+00	3.001116275787353516e+00	2.981456995010375977e+00	2.949397802352905273e+00
2.905932664871215820e+00	2.877547979354858398e+00	2.856255531311035156e+00	2.841973304748535156e+00	2.832774162292480469e+00	2.826586723327636719e+00	2.822478532791137695e+00	2.820130109786987305e+00	2.819300174713134766e+00	2.819656848907470703e+00	2.820787191390991211e+00	2.822301149368286133e+00	2.823837280273437500e+00	2.824988365173339844e+00	2.825176239013671875e+00	2.823832988739013672e+00	2.820904254913330078e+00	2.817161798477172852e+00	2.813864707946777344e+00	2.812276601791381836e+00	2.813450574874877930e+00	2.818311452865600586e+00	2.827764987945556641e+00	2.842971563339233398e+00	2.865666627883911133e+00	2.895323514938354492e+00	2.916058540344238281e+00	2.901418685913085938e+00	2.871501922607421875e+00	2.848212957382202148e+00	2.832887411117553711e+00	2.823745965957641602e+00	2.818997621536254883e+00	2.816690444946289062e+00	2.815366506576538086e+00	2.814783573150634766e+00	2.815297842025756836e+00	2.817236423492431641e+00	2.820163965225219727e+00	2.822985887527465820e+00	2.824635267257690430e+00	2.824601411819458008e+00	2.823026418685913086e+00	2.820489883422851562e+00	2.817558288574218750e+00	2.814794063568115234e+00	2.813095569610595703e+00	2.813638925552368164e+00	2.817339420318603516e+00	2.824535846710205078e+00	2.835254430770874023e+00	2.849654674530029297e+00	2.863945007324218750e+00	2.861855745315551758e+00	2.839263439178466797e+00	2.821421861648559570e+00	2.813897848129272461e+00	2.813303709030151367e+00	2.816574573516845703e+00	2.821274995803833008e+00	2.825694322586059570e+00	2.829506874084472656e+00	2.834861993789672852e+00	2.845566272735595703e+00	2.864274978637695312e+00	2.891324043273925781e+00	2.924805879592895508e+00	2.959810972213745117e+00	2.985399484634399414e+00	2.988921403884887695e+00	2.969924688339233398e+00	2.938787221908569336e+00
2.900899648666381836e+00	2.872136354446411133e+00	2.849625349044799805e+00	2.833771705627441406e+00	2.823593139648437500e+00	2.817444562911987305e+00	2.814049243927001953e+00	2.812519311904907227e+00	2.812283039093017578e+00	2.812943458557128906e+00	2.813874959945678711e+00	2.815290212631225586e+00	2.816930770874023438e+00	2.817996025085449219e+00	2.818170547485351562e+00	2.816747426986694336e+00	2.813338518142700195e+00	2.808858633041381836e+00	2.804835319519042969e+00	2.802629470825195312e+00	2.803308010101318359e+00	2.807832479476928711e+00	2.817249298095703125e+00	2.832865715026855469e+00	2.856260299682617188e+00	2.886560440063476562e+00	2.907893896102905273e+00	2.893321037292480469e+00	2.862890005111694336e+00	2.839016914367675781e+00	2.823049545288085938e+00	2.813502073287963867e+00	2.808671236038208008e+00	2.806565999984741211e+00	2.805762529373168945e+00	2.806100368499755859e+00	2.807535648345947266e+00	2.809638977050781250e+00	2.812095880508422852e+00	2.814264535903930664e+00	2.815346240997314453e+00	2.815024614334106445e+00	2.813570022583007812e+00	2.811533927917480469e+00	2.809354543685913086e+00	2.807267427444458008e+00	2.805714130401611328e+00	2.806008338928222656e+00	2.809262037277221680e+00	2.815561771392822266e+00	2.824429750442504883e+00	2.834638118743896484e+00	2.840994834899902344e+00	2.834820985794067383e+00	2.820123672485351562e+00	2.809560537338256836e+00	2.805750131607055664e+00	2.806653976440429688e+00	2.809931755065917969e+00	2.813759565353393555e+00	2.817119598388671875e+00	2.820501565933227539e+00	2.826313495635986328e+00	2.837609529495239258e+00	2.856369495391845703e+00	2.882974147796630859e+00	2.915769100189208984e+00	2.950037002563476562e+00	2.975437402725219727e+00	2.980588674545288086e+00	2.963527202606201172e+00	2.933434009552001953e+00
2.868456840515136719e+00	2.848023891448974609e+00	2.831200599670410156e+00	2.818722486495971680e+00	2.810349702835083008e+00	2.804687976837158203e+00	2.800253391265869141e+00	2.796375274658203125e+00	2.793510198593139648e+00	2.792255163192749023e+00	2.792328119277954102e+00	2.792921781539916992e+00	2.793797492980957031e+00	2.795166969299316406e+00	2.796863079071044922e+00	2.798096656799316406e+00	2.797651529312133789e+00	2.794551134109497070e+00	2.789984226226806641e+00	2.786354303359985352e+00	2.785283565521240234e+00	2.787539720535278320e+00	2.793324232101440430e+00	2.802016258239746094e+00	2.811390399932861328e+00	2.817770242691040039e+00	2.818658351898193359e+00	2.815385818481445312e+00	2.810273885726928711e+00	2.804224252700805664e+00	2.798292636871337891e+00	2.793291091918945312e+00	2.789920091629028320e+00	2.788117170333862305e+00	2.787280082702636719e+00	2.787043333053588867e+00	2.787315368652343750e+00	2.788274288177490234e+00	2.790094614028930664e+00	2.792604207992553711e+00	2.795206546783447266e+00	2.797365903854370117e+00	2.798878669738769531e+00	2.799359798431396484e+00	2.798775434494018555e+00	2.797861576080322266e+00	2.797336578369140625e+00	2.797415733337402344e+00	2.797767400741577148e+00	2.798468112945556641e+00	2.799789190292358398e+00	2.801381111145019531e+00	2.803027391433715820e+00	2.804785251617431641e+00	2.807467937469482422e+00	2.810173034667968750e+00	2.808584213256835938e+00	2.802543401718139648e+00	2.797877311706542969e+00	2.796762943267822266e+00	2.797744750976562500e+00	2.799867153167724609e+00	2.804375410079956055e+00	2.813214063644409180e+00	2.827585220336914062e+00	2.847751379013061523e+00	2.872301816940307617e+00	2.897073984146118164e+00	2.915861606597900391e+00	2.921891212463378906e+00	2.911680698394775391e+00	2.891110658645629883e+00
2.817076444625854492e+00	2.809277296066284180e+00	2.802410840988159180e+00	2.797644376754760742e+00	2.795416355133056641e+00	2.794202804565429688e+00	2.792402505874633789e+00	2.789736270904541016e+00	2.787329673767089844e+00	2.786363363265991211e+00	2.786916732788085938e+00	2.788534164428710938e+00	2.790704488754272461e+00	2.792654514312744141e+00	2.793893098831176758e+00	2.794248104095458984e+00	2.792910099029541016e+00	2.789216756820678711e+00	2.784432888031005859e+00	2.780943155288696289e+00	2.780643939971923828e+00	2.784631490707397461e+00	2.793186187744140625e+00	2.804678440093994141e+00	2.814539432525634766e+00	2.819200515747070312e+00	2.815540790557861328e+00	2.807410240173339844e+00	2.801076173782348633e+00	2.796662092208862305e+00	2.792506456375122070e+00	2.789333581924438477e+00	2.787384986877441406e+00	2.786596059799194336e+00	2.786616563796997070e+00	2.786729574203491211e+00	2.786424875259399414e+00	2.786058664321899414e+00	2.786356449127197266e+00	2.787503480911254883e+00	2.789327621459960938e+00	2.791692018508911133e+00	2.794152259826660156e+00	2.795989274978637695e+00	2.796793937683105469e+00	2.797427177429199219e+00	2.799109697341918945e+00	2.802018165588378906e+00	2.805739402770996094e+00	2.808838367462158203e+00	2.811164617538452148e+00	2.813934564590454102e+00	2.816782712936401367e+00	2.821012973785400391e+00	2.826112031936645508e+00	2.830243587493896484e+00	2.828697919845581055e+00	2.821496486663818359e+00	2.814714670181274414e+00	2.810763597488403320e+00	2.808346271514892578e+00	2.805902719497680664e+00	2.802931547164916992e+00	2.799976348876953125e+00	2.798456192016601562e+00	2.799840688705444336e+00	2.804549455642700195e+00	2.811656236648559570e+00	2.819386720657348633e+00	2.825536251068115234e+00	2.827568769454956055e+00	2.824219226837158203e+00
2.843575239181518555e+00	2.826135873794555664e+00	2.812511682510375977e+00	2.803742408752441406e+00	2.799454689025878906e+00	2.798364877700805664e+00	2.798208236694335938e+00	2.797215223312377930e+00	2.796416759490966797e+00	2.795974254608154297e+00	2.794989824295043945e+00	2.793586969375610352e+00	2.792027950286865234e+00	2.789916992187500000e+00	2.787166357040405273e+00	2.783961534500122070e+00	2.780437946319580078e+00	2.776991605758666992e+00	2.774255990982055664e+00	2.773091554641723633e+00	2.774495124816894531e+00	2.779477834701538086e+00	2.788909912109375000e+00	2.803574085235595703e+00	2.824168205261230469e+00	2.847320318222045898e+00	2.853956699371337891e+00	2.840574026107788086e+00	2.824066400527954102e+00	2.808377027511596680e+00	2.794883489608764648e+00	2.785655260086059570e+00	2.780370712280273438e+00	2.778240680694580078e+00	2.778656482696533203e+00	2.780676364898681641e+00	2.783657312393188477e+00	2.787751197814941406e+00	2.792566537857055664e+00	2.796821832656860352e+00	2.798737049102783203e+00	2.797537565231323242e+00	2.794748783111572266e+00	2.792003631591796875e+00	2.790036439895629883e+00	2.788662672042846680e+00	2.787832021713256836e+00	2.788706541061401367e+00	2.791445016860961914e+00	2.795160531997680664e+00	2.799674749374389648e+00	2.804719448089599609e+00	2.808207035064697266e+00	2.809689283370971680e+00	2.809701919555664062e+00	2.808431386947631836e+00	2.807000160217285156e+00	2.805743932723999023e+00	2.803674697875976562e+00	2.800482034683227539e+00	2.797373771667480469e+00	2.795803308486938477e+00	2.796004533767700195e+00	2.798312902450561523e+00	2.805695772171020508e+00	2.818839073181152344e+00	2.836381435394287109e+00	2.854886770248413086e+00	2.869979143142700195e+00	2.877684593200683594e+00	2.874846696853637695e+00	2.861720085144042969e+00
2.881485223770141602e+00	2.858256816864013672e+00	2.841117620468139648e+00	2.829811334609985352e+00	2.823032855987548828e+00	2.819122076034545898e+00	2.816729068756103516e+00	2.815096855163574219e+00	2.814157247543334961e+00	2.814228057861328125e+00	2.815466403961181641e+00	2.817643165588378906e+00	2.819999933242797852e+00	2.821498632431030273e+00	2.821288824081420898e+00	2.819046020507812500e+00	2.815125465393066406e+00	2.810379981994628906e+00	2.805931806564331055e+00	2.802877664566040039e+00	2.802000045776367188e+00	2.803890705108642578e+00	2.809102773666381836e+00	2.818464279174804688e+00	2.833512306213378906e+00	2.857034444808959961e+00	2.892651796340942383e+00	2.929393768310546875e+00	2.924392223358154297e+00	2.887495756149291992e+00	2.855311632156372070e+00	2.834701538085937500e+00	2.822601556777954102e+00	2.815883636474609375e+00	2.812319278717041016e+00	2.810727834701538086e+00	2.810832262039184570e+00	2.812385320663452148e+00	2.814931869506835938e+00	2.817906856536865234e+00	2.820298910140991211e+00	2.821341037750244141e+00	2.820755481719970703e+00	2.818699598312377930e+00	2.815809726715087891e+00	2.812821388244628906e+00	2.810352325439453125e+00	2.809215784072875977e+00	2.810213565826416016e+00	2.813771724700927734e+00	2.819825172424316406e+00	2.827233791351318359e+00	2.833493709564208984e+00	2.834431171417236328e+00	2.828338861465454102e+00	2.821389913558959961e+00	2.817768812179565430e+00	2.816836357116699219e+00	2.816882848739624023e+00	2.817276477813720703e+00	2.818213939666748047e+00	2.820355892181396484e+00	2.825577497482299805e+00	2.836746931076049805e+00	2.855564832687377930e+00	2.881445646286010742e+00	2.911328315734863281e+00	2.939145088195800781e+00	2.955789089202880859e+00	2.954158306121826172e+00	2.935792207717895508e+00	2.908935785293579102e+00
2.886395692825317383e+00	2.862210273742675781e+00	2.844430446624755859e+00	2.832638740539550781e+00	2.825380802154541016e+00	2.821032524108886719e+00	2.818436384201049805e+00	2.816990137100219727e+00	2.816462039947509766e+00	2.816784381866455078e+00	2.817941665649414062e+00	2.819782495498657227e+00	2.821771621704101562e+00	2.822993278503417969e+00	2.822605371475219727e+00	2.820283889770507812e+00	2.816422462463378906e+00	2.811985492706298828e+00	2.808059453964233398e+00	2.805551290512084961e+00	2.805043935775756836e+00	2.806928157806396484e+00	2.811731576919555664e+00	2.820471048355102539e+00	2.834910392761230469e+00	2.858029365539550781e+00	2.893775463104248047e+00	2.931681871414184570e+00	2.925754308700561523e+00	2.888691902160644531e+00	2.856991052627563477e+00	2.836454391479492188e+00	2.824201107025146484e+00	2.817140817642211914e+00	2.813133955001831055e+00	2.811309099197387695e+00	2.811536312103271484e+00	2.813596248626708984e+00	2.816761016845703125e+00	2.820087671279907227e+00	2.822662115097045898e+00	2.823758363723754883e+00	2.823118209838867188e+00	2.820992469787597656e+00	2.817928791046142578e+00	2.814556360244750977e+00	2.811532020568847656e+00	2.809805393218994141e+00	2.810484647750854492e+00	2.814207792282104492e+00	2.820692777633666992e+00	2.828182935714721680e+00	2.833539009094238281e+00	2.832654237747192383e+00	2.825028896331787109e+00	2.817214488983154297e+00	2.813137531280517578e+00	2.812641382217407227e+00	2.814263343811035156e+00	2.816687107086181641e+00	2.819293975830078125e+00	2.822534322738647461e+00	2.828638792037963867e+00	2.840441226959228516e+00	2.859921693801879883e+00	2.886715650558471680e+00	2.917673826217651367e+00	2.946510791778564453e+00	2.963885784149169922e+00	2.962287902832031250e+00	2.943140983581542969e+00	2.915072441101074219e+00
2.946042776107788086e+00	2.933113813400268555e+00	2.910905599594116211e+00	2.884846210479736328e+00	2.860251188278198242e+00	2.840296506881713867e+00	2.826127052307128906e+00	2.817461967468261719e+00	2.812940835952758789e+00	2.810531854629516602e+00	2.808592796325683594e+00	2.806560277938842773e+00	2.804612636566162109e+00	2.803012371063232422e+00	2.801926851272583008e+00	2.801774978637695312e+00	2.803459167480468750e+00	2.808277606964111328e+00	2.816637992858886719e+00	2.825102806091308594e+00	2.834940195083618164e+00	2.844694614410400391e+00	2.851655006408691406e+00	2.852856397628784180e+00	2.851612567901611328e+00	2.848793268203735352e+00	2.856536865234375000e+00	2.857887983322143555e+00	2.837616443634033203e+00	2.819792747497558594e+00	2.809624433517456055e+00	2.804848432540893555e+00	2.803501844406127930e+00	2.804200410842895508e+00	2.805778741836547852e+00	2.807168483734130859e+00	2.807801008224487305e+00	2.807683229446411133e+00	2.806999921798706055e+00	2.805917501449584961e+00	2.804619073867797852e+00	2.803264141082763672e+00	2.802251338958740234e+00	2.802061796188354492e+00	2.802934885025024414e+00	2.805686712265014648e+00	2.812399625778198242e+00	2.825252771377563477e+00	2.845143795013427734e+00	2.865396976470947266e+00	2.866015195846557617e+00	2.859742879867553711e+00	2.851460456848144531e+00	2.832762241363525391e+00	2.818484783172607422e+00	2.809077024459838867e+00	2.803428411483764648e+00	2.801155805587768555e+00	2.801241159439086914e+00	2.802576780319213867e+00	2.804130077362060547e+00	2.805529594421386719e+00	2.807515382766723633e+00	2.810798883438110352e+00	2.817252397537231445e+00	2.828663587570190430e+00	2.845823764801025391e+00	2.867984533309936523e+00	2.892771482467651367e+00	2.916796207427978516e+00	2.936061620712280273e+00	2.946777343750000000e+00
2.945873498916625977e+00	2.960618734359741211e+00	2.958602666854858398e+00	2.940405845642089844e+00	2.913462638854980469e+00	2.885751962661743164e+00	2.862319946289062500e+00	2.845454931259155273e+00	2.835247755050659180e+00	2.829766273498535156e+00	2.826104402542114258e+00	2.822513341903686523e+00	2.818956613540649414e+00	2.816616535186767578e+00	2.816997766494750977e+00	2.821683168411254883e+00	2.834579944610595703e+00	2.862945556640625000e+00	2.914102315902709961e+00	2.963030815124511719e+00	2.987724304199218750e+00	2.935392141342163086e+00	2.890520095825195312e+00	2.862866878509521484e+00	2.843088150024414062e+00	2.829589128494262695e+00	2.822122097015380859e+00	2.819283246994018555e+00	2.819305419921875000e+00	2.821157217025756836e+00	2.824299335479736328e+00	2.827533245086669922e+00	2.830738544464111328e+00	2.833707809448242188e+00	2.835510492324829102e+00	2.834743738174438477e+00	2.831130027770996094e+00	2.826370000839233398e+00	2.822251081466674805e+00	2.819697141647338867e+00	2.819069623947143555e+00	2.820507287979125977e+00	2.824244976043701172e+00	2.830924987792968750e+00	2.841876745223999023e+00	2.859231472015380859e+00	2.885431289672851562e+00	2.922178983688354492e+00	2.961365699768066406e+00	2.944699048995971680e+00	2.896136522293090820e+00	2.864868879318237305e+00	2.845709085464477539e+00	2.833234071731567383e+00	2.825191497802734375e+00	2.820639610290527344e+00	2.818822383880615234e+00	2.819127082824707031e+00	2.820913553237915039e+00	2.823302507400512695e+00	2.825726032257080078e+00	2.828309535980224609e+00	2.831127405166625977e+00	2.834007978439331055e+00	2.836487293243408203e+00	2.838444709777832031e+00	2.840826034545898438e+00	2.845424175262451172e+00	2.854825496673583984e+00	2.871072530746459961e+00	2.894099235534667969e+00	2.920965909957885742e+00
2.932900905609130859e+00	2.948163270950317383e+00	2.947602272033691406e+00	2.930874824523925781e+00	2.904849767684936523e+00	2.877671957015991211e+00	2.854528188705444336e+00	2.837671756744384766e+00	2.827227592468261719e+00	2.821648120880126953e+00	2.818401813507080078e+00	2.815515518188476562e+00	2.812569379806518555e+00	2.810379266738891602e+00	2.810398101806640625e+00	2.814835786819458008e+00	2.827767610549926758e+00	2.857285022735595703e+00	2.911317348480224609e+00	2.970232248306274414e+00	2.967924118041992188e+00	2.920475244522094727e+00	2.879853963851928711e+00	2.853921175003051758e+00	2.835241556167602539e+00	2.822588920593261719e+00	2.815710306167602539e+00	2.813375473022460938e+00	2.813638687133789062e+00	2.815093994140625000e+00	2.817401647567749023e+00	2.820513486862182617e+00	2.824025869369506836e+00	2.827119350433349609e+00	2.828697443008422852e+00	2.827778577804565430e+00	2.824415683746337891e+00	2.819982290267944336e+00	2.816104888916015625e+00	2.813817262649536133e+00	2.813571214675903320e+00	2.815497398376464844e+00	2.819849491119384766e+00	2.827447414398193359e+00	2.839978933334350586e+00	2.860004186630249023e+00	2.890564680099487305e+00	2.932953119277954102e+00	2.970637559890747070e+00	2.936326265335083008e+00	2.886685609817504883e+00	2.856392621994018555e+00	2.837580442428588867e+00	2.825533151626586914e+00	2.818158626556396484e+00	2.814323186874389648e+00	2.813143014907836914e+00	2.813862323760986328e+00	2.815772771835327148e+00	2.818186998367309570e+00	2.820703506469726562e+00	2.823252916336059570e+00	2.825773954391479492e+00	2.828121900558471680e+00	2.830129623413085938e+00	2.831723213195800781e+00	2.833412885665893555e+00	2.837044239044189453e+00	2.845491170883178711e+00	2.860784292221069336e+00	2.882716178894042969e+00	2.908521890640258789e+00
2.923898220062255859e+00	2.941407680511474609e+00	2.944854259490966797e+00	2.932039499282836914e+00	2.908169031143188477e+00	2.881374835968017578e+00	2.857492923736572266e+00	2.839308261871337891e+00	2.827393531799316406e+00	2.820681571960449219e+00	2.816910982131958008e+00	2.813954114913940430e+00	2.811057806015014648e+00	2.808828830718994141e+00	2.808621168136596680e+00	2.812492609024047852e+00	2.824331045150756836e+00	2.852307319641113281e+00	2.908030271530151367e+00	2.964079141616821289e+00	2.949524164199829102e+00	2.905152559280395508e+00	2.868406295776367188e+00	2.844619274139404297e+00	2.828210592269897461e+00	2.817816734313964844e+00	2.812845230102539062e+00	2.811919927597045898e+00	2.813034534454345703e+00	2.814885616302490234e+00	2.817288637161254883e+00	2.820338010787963867e+00	2.823566675186157227e+00	2.826004981994628906e+00	2.826628684997558594e+00	2.824886798858642578e+00	2.821290969848632812e+00	2.817206859588623047e+00	2.813980817794799805e+00	2.812447071075439453e+00	2.812994003295898438e+00	2.815830945968627930e+00	2.821364879608154297e+00	2.830540657043457031e+00	2.845215797424316406e+00	2.868144035339355469e+00	2.901509046554565430e+00	2.941369295120239258e+00	2.960498332977294922e+00	2.920981645584106445e+00	2.876936674118041992e+00	2.849889039993286133e+00	2.832838773727416992e+00	2.821708440780639648e+00	2.814965724945068359e+00	2.811735391616821289e+00	2.811204195022583008e+00	2.812558889389038086e+00	2.814895153045654297e+00	2.817409515380859375e+00	2.819812536239624023e+00	2.822135210037231445e+00	2.824366569519042969e+00	2.826413154602050781e+00	2.828169584274291992e+00	2.829610824584960938e+00	2.831154108047485352e+00	2.834286212921142578e+00	2.841531991958618164e+00	2.855003595352172852e+00	2.874952554702758789e+00	2.899394989013671875e+00
2.860736370086669922e+00	2.885052680969238281e+00	2.905079603195190430e+00	2.912835359573364258e+00	2.904481172561645508e+00	2.884425401687622070e+00	2.860869884490966797e+00	2.839815855026245117e+00	2.823861837387084961e+00	2.813408613204956055e+00	2.807221412658691406e+00	2.803307533264160156e+00	2.800253629684448242e+00	2.797855854034423828e+00	2.796876430511474609e+00	2.798695087432861328e+00	2.805613994598388672e+00	2.821781396865844727e+00	2.851704597473144531e+00	2.882651567459106445e+00	2.872979640960693359e+00	2.847009897232055664e+00	2.825641870498657227e+00	2.811122179031372070e+00	2.802206516265869141e+00	2.798336982727050781e+00	2.798608303070068359e+00	2.801249265670776367e+00	2.804455757141113281e+00	2.807577610015869141e+00	2.810453176498413086e+00	2.812640190124511719e+00	2.813507795333862305e+00	2.812572479248046875e+00	2.809826850891113281e+00	2.805978059768676758e+00	2.802183389663696289e+00	2.799670457839965820e+00	2.799386501312255859e+00	2.801704645156860352e+00	2.806441783905029297e+00	2.813452005386352539e+00	2.823770046234130859e+00	2.839362859725952148e+00	2.862793684005737305e+00	2.895458459854125977e+00	2.927284955978393555e+00	2.917795658111572266e+00	2.885963678359985352e+00	2.856502532958984375e+00	2.835071563720703125e+00	2.820933818817138672e+00	2.811670303344726562e+00	2.805930137634277344e+00	2.803078174591064453e+00	2.802643299102783203e+00	2.804011106491088867e+00	2.806424856185913086e+00	2.809076786041259766e+00	2.811168193817138672e+00	2.812050580978393555e+00	2.812099456787109375e+00	2.812000036239624023e+00	2.811863422393798828e+00	2.811651706695556641e+00	2.811256408691406250e+00	2.810435056686401367e+00	2.809375047683715820e+00	2.809489965438842773e+00	2.813280105590820312e+00	2.822739124298095703e+00	2.838794708251953125e+00
2.853770494461059570e+00	2.878684759140014648e+00	2.904954195022583008e+00	2.925772190093994141e+00	2.933380603790283203e+00	2.924707174301147461e+00	2.904118776321411133e+00	2.879245281219482422e+00	2.856126546859741211e+00	2.838006973266601562e+00	2.825511455535888672e+00	2.817311048507690430e+00	2.811364412307739258e+00	2.806512355804443359e+00	2.802895307540893555e+00	2.801400184631347656e+00	2.804321765899658203e+00	2.814426660537719727e+00	2.832122325897216797e+00	2.847583055496215820e+00	2.843418121337890625e+00	2.829646825790405273e+00	2.817031383514404297e+00	2.808238744735717773e+00	2.803845882415771484e+00	2.803828001022338867e+00	2.807167530059814453e+00	2.811217784881591797e+00	2.814474105834960938e+00	2.816848754882812500e+00	2.818440675735473633e+00	2.819029569625854492e+00	2.818197488784790039e+00	2.815812587738037109e+00	2.812093973159790039e+00	2.807770729064941406e+00	2.804267883300781250e+00	2.802799701690673828e+00	2.803818941116333008e+00	2.807250976562500000e+00	2.813166618347167969e+00	2.822330236434936523e+00	2.836180448532104492e+00	2.856887340545654297e+00	2.887089014053344727e+00	2.912634849548339844e+00	2.909544944763183594e+00	2.893711805343627930e+00	2.867569208145141602e+00	2.843956947326660156e+00	2.827680110931396484e+00	2.817787647247314453e+00	2.812120914459228516e+00	2.809221267700195312e+00	2.808106422424316406e+00	2.808117866516113281e+00	2.809100866317749023e+00	2.810883283615112305e+00	2.812782764434814453e+00	2.814046859741210938e+00	2.814299345016479492e+00	2.813781261444091797e+00	2.813069581985473633e+00	2.812372446060180664e+00	2.811734914779663086e+00	2.811290502548217773e+00	2.811127901077270508e+00	2.811226367950439453e+00	2.811923503875732422e+00	2.814586162567138672e+00	2.821395874023437500e+00	2.834233283996582031e+00
2.869720697402954102e+00	2.896953344345092773e+00	2.925912380218505859e+00	2.949959039688110352e+00	2.960549831390380859e+00	2.952922821044921875e+00	2.930900573730468750e+00	2.903055191040039062e+00	2.876326560974121094e+00	2.854485511779785156e+00	2.838539600372314453e+00	2.827552080154418945e+00	2.819785118103027344e+00	2.813990354537963867e+00	2.809906005859375000e+00	2.808092594146728516e+00	2.810467004776000977e+00	2.819789171218872070e+00	2.835728883743286133e+00	2.847144603729248047e+00	2.843374967575073242e+00	2.831314086914062500e+00	2.819716453552246094e+00	2.812006473541259766e+00	2.808911800384521484e+00	2.810180664062500000e+00	2.814109563827514648e+00	2.817729473114013672e+00	2.820465803146362305e+00	2.822499513626098633e+00	2.823840618133544922e+00	2.824219226837158203e+00	2.822909593582153320e+00	2.819837808609008789e+00	2.815765380859375000e+00	2.811656713485717773e+00	2.808643341064453125e+00	2.807656288146972656e+00	2.809097528457641602e+00	2.813012123107910156e+00	2.819567203521728516e+00	2.829528570175170898e+00	2.844452381134033203e+00	2.866216659545898438e+00	2.891297817230224609e+00	2.901059150695800781e+00	2.891491413116455078e+00	2.869809627532958984e+00	2.848151683807373047e+00	2.832431793212890625e+00	2.822256088256835938e+00	2.816183328628540039e+00	2.812645196914672852e+00	2.810986995697021484e+00	2.810939311981201172e+00	2.812069654464721680e+00	2.814023733139038086e+00	2.816221237182617188e+00	2.817844629287719727e+00	2.818410634994506836e+00	2.818043708801269531e+00	2.817260742187500000e+00	2.816543340682983398e+00	2.816122293472290039e+00	2.816016435623168945e+00	2.816227912902832031e+00	2.816816806793212891e+00	2.817885875701904297e+00	2.819929361343383789e+00	2.824285030364990234e+00	2.833026885986328125e+00	2.847974061965942383e+00
2.872152566909790039e+00	2.899761438369750977e+00	2.927671909332275391e+00	2.948732376098632812e+00	2.954715967178344727e+00	2.942914485931396484e+00	2.918545961380004883e+00	2.890479564666748047e+00	2.865059137344360352e+00	2.844994068145751953e+00	2.830732822418212891e+00	2.820971488952636719e+00	2.813751697540283203e+00	2.807757616043090820e+00	2.803462505340576172e+00	2.802384614944458008e+00	2.806172847747802734e+00	2.817142486572265625e+00	2.836339950561523438e+00	2.850022554397583008e+00	2.844348669052124023e+00	2.830259799957275391e+00	2.816434621810913086e+00	2.806788206100463867e+00	2.802163124084472656e+00	2.801851034164428711e+00	2.804597139358520508e+00	2.808693647384643555e+00	2.812413692474365234e+00	2.815043926239013672e+00	2.816591739654541016e+00	2.817011356353759766e+00	2.816120147705078125e+00	2.813849925994873047e+00	2.810558795928955078e+00	2.807189226150512695e+00	2.804787635803222656e+00	2.804107427597045898e+00	2.805426359176635742e+00	2.808734178543090820e+00	2.814208030700683594e+00	2.822559833526611328e+00	2.834513187408447266e+00	2.848607540130615234e+00	2.859649896621704102e+00	2.862381935119628906e+00	2.856321573257446289e+00	2.844993829727172852e+00	2.833867311477661133e+00	2.825354814529418945e+00	2.819362163543701172e+00	2.814546823501586914e+00	2.811077356338500977e+00	2.809894561767578125e+00	2.810396909713745117e+00	2.811361789703369141e+00	2.812583684921264648e+00	2.814067125320434570e+00	2.814693927764892578e+00	2.814081430435180664e+00	2.812797546386718750e+00	2.811559677124023438e+00	2.810837268829345703e+00	2.810803174972534180e+00	2.811290979385375977e+00	2.812008142471313477e+00	2.812861442565917969e+00	2.814069509506225586e+00	2.816469192504882812e+00	2.821772098541259766e+00	2.832173824310302734e+00	2.849009037017822266e+00
2.843503713607788086e+00	2.864240646362304688e+00	2.889168739318847656e+00	2.914991378784179688e+00	2.935770034790039062e+00	2.943244218826293945e+00	2.932355880737304688e+00	2.909539937973022461e+00	2.883631229400634766e+00	2.860129833221435547e+00	2.841565608978271484e+00	2.828345537185668945e+00	2.819046497344970703e+00	2.811885118484497070e+00	2.806778669357299805e+00	2.804328203201293945e+00	2.804605960845947266e+00	2.807135343551635742e+00	2.810815811157226562e+00	2.813315868377685547e+00	2.812621355056762695e+00	2.809009552001953125e+00	2.804738998413085938e+00	2.801934480667114258e+00	2.801738023757934570e+00	2.804187297821044922e+00	2.808211088180541992e+00	2.812146663665771484e+00	2.814702510833740234e+00	2.815501451492309570e+00	2.814771413803100586e+00	2.812975406646728516e+00	2.810510873794555664e+00	2.807566881179809570e+00	2.804626703262329102e+00	2.802712917327880859e+00	2.802534818649291992e+00	2.804310560226440430e+00	2.807937860488891602e+00	2.813207149505615234e+00	2.820213317871093750e+00	2.829449176788330078e+00	2.840348958969116211e+00	2.847011804580688477e+00	2.843274116516113281e+00	2.835003614425659180e+00	2.826734304428100586e+00	2.819966077804565430e+00	2.814834594726562500e+00	2.811165809631347656e+00	2.809081554412841797e+00	2.808583736419677734e+00	2.809469938278198242e+00	2.811376571655273438e+00	2.814279317855834961e+00	2.818347454071044922e+00	2.822306871414184570e+00	2.822951555252075195e+00	2.820340156555175781e+00	2.817025184631347656e+00	2.813369274139404297e+00	2.808477163314819336e+00	2.804356098175048828e+00	2.802260637283325195e+00	2.801916122436523438e+00	2.802842617034912109e+00	2.804670810699462891e+00	2.807150602340698242e+00	2.810063600540161133e+00	2.813616991043090820e+00	2.819063425064086914e+00	2.828488826751708984e+00
2.834139108657836914e+00	2.851513147354125977e+00	2.873734474182128906e+00	2.898286581039428711e+00	2.919958114624023438e+00	2.931501150131225586e+00	2.927750349044799805e+00	2.910217285156250000e+00	2.885876655578613281e+00	2.861854314804077148e+00	2.841995239257812500e+00	2.827158689498901367e+00	2.816623210906982422e+00	2.809180974960327148e+00	2.804056644439697266e+00	2.801343202590942383e+00	2.801193952560424805e+00	2.803020000457763672e+00	2.805790662765502930e+00	2.807909727096557617e+00	2.807664394378662109e+00	2.805174827575683594e+00	2.802163362503051758e+00	2.800525188446044922e+00	2.801316499710083008e+00	2.804447412490844727e+00	2.808799743652343750e+00	2.812682390213012695e+00	2.814860582351684570e+00	2.814971923828125000e+00	2.813300848007202148e+00	2.810466766357421875e+00	2.807134151458740234e+00	2.803923130035400391e+00	2.801656484603881836e+00	2.801159143447875977e+00	2.802656173706054688e+00	2.805887699127197266e+00	2.810687541961669922e+00	2.816602706909179688e+00	2.824775695800781250e+00	2.835738182067871094e+00	2.846058130264282227e+00	2.848563909530639648e+00	2.844128370285034180e+00	2.836739063262939453e+00	2.828599214553833008e+00	2.822248458862304688e+00	2.818030118942260742e+00	2.814567089080810547e+00	2.811661958694458008e+00	2.809933662414550781e+00	2.810027837753295898e+00	2.812068223953247070e+00	2.815701723098754883e+00	2.819933176040649414e+00	2.822516679763793945e+00	2.822022438049316406e+00	2.819127082824707031e+00	2.814623832702636719e+00	2.809733629226684570e+00	2.805631875991821289e+00	2.802766084671020508e+00	2.801457166671752930e+00	2.801414728164672852e+00	2.802118301391601562e+00	2.803326845169067383e+00	2.805087566375732422e+00	2.807546854019165039e+00	2.810785770416259766e+00	2.815249204635620117e+00	2.822360515594482422e+00
2.822405815124511719e+00	2.837110757827758789e+00	2.857166051864624023e+00	2.880583286285400391e+00	2.902564525604248047e+00	2.915949344635009766e+00	2.914572715759277344e+00	2.898852348327636719e+00	2.875701189041137695e+00	2.852356433868408203e+00	2.833047866821289062e+00	2.819237709045410156e+00	2.810367107391357422e+00	2.804878711700439453e+00	2.801565647125244141e+00	2.800048112869262695e+00	2.800422191619873047e+00	2.802422285079956055e+00	2.805015087127685547e+00	2.806601047515869141e+00	2.805677890777587891e+00	2.802385807037353516e+00	2.799085378646850586e+00	2.797637462615966797e+00	2.798859596252441406e+00	2.802634716033935547e+00	2.807840824127197266e+00	2.812269687652587891e+00	2.813904285430908203e+00	2.812785863876342773e+00	2.809957742691040039e+00	2.806318521499633789e+00	2.802579879760742188e+00	2.799398899078369141e+00	2.797537803649902344e+00	2.797476530075073242e+00	2.798907041549682617e+00	2.801193475723266602e+00	2.805078983306884766e+00	2.811141014099121094e+00	2.819822072982788086e+00	2.831378459930419922e+00	2.841302633285522461e+00	2.840811491012573242e+00	2.834330081939697266e+00	2.826254367828369141e+00	2.818555116653442383e+00	2.812238931655883789e+00	2.807817220687866211e+00	2.804972410202026367e+00	2.804266691207885742e+00	2.806348562240600586e+00	2.809728622436523438e+00	2.812517166137695312e+00	2.815653324127197266e+00	2.819433212280273438e+00	2.821787595748901367e+00	2.821047782897949219e+00	2.817674636840820312e+00	2.811413288116455078e+00	2.804601669311523438e+00	2.799557685852050781e+00	2.796694755554199219e+00	2.795625686645507812e+00	2.795875072479248047e+00	2.797108650207519531e+00	2.799012660980224609e+00	2.801193475723266602e+00	2.803345918655395508e+00	2.805464982986450195e+00	2.808229684829711914e+00	2.813221216201782227e+00
2.824407339096069336e+00	2.835616111755371094e+00	2.852745771408081055e+00	2.875305175781250000e+00	2.900871992111206055e+00	2.924535274505615234e+00	2.939031362533569336e+00	2.938267946243286133e+00	2.922557115554809570e+00	2.898468494415283203e+00	2.873398780822753906e+00	2.852094650268554688e+00	2.836462497711181641e+00	2.826121807098388672e+00	2.819430112838745117e+00	2.814633131027221680e+00	2.811367034912109375e+00	2.809711933135986328e+00	2.809099197387695312e+00	2.808953762054443359e+00	2.808796882629394531e+00	2.808396577835083008e+00	2.808490991592407227e+00	2.809785842895507812e+00	2.812321662902832031e+00	2.816043376922607422e+00	2.820180177688598633e+00	2.823029041290283203e+00	2.823286533355712891e+00	2.821155786514282227e+00	2.817684412002563477e+00	2.814138889312744141e+00	2.811230182647705078e+00	2.808856964111328125e+00	2.808392286300659180e+00	2.810791730880737305e+00	2.816329240798950195e+00	2.824985027313232422e+00	2.836062192916870117e+00	2.850789070129394531e+00	2.871900081634521484e+00	2.899242162704467773e+00	2.918263435363769531e+00	2.896829843521118164e+00	2.861428976058959961e+00	2.839788675308227539e+00	2.826534986495971680e+00	2.818030357360839844e+00	2.812639474868774414e+00	2.809734582901000977e+00	2.809082746505737305e+00	2.810407876968383789e+00	2.813256025314331055e+00	2.817009925842285156e+00	2.820909738540649414e+00	2.824027299880981445e+00	2.825392484664916992e+00	2.824239730834960938e+00	2.820503234863281250e+00	2.815249443054199219e+00	2.810490608215332031e+00	2.807615518569946289e+00	2.806729316711425781e+00	2.807221889495849609e+00	2.808100700378417969e+00	2.808394193649291992e+00	2.808153629302978516e+00	2.808224201202392578e+00	2.809197902679443359e+00	2.811194896697998047e+00	2.814092874526977539e+00	2.818015575408935547e+00
2.811732769012451172e+00	2.819657564163208008e+00	2.833669185638427734e+00	2.853986740112304688e+00	2.878447294235229492e+00	2.902117013931274414e+00	2.917290210723876953e+00	2.917240381240844727e+00	2.902447462081909180e+00	2.879981517791748047e+00	2.857053041458129883e+00	2.837937593460083008e+00	2.824217319488525391e+00	2.815387725830078125e+00	2.809897899627685547e+00	2.806389570236206055e+00	2.804246425628662109e+00	2.803170204162597656e+00	2.802784919738769531e+00	2.802696228027343750e+00	2.802605628967285156e+00	2.802534103393554688e+00	2.802948236465454102e+00	2.804462909698486328e+00	2.807428359985351562e+00	2.811510086059570312e+00	2.815469026565551758e+00	2.817759037017822266e+00	2.817569494247436523e+00	2.815094709396362305e+00	2.811194658279418945e+00	2.806868553161621094e+00	2.803042173385620117e+00	2.800731420516967773e+00	2.800787925720214844e+00	2.803669452667236328e+00	2.809700250625610352e+00	2.819156408309936523e+00	2.832604169845581055e+00	2.851764678955078125e+00	2.879728078842163086e+00	2.917845010757446289e+00	2.936414480209350586e+00	2.894743680953979492e+00	2.857771873474121094e+00	2.834655523300170898e+00	2.820343732833862305e+00	2.811506986618041992e+00	2.806169033050537109e+00	2.803364992141723633e+00	2.802779912948608398e+00	2.804176330566406250e+00	2.807090520858764648e+00	2.810821533203125000e+00	2.814542531967163086e+00	2.817356348037719727e+00	2.818444967269897461e+00	2.817226409912109375e+00	2.813718557357788086e+00	2.809059619903564453e+00	2.805029392242431641e+00	2.802725076675415039e+00	2.802092552185058594e+00	2.802351713180541992e+00	2.802534818649291992e+00	2.802009344100952148e+00	2.801068305969238281e+00	2.800740242004394531e+00	2.801644325256347656e+00	2.803489446640014648e+00	2.805593729019165039e+00	2.807886123657226562e+00
2.814422369003295898e+00	2.822472095489501953e+00	2.836606264114379883e+00	2.857030153274536133e+00	2.881602525711059570e+00	2.905418872833251953e+00	2.920756101608276367e+00	2.920833110809326172e+00	2.906048297882080078e+00	2.883413791656494141e+00	2.860152006149291992e+00	2.840592622756958008e+00	2.826395988464355469e+00	2.817132711410522461e+00	2.811283349990844727e+00	2.807485103607177734e+00	2.805138111114501953e+00	2.804024219512939453e+00	2.803837060928344727e+00	2.804055690765380859e+00	2.804203033447265625e+00	2.804334640502929688e+00	2.805040359497070312e+00	2.806923627853393555e+00	2.810121774673461914e+00	2.814146995544433594e+00	2.817827463150024414e+00	2.819746971130371094e+00	2.819184303283691406e+00	2.816378116607666016e+00	2.812239885330200195e+00	2.807841777801513672e+00	2.804150342941284180e+00	2.802037477493286133e+00	2.802285909652709961e+00	2.805502414703369141e+00	2.812072753906250000e+00	2.822254896163940430e+00	2.836816310882568359e+00	2.857978582382202148e+00	2.888735294342041016e+00	2.931484937667846680e+00	2.953842878341674805e+00	2.901623725891113281e+00	2.861031770706176758e+00	2.836804628372192383e+00	2.822052240371704102e+00	2.813028573989868164e+00	2.807654142379760742e+00	2.804881572723388672e+00	2.804277420043945312e+00	2.805538177490234375e+00	2.808217763900756836e+00	2.811666965484619141e+00	2.815121412277221680e+00	2.817772388458251953e+00	2.818874835968017578e+00	2.817796707153320312e+00	2.814415454864501953e+00	2.809818506240844727e+00	2.805821180343627930e+00	2.803556203842163086e+00	2.803008794784545898e+00	2.803441047668457031e+00	2.803872585296630859e+00	2.803451299667358398e+00	2.802325963973999023e+00	2.801833391189575195e+00	2.802865266799926758e+00	2.805123329162597656e+00	2.807737350463867188e+00	2.810391426086425781e+00
2.786345481872558594e+00	2.791914463043212891e+00	2.803603649139404297e+00	2.821555137634277344e+00	2.843509197235107422e+00	2.864067554473876953e+00	2.875301837921142578e+00	2.871888875961303711e+00	2.856199741363525391e+00	2.835533142089843750e+00	2.816206693649291992e+00	2.801351308822631836e+00	2.791455984115600586e+00	2.785529375076293945e+00	2.781984090805053711e+00	2.779660463333129883e+00	2.778404474258422852e+00	2.778368234634399414e+00	2.779296159744262695e+00	2.780306816101074219e+00	2.780461549758911133e+00	2.779839515686035156e+00	2.779427766799926758e+00	2.780493497848510742e+00	2.784003257751464844e+00	2.789973497390747070e+00	2.797173976898193359e+00	2.802021265029907227e+00	2.801134109497070312e+00	2.796684026718139648e+00	2.791059970855712891e+00	2.785722732543945312e+00	2.781577110290527344e+00	2.779153108596801758e+00	2.778813123703002930e+00	2.780836105346679688e+00	2.785400629043579102e+00	2.792525291442871094e+00	2.802020549774169922e+00	2.813773393630981445e+00	2.828583478927612305e+00	2.848910093307495117e+00	2.864859819412231445e+00	2.844274282455444336e+00	2.824955940246582031e+00	2.810044527053833008e+00	2.798633337020874023e+00	2.790796518325805664e+00	2.786059856414794922e+00	2.783865690231323242e+00	2.783468961715698242e+00	2.784298181533813477e+00	2.786012172698974609e+00	2.788063526153564453e+00	2.790080070495605469e+00	2.791994571685791016e+00	2.793412446975708008e+00	2.793381929397583008e+00	2.791450738906860352e+00	2.788076162338256836e+00	2.784235000610351562e+00	2.781486511230468750e+00	2.780266284942626953e+00	2.780190229415893555e+00	2.780586481094360352e+00	2.780846834182739258e+00	2.780992031097412109e+00	2.781672000885009766e+00	2.783131361007690430e+00	2.784654140472412109e+00	2.785224199295043945e+00	2.785060882568359375e+00
2.762534141540527344e+00	2.763199806213378906e+00	2.767441511154174805e+00	2.775264263153076172e+00	2.785518646240234375e+00	2.795460939407348633e+00	2.801213741302490234e+00	2.800515174865722656e+00	2.794523239135742188e+00	2.786181211471557617e+00	2.777985334396362305e+00	2.771163463592529297e+00	2.765913248062133789e+00	2.762028932571411133e+00	2.759221076965332031e+00	2.757286071777343750e+00	2.756387710571289062e+00	2.756698608398437500e+00	2.757739305496215820e+00	2.758414030075073242e+00	2.758056163787841797e+00	2.757330179214477539e+00	2.757549524307250977e+00	2.759765863418579102e+00	2.764711380004882812e+00	2.772670507431030273e+00	2.782653570175170898e+00	2.790117979049682617e+00	2.789967298507690430e+00	2.783923149108886719e+00	2.775863409042358398e+00	2.768682718276977539e+00	2.763654947280883789e+00	2.760832309722900391e+00	2.759765863418579102e+00	2.759975671768188477e+00	2.761209487915039062e+00	2.763432025909423828e+00	2.766692638397216797e+00	2.771142959594726562e+00	2.777236223220825195e+00	2.786108732223510742e+00	2.796959400177001953e+00	2.795494079589843750e+00	2.787667989730834961e+00	2.780938863754272461e+00	2.775349617004394531e+00	2.770596981048583984e+00	2.766498804092407227e+00	2.763237714767456055e+00	2.760878801345825195e+00	2.759572029113769531e+00	2.759197711944580078e+00	2.759417295455932617e+00	2.759947776794433594e+00	2.760640382766723633e+00	2.761277914047241211e+00	2.761431694030761719e+00	2.761102437973022461e+00	2.760677814483642578e+00	2.760545015335083008e+00	2.760818958282470703e+00	2.761305332183837891e+00	2.761788845062255859e+00	2.762152194976806641e+00	2.762438297271728516e+00	2.763113498687744141e+00	2.764723777770996094e+00	2.766931295394897461e+00	2.768213748931884766e+00	2.767180681228637695e+00	2.764518260955810547e+00
2.773240566253662109e+00	2.773618698120117188e+00	2.774020195007324219e+00	2.774618625640869141e+00	2.775293588638305664e+00	2.775655746459960938e+00	2.775364875793457031e+00	2.774458646774291992e+00	2.773320674896240234e+00	2.772290945053100586e+00	2.771622657775878906e+00	2.771645069122314453e+00	2.772579908370971680e+00	2.774085760116577148e+00	2.775493383407592773e+00	2.776389598846435547e+00	2.776674985885620117e+00	2.776318073272705078e+00	2.775458812713623047e+00	2.774394035339355469e+00	2.773379325866699219e+00	2.772544384002685547e+00	2.771843910217285156e+00	2.771256208419799805e+00	2.770938158035278320e+00	2.771110773086547852e+00	2.771811246871948242e+00	2.772617816925048828e+00	2.772830963134765625e+00	2.772184848785400391e+00	2.771003484725952148e+00	2.769763469696044922e+00	2.768958091735839844e+00	2.768833160400390625e+00	2.769308328628540039e+00	2.770251512527465820e+00	2.771585226058959961e+00	2.773123025894165039e+00	2.774626016616821289e+00	2.776062488555908203e+00	2.777496576309204102e+00	2.778579950332641602e+00	2.778727054595947266e+00	2.778467416763305664e+00	2.778312921524047852e+00	2.777910709381103516e+00	2.777178525924682617e+00	2.776394844055175781e+00	2.775554656982421875e+00	2.774745702743530273e+00	2.774369716644287109e+00	2.774599075317382812e+00	2.775371074676513672e+00	2.776599407196044922e+00	2.778225183486938477e+00	2.779890537261962891e+00	2.780819416046142578e+00	2.780314922332763672e+00	2.778558254241943359e+00	2.776381492614746094e+00	2.774315357208251953e+00	2.772521018981933594e+00	2.771222829818725586e+00	2.770669698715209961e+00	2.770785331726074219e+00	2.771225214004516602e+00	2.771669626235961914e+00	2.771956443786621094e+00	2.772072553634643555e+00	2.772154092788696289e+00	2.772380352020263672e+00	2.772786378860473633e+00
2.752717971801757812e+00	2.752823829650878906e+00	2.753012418746948242e+00	2.753190994262695312e+00	2.753149271011352539e+00	2.752798080444335938e+00	2.752253532409667969e+00	2.751594781875610352e+00	2.750830173492431641e+00	2.750010728836059570e+00	2.749328136444091797e+00	2.749075651168823242e+00	2.749414682388305664e+00	2.750181436538696289e+00	2.750935077667236328e+00	2.751450300216674805e+00	2.751774787902832031e+00	2.751858711242675781e+00	2.751785755157470703e+00	2.751796007156372070e+00	2.751918792724609375e+00	2.751933574676513672e+00	2.751769542694091797e+00	2.751574039459228516e+00	2.751446247100830078e+00	2.751455307006835938e+00	2.751641035079956055e+00	2.751954793930053711e+00	2.752266407012939453e+00	2.752389907836914062e+00	2.752200603485107422e+00	2.751725673675537109e+00	2.751104593276977539e+00	2.750483512878417969e+00	2.749943017959594727e+00	2.749500989913940430e+00	2.749167442321777344e+00	2.749006986618041992e+00	2.749122381210327148e+00	2.749588012695312500e+00	2.750380039215087891e+00	2.751336336135864258e+00	2.752157926559448242e+00	2.752490282058715820e+00	2.752166271209716797e+00	2.751400947570800781e+00	2.750601291656494141e+00	2.750104427337646484e+00	2.750091075897216797e+00	2.750581264495849609e+00	2.751453161239624023e+00	2.752387046813964844e+00	2.753031730651855469e+00	2.753378152847290039e+00	2.753660202026367188e+00	2.753957033157348633e+00	2.754147291183471680e+00	2.754100084304809570e+00	2.753752231597900391e+00	2.753153562545776367e+00	2.752526998519897461e+00	2.752112865447998047e+00	2.752021312713623047e+00	2.752193212509155273e+00	2.752437353134155273e+00	2.752579927444458008e+00	2.752617359161376953e+00	2.752629995346069336e+00	2.752647399902343750e+00	2.752663612365722656e+00	2.752673625946044922e+00	2.752682209014892578e+00
2.752641201019287109e+00	2.752364873886108398e+00	2.752049684524536133e+00	2.751740932464599609e+00	2.751488447189331055e+00	2.751324653625488281e+00	2.751231193542480469e+00	2.751110315322875977e+00	2.750797986984252930e+00	2.750186681747436523e+00	2.749421119689941406e+00	2.748836755752563477e+00	2.748647689819335938e+00	2.748829364776611328e+00	2.749248504638671875e+00	2.749779462814331055e+00	2.750299692153930664e+00	2.750727653503417969e+00	2.751139402389526367e+00	2.751675128936767578e+00	2.752278089523315430e+00	2.752632379531860352e+00	2.752480030059814453e+00	2.751974105834960938e+00	2.751443624496459961e+00	2.751110553741455078e+00	2.751074790954589844e+00	2.751297473907470703e+00	2.751607179641723633e+00	2.751753568649291992e+00	2.751538753509521484e+00	2.750950813293457031e+00	2.750159025192260742e+00	2.749387025833129883e+00	2.748795509338378906e+00	2.748463153839111328e+00	2.748416900634765625e+00	2.748669862747192383e+00	2.749224662780761719e+00	2.750051498413085938e+00	2.751027107238769531e+00	2.751908779144287109e+00	2.752389192581176758e+00	2.752223253250122070e+00	2.751419067382812500e+00	2.750361204147338867e+00	2.749593019485473633e+00	2.749473810195922852e+00	2.750041723251342773e+00	2.751112937927246094e+00	2.752355575561523438e+00	2.753253221511840820e+00	2.753459930419921875e+00	2.753142595291137695e+00	2.752715826034545898e+00	2.752466440200805664e+00	2.752388715744018555e+00	2.752277135848999023e+00	2.752016544342041016e+00	2.751651287078857422e+00	2.751299858093261719e+00	2.751118659973144531e+00	2.751213788986206055e+00	2.751557111740112305e+00	2.751995801925659180e+00	2.752355813980102539e+00	2.752581834793090820e+00	2.752731323242187500e+00	2.752849340438842773e+00	2.752927541732788086e+00	2.752933502197265625e+00	2.752839326858520508e+00
2.749279499053955078e+00	2.748966217041015625e+00	2.748808383941650391e+00	2.748786211013793945e+00	2.748868942260742188e+00	2.749043464660644531e+00	2.749307632446289062e+00	2.749634265899658203e+00	2.749950647354125977e+00	2.750151157379150391e+00	2.750143527984619141e+00	2.749886751174926758e+00	2.749410629272460938e+00	2.748812198638916016e+00	2.748227357864379883e+00	2.747782468795776367e+00	2.747579336166381836e+00	2.747693777084350586e+00	2.748146057128906250e+00	2.748845100402832031e+00	2.749519348144531250e+00	2.749798774719238281e+00	2.749561548233032227e+00	2.749046325683593750e+00	2.748560667037963867e+00	2.748299837112426758e+00	2.748342037200927734e+00	2.748669147491455078e+00	2.749147653579711914e+00	2.749526023864746094e+00	2.749611377716064453e+00	2.749466419219970703e+00	2.749278545379638672e+00	2.749157190322875977e+00	2.749109745025634766e+00	2.749133586883544922e+00	2.749289035797119141e+00	2.749666690826416016e+00	2.750311613082885742e+00	2.751155853271484375e+00	2.751943588256835938e+00	2.752269506454467773e+00	2.751870870590209961e+00	2.750900268554687500e+00	2.749751329421997070e+00	2.748802423477172852e+00	2.748334646224975586e+00	2.748478889465332031e+00	2.749157190322875977e+00	2.750065565109252930e+00	2.750768184661865234e+00	2.750966548919677734e+00	2.750701904296875000e+00	2.750248670578002930e+00	2.749891519546508789e+00	2.749801397323608398e+00	2.749973058700561523e+00	2.750245332717895508e+00	2.750459671020507812e+00	2.750592470169067383e+00	2.750693798065185547e+00	2.750800848007202148e+00	2.750917673110961914e+00	2.751016378402709961e+00	2.751064538955688477e+00	2.751063108444213867e+00	2.751036167144775391e+00	2.750982522964477539e+00	2.750865221023559570e+00	2.750617980957031250e+00	2.750210046768188477e+00	2.749722957611083984e+00
2.755672693252563477e+00	2.755972385406494141e+00	2.756357669830322266e+00	2.757145643234252930e+00	2.758586883544921875e+00	2.760375976562500000e+00	2.761883735656738281e+00	2.762655735015869141e+00	2.762542963027954102e+00	2.761719465255737305e+00	2.760558128356933594e+00	2.759442806243896484e+00	2.758639097213745117e+00	2.758272886276245117e+00	2.758371591567993164e+00	2.758875608444213867e+00	2.759580850601196289e+00	2.760060071945190430e+00	2.759808063507080078e+00	2.758732795715332031e+00	2.757345914840698242e+00	2.756297826766967773e+00	2.756085634231567383e+00	2.757106781005859375e+00	2.758862972259521484e+00	2.759401559829711914e+00	2.759704828262329102e+00	2.760026931762695312e+00	2.759250164031982422e+00	2.757358074188232422e+00	2.755331277847290039e+00	2.753999471664428711e+00	2.753544330596923828e+00	2.753737926483154297e+00	2.754175901412963867e+00	2.754615068435668945e+00	2.755223274230957031e+00	2.756309747695922852e+00	2.757963895797729492e+00	2.760283231735229492e+00	2.763497591018676758e+00	2.767491817474365234e+00	2.770869731903076172e+00	2.770421028137207031e+00	2.766473293304443359e+00	2.762348651885986328e+00	2.759707212448120117e+00	2.758445501327514648e+00	2.756966829299926758e+00	2.755416154861450195e+00	2.754565715789794922e+00	2.754398822784423828e+00	2.754729509353637695e+00	2.755350112915039062e+00	2.756104469299316406e+00	2.756916761398315430e+00	2.757618904113769531e+00	2.757988929748535156e+00	2.757987499237060547e+00	2.757725238800048828e+00	2.757302522659301758e+00	2.756779909133911133e+00	2.756232976913452148e+00	2.755762577056884766e+00	2.755429744720458984e+00	2.755220413208007812e+00	2.755099773406982422e+00	2.755055665969848633e+00	2.755014419555664062e+00	2.754960775375366211e+00	2.755064725875854492e+00	2.755353450775146484e+00
2.767413139343261719e+00	2.773367166519165039e+00	2.782677650451660156e+00	2.797677040100097656e+00	2.824088573455810547e+00	2.873901128768920898e+00	2.934080600738525391e+00	2.886707544326782227e+00	2.826163530349731445e+00	2.795963048934936523e+00	2.780664682388305664e+00	2.772516965866088867e+00	2.768200874328613281e+00	2.766118049621582031e+00	2.765490293502807617e+00	2.765899896621704102e+00	2.766950130462646484e+00	2.768000125885009766e+00	2.768358469009399414e+00	2.767832994461059570e+00	2.766716003417968750e+00	2.765447854995727539e+00	2.764533281326293945e+00	2.764429092407226562e+00	2.765374183654785156e+00	2.767144203186035156e+00	2.768990993499755859e+00	2.770301342010498047e+00	2.770333290100097656e+00	2.768908500671386719e+00	2.766835212707519531e+00	2.765116214752197266e+00	2.764111042022705078e+00	2.763630867004394531e+00	2.763318061828613281e+00	2.763139724731445312e+00	2.763527870178222656e+00	2.765228271484375000e+00	2.769262790679931641e+00	2.776635169982910156e+00	2.787667512893676758e+00	2.800438880920410156e+00	2.808446884155273438e+00	2.805209636688232422e+00	2.794251680374145508e+00	2.783196926116943359e+00	2.775056362152099609e+00	2.769138336181640625e+00	2.764752626419067383e+00	2.762133121490478516e+00	2.761177539825439453e+00	2.761526823043823242e+00	2.762727260589599609e+00	2.764322042465209961e+00	2.765926599502563477e+00	2.767192840576171875e+00	2.767860412597656250e+00	2.767897129058837891e+00	2.767503261566162109e+00	2.766998291015625000e+00	2.766601085662841797e+00	2.766328811645507812e+00	2.766090631484985352e+00	2.765794754028320312e+00	2.765385389328002930e+00	2.764848709106445312e+00	2.764190673828125000e+00	2.763432025909423828e+00	2.762632131576538086e+00	2.762039422988891602e+00	2.762243270874023438e+00	2.763870954513549805e+00
2.769634723663330078e+00	2.775728940963745117e+00	2.785025119781494141e+00	2.800379991531372070e+00	2.828726291656494141e+00	2.884122371673583984e+00	2.959197044372558594e+00	2.873370170593261719e+00	2.818189859390258789e+00	2.790498733520507812e+00	2.776315927505493164e+00	2.768929958343505859e+00	2.765460252761840820e+00	2.764484167098999023e+00	2.765015125274658203e+00	2.766048669815063477e+00	2.766847848892211914e+00	2.766856908798217773e+00	2.765854358673095703e+00	2.764232158660888672e+00	2.762772083282470703e+00	2.762103557586669922e+00	2.762412548065185547e+00	2.763336658477783203e+00	2.764287233352661133e+00	2.764820575714111328e+00	2.764688491821289062e+00	2.763923406600952148e+00	2.762847661972045898e+00	2.761860609054565430e+00	2.761188507080078125e+00	2.760794878005981445e+00	2.760525226593017578e+00	2.760309457778930664e+00	2.760257244110107422e+00	2.760613679885864258e+00	2.761677742004394531e+00	2.763827323913574219e+00	2.767689228057861328e+00	2.774243116378784180e+00	2.784345626831054688e+00	2.796841382980346680e+00	2.805117368698120117e+00	2.802097082138061523e+00	2.791561603546142578e+00	2.780899524688720703e+00	2.772730112075805664e+00	2.767086267471313477e+00	2.763430118560791016e+00	2.761113405227661133e+00	2.759903907775878906e+00	2.759958744049072266e+00	2.761267662048339844e+00	2.763390541076660156e+00	2.765743732452392578e+00	2.767800331115722656e+00	2.769094467163085938e+00	2.769312381744384766e+00	2.768256664276123047e+00	2.766288280487060547e+00	2.764394044876098633e+00	2.763187885284423828e+00	2.762742757797241211e+00	2.762751817703247070e+00	2.762790441513061523e+00	2.762578725814819336e+00	2.762092590332031250e+00	2.761539697647094727e+00	2.761273860931396484e+00	2.761667728424072266e+00	2.763024330139160156e+00	2.765580177307128906e+00
2.763719797134399414e+00	2.769987583160400391e+00	2.779890060424804688e+00	2.796528339385986328e+00	2.827473640441894531e+00	2.886404037475585938e+00	2.956714630126953125e+00	2.870975017547607422e+00	2.812564373016357422e+00	2.784786701202392578e+00	2.770812988281250000e+00	2.763418197631835938e+00	2.759669780731201172e+00	2.758189916610717773e+00	2.758161783218383789e+00	2.758909225463867188e+00	2.759744167327880859e+00	2.760198831558227539e+00	2.760182142257690430e+00	2.759750127792358398e+00	2.759165525436401367e+00	2.758821964263916016e+00	2.758839607238769531e+00	2.758998155593872070e+00	2.759056091308593750e+00	2.758977651596069336e+00	2.758789539337158203e+00	2.758494615554809570e+00	2.758162975311279297e+00	2.757903099060058594e+00	2.757729530334472656e+00	2.757535696029663086e+00	2.757193088531494141e+00	2.756666898727416992e+00	2.756122589111328125e+00	2.755933761596679688e+00	2.756550550460815430e+00	2.758464336395263672e+00	2.762288808822631836e+00	2.768860578536987305e+00	2.778927326202392578e+00	2.791397333145141602e+00	2.799577951431274414e+00	2.796229600906372070e+00	2.785860061645507812e+00	2.775691509246826172e+00	2.767880916595458984e+00	2.762428760528564453e+00	2.759018898010253906e+00	2.757199048995971680e+00	2.756530761718750000e+00	2.756715774536132812e+00	2.757494926452636719e+00	2.758569002151489258e+00	2.759646892547607422e+00	2.760494947433471680e+00	2.760896205902099609e+00	2.760736465454101562e+00	2.760157108306884766e+00	2.759434461593627930e+00	2.758807182312011719e+00	2.758417606353759766e+00	2.758272171020507812e+00	2.758250474929809570e+00	2.758171558380126953e+00	2.757890701293945312e+00	2.757372856140136719e+00	2.756747245788574219e+00	2.756310939788818359e+00	2.756436824798583984e+00	2.757480382919311523e+00	2.759771108627319336e+00
2.763290882110595703e+00	2.769756555557250977e+00	2.779734373092651367e+00	2.796639204025268555e+00	2.828343391418457031e+00	2.887395381927490234e+00	2.933055639266967773e+00	2.854015827178955078e+00	2.800532102584838867e+00	2.776329040527343750e+00	2.764075517654418945e+00	2.757758378982543945e+00	2.755039453506469727e+00	2.754711866378784180e+00	2.755855798721313477e+00	2.757452726364135742e+00	2.758698463439941406e+00	2.759302377700805664e+00	2.759340524673461914e+00	2.759026050567626953e+00	2.758670091629028320e+00	2.758636236190795898e+00	2.758713960647583008e+00	2.758491039276123047e+00	2.758016586303710938e+00	2.757507562637329102e+00	2.757126331329345703e+00	2.756939649581909180e+00	2.756902694702148438e+00	2.756902217864990234e+00	2.756741762161254883e+00	2.756264209747314453e+00	2.755471229553222656e+00	2.754452466964721680e+00	2.753362178802490234e+00	2.752591609954833984e+00	2.752671957015991211e+00	2.754127979278564453e+00	2.757550477981567383e+00	2.763741970062255859e+00	2.773549318313598633e+00	2.786363840103149414e+00	2.795639514923095703e+00	2.793403148651123047e+00	2.784307479858398438e+00	2.775227069854736328e+00	2.768125534057617188e+00	2.763063430786132812e+00	2.759746313095092773e+00	2.757827281951904297e+00	2.756794214248657227e+00	2.756274461746215820e+00	2.756402969360351562e+00	2.757269382476806641e+00	2.758574485778808594e+00	2.759771823883056641e+00	2.760253906250000000e+00	2.759693622589111328e+00	2.758283853530883789e+00	2.756767988204956055e+00	2.755762815475463867e+00	2.755349159240722656e+00	2.755318164825439453e+00	2.755358695983886719e+00	2.755286216735839844e+00	2.755061626434326172e+00	2.754676103591918945e+00	2.754262208938598633e+00	2.754143953323364258e+00	2.754696846008300781e+00	2.756227016448974609e+00	2.758982658386230469e+00
2.773766994476318359e+00	2.773934364318847656e+00	2.773408651351928711e+00	2.772443294525146484e+00	2.771117448806762695e+00	2.769201040267944336e+00	2.766500711441040039e+00	2.762990713119506836e+00	2.759138345718383789e+00	2.756072521209716797e+00	2.754431724548339844e+00	2.754145860671997070e+00	2.754885673522949219e+00	2.756243705749511719e+00	2.757709980010986328e+00	2.758909940719604492e+00	2.759921073913574219e+00	2.761186361312866211e+00	2.763137102127075195e+00	2.765489339828491211e+00	2.767366170883178711e+00	2.768464565277099609e+00	2.769140005111694336e+00	2.769299268722534180e+00	2.768792629241943359e+00	2.768494844436645508e+00	2.769162893295288086e+00	2.770496845245361328e+00	2.771369695663452148e+00	2.770685911178588867e+00	2.768288135528564453e+00	2.764956951141357422e+00	2.761636257171630859e+00	2.758822679519653320e+00	2.756561994552612305e+00	2.754703044891357422e+00	2.753158330917358398e+00	2.752061367034912109e+00	2.751686573028564453e+00	2.752332687377929688e+00	2.754243373870849609e+00	2.757477760314941406e+00	2.761635065078735352e+00	2.765604972839355469e+00	2.768082380294799805e+00	2.768342733383178711e+00	2.767698049545288086e+00	2.766952276229858398e+00	2.766145706176757812e+00	2.765462160110473633e+00	2.765094518661499023e+00	2.765096187591552734e+00	2.765020132064819336e+00	2.764309644699096680e+00	2.762990236282348633e+00	2.761523962020874023e+00	2.760179996490478516e+00	2.758980035781860352e+00	2.758019208908081055e+00	2.757451295852661133e+00	2.757302522659301758e+00	2.757521152496337891e+00	2.758068323135375977e+00	2.758831024169921875e+00	2.759737253189086914e+00	2.760943889617919922e+00	2.762660503387451172e+00	2.764780998229980469e+00	2.766934871673583984e+00	2.768944025039672852e+00	2.770875692367553711e+00	2.772667884826660156e+00
2.795880556106567383e+00	2.796723842620849609e+00	2.796138048171997070e+00	2.792611360549926758e+00	2.789827108383178711e+00	2.788051605224609375e+00	2.783687114715576172e+00	2.777170181274414062e+00	2.771774530410766602e+00	2.768571615219116211e+00	2.767103433609008789e+00	2.767123699188232422e+00	2.768093585968017578e+00	2.769426345825195312e+00	2.771008968353271484e+00	2.773169755935668945e+00	2.776032686233520508e+00	2.779129028320312500e+00	2.782406330108642578e+00	2.786017656326293945e+00	2.789337158203125000e+00	2.792603254318237305e+00	2.795035839080810547e+00	2.795568466186523438e+00	2.795426130294799805e+00	2.795510292053222656e+00	2.795860052108764648e+00	2.795880317687988281e+00	2.794095516204833984e+00	2.790186882019042969e+00	2.785204172134399414e+00	2.780441522598266602e+00	2.776732206344604492e+00	2.774195671081542969e+00	2.772247076034545898e+00	2.770080566406250000e+00	2.767490863800048828e+00	2.765048503875732422e+00	2.763499736785888672e+00	2.763366937637329102e+00	2.764971256256103516e+00	2.768543481826782227e+00	2.774039268493652344e+00	2.779216051101684570e+00	2.782777547836303711e+00	2.787430763244628906e+00	2.790577173233032227e+00	2.791715145111083984e+00	2.791851997375488281e+00	2.793112039566040039e+00	2.791839361190795898e+00	2.788843393325805664e+00	2.787160634994506836e+00	2.786156177520751953e+00	2.784288167953491211e+00	2.781143188476562500e+00	2.777206659317016602e+00	2.773286581039428711e+00	2.770294666290283203e+00	2.768794536590576172e+00	2.768679618835449219e+00	2.769065141677856445e+00	2.769031286239624023e+00	2.768695831298828125e+00	2.768892288208007812e+00	2.770648956298828125e+00	2.774509906768798828e+00	2.779844999313354492e+00	2.784605741500854492e+00	2.786862134933471680e+00	2.788196325302124023e+00	2.791639566421508789e+00
2.760382652282714844e+00	2.760277986526489258e+00	2.760113000869750977e+00	2.760005950927734375e+00	2.759981393814086914e+00	2.759988784790039062e+00	2.760066986083984375e+00	2.760368585586547852e+00	2.760856389999389648e+00	2.761357069015502930e+00	2.761657953262329102e+00	2.761315345764160156e+00	2.760093450546264648e+00	2.758552312850952148e+00	2.757637739181518555e+00	2.757939338684082031e+00	2.759440183639526367e+00	2.761767864227294922e+00	2.764527082443237305e+00	2.767323732376098633e+00	2.769719362258911133e+00	2.770945549011230469e+00	2.770519733428955078e+00	2.769155740737915039e+00	2.767368316650390625e+00	2.765312433242797852e+00	2.763285875320434570e+00	2.761714935302734375e+00	2.760855197906494141e+00	2.760816097259521484e+00	2.761487960815429688e+00	2.761975765228271484e+00	2.762056827545166016e+00	2.762511730194091797e+00	2.763379335403442383e+00	2.764251470565795898e+00	2.764647483825683594e+00	2.764363050460815430e+00	2.763704538345336914e+00	2.763149023056030273e+00	2.762915849685668945e+00	2.762850522994995117e+00	2.762586593627929688e+00	2.761924266815185547e+00	2.761026620864868164e+00	2.760339260101318359e+00	2.760374307632446289e+00	2.761466026306152344e+00	2.763509750366210938e+00	2.766027450561523438e+00	2.768557310104370117e+00	2.770508050918579102e+00	2.771006584167480469e+00	2.770022869110107422e+00	2.767862558364868164e+00	2.764943122863769531e+00	2.762178182601928711e+00	2.760393857955932617e+00	2.759952068328857422e+00	2.760697841644287109e+00	2.761929988861083984e+00	2.762465238571166992e+00	2.761422395706176758e+00	2.759365081787109375e+00	2.757513761520385742e+00	2.756500005722045898e+00	2.756323337554931641e+00	2.756758928298950195e+00	2.757598876953125000e+00	2.758613348007202148e+00	2.759551763534545898e+00	2.760184288024902344e+00
2.760836362838745117e+00	2.760907888412475586e+00	2.761018991470336914e+00	2.761113166809082031e+00	2.761116027832031250e+00	2.761146306991577148e+00	2.761567592620849609e+00	2.762575864791870117e+00	2.764025926589965820e+00	2.765645503997802734e+00	2.767069578170776367e+00	2.767771720886230469e+00	2.767149448394775391e+00	2.765599012374877930e+00	2.764565944671630859e+00	2.765084266662597656e+00	2.766865491867065430e+00	2.768856525421142578e+00	2.770136117935180664e+00	2.770406723022460938e+00	2.769712924957275391e+00	2.768517732620239258e+00	2.767521858215332031e+00	2.766750574111938477e+00	2.765950918197631836e+00	2.765060901641845703e+00	2.764138936996459961e+00	2.763214349746704102e+00	2.762225151062011719e+00	2.761601209640502930e+00	2.761761903762817383e+00	2.762757301330566406e+00	2.764428615570068359e+00	2.766450881958007812e+00	2.768465042114257812e+00	2.770173788070678711e+00	2.771249294281005859e+00	2.771441698074340820e+00	2.770879030227661133e+00	2.769975662231445312e+00	2.769040584564208984e+00	2.768191099166870117e+00	2.768061161041259766e+00	2.768253087997436523e+00	2.766846895217895508e+00	2.765825986862182617e+00	2.766239404678344727e+00	2.767873048782348633e+00	2.770182371139526367e+00	2.772083759307861328e+00	2.772447109222412109e+00	2.771455764770507812e+00	2.770340204238891602e+00	2.769570112228393555e+00	2.768962621688842773e+00	2.768269300460815430e+00	2.767715454101562500e+00	2.767533779144287109e+00	2.767858743667602539e+00	2.768537759780883789e+00	2.768888950347900391e+00	2.768130064010620117e+00	2.766264438629150391e+00	2.763974428176879883e+00	2.761919498443603516e+00	2.760440826416015625e+00	2.759572744369506836e+00	2.759271621704101562e+00	2.759474992752075195e+00	2.759982824325561523e+00	2.760473728179931641e+00	2.760742902755737305e+00
2.753070592880249023e+00	2.754023551940917969e+00	2.755022287368774414e+00	2.755681037902832031e+00	2.755612850189208984e+00	2.754822969436645508e+00	2.753846168518066406e+00	2.753304719924926758e+00	2.753439903259277344e+00	2.754146099090576172e+00	2.755214214324951172e+00	2.756187915802001953e+00	2.756455421447753906e+00	2.755933284759521484e+00	2.755004167556762695e+00	2.754394769668579102e+00	2.754835605621337891e+00	2.755979299545288086e+00	2.757051229476928711e+00	2.757725477218627930e+00	2.757723808288574219e+00	2.756893396377563477e+00	2.755531549453735352e+00	2.754202365875244141e+00	2.753429174423217773e+00	2.753355979919433594e+00	2.753808736801147461e+00	2.754465818405151367e+00	2.754933834075927734e+00	2.755024433135986328e+00	2.754933357238769531e+00	2.754989385604858398e+00	2.755383014678955078e+00	2.756102561950683594e+00	2.756962060928344727e+00	2.757691860198974609e+00	2.758063077926635742e+00	2.757973909378051758e+00	2.757497787475585938e+00	2.756847143173217773e+00	2.756333351135253906e+00	2.756240367889404297e+00	2.756528615951538086e+00	2.756734609603881836e+00	2.756497859954833984e+00	2.756202220916748047e+00	2.756137847900390625e+00	2.756263732910156250e+00	2.756470203399658203e+00	2.756617784500122070e+00	2.756396293640136719e+00	2.755632638931274414e+00	2.754721403121948242e+00	2.754157066345214844e+00	2.754107475280761719e+00	2.754478931427001953e+00	2.755139589309692383e+00	2.756082296371459961e+00	2.757001161575317383e+00	2.757279396057128906e+00	2.756947994232177734e+00	2.756323575973510742e+00	2.755555629730224609e+00	2.754780530929565430e+00	2.754135370254516602e+00	2.753654956817626953e+00	2.753238677978515625e+00	2.752780199050903320e+00	2.752323865890502930e+00	2.752029418945312500e+00	2.752027511596679688e+00	2.752376317977905273e+00
2.758088827133178711e+00	2.758307695388793945e+00	2.759691953659057617e+00	2.761512756347656250e+00	2.762775421142578125e+00	2.762549400329589844e+00	2.760907649993896484e+00	2.759163141250610352e+00	2.758487462997436523e+00	2.759020328521728516e+00	2.759994506835937500e+00	2.760321378707885742e+00	2.759380817413330078e+00	2.757528781890869141e+00	2.755967378616333008e+00	2.756063222885131836e+00	2.758671522140502930e+00	2.763722181320190430e+00	2.769812345504760742e+00	2.774089813232421875e+00	2.773970842361450195e+00	2.769720792770385742e+00	2.764161109924316406e+00	2.759888648986816406e+00	2.758053541183471680e+00	2.758666753768920898e+00	2.760937452316284180e+00	2.763494253158569336e+00	2.765015363693237305e+00	2.765087366104125977e+00	2.764222383499145508e+00	2.763106107711791992e+00	2.762171030044555664e+00	2.761615276336669922e+00	2.761538505554199219e+00	2.762005329132080078e+00	2.762999296188354492e+00	2.764264822006225586e+00	2.765217781066894531e+00	2.765218019485473633e+00	2.764090776443481445e+00	2.762291908264160156e+00	2.760533094406127930e+00	2.759402751922607422e+00	2.759268999099731445e+00	2.760312557220458984e+00	2.762519121170043945e+00	2.765625000000000000e+00	2.769066333770751953e+00	2.772089242935180664e+00	2.773965120315551758e+00	2.774206161499023438e+00	2.772760868072509766e+00	2.770261049270629883e+00	2.767644643783569336e+00	2.765546321868896484e+00	2.764080762863159180e+00	2.762957811355590820e+00	2.761835336685180664e+00	2.760654449462890625e+00	2.759653806686401367e+00	2.759123802185058594e+00	2.759217500686645508e+00	2.759919166564941406e+00	2.761091947555541992e+00	2.762528419494628906e+00	2.763950824737548828e+00	2.764988899230957031e+00	2.765139102935791016e+00	2.763963222503662109e+00	2.761677503585815430e+00	2.759349584579467773e+00
2.770534515380859375e+00	2.769134998321533203e+00	2.769458293914794922e+00	2.770790815353393555e+00	2.772060394287109375e+00	2.772247314453125000e+00	2.771225452423095703e+00	2.769904613494873047e+00	2.769135475158691406e+00	2.769010305404663086e+00	2.769023180007934570e+00	2.768552780151367188e+00	2.767489433288574219e+00	2.766749382019042969e+00	2.767977952957153320e+00	2.772507667541503906e+00	2.780449151992797852e+00	2.790007352828979492e+00	2.797381877899169922e+00	2.798464298248291016e+00	2.792544364929199219e+00	2.783105373382568359e+00	2.774541139602661133e+00	2.769454956054687500e+00	2.768506765365600586e+00	2.770850181579589844e+00	2.774452686309814453e+00	2.777016878128051758e+00	2.777477025985717773e+00	2.776275157928466797e+00	2.774368762969970703e+00	2.772489547729492188e+00	2.771008491516113281e+00	2.770055055618286133e+00	2.769729137420654297e+00	2.770181417465209961e+00	2.771490573883056641e+00	2.773427724838256836e+00	2.775325059890747070e+00	2.776337146759033203e+00	2.775997400283813477e+00	2.774501562118530273e+00	2.772471666336059570e+00	2.770628452301025391e+00	2.769606828689575195e+00	2.769900560379028320e+00	2.771834135055541992e+00	2.775564908981323242e+00	2.781128883361816406e+00	2.788687944412231445e+00	2.798793315887451172e+00	2.812640190124511719e+00	2.832362174987792969e+00	2.855664730072021484e+00	2.854077339172363281e+00	2.830060482025146484e+00	2.808319091796875000e+00	2.793462514877319336e+00	2.783584833145141602e+00	2.776722908020019531e+00	2.771918296813964844e+00	2.768914222717285156e+00	2.767663478851318359e+00	2.768071889877319336e+00	2.769922971725463867e+00	2.772864818572998047e+00	2.776331186294555664e+00	2.779502868652343750e+00	2.781314611434936523e+00	2.780766010284423828e+00	2.777770042419433594e+00	2.773738861083984375e+00
2.803975105285644531e+00	2.800741434097290039e+00	2.799654483795166016e+00	2.800180435180664062e+00	2.801377773284912109e+00	2.802228212356567383e+00	2.802379846572875977e+00	2.802573442459106445e+00	2.803704500198364258e+00	2.806201934814453125e+00	2.810194969177246094e+00	2.815708398818969727e+00	2.822948694229125977e+00	2.832649230957031250e+00	2.845402956008911133e+00	2.860527992248535156e+00	2.876010894775390625e+00	2.888895034790039062e+00	2.895031213760375977e+00	2.890540838241577148e+00	2.875947475433349609e+00	2.856140851974487305e+00	2.836843013763427734e+00	2.821901559829711914e+00	2.813029766082763672e+00	2.809570789337158203e+00	2.808601856231689453e+00	2.807224035263061523e+00	2.805005788803100586e+00	2.802835226058959961e+00	2.801211833953857422e+00	2.800100326538085938e+00	2.799258470535278320e+00	2.798658132553100586e+00	2.798612117767333984e+00	2.799537181854248047e+00	2.801553964614868164e+00	2.804136991500854492e+00	2.806344985961914062e+00	2.807294130325317383e+00	2.806604862213134766e+00	2.804718017578125000e+00	2.802378654479980469e+00	2.800265789031982422e+00	2.799005746841430664e+00	2.799108982086181641e+00	2.800730705261230469e+00	2.803960084915161133e+00	2.809170722961425781e+00	2.817322254180908203e+00	2.829714059829711914e+00	2.847990989685058594e+00	2.874984741210937500e+00	2.912332057952880859e+00	2.929222822189331055e+00	2.893384456634521484e+00	2.856590270996093750e+00	2.831430912017822266e+00	2.815456628799438477e+00	2.804977893829345703e+00	2.797904491424560547e+00	2.793967485427856445e+00	2.793226718902587891e+00	2.795097589492797852e+00	2.798613071441650391e+00	2.803299665451049805e+00	2.808568239212036133e+00	2.813234329223632812e+00	2.816159009933471680e+00	2.816519975662231445e+00	2.813819408416748047e+00	2.808908462524414062e+00
2.792620420455932617e+00	2.788840055465698242e+00	2.787124633789062500e+00	2.787441253662109375e+00	2.789199829101562500e+00	2.791738271713256836e+00	2.794869661331176758e+00	2.798727273941040039e+00	2.802651882171630859e+00	2.807539463043212891e+00	2.814657449722290039e+00	2.823834657669067383e+00	2.834673643112182617e+00	2.846631765365600586e+00	2.859039306640625000e+00	2.871330976486206055e+00	2.881995677947998047e+00	2.887278795242309570e+00	2.883022069931030273e+00	2.868803501129150391e+00	2.848676443099975586e+00	2.827865123748779297e+00	2.810532569885253906e+00	2.798990249633789062e+00	2.793612957000732422e+00	2.792517185211181641e+00	2.792538642883300781e+00	2.791855812072753906e+00	2.790634632110595703e+00	2.789362907409667969e+00	2.788191795349121094e+00	2.787343263626098633e+00	2.786762237548828125e+00	2.786243438720703125e+00	2.785875082015991211e+00	2.786056995391845703e+00	2.787334442138671875e+00	2.789839029312133789e+00	2.792681694030761719e+00	2.794817447662353516e+00	2.795855760574340820e+00	2.795794010162353516e+00	2.794720172882080078e+00	2.792921066284179688e+00	2.791185855865478516e+00	2.790435791015625000e+00	2.791240930557250977e+00	2.793859481811523438e+00	2.798142910003662109e+00	2.804060459136962891e+00	2.812875986099243164e+00	2.825625181198120117e+00	2.843206882476806641e+00	2.866520166397094727e+00	2.889807224273681641e+00	2.889742851257324219e+00	2.860174179077148438e+00	2.830192089080810547e+00	2.810238838195800781e+00	2.797335624694824219e+00	2.789082288742065430e+00	2.784352540969848633e+00	2.782658815383911133e+00	2.783468008041381836e+00	2.786091566085815430e+00	2.790102958679199219e+00	2.795417308807373047e+00	2.800668716430664062e+00	2.804360389709472656e+00	2.805318117141723633e+00	2.802653312683105469e+00	2.797734498977661133e+00
2.792607784271240234e+00	2.794808864593505859e+00	2.797481775283813477e+00	2.799016952514648438e+00	2.799249649047851562e+00	2.799860000610351562e+00	2.801306724548339844e+00	2.803397178649902344e+00	2.806356668472290039e+00	2.810112476348876953e+00	2.814049482345581055e+00	2.817512035369873047e+00	2.820526838302612305e+00	2.823783159255981445e+00	2.827858209609985352e+00	2.832632541656494141e+00	2.837091445922851562e+00	2.839211940765380859e+00	2.836582422256469727e+00	2.828151226043701172e+00	2.815525054931640625e+00	2.801678180694580078e+00	2.789901018142700195e+00	2.782292604446411133e+00	2.779033184051513672e+00	2.778845787048339844e+00	2.779860734939575195e+00	2.780533790588378906e+00	2.780652523040771484e+00	2.780951499938964844e+00	2.781612873077392578e+00	2.781993389129638672e+00	2.781322956085205078e+00	2.779755353927612305e+00	2.778036832809448242e+00	2.777024269104003906e+00	2.777429819107055664e+00	2.779409408569335938e+00	2.782083034515380859e+00	2.783941030502319336e+00	2.783487558364868164e+00	2.781091213226318359e+00	2.778886556625366211e+00	2.777617454528808594e+00	2.777465105056762695e+00	2.778541564941406250e+00	2.780657291412353516e+00	2.783318281173706055e+00	2.786221742630004883e+00	2.789785861968994141e+00	2.795086622238159180e+00	2.803140640258789062e+00	2.814277172088623047e+00	2.827753543853759766e+00	2.839966058731079102e+00	2.841472864151000977e+00	2.831099748611450195e+00	2.815928220748901367e+00	2.801189899444580078e+00	2.789732456207275391e+00	2.781801939010620117e+00	2.777058124542236328e+00	2.774967670440673828e+00	2.774922132492065430e+00	2.776271820068359375e+00	2.778648614883422852e+00	2.781780004501342773e+00	2.785169839859008789e+00	2.788334369659423828e+00	2.790597200393676758e+00	2.791523694992065430e+00	2.791758298873901367e+00
2.793935060501098633e+00	2.799007415771484375e+00	2.804333686828613281e+00	2.808330297470092773e+00	2.809601306915283203e+00	2.808686494827270508e+00	2.806692123413085938e+00	2.804354429244995117e+00	2.801687002182006836e+00	2.798812389373779297e+00	2.795968055725097656e+00	2.793160676956176758e+00	2.791267156600952148e+00	2.790925979614257812e+00	2.792173147201538086e+00	2.794669628143310547e+00	2.797785997390747070e+00	2.800142049789428711e+00	2.800081014633178711e+00	2.797189950942993164e+00	2.792705059051513672e+00	2.787918806076049805e+00	2.783286571502685547e+00	2.779889106750488281e+00	2.777956962585449219e+00	2.776840925216674805e+00	2.775811195373535156e+00	2.774973630905151367e+00	2.774771213531494141e+00	2.775350570678710938e+00	2.777337312698364258e+00	2.780352830886840820e+00	2.782747983932495117e+00	2.783272743225097656e+00	2.782390594482421875e+00	2.781228065490722656e+00	2.780424594879150391e+00	2.779911279678344727e+00	2.779462337493896484e+00	2.779476881027221680e+00	2.779843330383300781e+00	2.780268669128417969e+00	2.780864715576171875e+00	2.781741619110107422e+00	2.783131122589111328e+00	2.785032987594604492e+00	2.787007808685302734e+00	2.788479089736938477e+00	2.790016889572143555e+00	2.791759490966796875e+00	2.793619394302368164e+00	2.796232223510742188e+00	2.799867630004882812e+00	2.802625179290771484e+00	2.802212238311767578e+00	2.800055503845214844e+00	2.797451972961425781e+00	2.794410705566406250e+00	2.791627645492553711e+00	2.789405107498168945e+00	2.787832736968994141e+00	2.787116289138793945e+00	2.787090063095092773e+00	2.786531209945678711e+00	2.784950256347656250e+00	2.783255100250244141e+00	2.781983137130737305e+00	2.781595230102539062e+00	2.782510042190551758e+00	2.784537315368652344e+00	2.787052631378173828e+00	2.789993047714233398e+00
2.795984268188476562e+00	2.799078226089477539e+00	2.800884246826171875e+00	2.800563097000122070e+00	2.798668622970581055e+00	2.796287536621093750e+00	2.794116258621215820e+00	2.792708396911621094e+00	2.792259693145751953e+00	2.792533636093139648e+00	2.793125629425048828e+00	2.793741226196289062e+00	2.794491291046142578e+00	2.795172929763793945e+00	2.794789552688598633e+00	2.793468236923217773e+00	2.792415857315063477e+00	2.792251110076904297e+00	2.793231725692749023e+00	2.795975685119628906e+00	2.800126791000366211e+00	2.803374052047729492e+00	2.800881385803222656e+00	2.792243242263793945e+00	2.783805131912231445e+00	2.779070138931274414e+00	2.777734994888305664e+00	2.777967453002929688e+00	2.778809070587158203e+00	2.780406236648559570e+00	2.782437086105346680e+00	2.784477472305297852e+00	2.786371469497680664e+00	2.787669181823730469e+00	2.788349866867065430e+00	2.788048505783081055e+00	2.785320043563842773e+00	2.781821250915527344e+00	2.779423236846923828e+00	2.778545856475830078e+00	2.779519796371459961e+00	2.783443689346313477e+00	2.790838479995727539e+00	2.795779943466186523e+00	2.794138193130493164e+00	2.792622089385986328e+00	2.793375492095947266e+00	2.797216892242431641e+00	2.804195165634155273e+00	2.812409877777099609e+00	2.816467046737670898e+00	2.814731597900390625e+00	2.810158014297485352e+00	2.805315494537353516e+00	2.801598787307739258e+00	2.799268722534179688e+00	2.797933340072631836e+00	2.796546697616577148e+00	2.794787168502807617e+00	2.793673753738403320e+00	2.793485403060913086e+00	2.793940305709838867e+00	2.794867038726806641e+00	2.795853376388549805e+00	2.796187162399291992e+00	2.795549631118774414e+00	2.794178247451782227e+00	2.792442083358764648e+00	2.791147708892822266e+00	2.790853500366210938e+00	2.791411876678466797e+00	2.793095350265502930e+00
2.823956012725830078e+00	2.821597337722778320e+00	2.816228389739990234e+00	2.809362411499023438e+00	2.802397727966308594e+00	2.796596765518188477e+00	2.792695045471191406e+00	2.790986061096191406e+00	2.791373014450073242e+00	2.793294668197631836e+00	2.794946908950805664e+00	2.795947551727294922e+00	2.795561313629150391e+00	2.792773485183715820e+00	2.790408134460449219e+00	2.789519548416137695e+00	2.789991140365600586e+00	2.791702508926391602e+00	2.793618440628051758e+00	2.795963287353515625e+00	2.799829244613647461e+00	2.803931236267089844e+00	2.805317878723144531e+00	2.802612781524658203e+00	2.797999382019042969e+00	2.794302701950073242e+00	2.792408466339111328e+00	2.791037082672119141e+00	2.788639783859252930e+00	2.785634517669677734e+00	2.783788442611694336e+00	2.783312559127807617e+00	2.784073352813720703e+00	2.786860227584838867e+00	2.789794921875000000e+00	2.791376352310180664e+00	2.791465282440185547e+00	2.790884971618652344e+00	2.790585517883300781e+00	2.789711713790893555e+00	2.787332773208618164e+00	2.786054611206054688e+00	2.787708044052124023e+00	2.791042804718017578e+00	2.792894363403320312e+00	2.793035745620727539e+00	2.794311523437500000e+00	2.798238992691040039e+00	2.804007291793823242e+00	2.809766530990600586e+00	2.813292026519775391e+00	2.813891172409057617e+00	2.813631772994995117e+00	2.814757108688354492e+00	2.815750837326049805e+00	2.813367843627929688e+00	2.809698581695556641e+00	2.805731058120727539e+00	2.801283359527587891e+00	2.797654628753662109e+00	2.794990062713623047e+00	2.793248891830444336e+00	2.792423725128173828e+00	2.792009830474853516e+00	2.791367530822753906e+00	2.790712594985961914e+00	2.791302680969238281e+00	2.794146537780761719e+00	2.799598932266235352e+00	2.807265520095825195e+00	2.815569162368774414e+00	2.821875572204589844e+00
2.849919080734252930e+00	2.847256898880004883e+00	2.838591098785400391e+00	2.827249526977539062e+00	2.816231250762939453e+00	2.806980371475219727e+00	2.799870491027832031e+00	2.795128107070922852e+00	2.792821884155273438e+00	2.791918277740478516e+00	2.791742086410522461e+00	2.792200565338134766e+00	2.792089462280273438e+00	2.790865421295166016e+00	2.789812088012695312e+00	2.790205240249633789e+00	2.791724205017089844e+00	2.792926549911499023e+00	2.793674230575561523e+00	2.794753789901733398e+00	2.796366930007934570e+00	2.798506736755371094e+00	2.799321889877319336e+00	2.797621250152587891e+00	2.794935464859008789e+00	2.792328119277954102e+00	2.791344881057739258e+00	2.791563510894775391e+00	2.790341377258300781e+00	2.787190198898315430e+00	2.784149646759033203e+00	2.782444000244140625e+00	2.782543897628784180e+00	2.784745693206787109e+00	2.788410902023315430e+00	2.791659116744995117e+00	2.793017387390136719e+00	2.792582511901855469e+00	2.791349411010742188e+00	2.790144920349121094e+00	2.789336681365966797e+00	2.789591312408447266e+00	2.791674613952636719e+00	2.794224739074707031e+00	2.795507431030273438e+00	2.796497106552124023e+00	2.798869609832763672e+00	2.802739620208740234e+00	2.806883335113525391e+00	2.810270786285400391e+00	2.812076091766357422e+00	2.811211347579956055e+00	2.808593511581420898e+00	2.807789325714111328e+00	2.810053825378417969e+00	2.814900636672973633e+00	2.819517612457275391e+00	2.819127559661865234e+00	2.813720941543579102e+00	2.808115243911743164e+00	2.803400039672851562e+00	2.799308300018310547e+00	2.796094417572021484e+00	2.793763637542724609e+00	2.791787862777709961e+00	2.792597293853759766e+00	2.797147750854492188e+00	2.804927825927734375e+00	2.814791917800903320e+00	2.825852394104003906e+00	2.836745023727416992e+00	2.845639228820800781e+00
2.803468227386474609e+00	2.809118986129760742e+00	2.811306238174438477e+00	2.815104007720947266e+00	2.826650381088256836e+00	2.844603300094604492e+00	2.829263925552368164e+00	2.802873134613037109e+00	2.785406112670898438e+00	2.774767160415649414e+00	2.768074274063110352e+00	2.763666152954101562e+00	2.760923624038696289e+00	2.759589433670043945e+00	2.759469509124755859e+00	2.760097026824951172e+00	2.760849952697753906e+00	2.761941909790039062e+00	2.763130664825439453e+00	2.763592004776000977e+00	2.762980937957763672e+00	2.761907100677490234e+00	2.761151075363159180e+00	2.761006593704223633e+00	2.761332035064697266e+00	2.762317657470703125e+00	2.764106512069702148e+00	2.765532732009887695e+00	2.765252351760864258e+00	2.763839006423950195e+00	2.762644767761230469e+00	2.762203693389892578e+00	2.762534379959106445e+00	2.763511419296264648e+00	2.764458179473876953e+00	2.764273643493652344e+00	2.763269901275634766e+00	2.762805461883544922e+00	2.763945817947387695e+00	2.767423152923583984e+00	2.773861408233642578e+00	2.783485651016235352e+00	2.793766736984252930e+00	2.797280311584472656e+00	2.791528940200805664e+00	2.782846689224243164e+00	2.775149583816528320e+00	2.769199132919311523e+00	2.764797210693359375e+00	2.761795043945312500e+00	2.760121822357177734e+00	2.759578227996826172e+00	2.759850263595581055e+00	2.760536193847656250e+00	2.761153697967529297e+00	2.761319398880004883e+00	2.761041402816772461e+00	2.760550737380981445e+00	2.760150432586669922e+00	2.760257005691528320e+00	2.761167526245117188e+00	2.762712717056274414e+00	2.764161348342895508e+00	2.764858961105346680e+00	2.765080690383911133e+00	2.765320777893066406e+00	2.765892267227172852e+00	2.767316341400146484e+00	2.770353794097900391e+00	2.775701522827148438e+00	2.783740520477294922e+00	2.793864488601684570e+00
2.789806127548217773e+00	2.798734426498413086e+00	2.809049129486083984e+00	2.825368642807006836e+00	2.850148677825927734e+00	2.883050680160522461e+00	2.873768329620361328e+00	2.835323333740234375e+00	2.804268836975097656e+00	2.785451412200927734e+00	2.773747444152832031e+00	2.766135692596435547e+00	2.761509895324707031e+00	2.759134054183959961e+00	2.758268356323242188e+00	2.758220434188842773e+00	2.758655071258544922e+00	2.759614467620849609e+00	2.760929107666015625e+00	2.762117624282836914e+00	2.762807607650756836e+00	2.763137102127075195e+00	2.763319253921508789e+00	2.763237953186035156e+00	2.762845993041992188e+00	2.762433290481567383e+00	2.762264966964721680e+00	2.762358665466308594e+00	2.762612342834472656e+00	2.762937307357788086e+00	2.763260126113891602e+00	2.763406038284301758e+00	2.763167142868041992e+00	2.762521505355834961e+00	2.761708736419677734e+00	2.761198282241821289e+00	2.761625766754150391e+00	2.763649702072143555e+00	2.767805099487304688e+00	2.774586200714111328e+00	2.784484386444091797e+00	2.797144412994384766e+00	2.808203697204589844e+00	2.809314250946044922e+00	2.800209283828735352e+00	2.788249015808105469e+00	2.778034687042236328e+00	2.770836830139160156e+00	2.766138792037963867e+00	2.763065814971923828e+00	2.761195659637451172e+00	2.760397911071777344e+00	2.760462045669555664e+00	2.761030435562133789e+00	2.761690378189086914e+00	2.762069702148437500e+00	2.761908531188964844e+00	2.761265039443969727e+00	2.760553121566772461e+00	2.760246992111206055e+00	2.760726213455200195e+00	2.761996507644653320e+00	2.763439416885375977e+00	2.764325618743896484e+00	2.764650821685791016e+00	2.764564752578735352e+00	2.764389991760253906e+00	2.764737606048583984e+00	2.766251564025878906e+00	2.769420385360717773e+00	2.774498939514160156e+00	2.781447887420654297e+00
2.783504486083984375e+00	2.790590763092041016e+00	2.799161672592163086e+00	2.814216375350952148e+00	2.844184875488281250e+00	2.891365289688110352e+00	2.900339126586914062e+00	2.853953838348388672e+00	2.815225839614868164e+00	2.794306278228759766e+00	2.782469987869262695e+00	2.775177240371704102e+00	2.770638942718505859e+00	2.767989635467529297e+00	2.766562223434448242e+00	2.765824556350708008e+00	2.765551328659057617e+00	2.765596866607666016e+00	2.765754938125610352e+00	2.766089677810668945e+00	2.766769170761108398e+00	2.767660856246948242e+00	2.768479108810424805e+00	2.769048452377319336e+00	2.769273042678833008e+00	2.768880605697631836e+00	2.767927408218383789e+00	2.767210483551025391e+00	2.767267704010009766e+00	2.767920255661010742e+00	2.768678426742553711e+00	2.769159078598022461e+00	2.769157886505126953e+00	2.768728256225585938e+00	2.768167018890380859e+00	2.767855882644653320e+00	2.768246650695800781e+00	2.769903421401977539e+00	2.773445844650268555e+00	2.779546022415161133e+00	2.788851261138916016e+00	2.801112651824951172e+00	2.811522483825683594e+00	2.811000823974609375e+00	2.800380945205688477e+00	2.788578271865844727e+00	2.779967069625854492e+00	2.774563550949096680e+00	2.771176815032958984e+00	2.768922090530395508e+00	2.767643928527832031e+00	2.767308235168457031e+00	2.767604351043701172e+00	2.768063783645629883e+00	2.768315553665161133e+00	2.768192529678344727e+00	2.767615079879760742e+00	2.766811847686767578e+00	2.766358613967895508e+00	2.766488552093505859e+00	2.767051935195922852e+00	2.767960786819458008e+00	2.768980264663696289e+00	2.769470691680908203e+00	2.769200801849365234e+00	2.768480062484741211e+00	2.767771244049072266e+00	2.767434597015380859e+00	2.767785787582397461e+00	2.769257068634033203e+00	2.772297143936157227e+00	2.777124166488647461e+00
2.785594940185546875e+00	2.791775465011596680e+00	2.800238847732543945e+00	2.816277027130126953e+00	2.849014043807983398e+00	2.903259754180908203e+00	2.926633834838867188e+00	2.872658491134643555e+00	2.825670957565307617e+00	2.801740169525146484e+00	2.788424253463745117e+00	2.780142307281494141e+00	2.774872541427612305e+00	2.771757364273071289e+00	2.770025014877319336e+00	2.768865346908569336e+00	2.767911434173583984e+00	2.767264842987060547e+00	2.767056703567504883e+00	2.767282485961914062e+00	2.767965316772460938e+00	2.769164800643920898e+00	2.770799398422241211e+00	2.772519350051879883e+00	2.773820877075195312e+00	2.774100780487060547e+00	2.773268222808837891e+00	2.772130250930786133e+00	2.771652936935424805e+00	2.772035360336303711e+00	2.772696256637573242e+00	2.772958755493164062e+00	2.772431135177612305e+00	2.771297931671142578e+00	2.770277976989746094e+00	2.770081520080566406e+00	2.771129608154296875e+00	2.773760557174682617e+00	2.778319358825683594e+00	2.785283565521240234e+00	2.795020580291748047e+00	2.806862831115722656e+00	2.815705776214599609e+00	2.813345670700073242e+00	2.801645994186401367e+00	2.789667367935180664e+00	2.781397819519042969e+00	2.776436090469360352e+00	2.773395538330078125e+00	2.771376371383666992e+00	2.770341396331787109e+00	2.770220994949340820e+00	2.770599603652954102e+00	2.770815134048461914e+00	2.770603418350219727e+00	2.770321846008300781e+00	2.770153284072875977e+00	2.769969940185546875e+00	2.770024299621582031e+00	2.770433664321899414e+00	2.770743608474731445e+00	2.770742177963256836e+00	2.770643711090087891e+00	2.770687341690063477e+00	2.771000623703002930e+00	2.771461009979248047e+00	2.772043704986572266e+00	2.772645235061645508e+00	2.773041963577270508e+00	2.773975610733032227e+00	2.776308774948120117e+00	2.780282020568847656e+00
2.854692459106445312e+00	2.857052326202392578e+00	2.857499361038208008e+00	2.862083196640014648e+00	2.881370544433593750e+00	2.925037860870361328e+00	2.952011108398437500e+00	2.892269372940063477e+00	2.842905521392822266e+00	2.818388938903808594e+00	2.804923772811889648e+00	2.796952486038208008e+00	2.792337894439697266e+00	2.789462089538574219e+00	2.787450551986694336e+00	2.786517381668090820e+00	2.785763025283813477e+00	2.783069372177124023e+00	2.781469583511352539e+00	2.781446456909179688e+00	2.782326221466064453e+00	2.783790111541748047e+00	2.785918951034545898e+00	2.788841962814331055e+00	2.791750907897949219e+00	2.793235301971435547e+00	2.793819189071655273e+00	2.794077873229980469e+00	2.793793916702270508e+00	2.791845321655273438e+00	2.788028240203857422e+00	2.785141706466674805e+00	2.783543825149536133e+00	2.783258438110351562e+00	2.784211397171020508e+00	2.785711526870727539e+00	2.787920236587524414e+00	2.790709972381591797e+00	2.794468879699707031e+00	2.800244331359863281e+00	2.808961153030395508e+00	2.820452928543090820e+00	2.829863548278808594e+00	2.828820943832397461e+00	2.818122625350952148e+00	2.806487083435058594e+00	2.798886299133300781e+00	2.794749259948730469e+00	2.791309595108032227e+00	2.788669347763061523e+00	2.787406682968139648e+00	2.787249565124511719e+00	2.787616968154907227e+00	2.787790298461914062e+00	2.787934541702270508e+00	2.788569450378417969e+00	2.789684057235717773e+00	2.790862798690795898e+00	2.791618347167968750e+00	2.791438817977905273e+00	2.789719104766845703e+00	2.786993980407714844e+00	2.785128116607666016e+00	2.785275459289550781e+00	2.787471771240234375e+00	2.791410684585571289e+00	2.796985626220703125e+00	2.804193735122680664e+00	2.812967538833618164e+00	2.823612213134765625e+00	2.835724115371704102e+00	2.847200870513916016e+00
2.822277784347534180e+00	2.822225093841552734e+00	2.816118478775024414e+00	2.809419631958007812e+00	2.806178808212280273e+00	2.806999444961547852e+00	2.804286479949951172e+00	2.795943260192871094e+00	2.787882566452026367e+00	2.781365156173706055e+00	2.776520729064941406e+00	2.773161649703979492e+00	2.769452571868896484e+00	2.766166448593139648e+00	2.764061689376831055e+00	2.762940645217895508e+00	2.762910842895507812e+00	2.763755321502685547e+00	2.764931917190551758e+00	2.766567230224609375e+00	2.768425464630126953e+00	2.770203113555908203e+00	2.772099256515502930e+00	2.773671627044677734e+00	2.773495912551879883e+00	2.772224187850952148e+00	2.771071434020996094e+00	2.770156621932983398e+00	2.769239902496337891e+00	2.768034458160400391e+00	2.766084432601928711e+00	2.764111042022705078e+00	2.763128519058227539e+00	2.763210773468017578e+00	2.764064788818359375e+00	2.765403032302856445e+00	2.767063379287719727e+00	2.768994569778442383e+00	2.771088838577270508e+00	2.773011207580566406e+00	2.774449348449707031e+00	2.775629281997680664e+00	2.776725530624389648e+00	2.777552604675292969e+00	2.778624534606933594e+00	2.779603481292724609e+00	2.779587268829345703e+00	2.779273033142089844e+00	2.777920722961425781e+00	2.775458097457885742e+00	2.772644996643066406e+00	2.770084619522094727e+00	2.768080472946166992e+00	2.766552925109863281e+00	2.765560388565063477e+00	2.765315532684326172e+00	2.765719413757324219e+00	2.766749620437622070e+00	2.768173456192016602e+00	2.769117593765258789e+00	2.769004583358764648e+00	2.768417119979858398e+00	2.767057418823242188e+00	2.765510082244873047e+00	2.765393972396850586e+00	2.767422914505004883e+00	2.771448612213134766e+00	2.777167081832885742e+00	2.784731626510620117e+00	2.794161796569824219e+00	2.804941177368164062e+00	2.815492630004882812e+00
2.821307420730590820e+00	2.824725627899169922e+00	2.820941686630249023e+00	2.811991930007934570e+00	2.802333354949951172e+00	2.794966220855712891e+00	2.789885044097900391e+00	2.785122156143188477e+00	2.780372142791748047e+00	2.776170015335083008e+00	2.772229194641113281e+00	2.768986463546752930e+00	2.766504287719726562e+00	2.764401435852050781e+00	2.762430429458618164e+00	2.760784864425659180e+00	2.760046720504760742e+00	2.760531663894653320e+00	2.762083530426025391e+00	2.764264583587646484e+00	2.766500949859619141e+00	2.768455028533935547e+00	2.770353317260742188e+00	2.772279977798461914e+00	2.773335695266723633e+00	2.772809505462646484e+00	2.771163702011108398e+00	2.769479990005493164e+00	2.768411397933959961e+00	2.767639160156250000e+00	2.766355276107788086e+00	2.765102386474609375e+00	2.764821529388427734e+00	2.765540838241577148e+00	2.766873359680175781e+00	2.768506765365600586e+00	2.770025253295898438e+00	2.770789861679077148e+00	2.770759582519531250e+00	2.770412206649780273e+00	2.770088434219360352e+00	2.770000457763671875e+00	2.770166635513305664e+00	2.770411014556884766e+00	2.770612955093383789e+00	2.770825386047363281e+00	2.771552324295043945e+00	2.772568702697753906e+00	2.772735357284545898e+00	2.771812200546264648e+00	2.770305871963500977e+00	2.769080162048339844e+00	2.768400192260742188e+00	2.767654418945312500e+00	2.765844345092773438e+00	2.763380527496337891e+00	2.761999845504760742e+00	2.762063980102539062e+00	2.763349533081054688e+00	2.765361785888671875e+00	2.767218112945556641e+00	2.768056631088256836e+00	2.767591238021850586e+00	2.766561031341552734e+00	2.766000986099243164e+00	2.766873121261596680e+00	2.769939184188842773e+00	2.775338649749755859e+00	2.782836437225341797e+00	2.792063236236572266e+00	2.802459955215454102e+00	2.812858819961547852e+00
2.802767038345336914e+00	2.807262420654296875e+00	2.806056737899780273e+00	2.800986289978027344e+00	2.795566558837890625e+00	2.791126728057861328e+00	2.786224842071533203e+00	2.780117750167846680e+00	2.774173259735107422e+00	2.770634174346923828e+00	2.768913507461547852e+00	2.767571926116943359e+00	2.765902996063232422e+00	2.763971805572509766e+00	2.762153625488281250e+00	2.760575056076049805e+00	2.759515762329101562e+00	2.759533643722534180e+00	2.760945796966552734e+00	2.763503074645996094e+00	2.766435623168945312e+00	2.768918275833129883e+00	2.770628690719604492e+00	2.771300315856933594e+00	2.770495653152465820e+00	2.768509626388549805e+00	2.766516208648681641e+00	2.765514373779296875e+00	2.765790700912475586e+00	2.766766548156738281e+00	2.767462968826293945e+00	2.767177581787109375e+00	2.767167091369628906e+00	2.767930746078491211e+00	2.768998384475708008e+00	2.769837141036987305e+00	2.769963502883911133e+00	2.769027233123779297e+00	2.767224550247192383e+00	2.765217781066894531e+00	2.763715028762817383e+00	2.763279914855957031e+00	2.763941287994384766e+00	2.765223979949951172e+00	2.766426801681518555e+00	2.767064809799194336e+00	2.767482519149780273e+00	2.768150329589843750e+00	2.768874406814575195e+00	2.768837213516235352e+00	2.767757177352905273e+00	2.766246795654296875e+00	2.764920949935913086e+00	2.763848066329956055e+00	2.762928962707519531e+00	2.762101888656616211e+00	2.761426448822021484e+00	2.761364221572875977e+00	2.762274026870727539e+00	2.764065504074096680e+00	2.766303539276123047e+00	2.768130302429199219e+00	2.768903732299804688e+00	2.768790245056152344e+00	2.768039703369140625e+00	2.767382860183715820e+00	2.767648935317993164e+00	2.769220590591430664e+00	2.772568941116333008e+00	2.778147459030151367e+00	2.785930156707763672e+00	2.794782161712646484e+00
2.814384460449218750e+00	2.817904472351074219e+00	2.817301750183105469e+00	2.813700437545776367e+00	2.808806419372558594e+00	2.803733348846435547e+00	2.799245357513427734e+00	2.795639514923095703e+00	2.792154788970947266e+00	2.789502382278442383e+00	2.788099050521850586e+00	2.787263870239257812e+00	2.786238193511962891e+00	2.784747600555419922e+00	2.783436059951782227e+00	2.782843828201293945e+00	2.782801866531372070e+00	2.782527208328247070e+00	2.782317161560058594e+00	2.782142877578735352e+00	2.781806468963623047e+00	2.781665802001953125e+00	2.781951427459716797e+00	2.782259702682495117e+00	2.782336711883544922e+00	2.782562494277954102e+00	2.783677577972412109e+00	2.786059856414794922e+00	2.788082838058471680e+00	2.786448478698730469e+00	2.783170938491821289e+00	2.781738519668579102e+00	2.781890392303466797e+00	2.783590555191040039e+00	2.785794734954833984e+00	2.787480592727661133e+00	2.787659883499145508e+00	2.785846471786499023e+00	2.783581733703613281e+00	2.782258033752441406e+00	2.782461881637573242e+00	2.784378051757812500e+00	2.787765502929687500e+00	2.792209148406982422e+00	2.796554565429687500e+00	2.799360275268554688e+00	2.801524639129638672e+00	2.803487300872802734e+00	2.804432153701782227e+00	2.803936719894409180e+00	2.803150892257690430e+00	2.803065538406372070e+00	2.803997278213500977e+00	2.806033849716186523e+00	2.808088779449462891e+00	2.808735847473144531e+00	2.807581663131713867e+00	2.805620431900024414e+00	2.803867340087890625e+00	2.802611827850341797e+00	2.801573753356933594e+00	2.799850940704345703e+00	2.796611785888671875e+00	2.792453765869140625e+00	2.787775039672851562e+00	2.783453702926635742e+00	2.780765533447265625e+00	2.780534982681274414e+00	2.783448934555053711e+00	2.789617776870727539e+00	2.798144578933715820e+00	2.807191610336303711e+00
2.816888570785522461e+00	2.821036577224731445e+00	2.820472240447998047e+00	2.816567897796630859e+00	2.810937166213989258e+00	2.804533720016479492e+00	2.798444747924804688e+00	2.793544292449951172e+00	2.790345907211303711e+00	2.788677692413330078e+00	2.787675142288208008e+00	2.786823987960815430e+00	2.786018610000610352e+00	2.785150527954101562e+00	2.784054040908813477e+00	2.782884597778320312e+00	2.781790256500244141e+00	2.780518293380737305e+00	2.779960155487060547e+00	2.780555009841918945e+00	2.782119035720825195e+00	2.783892869949340820e+00	2.784979343414306641e+00	2.784813165664672852e+00	2.783687353134155273e+00	2.782269477844238281e+00	2.781259059906005859e+00	2.781440258026123047e+00	2.781870126724243164e+00	2.782058715820312500e+00	2.782448291778564453e+00	2.782720804214477539e+00	2.782459020614624023e+00	2.782065391540527344e+00	2.782007217407226562e+00	2.782275676727294922e+00	2.782414674758911133e+00	2.782131671905517578e+00	2.781989336013793945e+00	2.782556533813476562e+00	2.783991575241088867e+00	2.786175727844238281e+00	2.788619279861450195e+00	2.790892839431762695e+00	2.793665170669555664e+00	2.796805381774902344e+00	2.800256490707397461e+00	2.803099393844604492e+00	2.804516077041625977e+00	2.804979324340820312e+00	2.804673433303833008e+00	2.803743124008178711e+00	2.803606986999511719e+00	2.805218458175659180e+00	2.807503461837768555e+00	2.808190822601318359e+00	2.806780099868774414e+00	2.804576396942138672e+00	2.802473306655883789e+00	2.800300359725952148e+00	2.798099994659423828e+00	2.795937538146972656e+00	2.793170928955078125e+00	2.789981365203857422e+00	2.787108421325683594e+00	2.785009384155273438e+00	2.784105539321899414e+00	2.784820795059204102e+00	2.787426948547363281e+00	2.792436122894287109e+00	2.799976587295532227e+00	2.808953523635864258e+00
2.841960430145263672e+00	2.847529649734497070e+00	2.845824718475341797e+00	2.836925745010375977e+00	2.824881792068481445e+00	2.813404560089111328e+00	2.803865909576416016e+00	2.796183109283447266e+00	2.790340662002563477e+00	2.786545038223266602e+00	2.784473180770874023e+00	2.783370733261108398e+00	2.782474040985107422e+00	2.781353473663330078e+00	2.780083656311035156e+00	2.779032945632934570e+00	2.778823852539062500e+00	2.780266046524047852e+00	2.781097650527954102e+00	2.780139684677124023e+00	2.779829740524291992e+00	2.780265331268310547e+00	2.781452894210815430e+00	2.782287120819091797e+00	2.781501531600952148e+00	2.780012845993041992e+00	2.778568744659423828e+00	2.777474641799926758e+00	2.777086257934570312e+00	2.777464389801025391e+00	2.778424024581909180e+00	2.779539108276367188e+00	2.780749320983886719e+00	2.782025098800659180e+00	2.782954216003417969e+00	2.783282995223999023e+00	2.783232212066650391e+00	2.783206224441528320e+00	2.783450365066528320e+00	2.783909797668457031e+00	2.784119367599487305e+00	2.783774137496948242e+00	2.783150434494018555e+00	2.783068180084228516e+00	2.784559011459350586e+00	2.787929058074951172e+00	2.792585372924804688e+00	2.797330856323242188e+00	2.800848484039306641e+00	2.802426576614379883e+00	2.801622867584228516e+00	2.799579143524169922e+00	2.798488378524780273e+00	2.799044370651245117e+00	2.800273418426513672e+00	2.801180839538574219e+00	2.801921367645263672e+00	2.802504777908325195e+00	2.802494525909423828e+00	2.801097154617309570e+00	2.798363924026489258e+00	2.795344829559326172e+00	2.792888879776000977e+00	2.791722536087036133e+00	2.792257070541381836e+00	2.794519662857055664e+00	2.797521829605102539e+00	2.801516771316528320e+00	2.807250738143920898e+00	2.814906835556030273e+00	2.823682785034179688e+00	2.832958698272705078e+00
2.862834453582763672e+00	2.872277975082397461e+00	2.876152992248535156e+00	2.878924846649169922e+00	2.883882761001586914e+00	2.888201475143432617e+00	2.883567333221435547e+00	2.867160081863403320e+00	2.846274137496948242e+00	2.827109813690185547e+00	2.812139987945556641e+00	2.802214860916137695e+00	2.796138525009155273e+00	2.792274236679077148e+00	2.790316581726074219e+00	2.789411544799804688e+00	2.788878440856933594e+00	2.788902282714843750e+00	2.789848566055297852e+00	2.791793107986450195e+00	2.794335842132568359e+00	2.796444892883300781e+00	2.796713113784790039e+00	2.795081138610839844e+00	2.793694257736206055e+00	2.793868780136108398e+00	2.795689821243286133e+00	2.798471927642822266e+00	2.800931692123413086e+00	2.801809787750244141e+00	2.800533533096313477e+00	2.797345638275146484e+00	2.793199539184570312e+00	2.789303302764892578e+00	2.786329507827758789e+00	2.784630298614501953e+00	2.784409999847412109e+00	2.785705566406250000e+00	2.788550853729248047e+00	2.793145656585693359e+00	2.799571514129638672e+00	2.807137727737426758e+00	2.813230991363525391e+00	2.814385175704956055e+00	2.810505390167236328e+00	2.804762125015258789e+00	2.800170898437500000e+00	2.797482967376708984e+00	2.796316146850585938e+00	2.795664787292480469e+00	2.794517993927001953e+00	2.793253660202026367e+00	2.792710065841674805e+00	2.792809724807739258e+00	2.793083667755126953e+00	2.793051719665527344e+00	2.792261123657226562e+00	2.790664672851562500e+00	2.788490056991577148e+00	2.786162137985229492e+00	2.784373521804809570e+00	2.783839941024780273e+00	2.784688234329223633e+00	2.786253690719604492e+00	2.788670301437377930e+00	2.792432546615600586e+00	2.797576665878295898e+00	2.804059743881225586e+00	2.811673641204833984e+00	2.820909738540649414e+00	2.833019495010375977e+00	2.848103284835815430e+00
2.845598220825195312e+00	2.866757869720458984e+00	2.892502069473266602e+00	2.921569347381591797e+00	2.950270891189575195e+00	2.970888137817382812e+00	2.972827672958374023e+00	2.954134225845336914e+00	2.924330711364746094e+00	2.893445014953613281e+00	2.866726636886596680e+00	2.846364021301269531e+00	2.832548618316650391e+00	2.823560237884521484e+00	2.817173004150390625e+00	2.812014341354370117e+00	2.808032274246215820e+00	2.805502414703369141e+00	2.804353952407836914e+00	2.804181814193725586e+00	2.804442167282104492e+00	2.804241895675659180e+00	2.803282976150512695e+00	2.802464723587036133e+00	2.803057909011840820e+00	2.805415868759155273e+00	2.809040069580078125e+00	2.813037395477294922e+00	2.816307067871093750e+00	2.817853689193725586e+00	2.817202091217041016e+00	2.814585924148559570e+00	2.810858964920043945e+00	2.807212591171264648e+00	2.804574728012084961e+00	2.803210735321044922e+00	2.803205490112304688e+00	2.805048465728759766e+00	2.809498548507690430e+00	2.817237377166748047e+00	2.828487634658813477e+00	2.842346429824829102e+00	2.856034040451049805e+00	2.865644454956054688e+00	2.860913276672363281e+00	2.842715978622436523e+00	2.826350688934326172e+00	2.815347909927368164e+00	2.808802604675292969e+00	2.805658817291259766e+00	2.805322885513305664e+00	2.807316541671752930e+00	2.810775756835937500e+00	2.814266443252563477e+00	2.816533088684082031e+00	2.817057371139526367e+00	2.815853834152221680e+00	2.813385725021362305e+00	2.810259580612182617e+00	2.806922435760498047e+00	2.803632497787475586e+00	2.801306962966918945e+00	2.800379276275634766e+00	2.799957036972045898e+00	2.799969196319580078e+00	2.800893783569335938e+00	2.803065776824951172e+00	2.806267499923706055e+00	2.809888839721679688e+00	2.814064979553222656e+00	2.820066690444946289e+00	2.829960823059082031e+00
2.829837799072265625e+00	2.848024368286132812e+00	2.872855663299560547e+00	2.903284072875976562e+00	2.935188770294189453e+00	2.959708452224731445e+00	2.965249061584472656e+00	2.949075222015380859e+00	2.920468568801879883e+00	2.889739513397216797e+00	2.862780332565307617e+00	2.841754913330078125e+00	2.826810836791992188e+00	2.816874980926513672e+00	2.810149192810058594e+00	2.805167436599731445e+00	2.801604032516479492e+00	2.799684286117553711e+00	2.799221754074096680e+00	2.799492359161376953e+00	2.799603223800659180e+00	2.798969984054565430e+00	2.797837495803833008e+00	2.797023773193359375e+00	2.797220706939697266e+00	2.798716783523559570e+00	2.801634550094604492e+00	2.805530548095703125e+00	2.809180974960327148e+00	2.811142444610595703e+00	2.810664653778076172e+00	2.808064460754394531e+00	2.804412841796875000e+00	2.800933122634887695e+00	2.798583269119262695e+00	2.797959566116333008e+00	2.799349784851074219e+00	2.802976608276367188e+00	2.809378623962402344e+00	2.819557666778564453e+00	2.834459066390991211e+00	2.853986740112304688e+00	2.876099586486816406e+00	2.894547462463378906e+00	2.883626461029052734e+00	2.852710962295532227e+00	2.828980922698974609e+00	2.813993930816650391e+00	2.805318117141723633e+00	2.801025629043579102e+00	2.799698352813720703e+00	2.800530195236206055e+00	2.802851676940917969e+00	2.805550336837768555e+00	2.807414531707763672e+00	2.808067321777343750e+00	2.807601928710937500e+00	2.806159734725952148e+00	2.804180145263671875e+00	2.801772594451904297e+00	2.799228668212890625e+00	2.797446489334106445e+00	2.796576499938964844e+00	2.796441078186035156e+00	2.796943187713623047e+00	2.798180103302001953e+00	2.800208091735839844e+00	2.802755594253540039e+00	2.805295228958129883e+00	2.807766437530517578e+00	2.811317205429077148e+00	2.818005561828613281e+00
2.828050136566162109e+00	2.845051050186157227e+00	2.868865013122558594e+00	2.898359298706054688e+00	2.929240703582763672e+00	2.952441215515136719e+00	2.957084178924560547e+00	2.941235303878784180e+00	2.913275718688964844e+00	2.883001565933227539e+00	2.856667518615722656e+00	2.837001085281372070e+00	2.824235677719116211e+00	2.816587209701538086e+00	2.811356782913208008e+00	2.806719303131103516e+00	2.802547693252563477e+00	2.799635410308837891e+00	2.798712968826293945e+00	2.799649000167846680e+00	2.800940990447998047e+00	2.800805807113647461e+00	2.799124240875244141e+00	2.797327041625976562e+00	2.796922206878662109e+00	2.798735380172729492e+00	2.802658557891845703e+00	2.807460069656372070e+00	2.811311721801757812e+00	2.813016653060913086e+00	2.812489271163940430e+00	2.810327291488647461e+00	2.807403087615966797e+00	2.804604053497314453e+00	2.802669048309326172e+00	2.802152156829833984e+00	2.803452730178833008e+00	2.806893348693847656e+00	2.812882900238037109e+00	2.822228670120239258e+00	2.836024999618530273e+00	2.854681015014648438e+00	2.876435041427612305e+00	2.894805431365966797e+00	2.884067535400390625e+00	2.854358434677124023e+00	2.831758975982666016e+00	2.817265033721923828e+00	2.808260202407836914e+00	2.802993059158325195e+00	2.800477504730224609e+00	2.800030708312988281e+00	2.801119327545166016e+00	2.803313493728637695e+00	2.806142330169677734e+00	2.808801889419555664e+00	2.810061216354370117e+00	2.808820962905883789e+00	2.805298566818237305e+00	2.801176309585571289e+00	2.798151254653930664e+00	2.796918869018554688e+00	2.797233104705810547e+00	2.798331022262573242e+00	2.799467086791992188e+00	2.800453186035156250e+00	2.801619052886962891e+00	2.803258419036865234e+00	2.805356979370117188e+00	2.807885646820068359e+00	2.811388254165649414e+00	2.817391157150268555e+00
2.838833093643188477e+00	2.856464862823486328e+00	2.881398916244506836e+00	2.912332296371459961e+00	2.944882154464721680e+00	2.969771385192871094e+00	2.975238800048828125e+00	2.958976268768310547e+00	2.930137634277343750e+00	2.898834705352783203e+00	2.871289730072021484e+00	2.850309848785400391e+00	2.836250305175781250e+00	2.827357053756713867e+00	2.820976018905639648e+00	2.815513134002685547e+00	2.811123371124267578e+00	2.808678388595581055e+00	2.808690547943115234e+00	2.810607194900512695e+00	2.812418460845947266e+00	2.812238693237304688e+00	2.810490608215332031e+00	2.809037446975708008e+00	2.809403181076049805e+00	2.812207937240600586e+00	2.817017793655395508e+00	2.822231292724609375e+00	2.825873136520385742e+00	2.826941490173339844e+00	2.825629234313964844e+00	2.822755813598632812e+00	2.819385290145874023e+00	2.816567897796630859e+00	2.815194368362426758e+00	2.815900564193725586e+00	2.818911790847778320e+00	2.823966741561889648e+00	2.830766439437866211e+00	2.839722633361816406e+00	2.851649045944213867e+00	2.866672992706298828e+00	2.883512020111083984e+00	2.897250175476074219e+00	2.888236522674560547e+00	2.862673759460449219e+00	2.841714620590209961e+00	2.827638864517211914e+00	2.818613052368164062e+00	2.813248872756958008e+00	2.810741186141967773e+00	2.810447216033935547e+00	2.811774969100952148e+00	2.814204692840576172e+00	2.817227840423583984e+00	2.820101976394653320e+00	2.821679830551147461e+00	2.820786237716674805e+00	2.817430973052978516e+00	2.813283920288085938e+00	2.810185909271240234e+00	2.808913230895996094e+00	2.809229373931884766e+00	2.810307025909423828e+00	2.811273336410522461e+00	2.811929941177368164e+00	2.812795639038085938e+00	2.814301490783691406e+00	2.816372871398925781e+00	2.818852186203002930e+00	2.822214603424072266e+00	2.828061342239379883e+00
2.848006248474121094e+00	2.866413831710815430e+00	2.892582893371582031e+00	2.925194025039672852e+00	2.959879159927368164e+00	2.987362146377563477e+00	2.994939804077148438e+00	2.978306770324707031e+00	2.947147369384765625e+00	2.913614273071289062e+00	2.884393453598022461e+00	2.862205266952514648e+00	2.847271680831909180e+00	2.837639570236206055e+00	2.830536127090454102e+00	2.824370622634887695e+00	2.819353342056274414e+00	2.816594123840332031e+00	2.816815614700317383e+00	2.819194078445434570e+00	2.821134328842163086e+00	2.820742845535278320e+00	2.818794727325439453e+00	2.817152738571166992e+00	2.817420005798339844e+00	2.820336818695068359e+00	2.825357437133789062e+00	2.830643892288208008e+00	2.834218502044677734e+00	2.835303783416748047e+00	2.834172010421752930e+00	2.831521987915039062e+00	2.828264713287353516e+00	2.825396060943603516e+00	2.823880195617675781e+00	2.824486255645751953e+00	2.827474355697631836e+00	2.832376956939697266e+00	2.838627338409423828e+00	2.846606731414794922e+00	2.857237339019775391e+00	2.870806217193603516e+00	2.886184692382812500e+00	2.898519754409790039e+00	2.890192747116088867e+00	2.867025136947631836e+00	2.848018646240234375e+00	2.835190773010253906e+00	2.826759576797485352e+00	2.821528434753417969e+00	2.819011926651000977e+00	2.818773269653320312e+00	2.820214271545410156e+00	2.822736978530883789e+00	2.825833082199096680e+00	2.828808546066284180e+00	2.830492258071899414e+00	2.829641342163085938e+00	2.826304674148559570e+00	2.822176694869995117e+00	2.819056272506713867e+00	2.817704916000366211e+00	2.817914247512817383e+00	2.818814039230346680e+00	2.819415569305419922e+00	2.819540739059448242e+00	2.819950819015502930e+00	2.821293830871582031e+00	2.823561668395996094e+00	2.826538324356079102e+00	2.830483913421630859e+00	2.836781263351440430e+00
2.849130392074584961e+00	2.867027997970581055e+00	2.892826795578002930e+00	2.925336599349975586e+00	2.960285425186157227e+00	2.988334178924560547e+00	2.996259689331054688e+00	2.979816913604736328e+00	2.949319601058959961e+00	2.916494131088256836e+00	2.887749671936035156e+00	2.865712404251098633e+00	2.850566387176513672e+00	2.840401649475097656e+00	2.832677364349365234e+00	2.826132535934448242e+00	2.821218252182006836e+00	2.818977832794189453e+00	2.819854259490966797e+00	2.822727441787719727e+00	2.824760437011718750e+00	2.824084997177124023e+00	2.821871280670166016e+00	2.820373296737670898e+00	2.821089267730712891e+00	2.824382305145263672e+00	2.829435348510742188e+00	2.834429264068603516e+00	2.837617874145507812e+00	2.838359355926513672e+00	2.836875200271606445e+00	2.833795785903930664e+00	2.830114126205444336e+00	2.826957941055297852e+00	2.825342655181884766e+00	2.826021432876586914e+00	2.829230308532714844e+00	2.834520816802978516e+00	2.841228246688842773e+00	2.849296092987060547e+00	2.858941793441772461e+00	2.870031833648681641e+00	2.881785154342651367e+00	2.891683340072631836e+00	2.887846231460571289e+00	2.868024826049804688e+00	2.849877357482910156e+00	2.837575674057006836e+00	2.829620838165283203e+00	2.824840307235717773e+00	2.822741031646728516e+00	2.822910070419311523e+00	2.824733257293701172e+00	2.827548027038574219e+00	2.830811262130737305e+00	2.833881616592407227e+00	2.835723638534545898e+00	2.835068225860595703e+00	2.831634044647216797e+00	2.826972007751464844e+00	2.823153734207153320e+00	2.821348667144775391e+00	2.821512937545776367e+00	2.822713136672973633e+00	2.823673725128173828e+00	2.823776006698608398e+00	2.823708534240722656e+00	2.824408769607543945e+00	2.826095104217529297e+00	2.828687191009521484e+00	2.832399368286132812e+00	2.838385820388793945e+00
2.850281715393066406e+00	2.868150472640991211e+00	2.893905639648437500e+00	2.926292657852172852e+00	2.960962057113647461e+00	2.988489151000976562e+00	2.995691061019897461e+00	2.978929042816162109e+00	2.948626041412353516e+00	2.916083097457885742e+00	2.887784481048583984e+00	2.866122007369995117e+00	2.850822448730468750e+00	2.840623140335083008e+00	2.833101511001586914e+00	2.826824665069580078e+00	2.822124481201171875e+00	2.819986343383789062e+00	2.820864677429199219e+00	2.823641777038574219e+00	2.825447559356689453e+00	2.824464321136474609e+00	2.821946620941162109e+00	2.820174217224121094e+00	2.820666313171386719e+00	2.823835611343383789e+00	2.828882455825805664e+00	2.833917617797851562e+00	2.837125539779663086e+00	2.837880134582519531e+00	2.836461782455444336e+00	2.833518743515014648e+00	2.829923868179321289e+00	2.826674222946166992e+00	2.824837923049926758e+00	2.825394868850708008e+00	2.828995227813720703e+00	2.835758209228515625e+00	2.845235586166381836e+00	2.856550693511962891e+00	2.867974758148193359e+00	2.878379583358764648e+00	2.888324975967407227e+00	2.897214651107788086e+00	2.891874313354492188e+00	2.871167182922363281e+00	2.852091073989868164e+00	2.839032173156738281e+00	2.830734729766845703e+00	2.825864315032958984e+00	2.823566198348999023e+00	2.823195695877075195e+00	2.824414253234863281e+00	2.826924800872802734e+00	2.830246448516845703e+00	2.833639621734619141e+00	2.836025238037109375e+00	2.836154460906982422e+00	2.833454370498657227e+00	2.828914165496826172e+00	2.824715375900268555e+00	2.822535037994384766e+00	2.822427749633789062e+00	2.823352336883544922e+00	2.824038982391357422e+00	2.824092149734497070e+00	2.824249267578125000e+00	2.825244665145874023e+00	2.827120304107666016e+00	2.829720020294189453e+00	2.833402156829833984e+00	2.839475393295288086e+00
2.853656768798828125e+00	2.871823310852050781e+00	2.897752523422241211e+00	2.930381536483764648e+00	2.965336799621582031e+00	2.993166685104370117e+00	3.000378370285034180e+00	2.982993125915527344e+00	2.951915025711059570e+00	2.918800354003906250e+00	2.890201807022094727e+00	2.869263172149658203e+00	2.854881048202514648e+00	2.843754291534423828e+00	2.835700273513793945e+00	2.829107046127319336e+00	2.824111700057983398e+00	2.821641206741333008e+00	2.822120428085327148e+00	2.824695587158203125e+00	2.826901912689208984e+00	2.826705217361450195e+00	2.824763059616088867e+00	2.823209285736083984e+00	2.823667287826538086e+00	2.826703071594238281e+00	2.831689596176147461e+00	2.836814880371093750e+00	2.840168237686157227e+00	2.840965986251831055e+00	2.839455127716064453e+00	2.836381673812866211e+00	2.832712650299072266e+00	2.829480648040771484e+00	2.827680110931396484e+00	2.828094005584716797e+00	2.831168174743652344e+00	2.837124586105346680e+00	2.845902681350708008e+00	2.856938123703002930e+00	2.868524551391601562e+00	2.879286050796508789e+00	2.889584541320800781e+00	2.898505926132202148e+00	2.893074035644531250e+00	2.872588872909545898e+00	2.853733539581298828e+00	2.840739965438842773e+00	2.832345485687255859e+00	2.827220916748046875e+00	2.824676513671875000e+00	2.824405908584594727e+00	2.825994729995727539e+00	2.828826189041137695e+00	2.832240819931030273e+00	2.835474252700805664e+00	2.837449550628662109e+00	2.836963176727294922e+00	2.833831548690795898e+00	2.829564332962036133e+00	2.826126813888549805e+00	2.824520587921142578e+00	2.824567794799804688e+00	2.825291872024536133e+00	2.825624704360961914e+00	2.825385570526123047e+00	2.825384378433227539e+00	2.826332330703735352e+00	2.828289031982421875e+00	2.831152677536010742e+00	2.835321187973022461e+00	2.842135906219482422e+00
2.852869033813476562e+00	2.870763301849365234e+00	2.896598100662231445e+00	2.929168701171875000e+00	2.964081287384033203e+00	2.991777896881103516e+00	2.998757362365722656e+00	2.981033802032470703e+00	2.949722290039062500e+00	2.916639804840087891e+00	2.888109445571899414e+00	2.866708278656005859e+00	2.852587461471557617e+00	2.843714475631713867e+00	2.837157726287841797e+00	2.831525802612304688e+00	2.827197790145874023e+00	2.824865818023681641e+00	2.824923992156982422e+00	2.826684236526489258e+00	2.827763080596923828e+00	2.826478004455566406e+00	2.823924303054809570e+00	2.822221994400024414e+00	2.822815895080566406e+00	2.826087236404418945e+00	2.831231117248535156e+00	2.836365222930908203e+00	2.839698791503906250e+00	2.840545892715454102e+00	2.839036226272583008e+00	2.835920810699462891e+00	2.832255601882934570e+00	2.829061269760131836e+00	2.827235221862792969e+00	2.827395915985107422e+00	2.830001354217529297e+00	2.835127115249633789e+00	2.842361927032470703e+00	2.851433038711547852e+00	2.862538337707519531e+00	2.875712156295776367e+00	2.890306234359741211e+00	2.902861595153808594e+00	2.895383358001708984e+00	2.871250391006469727e+00	2.852087497711181641e+00	2.839508533477783203e+00	2.831354379653930664e+00	2.826448440551757812e+00	2.824275732040405273e+00	2.824463367462158203e+00	2.826515197753906250e+00	2.829800605773925781e+00	2.833620786666870117e+00	2.837101221084594727e+00	2.839079618453979492e+00	2.838387012481689453e+00	2.834924221038818359e+00	2.830100774765014648e+00	2.825814008712768555e+00	2.823407888412475586e+00	2.822866916656494141e+00	2.823298215866088867e+00	2.823635578155517578e+00	2.823589801788330078e+00	2.823933124542236328e+00	2.825391292572021484e+00	2.827960491180419922e+00	2.831372976303100586e+00	2.835717201232910156e+00	2.842045545578002930e+00
2.853264331817626953e+00	2.871679067611694336e+00	2.897912025451660156e+00	2.930645942687988281e+00	2.965508222579956055e+00	2.993113994598388672e+00	3.000331878662109375e+00	2.983293056488037109e+00	2.952540636062622070e+00	2.919488191604614258e+00	2.890504121780395508e+00	2.868313074111938477e+00	2.853184700012207031e+00	2.843240022659301758e+00	2.835797786712646484e+00	2.829531908035278320e+00	2.824916362762451172e+00	2.822914361953735352e+00	2.823850870132446289e+00	2.826555728912353516e+00	2.828347682952880859e+00	2.827585458755493164e+00	2.825417995452880859e+00	2.824006080627441406e+00	2.824833154678344727e+00	2.828286647796630859e+00	2.833513021469116211e+00	2.838544607162475586e+00	2.841558694839477539e+00	2.841996908187866211e+00	2.840218782424926758e+00	2.836961746215820312e+00	2.833181858062744141e+00	2.829892635345458984e+00	2.828042984008789062e+00	2.828419446945190430e+00	2.831506729125976562e+00	2.837395906448364258e+00	2.845849990844726562e+00	2.856530904769897461e+00	2.869022846221923828e+00	2.882961988449096680e+00	2.897542953491210938e+00	2.909198284149169922e+00	2.899136066436767578e+00	2.873606204986572266e+00	2.853930473327636719e+00	2.841021060943603516e+00	2.832545757293701172e+00	2.827288866043090820e+00	2.824837207794189453e+00	2.824810981750488281e+00	2.826650142669677734e+00	2.829688549041748047e+00	2.833239078521728516e+00	2.836482524871826172e+00	2.838337898254394531e+00	2.837703466415405273e+00	2.834496974945068359e+00	2.830241203308105469e+00	2.826797485351562500e+00	2.825105428695678711e+00	2.825070858001708984e+00	2.825851917266845703e+00	2.826371669769287109e+00	2.826297044754028320e+00	2.826360464096069336e+00	2.827312469482421875e+00	2.829254388809204102e+00	2.832023143768310547e+00	2.835858583450317383e+00	2.842083454132080078e+00
2.851651191711425781e+00	2.870143413543701172e+00	2.896401166915893555e+00	2.929052591323852539e+00	2.963652849197387695e+00	2.990802049636840820e+00	2.997600793838500977e+00	2.980544328689575195e+00	2.949963092803955078e+00	2.917041778564453125e+00	2.888134956359863281e+00	2.865993022918701172e+00	2.850937843322753906e+00	2.841160058975219727e+00	2.833955526351928711e+00	2.827856540679931641e+00	2.823274612426757812e+00	2.821192026138305664e+00	2.821959018707275391e+00	2.824473857879638672e+00	2.826159477233886719e+00	2.825337886810302734e+00	2.823062896728515625e+00	2.821523904800415039e+00	2.822263240814208984e+00	2.825698375701904297e+00	2.830974102020263672e+00	2.836084842681884766e+00	2.839182376861572266e+00	2.839712858200073242e+00	2.838040590286254883e+00	2.834901332855224609e+00	2.831239700317382812e+00	2.828042030334472656e+00	2.826226234436035156e+00	2.826566457748413086e+00	2.829564332962036133e+00	2.835337877273559570e+00	2.843622207641601562e+00	2.854000329971313477e+00	2.866257667541503906e+00	2.880339622497558594e+00	2.895044088363647461e+00	2.906250238418579102e+00	2.897641897201538086e+00	2.872848749160766602e+00	2.852901697158813477e+00	2.839637279510498047e+00	2.830921173095703125e+00	2.825535058975219727e+00	2.823005676269531250e+00	2.822891950607299805e+00	2.824608802795410156e+00	2.827509403228759766e+00	2.830955266952514648e+00	2.834157466888427734e+00	2.836015224456787109e+00	2.835397958755493164e+00	2.832210779190063477e+00	2.827957868576049805e+00	2.824511051177978516e+00	2.822855234146118164e+00	2.822924137115478516e+00	2.823855161666870117e+00	2.824522972106933594e+00	2.824562072753906250e+00	2.824692249298095703e+00	2.825653314590454102e+00	2.827557325363159180e+00	2.830280303955078125e+00	2.834106683731079102e+00	2.840382814407348633e+00
2.852380275726318359e+00	2.870900392532348633e+00	2.897305250167846680e+00	2.930271863937377930e+00	2.965335845947265625e+00	2.992832422256469727e+00	2.999424934387207031e+00	2.981771469116210938e+00	2.950657129287719727e+00	2.917435169219970703e+00	2.888479709625244141e+00	2.866500377655029297e+00	2.851723909378051758e+00	2.842227220535278320e+00	2.835326910018920898e+00	2.829622268676757812e+00	2.825395584106445312e+00	2.823424339294433594e+00	2.824056863784790039e+00	2.826388120651245117e+00	2.827825546264648438e+00	2.826550006866455078e+00	2.823777675628662109e+00	2.821859836578369141e+00	2.822354078292846680e+00	2.825634479522705078e+00	2.830818653106689453e+00	2.835923433303833008e+00	2.839076280593872070e+00	2.839673757553100586e+00	2.838079214096069336e+00	2.835033416748046875e+00	2.831474542617797852e+00	2.828387737274169922e+00	2.826707839965820312e+00	2.827233791351318359e+00	2.830454349517822266e+00	2.836339235305786133e+00	2.844349622726440430e+00	2.854059219360351562e+00	2.865844964981079102e+00	2.880040884017944336e+00	2.895022869110107422e+00	2.905555486679077148e+00	2.897001266479492188e+00	2.872782945632934570e+00	2.853059291839599609e+00	2.839963674545288086e+00	2.831392526626586914e+00	2.826085329055786133e+00	2.823573112487792969e+00	2.823456048965454102e+00	2.825171232223510742e+00	2.828077554702758789e+00	2.831532001495361328e+00	2.834736824035644531e+00	2.836572408676147461e+00	2.835866212844848633e+00	2.832509040832519531e+00	2.828078746795654297e+00	2.824534893035888672e+00	2.822889328002929688e+00	2.823047399520874023e+00	2.824086427688598633e+00	2.824829339981079102e+00	2.824910640716552734e+00	2.825086593627929688e+00	2.826124191284179688e+00	2.828134775161743164e+00	2.830972194671630859e+00	2.834869384765625000e+00	2.841140747070312500e+00
2.852080821990966797e+00	2.870498895645141602e+00	2.896970987319946289e+00	2.930188894271850586e+00	2.965551137924194336e+00	2.993020057678222656e+00	2.998909473419189453e+00	2.980332136154174805e+00	2.948814630508422852e+00	2.915750503540039062e+00	2.887321472167968750e+00	2.866060733795166016e+00	2.852047681808471680e+00	2.843306303024291992e+00	2.837104082107543945e+00	2.831772089004516602e+00	2.827340841293334961e+00	2.824836730957031250e+00	2.825067281723022461e+00	2.827062129974365234e+00	2.827991247177124023e+00	2.826251029968261719e+00	2.823085546493530273e+00	2.820768594741821289e+00	2.820940494537353516e+00	2.824114561080932617e+00	2.829461336135864258e+00	2.834951400756835938e+00	2.838565587997436523e+00	2.839454412460327148e+00	2.837945699691772461e+00	2.834904432296752930e+00	2.831300020217895508e+00	2.828121185302734375e+00	2.826345682144165039e+00	2.826813697814941406e+00	2.830019474029541016e+00	2.835857152938842773e+00	2.843587636947631836e+00	2.852760076522827148e+00	2.864066362380981445e+00	2.878075122833251953e+00	2.893203735351562500e+00	2.904201984405517578e+00	2.897538900375366211e+00	2.874102354049682617e+00	2.854101419448852539e+00	2.840669631958007812e+00	2.831769943237304688e+00	2.826122283935546875e+00	2.823227405548095703e+00	2.822736024856567383e+00	2.824187517166137695e+00	2.827010393142700195e+00	2.830552101135253906e+00	2.833919048309326172e+00	2.835838079452514648e+00	2.835057258605957031e+00	2.831578731536865234e+00	2.827187061309814453e+00	2.823961257934570312e+00	2.822825908660888672e+00	2.823351383209228516e+00	2.824367523193359375e+00	2.824874401092529297e+00	2.824704885482788086e+00	2.824736595153808594e+00	2.825790643692016602e+00	2.827934980392456055e+00	2.830924272537231445e+00	2.834869861602783203e+00	2.841026067733764648e+00
2.851798534393310547e+00	2.870243072509765625e+00	2.896731376647949219e+00	2.929860830307006836e+00	2.964921951293945312e+00	2.991920948028564453e+00	2.997403144836425781e+00	2.978810548782348633e+00	2.947483062744140625e+00	2.914578437805175781e+00	2.886261463165283203e+00	2.865127325057983398e+00	2.851266622543334961e+00	2.842534780502319336e+00	2.836057662963867188e+00	2.830297470092773438e+00	2.825542688369750977e+00	2.822899818420410156e+00	2.823103904724121094e+00	2.825366497039794922e+00	2.826943159103393555e+00	2.825782537460327148e+00	2.822949409484863281e+00	2.820800304412841797e+00	2.821014881134033203e+00	2.824151277542114258e+00	2.829391956329345703e+00	2.834740638732910156e+00	2.838302135467529297e+00	2.839277029037475586e+00	2.837847709655761719e+00	2.834824085235595703e+00	2.831195354461669922e+00	2.827949762344360352e+00	2.826043128967285156e+00	2.826319217681884766e+00	2.829302072525024414e+00	2.834960222244262695e+00	2.842740535736083984e+00	2.852303028106689453e+00	2.864051818847656250e+00	2.878219366073608398e+00	2.893241167068481445e+00	2.904366493225097656e+00	2.898859977722167969e+00	2.875463247299194336e+00	2.854694128036499023e+00	2.840958356857299805e+00	2.832125902175903320e+00	2.826345920562744141e+00	2.823180437088012695e+00	2.822522878646850586e+00	2.823908567428588867e+00	2.826716661453247070e+00	2.830269813537597656e+00	2.833662033081054688e+00	2.835622787475585938e+00	2.834910392761230469e+00	2.831533193588256836e+00	2.827310562133789062e+00	2.824381351470947266e+00	2.823580026626586914e+00	2.823947668075561523e+00	2.824474096298217773e+00	2.824675083160400391e+00	2.824387788772583008e+00	2.824390649795532227e+00	2.825438261032104492e+00	2.827589750289916992e+00	2.830605983734130859e+00	2.834579229354858398e+00	2.840736865997314453e+00
2.852762937545776367e+00	2.871506452560424805e+00	2.898023128509521484e+00	2.930898427963256836e+00	2.965717315673828125e+00	2.993043422698974609e+00	2.999866008758544922e+00	2.982626199722290039e+00	2.951717376708984375e+00	2.918478965759277344e+00	2.889307737350463867e+00	2.866927146911621094e+00	2.851699590682983398e+00	2.841950178146362305e+00	2.835150241851806641e+00	2.829801321029663086e+00	2.826411485671997070e+00	2.825471878051757812e+00	2.824201583862304688e+00	2.825228691101074219e+00	2.826652765274047852e+00	2.826265096664428711e+00	2.824485778808593750e+00	2.823137760162353516e+00	2.823806047439575195e+00	2.827031850814819336e+00	2.831990242004394531e+00	2.836882591247558594e+00	2.840104818344116211e+00	2.841001749038696289e+00	2.839807033538818359e+00	2.837236642837524414e+00	2.834121704101562500e+00	2.830988168716430664e+00	2.828622579574584961e+00	2.828109025955200195e+00	2.830237388610839844e+00	2.835168361663818359e+00	2.842502832412719727e+00	2.852183103561401367e+00	2.864615201950073242e+00	2.879594564437866211e+00	2.895102024078369141e+00	2.905973672866821289e+00	2.899263858795166016e+00	2.875443220138549805e+00	2.854616403579711914e+00	2.840634822845458984e+00	2.831664085388183594e+00	2.826280832290649414e+00	2.823794603347778320e+00	2.823687553405761719e+00	2.825397253036499023e+00	2.828350782394409180e+00	2.831899166107177734e+00	2.835087299346923828e+00	2.836762905120849609e+00	2.835990190505981445e+00	2.832887411117553711e+00	2.828999280929565430e+00	2.826059579849243164e+00	2.824928045272827148e+00	2.825355291366577148e+00	2.826135873794555664e+00	2.826206207275390625e+00	2.825741291046142578e+00	2.825656414031982422e+00	2.826555490493774414e+00	2.828430414199829102e+00	2.831151723861694336e+00	2.835006952285766602e+00	2.841343402862548828e+00
2.854539394378662109e+00	2.873077869415283203e+00	2.899615764617919922e+00	2.932722330093383789e+00	2.967770338058471680e+00	2.995208978652954102e+00	3.001934528350830078e+00	2.984372615814208984e+00	2.953218936920166016e+00	2.919867992401123047e+00	2.890690326690673828e+00	2.868479251861572266e+00	2.853454113006591797e+00	2.843645811080932617e+00	2.836383581161499023e+00	2.830326080322265625e+00	2.825912237167358398e+00	2.824262619018554688e+00	2.825973987579345703e+00	2.829195261001586914e+00	2.830286026000976562e+00	2.828759670257568359e+00	2.826058626174926758e+00	2.824311494827270508e+00	2.825023651123046875e+00	2.828568458557128906e+00	2.833984851837158203e+00	2.839210510253906250e+00	2.842415809631347656e+00	2.843025445938110352e+00	2.841400146484375000e+00	2.838223218917846680e+00	2.834350585937500000e+00	2.830763816833496094e+00	2.828486680984497070e+00	2.828447580337524414e+00	2.831198215484619141e+00	2.836650609970092773e+00	2.844185590744018555e+00	2.853497982025146484e+00	2.865080833435058594e+00	2.879051685333251953e+00	2.893868923187255859e+00	2.905343532562255859e+00	2.898947715759277344e+00	2.876059532165527344e+00	2.856651544570922852e+00	2.843523979187011719e+00	2.834744453430175781e+00	2.829054594039916992e+00	2.826116800308227539e+00	2.825659275054931641e+00	2.827178001403808594e+00	2.830046653747558594e+00	2.833610057830810547e+00	2.837037086486816406e+00	2.839152097702026367e+00	2.838721752166748047e+00	2.835605621337890625e+00	2.831433296203613281e+00	2.828355550765991211e+00	2.827465534210205078e+00	2.827998399734497070e+00	2.828577995300292969e+00	2.828623294830322266e+00	2.827951431274414062e+00	2.827426910400390625e+00	2.827973842620849609e+00	2.829785823822021484e+00	2.832707881927490234e+00	2.836855411529541016e+00	2.843296527862548828e+00
2.852956056594848633e+00	2.871481180191040039e+00	2.898095846176147461e+00	2.931478500366210938e+00	2.967151641845703125e+00	2.995391130447387695e+00	3.002295732498168945e+00	2.984251260757446289e+00	2.952684879302978516e+00	2.919056892395019531e+00	2.889690399169921875e+00	2.867340564727783203e+00	2.852233171463012695e+00	2.842366218566894531e+00	2.834915399551391602e+00	2.828488826751708984e+00	2.823772668838500977e+00	2.821949720382690430e+00	2.823407649993896484e+00	2.826608657836914062e+00	2.828359127044677734e+00	2.827093124389648438e+00	2.824263334274291992e+00	2.822428464889526367e+00	2.823246002197265625e+00	2.827025413513183594e+00	2.832656860351562500e+00	2.837858915328979492e+00	2.840789079666137695e+00	2.841071367263793945e+00	2.839127063751220703e+00	2.835705518722534180e+00	2.831740140914916992e+00	2.828227519989013672e+00	2.826135635375976562e+00	2.826271295547485352e+00	2.829079627990722656e+00	2.834480285644531250e+00	2.842084884643554688e+00	2.851890802383422852e+00	2.864262342453002930e+00	2.878904104232788086e+00	2.893180847167968750e+00	2.900922536849975586e+00	2.891914844512939453e+00	2.871292829513549805e+00	2.853411674499511719e+00	2.840956926345825195e+00	2.832536697387695312e+00	2.827059268951416016e+00	2.824267387390136719e+00	2.823915719985961914e+00	2.825469970703125000e+00	2.828274726867675781e+00	2.831705808639526367e+00	2.834996461868286133e+00	2.837024211883544922e+00	2.836541891098022461e+00	2.833313465118408203e+00	2.828869819641113281e+00	2.825307846069335938e+00	2.823784112930297852e+00	2.824222087860107422e+00	2.825588703155517578e+00	2.826403856277465820e+00	2.826076030731201172e+00	2.825627565383911133e+00	2.826194763183593750e+00	2.828068733215332031e+00	2.831095457077026367e+00	2.835314750671386719e+00	2.841752529144287109e+00
2.846068382263183594e+00	2.864413022994995117e+00	2.890842676162719727e+00	2.923990249633789062e+00	2.959399700164794922e+00	2.987655401229858398e+00	2.995242595672607422e+00	2.977890491485595703e+00	2.946650266647338867e+00	2.913240432739257812e+00	2.883967161178588867e+00	2.861493587493896484e+00	2.846018314361572266e+00	2.835603237152099609e+00	2.827708959579467773e+00	2.821218967437744141e+00	2.816680431365966797e+00	2.815065383911132812e+00	2.816655635833740234e+00	2.819947957992553711e+00	2.821702241897583008e+00	2.820274591445922852e+00	2.817355155944824219e+00	2.815530061721801758e+00	2.816432952880859375e+00	2.820355892181396484e+00	2.826142549514770508e+00	2.831520080566406250e+00	2.834529638290405273e+00	2.834596395492553711e+00	2.832203865051269531e+00	2.828278303146362305e+00	2.823880910873413086e+00	2.820047140121459961e+00	2.817744493484497070e+00	2.817780494689941406e+00	2.820552110671997070e+00	2.825880527496337891e+00	2.833496332168579102e+00	2.844013214111328125e+00	2.858595609664916992e+00	2.877244472503662109e+00	2.897280693054199219e+00	2.908803224563598633e+00	2.894949674606323242e+00	2.869591951370239258e+00	2.849883317947387695e+00	2.836764574050903320e+00	2.827886819839477539e+00	2.821907520294189453e+00	2.818531513214111328e+00	2.817552804946899414e+00	2.818515539169311523e+00	2.820847272872924805e+00	2.823940992355346680e+00	2.827016592025756836e+00	2.828946590423583984e+00	2.828463792800903320e+00	2.825250387191772461e+00	2.820805072784423828e+00	2.817344903945922852e+00	2.816061973571777344e+00	2.816816568374633789e+00	2.818535089492797852e+00	2.819807767868041992e+00	2.820019245147705078e+00	2.819894790649414062e+00	2.820454835891723633e+00	2.822088241577148438e+00	2.824826002120971680e+00	2.828817129135131836e+00	2.835055112838745117e+00
2.838290452957153320e+00	2.857563495635986328e+00	2.883794784545898438e+00	2.915652751922607422e+00	2.948874711990356445e+00	2.974823474884033203e+00	2.981590986251831055e+00	2.965322017669677734e+00	2.935875892639160156e+00	2.903920650482177734e+00	2.875275611877441406e+00	2.852410793304443359e+00	2.835784912109375000e+00	2.824283361434936523e+00	2.816237926483154297e+00	2.810495853424072266e+00	2.806749105453491211e+00	2.805223464965820312e+00	2.806071996688842773e+00	2.808465003967285156e+00	2.809995174407958984e+00	2.808741807937622070e+00	2.805819511413574219e+00	2.803824663162231445e+00	2.804459810256958008e+00	2.808022737503051758e+00	2.813479423522949219e+00	2.818510532379150391e+00	2.820869922637939453e+00	2.820188045501708984e+00	2.817510128021240234e+00	2.813874244689941406e+00	2.810100317001342773e+00	2.806883096694946289e+00	2.804686784744262695e+00	2.803941726684570312e+00	2.805450439453125000e+00	2.810188531875610352e+00	2.818807601928710938e+00	2.831617593765258789e+00	2.848711729049682617e+00	2.869796514511108398e+00	2.892245054244995117e+00	2.904984712600708008e+00	2.889882087707519531e+00	2.862110614776611328e+00	2.840033054351806641e+00	2.825284481048583984e+00	2.815920114517211914e+00	2.810348510742187500e+00	2.807616710662841797e+00	2.806733369827270508e+00	2.807053089141845703e+00	2.808564186096191406e+00	2.810988903045654297e+00	2.813567638397216797e+00	2.814969301223754883e+00	2.813965559005737305e+00	2.810947656631469727e+00	2.807648420333862305e+00	2.805630683898925781e+00	2.805604219436645508e+00	2.807248353958129883e+00	2.809301853179931641e+00	2.810393095016479492e+00	2.810328006744384766e+00	2.809972524642944336e+00	2.810261726379394531e+00	2.811572074890136719e+00	2.814051866531372070e+00	2.818318605422973633e+00	2.825728654861450195e+00
2.826928615570068359e+00	2.844610929489135742e+00	2.866388797760009766e+00	2.891551494598388672e+00	2.917764186859130859e+00	2.938875436782836914e+00	2.944994211196899414e+00	2.932782411575317383e+00	2.908816576004028320e+00	2.881338834762573242e+00	2.855954170227050781e+00	2.835245847702026367e+00	2.819763183593750000e+00	2.808659791946411133e+00	2.800643205642700195e+00	2.794800519943237305e+00	2.790959358215332031e+00	2.789165735244750977e+00	2.789187669754028320e+00	2.790472269058227539e+00	2.792001247406005859e+00	2.792883396148681641e+00	2.793067693710327148e+00	2.793247222900390625e+00	2.794497489929199219e+00	2.797131061553955078e+00	2.800388813018798828e+00	2.802915573120117188e+00	2.803727626800537109e+00	2.802774906158447266e+00	2.800595045089721680e+00	2.798000812530517578e+00	2.795831203460693359e+00	2.794513702392578125e+00	2.794106960296630859e+00	2.794381856918334961e+00	2.795655727386474609e+00	2.799553632736206055e+00	2.807623147964477539e+00	2.820864439010620117e+00	2.840351343154907227e+00	2.866034269332885742e+00	2.893624782562255859e+00	2.906550884246826172e+00	2.866591453552246094e+00	2.837023258209228516e+00	2.818479299545288086e+00	2.806348562240600586e+00	2.798760414123535156e+00	2.794629573822021484e+00	2.792934894561767578e+00	2.792834520339965820e+00	2.793697834014892578e+00	2.794937372207641602e+00	2.796053647994995117e+00	2.797075986862182617e+00	2.798070907592773438e+00	2.798319339752197266e+00	2.796982526779174805e+00	2.794881820678710938e+00	2.793148994445800781e+00	2.792083740234375000e+00	2.791621923446655273e+00	2.791568756103515625e+00	2.791560173034667969e+00	2.791339159011840820e+00	2.791159152984619141e+00	2.791734933853149414e+00	2.793771743774414062e+00	2.797790527343750000e+00	2.804221391677856445e+00	2.813636779785156250e+00
2.830293416976928711e+00	2.841835975646972656e+00	2.858956575393676758e+00	2.882092714309692383e+00	2.909204959869384766e+00	2.935095548629760742e+00	2.951489210128784180e+00	2.951506614685058594e+00	2.935969829559326172e+00	2.911675691604614258e+00	2.885980844497680664e+00	2.863552808761596680e+00	2.846396923065185547e+00	2.834270715713500977e+00	2.825628042221069336e+00	2.819243431091308594e+00	2.814794540405273438e+00	2.812191724777221680e+00	2.811034917831420898e+00	2.810687541961669922e+00	2.810645818710327148e+00	2.810865163803100586e+00	2.811802387237548828e+00	2.814060449600219727e+00	2.817861795425415039e+00	2.822649240493774414e+00	2.827033519744873047e+00	2.829284906387329102e+00	2.828560113906860352e+00	2.825423240661621094e+00	2.821071863174438477e+00	2.816699504852294922e+00	2.813354253768920898e+00	2.811980247497558594e+00	2.813346385955810547e+00	2.816404342651367188e+00	2.820164442062377930e+00	2.827201843261718750e+00	2.839303016662597656e+00	2.859019756317138672e+00	2.890872478485107422e+00	2.941112041473388672e+00	2.987380981445312500e+00	2.926865577697753906e+00	2.876674413681030273e+00	2.848828077316284180e+00	2.832447528839111328e+00	2.822120904922485352e+00	2.815616846084594727e+00	2.812137603759765625e+00	2.811252593994140625e+00	2.812407732009887695e+00	2.814834117889404297e+00	2.817658901214599609e+00	2.820140123367309570e+00	2.821830987930297852e+00	2.822440862655639648e+00	2.821571588516235352e+00	2.819109916687011719e+00	2.815838813781738281e+00	2.813014745712280273e+00	2.811295509338378906e+00	2.810676336288452148e+00	2.810795545578002930e+00	2.810999393463134766e+00	2.810763597488403320e+00	2.810277462005615234e+00	2.810346364974975586e+00	2.811655044555664062e+00	2.814281702041625977e+00	2.817965269088745117e+00	2.822896718978881836e+00
2.833343505859375000e+00	2.845866203308105469e+00	2.863718748092651367e+00	2.886930227279663086e+00	2.913362026214599609e+00	2.937906026840209961e+00	2.952916145324707031e+00	2.952006340026855469e+00	2.935822963714599609e+00	2.911483049392700195e+00	2.886045217514038086e+00	2.863891601562500000e+00	2.847141742706298828e+00	2.835504531860351562e+00	2.827240943908691406e+00	2.821017026901245117e+00	2.816503047943115234e+00	2.813737154006958008e+00	2.812536001205444336e+00	2.812345266342163086e+00	2.812554121017456055e+00	2.813075780868530273e+00	2.814417600631713867e+00	2.816624641418457031e+00	2.819765567779541016e+00	2.824085474014282227e+00	2.828448057174682617e+00	2.830888509750366211e+00	2.830482721328735352e+00	2.827700853347778320e+00	2.823568820953369141e+00	2.819254875183105469e+00	2.815834522247314453e+00	2.814254283905029297e+00	2.815203666687011719e+00	2.818302869796752930e+00	2.822588205337524414e+00	2.829853534698486328e+00	2.841924428939819336e+00	2.860871076583862305e+00	2.890270471572875977e+00	2.935490608215332031e+00	2.984769344329833984e+00	2.926421642303466797e+00	2.876662015914916992e+00	2.849961996078491211e+00	2.833728313446044922e+00	2.823304653167724609e+00	2.816840171813964844e+00	2.813467502593994141e+00	2.812662601470947266e+00	2.813876152038574219e+00	2.816337108612060547e+00	2.819155454635620117e+00	2.821715593338012695e+00	2.823734045028686523e+00	2.824763298034667969e+00	2.824201345443725586e+00	2.821957826614379883e+00	2.818803787231445312e+00	2.815577507019042969e+00	2.812974929809570312e+00	2.811794757843017578e+00	2.811991691589355469e+00	2.812726497650146484e+00	2.813147306442260742e+00	2.813249588012695312e+00	2.813720703125000000e+00	2.815078258514404297e+00	2.817391872406005859e+00	2.820662021636962891e+00	2.825468301773071289e+00
2.826742887496948242e+00	2.839997768402099609e+00	2.858907461166381836e+00	2.882647991180419922e+00	2.908717632293701172e+00	2.932247638702392578e+00	2.945657014846801758e+00	2.943147182464599609e+00	2.926155805587768555e+00	2.901722669601440430e+00	2.876990795135498047e+00	2.856211900711059570e+00	2.840656042098999023e+00	2.829567432403564453e+00	2.821577310562133789e+00	2.815556287765502930e+00	2.811123371124267578e+00	2.808396339416503906e+00	2.807377099990844727e+00	2.807690858840942383e+00	2.808225393295288086e+00	2.808690071105957031e+00	2.809271097183227539e+00	2.810249567031860352e+00	2.812680482864379883e+00	2.816797494888305664e+00	2.820951938629150391e+00	2.823708772659301758e+00	2.824173212051391602e+00	2.821956396102905273e+00	2.817766189575195312e+00	2.813197135925292969e+00	2.809515476226806641e+00	2.807487249374389648e+00	2.807445526123046875e+00	2.809533596038818359e+00	2.814271926879882812e+00	2.822391748428344727e+00	2.834826231002807617e+00	2.853278636932373047e+00	2.880190134048461914e+00	2.919694900512695312e+00	2.969149351119995117e+00	2.932288646697998047e+00	2.874084949493408203e+00	2.845439195632934570e+00	2.828786849975585938e+00	2.818290948867797852e+00	2.811648845672607422e+00	2.807919979095458984e+00	2.806673526763916016e+00	2.807394266128540039e+00	2.809456348419189453e+00	2.812301635742187500e+00	2.815446376800537109e+00	2.818251132965087891e+00	2.819781780242919922e+00	2.819033861160278320e+00	2.815931320190429688e+00	2.811789512634277344e+00	2.808243036270141602e+00	2.806252002716064453e+00	2.805992603302001953e+00	2.806880950927734375e+00	2.807779312133789062e+00	2.808085441589355469e+00	2.808101654052734375e+00	2.808370351791381836e+00	2.809276103973388672e+00	2.810995578765869141e+00	2.813828229904174805e+00	2.818556547164916992e+00
2.809974193572998047e+00	2.820091485977172852e+00	2.833921432495117188e+00	2.851573944091796875e+00	2.870715141296386719e+00	2.890097379684448242e+00	2.906400203704833984e+00	2.913469076156616211e+00	2.907738208770751953e+00	2.891743421554565430e+00	2.870365858078002930e+00	2.847615480422973633e+00	2.827385663986206055e+00	2.811540603637695312e+00	2.800112485885620117e+00	2.792689561843872070e+00	2.788779020309448242e+00	2.787754774093627930e+00	2.788950204849243164e+00	2.791558742523193359e+00	2.794263124465942383e+00	2.795623064041137695e+00	2.795656442642211914e+00	2.795619487762451172e+00	2.796328544616699219e+00	2.797935962677001953e+00	2.799854040145874023e+00	2.800676345825195312e+00	2.799229145050048828e+00	2.795954465866088867e+00	2.792275667190551758e+00	2.789423465728759766e+00	2.788473606109619141e+00	2.790237188339233398e+00	2.794716358184814453e+00	2.801532983779907227e+00	2.811361551284790039e+00	2.824856042861938477e+00	2.841825723648071289e+00	2.860636949539184570e+00	2.876295566558837891e+00	2.878392457962036133e+00	2.860002279281616211e+00	2.836717844009399414e+00	2.818514108657836914e+00	2.805012941360473633e+00	2.796208858489990234e+00	2.791799306869506836e+00	2.790654897689819336e+00	2.791536569595336914e+00	2.793448448181152344e+00	2.795537948608398438e+00	2.797129631042480469e+00	2.798164367675781250e+00	2.799055576324462891e+00	2.800596237182617188e+00	2.801726341247558594e+00	2.799371480941772461e+00	2.794059753417968750e+00	2.789086103439331055e+00	2.786975622177124023e+00	2.788309097290039062e+00	2.790943622589111328e+00	2.792963981628417969e+00	2.794657230377197266e+00	2.794240236282348633e+00	2.793171405792236328e+00	2.792787075042724609e+00	2.793061733245849609e+00	2.794299840927124023e+00	2.797225475311279297e+00	2.802390336990356445e+00
2.822105646133422852e+00	2.827802896499633789e+00	2.835753202438354492e+00	2.847895145416259766e+00	2.865699768066406250e+00	2.888873577117919922e+00	2.915336608886718750e+00	2.939962863922119141e+00	2.954821586608886719e+00	2.954555034637451172e+00	2.940324783325195312e+00	2.916093826293945312e+00	2.888775110244750977e+00	2.865244388580322266e+00	2.847730398178100586e+00	2.836527347564697266e+00	2.830399513244628906e+00	2.827457189559936523e+00	2.826292037963867188e+00	2.826090812683105469e+00	2.826184749603271484e+00	2.826211214065551758e+00	2.826342821121215820e+00	2.826784133911132812e+00	2.827345609664916992e+00	2.827560663223266602e+00	2.826936244964599609e+00	2.825222969055175781e+00	2.822629690170288086e+00	2.819933891296386719e+00	2.818129539489746094e+00	2.817996263504028320e+00	2.820114374160766602e+00	2.824991464614868164e+00	2.833406925201416016e+00	2.846868038177490234e+00	2.868124246597290039e+00	2.900982856750488281e+00	2.932895660400390625e+00	2.928272485733032227e+00	2.901265621185302734e+00	2.874958753585815430e+00	2.854380369186401367e+00	2.839966058731079102e+00	2.830247163772583008e+00	2.823518991470336914e+00	2.819092750549316406e+00	2.817127704620361328e+00	2.817679882049560547e+00	2.820275545120239258e+00	2.823932886123657227e+00	2.827279090881347656e+00	2.829104185104370117e+00	2.829020738601684570e+00	2.827454328536987305e+00	2.825403451919555664e+00	2.823183774948120117e+00	2.820544004440307617e+00	2.817637920379638672e+00	2.815836668014526367e+00	2.816997766494750977e+00	2.822344779968261719e+00	2.832126617431640625e+00	2.844802618026733398e+00	2.858884572982788086e+00	2.872601747512817383e+00	2.865257740020751953e+00	2.840155601501464844e+00	2.823807716369628906e+00	2.816823959350585938e+00	2.815631866455078125e+00	2.817862749099731445e+00
2.821633100509643555e+00	2.828188180923461914e+00	2.837352991104125977e+00	2.851330757141113281e+00	2.871556043624877930e+00	2.897587776184082031e+00	2.926323175430297852e+00	2.948569297790527344e+00	2.958182811737060547e+00	2.953529357910156250e+00	2.935528516769409180e+00	2.909681797027587891e+00	2.882946252822875977e+00	2.860030889511108398e+00	2.843015432357788086e+00	2.831984758377075195e+00	2.825781583786010742e+00	2.822925567626953125e+00	2.822181224822998047e+00	2.822464704513549805e+00	2.822433948516845703e+00	2.821995735168457031e+00	2.822003126144409180e+00	2.822628736495971680e+00	2.823560953140258789e+00	2.824237585067749023e+00	2.824071407318115234e+00	2.822790384292602539e+00	2.820637464523315430e+00	2.818241357803344727e+00	2.816148757934570312e+00	2.815043926239013672e+00	2.815958261489868164e+00	2.819621562957763672e+00	2.826500892639160156e+00	2.837457180023193359e+00	2.854645729064941406e+00	2.881886720657348633e+00	2.919485092163085938e+00	2.930997848510742188e+00	2.910666942596435547e+00	2.885102033615112305e+00	2.863112211227416992e+00	2.844708919525146484e+00	2.831635236740112305e+00	2.822772979736328125e+00	2.816984415054321289e+00	2.814088344573974609e+00	2.814003705978393555e+00	2.816190719604492188e+00	2.819609403610229492e+00	2.822957992553710938e+00	2.825086832046508789e+00	2.825612545013427734e+00	2.824871063232421875e+00	2.823324918746948242e+00	2.821170091629028320e+00	2.818253040313720703e+00	2.814892053604125977e+00	2.812567949295043945e+00	2.813096523284912109e+00	2.817653179168701172e+00	2.826656103134155273e+00	2.838519334793090820e+00	2.850569963455200195e+00	2.859066486358642578e+00	2.851956605911254883e+00	2.833131313323974609e+00	2.818900108337402344e+00	2.813634395599365234e+00	2.813673496246337891e+00	2.816696166992187500e+00
2.819988727569580078e+00	2.827559232711791992e+00	2.837721347808837891e+00	2.852730035781860352e+00	2.874028682708740234e+00	2.901510477066040039e+00	2.928386211395263672e+00	2.945794820785522461e+00	2.955358028411865234e+00	2.952225685119628906e+00	2.935646772384643555e+00	2.910604000091552734e+00	2.883835792541503906e+00	2.860216140747070312e+00	2.842211723327636719e+00	2.830158710479736328e+00	2.823137521743774414e+00	2.819800376892089844e+00	2.818619251251220703e+00	2.818339347839355469e+00	2.818079233169555664e+00	2.817960977554321289e+00	2.818388938903808594e+00	2.819312810897827148e+00	2.820371627807617188e+00	2.821027040481567383e+00	2.820789813995361328e+00	2.819463729858398438e+00	2.817267656326293945e+00	2.814821004867553711e+00	2.812848329544067383e+00	2.812009811401367188e+00	2.812805652618408203e+00	2.815485715866088867e+00	2.820387363433837891e+00	2.828351736068725586e+00	2.840908765792846680e+00	2.860363006591796875e+00	2.887418508529663086e+00	2.910124778747558594e+00	2.910459041595458984e+00	2.886811256408691406e+00	2.864581346511840820e+00	2.847149610519409180e+00	2.833135843276977539e+00	2.822679519653320312e+00	2.815690279006958008e+00	2.812095165252685547e+00	2.811602354049682617e+00	2.813407897949218750e+00	2.816244602203369141e+00	2.818861007690429688e+00	2.820443391799926758e+00	2.820791244506835938e+00	2.820123672485351562e+00	2.818722724914550781e+00	2.816760778427124023e+00	2.814152956008911133e+00	2.811233758926391602e+00	2.809452295303344727e+00	2.810703992843627930e+00	2.816166162490844727e+00	2.825940847396850586e+00	2.839777708053588867e+00	2.856005191802978516e+00	2.865715026855468750e+00	2.856082439422607422e+00	2.832450389862060547e+00	2.816434144973754883e+00	2.810372114181518555e+00	2.810276985168457031e+00	2.813901662826538086e+00
2.815995454788208008e+00	2.823228597640991211e+00	2.831797599792480469e+00	2.842617034912109375e+00	2.857099294662475586e+00	2.873587369918823242e+00	2.886035680770874023e+00	2.899700880050659180e+00	2.917180299758911133e+00	2.934674024581909180e+00	2.944531917572021484e+00	2.941737174987792969e+00	2.926986455917358398e+00	2.904844522476196289e+00	2.880834817886352539e+00	2.859196186065673828e+00	2.842301368713378906e+00	2.831188201904296875e+00	2.825275182723999023e+00	2.823248147964477539e+00	2.823042392730712891e+00	2.822747707366943359e+00	2.821671247482299805e+00	2.820030689239501953e+00	2.818333625793457031e+00	2.817203760147094727e+00	2.817317008972167969e+00	2.819680452346801758e+00	2.825582981109619141e+00	2.835592269897460938e+00	2.845971584320068359e+00	2.850012540817260742e+00	2.852109193801879883e+00	2.853800296783447266e+00	2.853423833847045898e+00	2.854939699172973633e+00	2.853319168090820312e+00	2.849389791488647461e+00	2.844980478286743164e+00	2.839972972869873047e+00	2.836055517196655273e+00	2.833856344223022461e+00	2.831928253173828125e+00	2.828978061676025391e+00	2.824982643127441406e+00	2.821752071380615234e+00	2.820938587188720703e+00	2.821466445922851562e+00	2.821276187896728516e+00	2.820521831512451172e+00	2.819898605346679688e+00	2.819499492645263672e+00	2.819225311279296875e+00	2.818982362747192383e+00	2.818571805953979492e+00	2.817670345306396484e+00	2.816271781921386719e+00	2.815183162689208984e+00	2.815813064575195312e+00	2.819460868835449219e+00	2.827388048171997070e+00	2.840919733047485352e+00	2.860444784164428711e+00	2.881413459777832031e+00	2.888810634613037109e+00	2.872563838958740234e+00	2.845968723297119141e+00	2.825111865997314453e+00	2.813430547714233398e+00	2.808250427246093750e+00	2.807621955871582031e+00	2.810479879379272461e+00
2.818784952163696289e+00	2.822046041488647461e+00	2.824911594390869141e+00	2.827220439910888672e+00	2.829505443572998047e+00	2.832938671112060547e+00	2.838955163955688477e+00	2.849208354949951172e+00	2.865028381347656250e+00	2.886192560195922852e+00	2.910224199295043945e+00	2.932047367095947266e+00	2.944922208786010742e+00	2.943992853164672852e+00	2.929509401321411133e+00	2.906503438949584961e+00	2.881335020065307617e+00	2.858934164047241211e+00	2.842034339904785156e+00	2.831595182418823242e+00	2.826654672622680664e+00	2.824738740921020508e+00	2.823301553726196289e+00	2.821140527725219727e+00	2.818557500839233398e+00	2.816785812377929688e+00	2.817577838897705078e+00	2.823567628860473633e+00	2.839999198913574219e+00	2.875604152679443359e+00	2.916615247726440430e+00	2.941996097564697266e+00	2.922522306442260742e+00	2.909570693969726562e+00	2.887153387069702148e+00	2.869018793106079102e+00	2.852547407150268555e+00	2.838736295700073242e+00	2.829389810562133789e+00	2.823277235031127930e+00	2.819432020187377930e+00	2.817662239074707031e+00	2.817781448364257812e+00	2.819058895111083984e+00	2.821341276168823242e+00	2.824681043624877930e+00	2.827929735183715820e+00	2.828568696975708008e+00	2.826143980026245117e+00	2.822867393493652344e+00	2.820261001586914062e+00	2.818711280822753906e+00	2.818162202835083008e+00	2.818597316741943359e+00	2.819991111755371094e+00	2.822327852249145508e+00	2.826283216476440430e+00	2.833486557006835938e+00	2.845307588577270508e+00	2.862044811248779297e+00	2.881763696670532227e+00	2.891818284988403320e+00	2.881292343139648438e+00	2.865375757217407227e+00	2.848428964614868164e+00	2.833825826644897461e+00	2.823609828948974609e+00	2.817133426666259766e+00	2.812915563583374023e+00	2.811656475067138672e+00	2.812942504882812500e+00	2.815596342086791992e+00
2.818845987319946289e+00	2.821784257888793945e+00	2.824388980865478516e+00	2.826621770858764648e+00	2.828964948654174805e+00	2.832338809967041016e+00	2.838018178939819336e+00	2.847748279571533203e+00	2.863077163696289062e+00	2.883934974670410156e+00	2.907916784286499023e+00	2.930062770843505859e+00	2.943759441375732422e+00	2.943958997726440430e+00	2.930428028106689453e+00	2.907891750335693359e+00	2.882757186889648438e+00	2.860252618789672852e+00	2.843318223953247070e+00	2.832842826843261719e+00	2.827732801437377930e+00	2.825549602508544922e+00	2.823896884918212891e+00	2.821620464324951172e+00	2.819102525711059570e+00	2.817780017852783203e+00	2.819601535797119141e+00	2.826911687850952148e+00	2.843646526336669922e+00	2.878730535507202148e+00	2.920112848281860352e+00	2.947725772857666016e+00	2.925865650177001953e+00	2.906694889068603516e+00	2.885374784469604492e+00	2.869292497634887695e+00	2.854763507843017578e+00	2.841142177581787109e+00	2.830572128295898438e+00	2.823416233062744141e+00	2.818932056427001953e+00	2.816652297973632812e+00	2.816508769989013672e+00	2.818300724029541016e+00	2.821994066238403320e+00	2.827233791351318359e+00	2.830719947814941406e+00	2.830067873001098633e+00	2.827122449874877930e+00	2.823689699172973633e+00	2.821394920349121094e+00	2.821207761764526367e+00	2.819951057434082031e+00	2.818951129913330078e+00	2.819422483444213867e+00	2.821192264556884766e+00	2.825154066085815430e+00	2.832722187042236328e+00	2.845006942749023438e+00	2.862873077392578125e+00	2.884705543518066406e+00	2.892554283142089844e+00	2.879104614257812500e+00	2.861759185791015625e+00	2.845057010650634766e+00	2.831341743469238281e+00	2.821805000305175781e+00	2.816386938095092773e+00	2.814724445343017578e+00	2.814016580581665039e+00	2.814235210418701172e+00	2.816077947616577148e+00
2.827659845352172852e+00	2.829787015914916992e+00	2.831043958663940430e+00	2.831644296646118164e+00	2.831915140151977539e+00	2.832515478134155273e+00	2.834525823593139648e+00	2.839148998260498047e+00	2.847873926162719727e+00	2.861881017684936523e+00	2.881470680236816406e+00	2.905236721038818359e+00	2.928843736648559570e+00	2.945537567138671875e+00	2.948925495147705078e+00	2.937567710876464844e+00	2.915893316268920898e+00	2.890877723693847656e+00	2.868349075317382812e+00	2.851571321487426758e+00	2.840092182159423828e+00	2.833532094955444336e+00	2.829985857009887695e+00	2.827020168304443359e+00	2.824040889739990234e+00	2.822137117385864258e+00	2.822905778884887695e+00	2.829362392425537109e+00	2.850808382034301758e+00	2.915489196777343750e+00	2.973654270172119141e+00	2.937709331512451172e+00	2.913770437240600586e+00	2.885734081268310547e+00	2.859678745269775391e+00	2.842001914978027344e+00	2.830781936645507812e+00	2.824339151382446289e+00	2.821100473403930664e+00	2.819679975509643555e+00	2.819498538970947266e+00	2.820517301559448242e+00	2.822771549224853516e+00	2.826196670532226562e+00	2.830272674560546875e+00	2.833516120910644531e+00	2.833707332611083984e+00	2.830629825592041016e+00	2.826689004898071289e+00	2.823754787445068359e+00	2.822539091110229492e+00	2.822394847869873047e+00	2.823317766189575195e+00	2.825691699981689453e+00	2.829802989959716797e+00	2.837042093276977539e+00	2.849643230438232422e+00	2.869831562042236328e+00	2.898473739624023438e+00	2.929161787033081055e+00	2.927885770797729492e+00	2.894803285598754883e+00	2.866457462310791016e+00	2.846795082092285156e+00	2.832943916320800781e+00	2.823814630508422852e+00	2.818700075149536133e+00	2.816569805145263672e+00	2.816623687744140625e+00	2.818434000015258789e+00	2.821416139602661133e+00	2.824735641479492188e+00
2.825604677200317383e+00	2.824404478073120117e+00	2.822582244873046875e+00	2.820652008056640625e+00	2.818970680236816406e+00	2.817603349685668945e+00	2.816873550415039062e+00	2.817438602447509766e+00	2.820127487182617188e+00	2.826054573059082031e+00	2.836402177810668945e+00	2.851626396179199219e+00	2.872105836868286133e+00	2.896680355072021484e+00	2.921501874923706055e+00	2.940603256225585938e+00	2.947593450546264648e+00	2.939735651016235352e+00	2.920129060745239258e+00	2.895480632781982422e+00	2.872127532958984375e+00	2.853563308715820312e+00	2.840307235717773438e+00	2.830951690673828125e+00	2.823750972747802734e+00	2.817994832992553711e+00	2.814380407333374023e+00	2.814460754394531250e+00	2.820812702178955078e+00	2.838833332061767578e+00	2.867465019226074219e+00	2.863078117370605469e+00	2.850363492965698242e+00	2.839299440383911133e+00	2.828526496887207031e+00	2.820251703262329102e+00	2.815814733505249023e+00	2.815144300460815430e+00	2.816477775573730469e+00	2.817649602890014648e+00	2.818592548370361328e+00	2.819529533386230469e+00	2.820387601852416992e+00	2.820827484130859375e+00	2.820496082305908203e+00	2.819140672683715820e+00	2.816932678222656250e+00	2.814770698547363281e+00	2.813768386840820312e+00	2.814644098281860352e+00	2.817638635635375977e+00	2.822815179824829102e+00	2.830586433410644531e+00	2.842170238494873047e+00	2.860202789306640625e+00	2.888822793960571289e+00	2.924100399017333984e+00	2.928941965103149414e+00	2.903144359588623047e+00	2.877107620239257812e+00	2.854509353637695312e+00	2.837958812713623047e+00	2.826446294784545898e+00	2.818749904632568359e+00	2.814227819442749023e+00	2.812308549880981445e+00	2.812541007995605469e+00	2.814540147781372070e+00	2.817696571350097656e+00	2.821197748184204102e+00	2.824114084243774414e+00	2.825647830963134766e+00
2.824727058410644531e+00	2.821880102157592773e+00	2.819168806076049805e+00	2.817041397094726562e+00	2.815590381622314453e+00	2.814835309982299805e+00	2.814903020858764648e+00	2.815976619720458984e+00	2.818402767181396484e+00	2.822957992553710938e+00	2.830812931060791016e+00	2.843191862106323242e+00	2.860904455184936523e+00	2.883759737014770508e+00	2.909482002258300781e+00	2.933103561401367188e+00	2.947533130645751953e+00	2.947071790695190430e+00	2.931946754455566406e+00	2.908034324645996094e+00	2.882555246353149414e+00	2.860515356063842773e+00	2.844137668609619141e+00	2.833006858825683594e+00	2.825363159179687500e+00	2.819692611694335938e+00	2.815696954727172852e+00	2.814234256744384766e+00	2.816857576370239258e+00	2.825599431991577148e+00	2.836918592453002930e+00	2.837494134902954102e+00	2.832442283630371094e+00	2.825980186462402344e+00	2.819723844528198242e+00	2.814938068389892578e+00	2.813036441802978516e+00	2.814131736755371094e+00	2.816800355911254883e+00	2.819386720657348633e+00	2.821190595626831055e+00	2.822154521942138672e+00	2.822045564651489258e+00	2.820872783660888672e+00	2.819005727767944336e+00	2.816730260848999023e+00	2.814581871032714844e+00	2.813494682312011719e+00	2.814331769943237305e+00	2.817409753799438477e+00	2.822371721267700195e+00	2.829431056976318359e+00	2.840075492858886719e+00	2.856492757797241211e+00	2.881978511810302734e+00	2.917009592056274414e+00	2.934940338134765625e+00	2.909297227859497070e+00	2.876044034957885742e+00	2.851632118225097656e+00	2.834838867187500000e+00	2.823419809341430664e+00	2.816003322601318359e+00	2.811963319778442383e+00	2.810885190963745117e+00	2.812189817428588867e+00	2.814947128295898438e+00	2.818373680114746094e+00	2.821952819824218750e+00	2.825101613998413086e+00	2.826922416687011719e+00	2.826734542846679688e+00
2.820542812347412109e+00	2.817106008529663086e+00	2.814515113830566406e+00	2.813092708587646484e+00	2.812795877456665039e+00	2.813277006149291992e+00	2.814196348190307617e+00	2.815686702728271484e+00	2.817647933959960938e+00	2.821137428283691406e+00	2.827714204788208008e+00	2.838439226150512695e+00	2.853806018829345703e+00	2.873967409133911133e+00	2.898156404495239258e+00	2.922847986221313477e+00	2.941858291625976562e+00	2.948281288146972656e+00	2.939243316650390625e+00	2.918323278427124023e+00	2.892585754394531250e+00	2.868007183074951172e+00	2.848143100738525391e+00	2.834190845489501953e+00	2.825505256652832031e+00	2.820379972457885742e+00	2.817333936691284180e+00	2.815920352935791016e+00	2.816598415374755859e+00	2.820468187332153320e+00	2.824936866760253906e+00	2.823469161987304688e+00	2.820779323577880859e+00	2.817798852920532227e+00	2.814785242080688477e+00	2.812656164169311523e+00	2.812439203262329102e+00	2.814341068267822266e+00	2.817364454269409180e+00	2.820011854171752930e+00	2.821452140808105469e+00	2.821658849716186523e+00	2.820830821990966797e+00	2.819347858428955078e+00	2.817690610885620117e+00	2.816113948822021484e+00	2.814835309982299805e+00	2.814500808715820312e+00	2.815855741500854492e+00	2.819458961486816406e+00	2.825707674026489258e+00	2.835239410400390625e+00	2.849574565887451172e+00	2.871364116668701172e+00	2.902212381362915039e+00	2.928036689758300781e+00	2.919436454772949219e+00	2.888846158981323242e+00	2.860174655914306641e+00	2.839632511138916016e+00	2.826203107833862305e+00	2.817604064941406250e+00	2.812740802764892578e+00	2.811044931411743164e+00	2.811808347702026367e+00	2.814225673675537109e+00	2.817701339721679688e+00	2.821475267410278320e+00	2.824600934982299805e+00	2.826361656188964844e+00	2.826178312301635742e+00	2.823967456817626953e+00
2.814579248428344727e+00	2.819392919540405273e+00	2.828990697860717773e+00	2.843408107757568359e+00	2.860701799392700195e+00	2.879744529724121094e+00	2.887647151947021484e+00	2.858953475952148438e+00	2.832179546356201172e+00	2.819703817367553711e+00	2.816349983215332031e+00	2.818302631378173828e+00	2.823749780654907227e+00	2.831849098205566406e+00	2.842504501342773438e+00	2.856741428375244141e+00	2.876112222671508789e+00	2.900862455368041992e+00	2.928680658340454102e+00	2.953779220581054688e+00	2.967676639556884766e+00	2.963774442672729492e+00	2.943524837493896484e+00	2.915100336074829102e+00	2.886625766754150391e+00	2.863093614578247070e+00	2.846321582794189453e+00	2.836524724960327148e+00	2.832237482070922852e+00	2.830724954605102539e+00	2.829902410507202148e+00	2.829040050506591797e+00	2.828034877777099609e+00	2.826861143112182617e+00	2.825562953948974609e+00	2.824220895767211914e+00	2.822865962982177734e+00	2.821487665176391602e+00	2.820063829421997070e+00	2.818633556365966797e+00	2.817363977432250977e+00	2.816538572311401367e+00	2.816562175750732422e+00	2.817959308624267578e+00	2.821327209472656250e+00	2.827370643615722656e+00	2.836961984634399414e+00	2.851291656494140625e+00	2.872008800506591797e+00	2.899834156036376953e+00	2.926386594772338867e+00	2.930658817291259766e+00	2.911888599395751953e+00	2.879067897796630859e+00	2.852774381637573242e+00	2.836353540420532227e+00	2.825852632522583008e+00	2.819053411483764648e+00	2.815310955047607422e+00	2.814481258392333984e+00	2.816412448883056641e+00	2.820613145828247070e+00	2.825790643692016602e+00	2.829988002777099609e+00	2.832038164138793945e+00	2.832121133804321289e+00	2.830626249313354492e+00	2.827774047851562500e+00	2.824171304702758789e+00	2.820258855819702148e+00	2.816441297531127930e+00	2.813983201980590820e+00
2.816781997680664062e+00	2.821755409240722656e+00	2.831581115722656250e+00	2.846132040023803711e+00	2.864168882369995117e+00	2.884413480758666992e+00	2.892292976379394531e+00	2.861955165863037109e+00	2.834054708480834961e+00	2.821309566497802734e+00	2.817803621292114258e+00	2.819602012634277344e+00	2.824632167816162109e+00	2.831817865371704102e+00	2.841100931167602539e+00	2.853839635848999023e+00	2.871875286102294922e+00	2.895755290985107422e+00	2.923604011535644531e+00	2.950263023376464844e+00	2.967669010162353516e+00	2.968049526214599609e+00	2.950614929199218750e+00	2.922884702682495117e+00	2.893733978271484375e+00	2.869035482406616211e+00	2.851281166076660156e+00	2.840632677078247070e+00	2.835624456405639648e+00	2.833564758300781250e+00	2.832328557968139648e+00	2.831222057342529297e+00	2.830169439315795898e+00	2.829046249389648438e+00	2.827718973159790039e+00	2.826267719268798828e+00	2.824844837188720703e+00	2.823481082916259766e+00	2.822138786315917969e+00	2.820853710174560547e+00	2.819745063781738281e+00	2.818924665451049805e+00	2.818712234497070312e+00	2.819858789443969727e+00	2.823258876800537109e+00	2.829751729965209961e+00	2.840293169021606445e+00	2.856230974197387695e+00	2.879352092742919922e+00	2.910238504409790039e+00	2.937385320663452148e+00	2.935539722442626953e+00	2.905539035797119141e+00	2.873269319534301758e+00	2.850727558135986328e+00	2.836432456970214844e+00	2.827176809310913086e+00	2.821141242980957031e+00	2.817904472351074219e+00	2.817405700683593750e+00	2.819580078125000000e+00	2.823980808258056641e+00	2.829168558120727539e+00	2.833059310913085938e+00	2.834510803222656250e+00	2.833854436874389648e+00	2.831852912902832031e+00	2.829056739807128906e+00	2.825756311416625977e+00	2.822111606597900391e+00	2.818501472473144531e+00	2.816125392913818359e+00
2.814307689666748047e+00	2.819393873214721680e+00	2.829558372497558594e+00	2.845190525054931641e+00	2.864898920059204102e+00	2.885778427124023438e+00	2.887155294418334961e+00	2.855001449584960938e+00	2.829805374145507812e+00	2.818328619003295898e+00	2.815186738967895508e+00	2.816984653472900391e+00	2.821909666061401367e+00	2.829012155532836914e+00	2.838306665420532227e+00	2.851083993911743164e+00	2.869123458862304688e+00	2.892972946166992188e+00	2.920865535736083984e+00	2.947847604751586914e+00	2.966081619262695312e+00	2.967725753784179688e+00	2.951311111450195312e+00	2.923929214477539062e+00	2.894537925720214844e+00	2.869148492813110352e+00	2.850482940673828125e+00	2.839035987854003906e+00	2.833417415618896484e+00	2.830957889556884766e+00	2.829457998275756836e+00	2.828115701675415039e+00	2.826781511306762695e+00	2.825434684753417969e+00	2.824112176895141602e+00	2.822821855545043945e+00	2.821568965911865234e+00	2.820338487625122070e+00	2.819101810455322266e+00	2.817882061004638672e+00	2.816731929779052734e+00	2.815778970718383789e+00	2.815431118011474609e+00	2.816468000411987305e+00	2.819728851318359375e+00	2.825927257537841797e+00	2.835883140563964844e+00	2.850916147232055664e+00	2.872680425643920898e+00	2.900113105773925781e+00	2.923151016235351562e+00	2.930010318756103516e+00	2.906243324279785156e+00	2.874940872192382812e+00	2.851166009902954102e+00	2.835645675659179688e+00	2.825474977493286133e+00	2.818847656250000000e+00	2.815289020538330078e+00	2.814654588699340820e+00	2.816689729690551758e+00	2.820775508880615234e+00	2.825545310974121094e+00	2.829155921936035156e+00	2.830573558807373047e+00	2.830110549926757812e+00	2.828394174575805664e+00	2.825786828994750977e+00	2.822555541992187500e+00	2.818959474563598633e+00	2.815495729446411133e+00	2.813417196273803711e+00
2.844737291336059570e+00	2.872493505477905273e+00	2.906704902648925781e+00	2.940717935562133789e+00	2.973488092422485352e+00	2.974057197570800781e+00	2.922324180603027344e+00	2.869596958160400391e+00	2.837556362152099609e+00	2.821939229965209961e+00	2.815996408462524414e+00	2.815797567367553711e+00	2.819190979003906250e+00	2.824843645095825195e+00	2.829583168029785156e+00	2.833384990692138672e+00	2.840048074722290039e+00	2.851427316665649414e+00	2.869209766387939453e+00	2.893506526947021484e+00	2.921953439712524414e+00	2.949847221374511719e+00	2.968930959701538086e+00	2.970846652984619141e+00	2.954319715499877930e+00	2.926629066467285156e+00	2.896826028823852539e+00	2.871141910552978516e+00	2.852555990219116211e+00	2.841535091400146484e+00	2.836321830749511719e+00	2.834013700485229492e+00	2.832293987274169922e+00	2.830006837844848633e+00	2.827064752578735352e+00	2.823844671249389648e+00	2.820773601531982422e+00	2.818459272384643555e+00	2.817327976226806641e+00	2.816876888275146484e+00	2.818141698837280273e+00	2.821940183639526367e+00	2.828595638275146484e+00	2.839159250259399414e+00	2.855959415435791016e+00	2.883343219757080078e+00	2.925834178924560547e+00	2.946613788604736328e+00	2.932052612304687500e+00	2.908047437667846680e+00	2.883002042770385742e+00	2.857496261596679688e+00	2.839558839797973633e+00	2.828826427459716797e+00	2.822521924972534180e+00	2.819108486175537109e+00	2.818182468414306641e+00	2.819903850555419922e+00	2.823557138442993164e+00	2.827744483947753906e+00	2.832048416137695312e+00	2.834604024887084961e+00	2.834033966064453125e+00	2.830977916717529297e+00	2.826904773712158203e+00	2.823071479797363281e+00	2.820255517959594727e+00	2.818480253219604492e+00	2.817329406738281250e+00	2.817131996154785156e+00	2.819705486297607422e+00	2.827865362167358398e+00
2.847708940505981445e+00	2.873401641845703125e+00	2.905936241149902344e+00	2.939181566238403320e+00	2.972448825836181641e+00	2.979186773300170898e+00	2.931564807891845703e+00	2.876353979110717773e+00	2.843239784240722656e+00	2.827000141143798828e+00	2.820409536361694336e+00	2.819486856460571289e+00	2.821763277053833008e+00	2.825523376464843750e+00	2.829808950424194336e+00	2.834571599960327148e+00	2.841072559356689453e+00	2.851631164550781250e+00	2.868419170379638672e+00	2.891847610473632812e+00	2.920008897781372070e+00	2.948324203491210938e+00	2.968645572662353516e+00	2.972248554229736328e+00	2.957071542739868164e+00	2.930181026458740234e+00	2.901002645492553711e+00	2.875828742980957031e+00	2.857297420501708984e+00	2.845714330673217773e+00	2.839801549911499023e+00	2.836941957473754883e+00	2.834906339645385742e+00	2.832777023315429688e+00	2.830368757247924805e+00	2.827658414840698242e+00	2.824716806411743164e+00	2.821870326995849609e+00	2.819672346115112305e+00	2.818794250488281250e+00	2.819970607757568359e+00	2.823772192001342773e+00	2.830642461776733398e+00	2.841578245162963867e+00	2.858870744705200195e+00	2.886630296707153320e+00	2.930832624435424805e+00	2.965490818023681641e+00	2.952652692794799805e+00	2.910817146301269531e+00	2.878842115402221680e+00	2.854725599288940430e+00	2.839320898056030273e+00	2.830276727676391602e+00	2.824940919876098633e+00	2.821813821792602539e+00	2.820680379867553711e+00	2.821828842163085938e+00	2.825388669967651367e+00	2.830843210220336914e+00	2.836560726165771484e+00	2.840005874633789062e+00	2.839528322219848633e+00	2.835737705230712891e+00	2.830564737319946289e+00	2.825752019882202148e+00	2.822278976440429688e+00	2.820369005203247070e+00	2.819686651229858398e+00	2.820196390151977539e+00	2.823311090469360352e+00	2.831587314605712891e+00
2.836740016937255859e+00	2.855420112609863281e+00	2.881418466567993164e+00	2.911174535751342773e+00	2.939392566680908203e+00	2.963362932205200195e+00	2.942826747894287109e+00	2.882289171218872070e+00	2.844274282455444336e+00	2.826709032058715820e+00	2.819540977478027344e+00	2.818335771560668945e+00	2.820644855499267578e+00	2.824861288070678711e+00	2.829924583435058594e+00	2.835701465606689453e+00	2.843549013137817383e+00	2.855813026428222656e+00	2.874385118484497070e+00	2.899262189865112305e+00	2.927793502807617188e+00	2.954180002212524414e+00	2.969511985778808594e+00	2.966504096984863281e+00	2.946469306945800781e+00	2.918100595474243164e+00	2.889858961105346680e+00	2.866775989532470703e+00	2.850822210311889648e+00	2.841827154159545898e+00	2.837812185287475586e+00	2.836055278778076172e+00	2.834669828414916992e+00	2.832906723022460938e+00	2.830533504486083984e+00	2.827485799789428711e+00	2.824024200439453125e+00	2.820735931396484375e+00	2.818225622177124023e+00	2.816949605941772461e+00	2.817309617996215820e+00	2.819802522659301758e+00	2.825028419494628906e+00	2.833936929702758789e+00	2.848310708999633789e+00	2.871126890182495117e+00	2.906496286392211914e+00	2.952545404434204102e+00	2.970262289047241211e+00	2.926430702209472656e+00	2.893216848373413086e+00	2.864722013473510742e+00	2.845251560211181641e+00	2.833538055419921875e+00	2.826512098312377930e+00	2.822140932083129883e+00	2.819820404052734375e+00	2.819755792617797852e+00	2.822202682495117188e+00	2.826926469802856445e+00	2.832892179489135742e+00	2.838100671768188477e+00	2.840173959732055664e+00	2.837755680084228516e+00	2.832695007324218750e+00	2.827343225479125977e+00	2.822931289672851562e+00	2.819959640502929688e+00	2.818354845046997070e+00	2.818046092987060547e+00	2.819863796234130859e+00	2.825447797775268555e+00
2.844459295272827148e+00	2.868127107620239258e+00	2.898483276367187500e+00	2.938234329223632812e+00	2.984918355941772461e+00	2.965854644775390625e+00	2.911960124969482422e+00	2.866924524307250977e+00	2.838896751403808594e+00	2.823646783828735352e+00	2.817144155502319336e+00	2.816189765930175781e+00	2.818433761596679688e+00	2.822232246398925781e+00	2.826592922210693359e+00	2.831415414810180664e+00	2.837752819061279297e+00	2.847842454910278320e+00	2.864018201828002930e+00	2.886810064315795898e+00	2.914463520050048828e+00	2.942532777786254883e+00	2.963163137435913086e+00	2.967710971832275391e+00	2.953538417816162109e+00	2.927244901657104492e+00	2.898231029510498047e+00	2.872961282730102539e+00	2.854262113571166992e+00	2.842466592788696289e+00	2.836287736892700195e+00	2.833448171615600586e+00	2.831806421279907227e+00	2.830016136169433594e+00	2.827733278274536133e+00	2.825143337249755859e+00	2.822453975677490234e+00	2.819692611694335938e+00	2.817208528518676758e+00	2.816252470016479492e+00	2.817637920379638672e+00	2.821865797042846680e+00	2.829503297805786133e+00	2.841410160064697266e+00	2.859202623367309570e+00	2.886682748794555664e+00	2.934005737304687500e+00	2.987108230590820312e+00	2.949059486389160156e+00	2.902313947677612305e+00	2.870180845260620117e+00	2.849116802215576172e+00	2.835633516311645508e+00	2.827352285385131836e+00	2.822262048721313477e+00	2.819275140762329102e+00	2.818330287933349609e+00	2.819696903228759766e+00	2.823420524597167969e+00	2.828926801681518555e+00	2.834729909896850586e+00	2.838283061981201172e+00	2.837599754333496094e+00	2.833492279052734375e+00	2.828077554702758789e+00	2.823056459426879883e+00	2.819433689117431641e+00	2.817442417144775391e+00	2.816800355911254883e+00	2.817510604858398438e+00	2.820813417434692383e+00	2.829009294509887695e+00
2.871718168258666992e+00	2.905618906021118164e+00	2.946066379547119141e+00	2.972978353500366211e+00	2.969836711883544922e+00	2.928715705871582031e+00	2.887826919555664062e+00	2.859831809997558594e+00	2.840922594070434570e+00	2.829438447952270508e+00	2.824004888534545898e+00	2.822887659072875977e+00	2.824474573135375977e+00	2.827456235885620117e+00	2.830904483795166016e+00	2.834428787231445312e+00	2.838544368743896484e+00	2.844991922378540039e+00	2.856217145919799805e+00	2.873944997787475586e+00	2.898145437240600586e+00	2.926598548889160156e+00	2.953843832015991211e+00	2.971113681793212891e+00	2.970282316207885742e+00	2.951650619506835938e+00	2.923704862594604492e+00	2.895250558853149414e+00	2.871515035629272461e+00	2.854772567749023438e+00	2.844879150390625000e+00	2.839898347854614258e+00	2.837276220321655273e+00	2.835107088088989258e+00	2.832630157470703125e+00	2.829842090606689453e+00	2.827177524566650391e+00	2.825381994247436523e+00	2.825289011001586914e+00	2.827597141265869141e+00	2.832463264465332031e+00	2.840453147888183594e+00	2.852374315261840820e+00	2.869100093841552734e+00	2.893211126327514648e+00	2.929018497467041016e+00	2.974628448486328125e+00	2.968733310699462891e+00	2.917587757110595703e+00	2.880674839019775391e+00	2.856689453125000000e+00	2.841861486434936523e+00	2.833163499832153320e+00	2.828243255615234375e+00	2.825753211975097656e+00	2.825229883193969727e+00	2.826805591583251953e+00	2.830633401870727539e+00	2.835927486419677734e+00	2.841622829437255859e+00	2.845975160598754883e+00	2.846140623092651367e+00	2.841754674911499023e+00	2.835747241973876953e+00	2.830211639404296875e+00	2.826215982437133789e+00	2.824139833450317383e+00	2.823724269866943359e+00	2.824746608734130859e+00	2.827805042266845703e+00	2.834838151931762695e+00	2.848549127578735352e+00
2.889409780502319336e+00	2.932377099990844727e+00	2.969949960708618164e+00	2.965649604797363281e+00	2.937799215316772461e+00	2.903312683105468750e+00	2.873831033706665039e+00	2.852446079254150391e+00	2.837987661361694336e+00	2.829203605651855469e+00	2.825204849243164062e+00	2.824786663055419922e+00	2.826613903045654297e+00	2.829545974731445312e+00	2.832740306854248047e+00	2.835674047470092773e+00	2.838542461395263672e+00	2.842927932739257812e+00	2.851478338241577148e+00	2.866464614868164062e+00	2.888533830642700195e+00	2.916272878646850586e+00	2.945241928100585938e+00	2.967745304107666016e+00	2.974603891372680664e+00	2.962095737457275391e+00	2.936377763748168945e+00	2.907059431076049805e+00	2.880947351455688477e+00	2.861537218093872070e+00	2.849644184112548828e+00	2.843226909637451172e+00	2.839222669601440430e+00	2.836127758026123047e+00	2.833247423171997070e+00	2.830701589584350586e+00	2.829028129577636719e+00	2.827700614929199219e+00	2.826756954193115234e+00	2.828959941864013672e+00	2.835583209991455078e+00	2.847017049789428711e+00	2.863226652145385742e+00	2.884323835372924805e+00	2.912201642990112305e+00	2.947728395462036133e+00	2.969010591506958008e+00	2.937990903854370117e+00	2.897655487060546875e+00	2.867687702178955078e+00	2.848368167877197266e+00	2.837076187133789062e+00	2.830980777740478516e+00	2.827697515487670898e+00	2.826109170913696289e+00	2.826288223266601562e+00	2.828570604324340820e+00	2.832939386367797852e+00	2.838732242584228516e+00	2.844471216201782227e+00	2.847730875015258789e+00	2.846333026885986328e+00	2.840745687484741211e+00	2.834019184112548828e+00	2.828384160995483398e+00	2.824910879135131836e+00	2.823835372924804688e+00	2.824762105941772461e+00	2.827350378036499023e+00	2.832467555999755859e+00	2.842438936233520508e+00	2.860227346420288086e+00
2.894920110702514648e+00	2.940385818481445312e+00	2.968826532363891602e+00	2.951530694961547852e+00	2.919789791107177734e+00	2.890135288238525391e+00	2.865031719207763672e+00	2.846181154251098633e+00	2.833503961563110352e+00	2.826266050338745117e+00	2.823273658752441406e+00	2.823273658752441406e+00	2.825121164321899414e+00	2.827896356582641602e+00	2.830893516540527344e+00	2.833659410476684570e+00	2.836449861526489258e+00	2.840732812881469727e+00	2.848956346511840820e+00	2.863324403762817383e+00	2.884639978408813477e+00	2.911832332611083984e+00	2.941064596176147461e+00	2.964943408966064453e+00	2.973846912384033203e+00	2.963225603103637695e+00	2.938544988632202148e+00	2.909371376037597656e+00	2.882721424102783203e+00	2.862346410751342773e+00	2.848985433578491211e+00	2.841179847717285156e+00	2.836923599243164062e+00	2.834021806716918945e+00	2.831302404403686523e+00	2.828765869140625000e+00	2.826701402664184570e+00	2.825187206268310547e+00	2.824956417083740234e+00	2.827727556228637695e+00	2.834987640380859375e+00	2.847623825073242188e+00	2.865554809570312500e+00	2.888060569763183594e+00	2.915897369384765625e+00	2.947647333145141602e+00	2.959984779357910156e+00	2.929144859313964844e+00	2.891907453536987305e+00	2.863234043121337891e+00	2.844567298889160156e+00	2.833917856216430664e+00	2.828626871109008789e+00	2.826265096664428711e+00	2.825507164001464844e+00	2.826013326644897461e+00	2.827893495559692383e+00	2.831763267517089844e+00	2.837152957916259766e+00	2.842233896255493164e+00	2.844380140304565430e+00	2.842096567153930664e+00	2.836884737014770508e+00	2.831106662750244141e+00	2.826411247253417969e+00	2.823748350143432617e+00	2.823157787322998047e+00	2.824153900146484375e+00	2.826599121093750000e+00	2.831834793090820312e+00	2.842748641967773438e+00	2.862596511840820312e+00
2.872972726821899414e+00	2.917203426361083984e+00	2.948127269744873047e+00	2.931488275527954102e+00	2.906780004501342773e+00	2.876479387283325195e+00	2.848290443420410156e+00	2.828679084777832031e+00	2.817753076553344727e+00	2.813468933105468750e+00	2.813281536102294922e+00	2.814409494400024414e+00	2.815289735794067383e+00	2.816081523895263672e+00	2.817201375961303711e+00	2.818861961364746094e+00	2.821379661560058594e+00	2.825886964797973633e+00	2.834895133972167969e+00	2.850627899169921875e+00	2.873634099960327148e+00	2.902326583862304688e+00	2.931591987609863281e+00	2.952194929122924805e+00	2.955442190170288086e+00	2.940363883972167969e+00	2.913623809814453125e+00	2.884053468704223633e+00	2.857946634292602539e+00	2.838449716567993164e+00	2.826344251632690430e+00	2.820407152175903320e+00	2.817912101745605469e+00	2.816012382507324219e+00	2.813432216644287109e+00	2.810270786285400391e+00	2.807021379470825195e+00	2.804422140121459961e+00	2.803380012512207031e+00	2.805067539215087891e+00	2.810847520828247070e+00	2.821808099746704102e+00	2.838166713714599609e+00	2.859360933303833008e+00	2.886688709259033203e+00	2.920662879943847656e+00	2.949647665023803711e+00	2.926761627197265625e+00	2.884678363800048828e+00	2.853042125701904297e+00	2.831502199172973633e+00	2.818113803863525391e+00	2.810857534408569336e+00	2.807449579238891602e+00	2.805866718292236328e+00	2.805748701095581055e+00	2.807541847229003906e+00	2.811261415481567383e+00	2.816324710845947266e+00	2.821131467819213867e+00	2.823221921920776367e+00	2.821751117706298828e+00	2.817590236663818359e+00	2.812521457672119141e+00	2.808209657669067383e+00	2.805581331253051758e+00	2.804532051086425781e+00	2.804214954376220703e+00	2.805253505706787109e+00	2.810017585754394531e+00	2.821158885955810547e+00	2.841125726699829102e+00
2.820786714553833008e+00	2.844646215438842773e+00	2.862689971923828125e+00	2.862506389617919922e+00	2.848031759262084961e+00	2.833262443542480469e+00	2.823574781417846680e+00	2.820351362228393555e+00	2.823629856109619141e+00	2.832746744155883789e+00	2.845309734344482422e+00	2.852220296859741211e+00	2.843838930130004883e+00	2.829003334045410156e+00	2.816779851913452148e+00	2.808139324188232422e+00	2.801370382308959961e+00	2.795824289321899414e+00	2.792413949966430664e+00	2.792269468307495117e+00	2.795916318893432617e+00	2.802744865417480469e+00	2.811124324798583984e+00	2.818281650543212891e+00	2.820406913757324219e+00	2.815579891204833984e+00	2.805924177169799805e+00	2.795618057250976562e+00	2.787813901901245117e+00	2.783822536468505859e+00	2.783626317977905273e+00	2.786175727844238281e+00	2.789435863494873047e+00	2.791049480438232422e+00	2.789799690246582031e+00	2.786355495452880859e+00	2.782366514205932617e+00	2.779327392578125000e+00	2.778437376022338867e+00	2.780794382095336914e+00	2.787614822387695312e+00	2.799590110778808594e+00	2.814591884613037109e+00	2.829175233840942383e+00	2.844231843948364258e+00	2.860273122787475586e+00	2.867562532424926758e+00	2.860078811645507812e+00	2.838677883148193359e+00	2.818058967590332031e+00	2.804607152938842773e+00	2.796195983886718750e+00	2.791072845458984375e+00	2.788218021392822266e+00	2.786696195602416992e+00	2.785833835601806641e+00	2.785266160964965820e+00	2.785044670104980469e+00	2.785144090652465820e+00	2.785313844680786133e+00	2.785475015640258789e+00	2.785701990127563477e+00	2.786119937896728516e+00	2.786672115325927734e+00	2.786537170410156250e+00	2.785396337509155273e+00	2.783241748809814453e+00	2.780331611633300781e+00	2.778531551361083984e+00	2.780323982238769531e+00	2.787448167800903320e+00	2.800903320312500000e+00
2.799407720565795898e+00	2.810508966445922852e+00	2.815026998519897461e+00	2.811807155609130859e+00	2.803683996200561523e+00	2.795193910598754883e+00	2.788655757904052734e+00	2.784495353698730469e+00	2.782881021499633789e+00	2.782920598983764648e+00	2.784275054931640625e+00	2.785829067230224609e+00	2.785189151763916016e+00	2.783519029617309570e+00	2.781296968460083008e+00	2.778372764587402344e+00	2.775430440902709961e+00	2.773644685745239258e+00	2.774024724960327148e+00	2.777318000793457031e+00	2.783540248870849609e+00	2.792073726654052734e+00	2.800699710845947266e+00	2.805412292480468750e+00	2.803577184677124023e+00	2.797171354293823242e+00	2.790383577346801758e+00	2.784191608428955078e+00	2.779040336608886719e+00	2.775844335556030273e+00	2.775088071823120117e+00	2.776853561401367188e+00	2.780417680740356445e+00	2.783767938613891602e+00	2.785000085830688477e+00	2.784793615341186523e+00	2.783938884735107422e+00	2.781896352767944336e+00	2.779286384582519531e+00	2.777764081954956055e+00	2.778322458267211914e+00	2.781237602233886719e+00	2.786542892456054688e+00	2.794197320938110352e+00	2.804165840148925781e+00	2.815782546997070312e+00	2.827243089675903320e+00	2.834889888763427734e+00	2.833410501480102539e+00	2.825354099273681641e+00	2.815473079681396484e+00	2.806695461273193359e+00	2.800786018371582031e+00	2.797508955001831055e+00	2.795639514923095703e+00	2.794300317764282227e+00	2.793713808059692383e+00	2.794249057769775391e+00	2.795703172683715820e+00	2.797333002090454102e+00	2.797750473022460938e+00	2.797095537185668945e+00	2.795534133911132812e+00	2.790947914123535156e+00	2.784899234771728516e+00	2.779440641403198242e+00	2.775539398193359375e+00	2.772800445556640625e+00	2.771924018859863281e+00	2.773849487304687500e+00	2.779026985168457031e+00	2.787762880325317383e+00
2.797883272171020508e+00	2.806907415390014648e+00	2.810045242309570312e+00	2.806715250015258789e+00	2.799515485763549805e+00	2.791566848754882812e+00	2.784652471542358398e+00	2.779120206832885742e+00	2.775361061096191406e+00	2.773276805877685547e+00	2.772149801254272461e+00	2.772439002990722656e+00	2.773977518081665039e+00	2.775817632675170898e+00	2.776662349700927734e+00	2.777359724044799805e+00	2.778677940368652344e+00	2.780732631683349609e+00	2.784047603607177734e+00	2.788975000381469727e+00	2.795375823974609375e+00	2.802325487136840820e+00	2.808499813079833984e+00	2.812174320220947266e+00	2.810943126678466797e+00	2.805280923843383789e+00	2.798448085784912109e+00	2.792202234268188477e+00	2.786906480789184570e+00	2.783167123794555664e+00	2.781565666198730469e+00	2.782079696655273438e+00	2.783767700195312500e+00	2.785619497299194336e+00	2.786396265029907227e+00	2.785293102264404297e+00	2.783560276031494141e+00	2.781666278839111328e+00	2.780168533325195312e+00	2.780194759368896484e+00	2.782327890396118164e+00	2.786409378051757812e+00	2.791635513305664062e+00	2.797425270080566406e+00	2.804877758026123047e+00	2.813710212707519531e+00	2.821978330612182617e+00	2.827606916427612305e+00	2.827964305877685547e+00	2.822309255599975586e+00	2.813963890075683594e+00	2.805650472640991211e+00	2.799266338348388672e+00	2.795550823211669922e+00	2.794029235839843750e+00	2.793767452239990234e+00	2.793507337570190430e+00	2.792828798294067383e+00	2.792045354843139648e+00	2.791236400604248047e+00	2.790159940719604492e+00	2.788621425628662109e+00	2.787060499191284180e+00	2.785244226455688477e+00	2.782249689102172852e+00	2.778625249862670898e+00	2.774937629699707031e+00	2.772220611572265625e+00	2.771500349044799805e+00	2.773569345474243164e+00	2.778972387313842773e+00	2.787525177001953125e+00
2.788923740386962891e+00	2.792486667633056641e+00	2.794467926025390625e+00	2.794433593750000000e+00	2.792940616607666016e+00	2.789690494537353516e+00	2.785495281219482422e+00	2.781929969787597656e+00	2.779555320739746094e+00	2.778227806091308594e+00	2.777507305145263672e+00	2.777141094207763672e+00	2.777213096618652344e+00	2.777727603912353516e+00	2.778737545013427734e+00	2.780371665954589844e+00	2.782449960708618164e+00	2.784620761871337891e+00	2.787105560302734375e+00	2.790303230285644531e+00	2.794387102127075195e+00	2.799044370651245117e+00	2.802765369415283203e+00	2.804148435592651367e+00	2.803163290023803711e+00	2.800158739089965820e+00	2.795918226242065430e+00	2.791752576828002930e+00	2.788190841674804688e+00	2.785407304763793945e+00	2.783705949783325195e+00	2.782823085784912109e+00	2.782190084457397461e+00	2.781565189361572266e+00	2.781487703323364258e+00	2.782271146774291992e+00	2.783911466598510742e+00	2.785554885864257812e+00	2.785404682159423828e+00	2.785768270492553711e+00	2.786820888519287109e+00	2.789024591445922852e+00	2.792713165283203125e+00	2.797026395797729492e+00	2.800944328308105469e+00	2.803722381591796875e+00	2.804874658584594727e+00	2.804522037506103516e+00	2.803184509277343750e+00	2.801638364791870117e+00	2.799932479858398438e+00	2.797981500625610352e+00	2.796110391616821289e+00	2.795426845550537109e+00	2.796352624893188477e+00	2.798058509826660156e+00	2.799022197723388672e+00	2.798736810684204102e+00	2.797883987426757812e+00	2.796728849411010742e+00	2.795079946517944336e+00	2.792662382125854492e+00	2.789545297622680664e+00	2.786014318466186523e+00	2.782438278198242188e+00	2.779251098632812500e+00	2.777007341384887695e+00	2.776010274887084961e+00	2.776315212249755859e+00	2.778151512145996094e+00	2.781443834304809570e+00	2.785079956054687500e+00
2.781474113464355469e+00	2.784337282180786133e+00	2.785976409912109375e+00	2.786897420883178711e+00	2.787047386169433594e+00	2.785864591598510742e+00	2.783812046051025391e+00	2.782145023345947266e+00	2.781549453735351562e+00	2.781965017318725586e+00	2.782988309860229492e+00	2.784081459045410156e+00	2.784893035888671875e+00	2.785414218902587891e+00	2.786062479019165039e+00	2.787093162536621094e+00	2.788419485092163086e+00	2.789928197860717773e+00	2.790903568267822266e+00	2.791232347488403320e+00	2.791636943817138672e+00	2.792183637619018555e+00	2.792576789855957031e+00	2.791790962219238281e+00	2.789167165756225586e+00	2.786141633987426758e+00	2.783797740936279297e+00	2.782269954681396484e+00	2.781615257263183594e+00	2.780973911285400391e+00	2.779307603836059570e+00	2.777318477630615234e+00	2.776107072830200195e+00	2.775947809219360352e+00	2.776735782623291016e+00	2.778659820556640625e+00	2.782081365585327148e+00	2.786766052246093750e+00	2.792003870010375977e+00	2.796498537063598633e+00	2.798587083816528320e+00	2.798674821853637695e+00	2.798599720001220703e+00	2.799313068389892578e+00	2.800703048706054688e+00	2.802747249603271484e+00	2.804877519607543945e+00	2.806413412094116211e+00	2.806819915771484375e+00	2.805218696594238281e+00	2.801968574523925781e+00	2.798470020294189453e+00	2.796184301376342773e+00	2.795800924301147461e+00	2.797501325607299805e+00	2.800818204879760742e+00	2.803599357604980469e+00	2.803443193435668945e+00	2.801306009292602539e+00	2.799226045608520508e+00	2.796370506286621094e+00	2.791715860366821289e+00	2.788161993026733398e+00	2.785248994827270508e+00	2.782662868499755859e+00	2.781091690063476562e+00	2.780659675598144531e+00	2.780172824859619141e+00	2.778803586959838867e+00	2.777599573135375977e+00	2.777288198471069336e+00	2.778594017028808594e+00
2.780109167098999023e+00	2.782022476196289062e+00	2.783814430236816406e+00	2.784522771835327148e+00	2.783046960830688477e+00	2.780591964721679688e+00	2.779127120971679688e+00	2.779191970825195312e+00	2.780692577362060547e+00	2.783107519149780273e+00	2.785836935043334961e+00	2.788727045059204102e+00	2.791861057281494141e+00	2.794980049133300781e+00	2.797763109207153320e+00	2.800625801086425781e+00	2.803216218948364258e+00	2.804902076721191406e+00	2.805297136306762695e+00	2.804288864135742188e+00	2.802760124206542969e+00	2.802100896835327148e+00	2.801340341567993164e+00	2.797924041748046875e+00	2.792946815490722656e+00	2.788280487060546875e+00	2.784622907638549805e+00	2.782038688659667969e+00	2.780165433883666992e+00	2.778879880905151367e+00	2.778126239776611328e+00	2.777951955795288086e+00	2.778506278991699219e+00	2.779524326324462891e+00	2.780818700790405273e+00	2.783146619796752930e+00	2.787513017654418945e+00	2.794209957122802734e+00	2.800878763198852539e+00	2.803737640380859375e+00	2.804082393646240234e+00	2.803243160247802734e+00	2.801955938339233398e+00	2.801270723342895508e+00	2.801099777221679688e+00	2.801096200942993164e+00	2.800986766815185547e+00	2.800792455673217773e+00	2.800087451934814453e+00	2.798718214035034180e+00	2.797099590301513672e+00	2.795715093612670898e+00	2.794872522354125977e+00	2.795008897781372070e+00	2.796487331390380859e+00	2.799202919006347656e+00	2.802486658096313477e+00	2.803514719009399414e+00	2.800428390502929688e+00	2.796179533004760742e+00	2.792282342910766602e+00	2.789357423782348633e+00	2.787405967712402344e+00	2.786386013031005859e+00	2.785934686660766602e+00	2.785743236541748047e+00	2.785543203353881836e+00	2.784817218780517578e+00	2.783425092697143555e+00	2.781590938568115234e+00	2.779855966567993164e+00	2.779153823852539062e+00
2.777617454528808594e+00	2.779444456100463867e+00	2.781812906265258789e+00	2.783399105072021484e+00	2.783328294754028320e+00	2.782687664031982422e+00	2.782688379287719727e+00	2.783290147781372070e+00	2.784199476242065430e+00	2.785219669342041016e+00	2.786208391189575195e+00	2.786787748336791992e+00	2.787314414978027344e+00	2.788465976715087891e+00	2.790575742721557617e+00	2.793604612350463867e+00	2.797103404998779297e+00	2.800309896469116211e+00	2.802230834960937500e+00	2.802235841751098633e+00	2.800853729248046875e+00	2.799135446548461914e+00	2.797435283660888672e+00	2.795204639434814453e+00	2.792588710784912109e+00	2.790292501449584961e+00	2.788710594177246094e+00	2.787886381149291992e+00	2.786573648452758789e+00	2.784598827362060547e+00	2.782900333404541016e+00	2.781778573989868164e+00	2.781113624572753906e+00	2.780334711074829102e+00	2.780201911926269531e+00	2.781673669815063477e+00	2.784667491912841797e+00	2.787788867950439453e+00	2.789741516113281250e+00	2.790791273117065430e+00	2.791633605957031250e+00	2.792445898056030273e+00	2.793521642684936523e+00	2.795290946960449219e+00	2.797168254852294922e+00	2.798552274703979492e+00	2.799588918685913086e+00	2.799305438995361328e+00	2.797687053680419922e+00	2.795441627502441406e+00	2.793318986892700195e+00	2.792104959487915039e+00	2.791998624801635742e+00	2.792763471603393555e+00	2.794573307037353516e+00	2.797092437744140625e+00	2.798655033111572266e+00	2.799006462097167969e+00	2.798597812652587891e+00	2.797135353088378906e+00	2.795652151107788086e+00	2.794376134872436523e+00	2.793179988861083984e+00	2.792913675308227539e+00	2.792277336120605469e+00	2.789903402328491211e+00	2.787042379379272461e+00	2.784369707107543945e+00	2.781618118286132812e+00	2.778949975967407227e+00	2.777203083038330078e+00	2.776817798614501953e+00
2.780124664306640625e+00	2.782300472259521484e+00	2.783956289291381836e+00	2.784942388534545898e+00	2.785402774810791016e+00	2.785766601562500000e+00	2.786028385162353516e+00	2.786130666732788086e+00	2.786145925521850586e+00	2.786095380783081055e+00	2.786205291748046875e+00	2.786821365356445312e+00	2.787391901016235352e+00	2.787387847900390625e+00	2.787546873092651367e+00	2.789163827896118164e+00	2.792194128036499023e+00	2.795738935470581055e+00	2.798486709594726562e+00	2.799764871597290039e+00	2.800176620483398438e+00	2.800289392471313477e+00	2.799679040908813477e+00	2.797874450683593750e+00	2.794833183288574219e+00	2.791046857833862305e+00	2.787504673004150391e+00	2.784544944763183594e+00	2.782122135162353516e+00	2.780544042587280273e+00	2.779947519302368164e+00	2.779626369476318359e+00	2.779092311859130859e+00	2.778707742691040039e+00	2.778873443603515625e+00	2.779843330383300781e+00	2.780791521072387695e+00	2.780294179916381836e+00	2.778870344161987305e+00	2.778548240661621094e+00	2.780383586883544922e+00	2.783897399902343750e+00	2.788132905960083008e+00	2.792197227478027344e+00	2.795415163040161133e+00	2.798312425613403320e+00	2.801294326782226562e+00	2.803540468215942383e+00	2.803740978240966797e+00	2.801812410354614258e+00	2.798825502395629883e+00	2.796600818634033203e+00	2.795801401138305664e+00	2.795794963836669922e+00	2.795532941818237305e+00	2.794052362442016602e+00	2.791895151138305664e+00	2.791016578674316406e+00	2.791907548904418945e+00	2.793526411056518555e+00	2.795814037322998047e+00	2.798251628875732422e+00	2.798806905746459961e+00	2.796779632568359375e+00	2.794013023376464844e+00	2.790202140808105469e+00	2.786535024642944336e+00	2.783340215682983398e+00	2.780618190765380859e+00	2.778525829315185547e+00	2.777528285980224609e+00	2.778118848800659180e+00
2.784350633621215820e+00	2.786965370178222656e+00	2.788766384124755859e+00	2.789698839187622070e+00	2.790140628814697266e+00	2.790037155151367188e+00	2.789456367492675781e+00	2.787649154663085938e+00	2.784536838531494141e+00	2.782098293304443359e+00	2.781038761138916016e+00	2.779421806335449219e+00	2.777807235717773438e+00	2.776585817337036133e+00	2.775734424591064453e+00	2.775952339172363281e+00	2.777125835418701172e+00	2.779394626617431641e+00	2.782690763473510742e+00	2.786181449890136719e+00	2.789150476455688477e+00	2.790902376174926758e+00	2.790774583816528320e+00	2.789135694503784180e+00	2.786980390548706055e+00	2.785143136978149414e+00	2.784341812133789062e+00	2.784605503082275391e+00	2.785243511199951172e+00	2.785127401351928711e+00	2.783911466598510742e+00	2.782068014144897461e+00	2.780346870422363281e+00	2.778949022293090820e+00	2.777334451675415039e+00	2.775130510330200195e+00	2.772658348083496094e+00	2.770672798156738281e+00	2.770043611526489258e+00	2.771182537078857422e+00	2.773896932601928711e+00	2.777710914611816406e+00	2.782104015350341797e+00	2.786803722381591797e+00	2.791789293289184570e+00	2.797051429748535156e+00	2.802480936050415039e+00	2.807292461395263672e+00	2.810109853744506836e+00	2.810827493667602539e+00	2.809848785400390625e+00	2.807790040969848633e+00	2.805579900741577148e+00	2.803514480590820312e+00	2.801163196563720703e+00	2.797732591629028320e+00	2.793709039688110352e+00	2.790847063064575195e+00	2.789619445800781250e+00	2.789705514907836914e+00	2.790894746780395508e+00	2.792774915695190430e+00	2.793887138366699219e+00	2.791720390319824219e+00	2.788743495941162109e+00	2.787179946899414062e+00	2.786503791809082031e+00	2.785416364669799805e+00	2.784348487854003906e+00	2.783350706100463867e+00	2.782573223114013672e+00	2.782715559005737305e+00
2.795167684555053711e+00	2.793866157531738281e+00	2.791941165924072266e+00	2.789812564849853516e+00	2.787879467010498047e+00	2.786767721176147461e+00	2.786225795745849609e+00	2.785218715667724609e+00	2.784262180328369141e+00	2.784216165542602539e+00	2.784730672836303711e+00	2.785330057144165039e+00	2.786301612854003906e+00	2.787412881851196289e+00	2.788539648056030273e+00	2.789727449417114258e+00	2.790217161178588867e+00	2.789966821670532227e+00	2.790166854858398438e+00	2.791088581085205078e+00	2.792484045028686523e+00	2.794178724288940430e+00	2.795771598815917969e+00	2.796729326248168945e+00	2.796965837478637695e+00	2.796746730804443359e+00	2.796307802200317383e+00	2.795401811599731445e+00	2.793704032897949219e+00	2.791578769683837891e+00	2.789667844772338867e+00	2.788532972335815430e+00	2.788009166717529297e+00	2.787457227706909180e+00	2.786193132400512695e+00	2.784191846847534180e+00	2.781968355178833008e+00	2.779843807220458984e+00	2.777913331985473633e+00	2.777252674102783203e+00	2.778485774993896484e+00	2.781072854995727539e+00	2.784374952316284180e+00	2.787582397460937500e+00	2.789721727371215820e+00	2.791204452514648438e+00	2.792384624481201172e+00	2.792527914047241211e+00	2.792034626007080078e+00	2.792018413543701172e+00	2.792833805084228516e+00	2.794241189956665039e+00	2.795786857604980469e+00	2.796570539474487305e+00	2.795567989349365234e+00	2.793242692947387695e+00	2.791088342666625977e+00	2.789909124374389648e+00	2.789909601211547852e+00	2.790964603424072266e+00	2.792510747909545898e+00	2.793762683868408203e+00	2.794068574905395508e+00	2.793379783630371094e+00	2.792396545410156250e+00	2.792081594467163086e+00	2.792590856552124023e+00	2.793872833251953125e+00	2.795731544494628906e+00	2.797226905822753906e+00	2.797223806381225586e+00	2.796206951141357422e+00
2.800086259841918945e+00	2.800332784652709961e+00	2.800543069839477539e+00	2.799080371856689453e+00	2.796047687530517578e+00	2.792394638061523438e+00	2.789192199707031250e+00	2.786875724792480469e+00	2.785307645797729492e+00	2.784177780151367188e+00	2.783434152603149414e+00	2.783167362213134766e+00	2.783530473709106445e+00	2.784664154052734375e+00	2.786551952362060547e+00	2.788825750350952148e+00	2.790529489517211914e+00	2.791754007339477539e+00	2.793711900711059570e+00	2.796968460083007812e+00	2.801212072372436523e+00	2.805449724197387695e+00	2.808591842651367188e+00	2.810006380081176758e+00	2.809272766113281250e+00	2.806178808212280273e+00	2.801854133605957031e+00	2.798115491867065430e+00	2.795438766479492188e+00	2.793007850646972656e+00	2.790563821792602539e+00	2.788568019866943359e+00	2.787224531173706055e+00	2.786025762557983398e+00	2.784667015075683594e+00	2.783310651779174805e+00	2.782063484191894531e+00	2.781103849411010742e+00	2.780584096908569336e+00	2.780678272247314453e+00	2.781765460968017578e+00	2.784184932708740234e+00	2.787862062454223633e+00	2.791743516921997070e+00	2.794068098068237305e+00	2.793942451477050781e+00	2.791873455047607422e+00	2.789511919021606445e+00	2.788059473037719727e+00	2.787493228912353516e+00	2.787214517593383789e+00	2.786557674407958984e+00	2.785201549530029297e+00	2.783998727798461914e+00	2.783982276916503906e+00	2.785021543502807617e+00	2.786681175231933594e+00	2.789075851440429688e+00	2.791866064071655273e+00	2.794304609298706055e+00	2.795971155166625977e+00	2.796860218048095703e+00	2.797691106796264648e+00	2.798972845077514648e+00	2.800588369369506836e+00	2.803241014480590820e+00	2.804291963577270508e+00	2.804183244705200195e+00	2.803538084030151367e+00	2.802268505096435547e+00	2.801269769668579102e+00	2.800526618957519531e+00
2.788347959518432617e+00	2.791556119918823242e+00	2.790067434310913086e+00	2.787508487701416016e+00	2.786175251007080078e+00	2.785327196121215820e+00	2.784650087356567383e+00	2.784240961074829102e+00	2.784072399139404297e+00	2.784197568893432617e+00	2.785155773162841797e+00	2.787657737731933594e+00	2.791914463043212891e+00	2.797626018524169922e+00	2.804063081741333008e+00	2.809994459152221680e+00	2.813781261444091797e+00	2.814718246459960938e+00	2.813583374023437500e+00	2.811790943145751953e+00	2.810030937194824219e+00	2.807887792587280273e+00	2.805157661437988281e+00	2.801895618438720703e+00	2.797562360763549805e+00	2.792005300521850586e+00	2.786159515380859375e+00	2.781909465789794922e+00	2.780540704727172852e+00	2.782015085220336914e+00	2.780733823776245117e+00	2.780012369155883789e+00	2.781264543533325195e+00	2.783230543136596680e+00	2.785250425338745117e+00	2.785953044891357422e+00	2.785057067871093750e+00	2.784012317657470703e+00	2.783627748489379883e+00	2.783540248870849609e+00	2.783775091171264648e+00	2.784785509109497070e+00	2.786805868148803711e+00	2.789549827575683594e+00	2.792652130126953125e+00	2.795388698577880859e+00	2.796297073364257812e+00	2.794860839843750000e+00	2.792243719100952148e+00	2.789578437805175781e+00	2.787497043609619141e+00	2.786532640457153320e+00	2.786441564559936523e+00	2.786702394485473633e+00	2.787201404571533203e+00	2.787467718124389648e+00	2.787339925765991211e+00	2.787976264953613281e+00	2.790062665939331055e+00	2.792362213134765625e+00	2.793940305709838867e+00	2.794800996780395508e+00	2.794424533843994141e+00	2.793095350265502930e+00	2.792053937911987305e+00	2.792325973510742188e+00	2.793117523193359375e+00	2.791471481323242188e+00	2.787982463836669922e+00	2.785637617111206055e+00	2.785060405731201172e+00	2.785742044448852539e+00
2.790250301361083984e+00	2.792901277542114258e+00	2.793848752975463867e+00	2.792903184890747070e+00	2.790275096893310547e+00	2.787371635437011719e+00	2.785425901412963867e+00	2.784942150115966797e+00	2.785228490829467773e+00	2.785128116607666016e+00	2.785241842269897461e+00	2.786248683929443359e+00	2.788519859313964844e+00	2.792275905609130859e+00	2.797203540802001953e+00	2.802285671234130859e+00	2.806313991546630859e+00	2.808529615402221680e+00	2.808603286743164062e+00	2.806668996810913086e+00	2.803614616394042969e+00	2.800391435623168945e+00	2.797637701034545898e+00	2.795031785964965820e+00	2.792330503463745117e+00	2.787682771682739258e+00	2.782227993011474609e+00	2.778188228607177734e+00	2.776146650314331055e+00	2.775299787521362305e+00	2.775001049041748047e+00	2.775655269622802734e+00	2.777035474777221680e+00	2.778379201889038086e+00	2.779259443283081055e+00	2.779623508453369141e+00	2.779810190200805664e+00	2.780204534530639648e+00	2.781219482421875000e+00	2.783443450927734375e+00	2.786462783813476562e+00	2.788471937179565430e+00	2.789358139038085938e+00	2.790940999984741211e+00	2.792484045028686523e+00	2.792345762252807617e+00	2.790577173233032227e+00	2.788148403167724609e+00	2.785647153854370117e+00	2.784049510955810547e+00	2.784391403198242188e+00	2.786219835281372070e+00	2.788540601730346680e+00	2.790661573410034180e+00	2.791789293289184570e+00	2.792048454284667969e+00	2.792026519775390625e+00	2.792310714721679688e+00	2.793288469314575195e+00	2.794639348983764648e+00	2.795555591583251953e+00	2.795423269271850586e+00	2.794311523437500000e+00	2.792958259582519531e+00	2.791798830032348633e+00	2.790814161300659180e+00	2.790165424346923828e+00	2.789636850357055664e+00	2.788576602935791016e+00	2.787212610244750977e+00	2.786530256271362305e+00	2.787552595138549805e+00
2.806737899780273438e+00	2.808935880661010742e+00	2.808526039123535156e+00	2.805530786514282227e+00	2.800992488861083984e+00	2.796280622482299805e+00	2.792317390441894531e+00	2.789422273635864258e+00	2.787372112274169922e+00	2.785562276840209961e+00	2.783524513244628906e+00	2.781630992889404297e+00	2.780801057815551758e+00	2.781539440155029297e+00	2.783550500869750977e+00	2.786046743392944336e+00	2.788752079010009766e+00	2.791760444641113281e+00	2.794883489608764648e+00	2.797340154647827148e+00	2.797681570053100586e+00	2.795637607574462891e+00	2.792390584945678711e+00	2.788714170455932617e+00	2.784596204757690430e+00	2.780225276947021484e+00	2.776399612426757812e+00	2.773712158203125000e+00	2.772641658782958984e+00	2.773488998413085938e+00	2.775766849517822266e+00	2.778109073638916016e+00	2.779503822326660156e+00	2.780068635940551758e+00	2.780272960662841797e+00	2.780744552612304688e+00	2.782035350799560547e+00	2.784270048141479492e+00	2.787500858306884766e+00	2.790287733078002930e+00	2.790435314178466797e+00	2.790251255035400391e+00	2.790626764297485352e+00	2.790885448455810547e+00	2.790477037429809570e+00	2.789679765701293945e+00	2.788795232772827148e+00	2.788166046142578125e+00	2.787990570068359375e+00	2.788360357284545898e+00	2.789139270782470703e+00	2.789940357208251953e+00	2.790397644042968750e+00	2.790483951568603516e+00	2.790672540664672852e+00	2.791625738143920898e+00	2.793600559234619141e+00	2.795782327651977539e+00	2.796696424484252930e+00	2.797811269760131836e+00	2.798912763595581055e+00	2.799324989318847656e+00	2.799314498901367188e+00	2.799087047576904297e+00	2.798446893692016602e+00	2.797707796096801758e+00	2.797175168991088867e+00	2.796751499176025391e+00	2.796478033065795898e+00	2.797019481658935547e+00	2.799188613891601562e+00	2.802898168563842773e+00
2.812271118164062500e+00	2.811881780624389648e+00	2.808936834335327148e+00	2.804435968399047852e+00	2.800219774246215820e+00	2.797094106674194336e+00	2.794618368148803711e+00	2.792261600494384766e+00	2.790077447891235352e+00	2.787557363510131836e+00	2.783485651016235352e+00	2.779216766357421875e+00	2.775890588760375977e+00	2.773695468902587891e+00	2.772678852081298828e+00	2.772922039031982422e+00	2.774505376815795898e+00	2.776825428009033203e+00	2.778979539871215820e+00	2.781298637390136719e+00	2.784263372421264648e+00	2.787860631942749023e+00	2.790963649749755859e+00	2.791667461395263672e+00	2.789444923400878906e+00	2.785405158996582031e+00	2.781078577041625977e+00	2.777879953384399414e+00	2.776523590087890625e+00	2.776760339736938477e+00	2.777654170989990234e+00	2.778364896774291992e+00	2.778456687927246094e+00	2.777911663055419922e+00	2.777123451232910156e+00	2.776610612869262695e+00	2.776670932769775391e+00	2.777503490447998047e+00	2.779052734375000000e+00	2.780798196792602539e+00	2.782233715057373047e+00	2.783387899398803711e+00	2.784376144409179688e+00	2.785033941268920898e+00	2.786039590835571289e+00	2.787966012954711914e+00	2.790487766265869141e+00	2.792854309082031250e+00	2.795142889022827148e+00	2.797864913940429688e+00	2.800534486770629883e+00	2.801923990249633789e+00	2.802102327346801758e+00	2.802006959915161133e+00	2.801575660705566406e+00	2.800007820129394531e+00	2.797170877456665039e+00	2.794501781463623047e+00	2.793400287628173828e+00	2.794171571731567383e+00	2.796016693115234375e+00	2.797405481338500977e+00	2.797351360321044922e+00	2.796615839004516602e+00	2.795911073684692383e+00	2.794941425323486328e+00	2.793903827667236328e+00	2.793766975402832031e+00	2.795418739318847656e+00	2.798656225204467773e+00	2.803426265716552734e+00	2.809095144271850586e+00
2.797597885131835938e+00	2.795431137084960938e+00	2.792899131774902344e+00	2.791152238845825195e+00	2.790405273437500000e+00	2.790183544158935547e+00	2.790129899978637695e+00	2.790168762207031250e+00	2.790177106857299805e+00	2.789886474609375000e+00	2.788864612579345703e+00	2.785540103912353516e+00	2.780767679214477539e+00	2.777260780334472656e+00	2.775513410568237305e+00	2.775532245635986328e+00	2.776903152465820312e+00	2.778402566909790039e+00	2.779678106307983398e+00	2.781656026840209961e+00	2.784709453582763672e+00	2.787951946258544922e+00	2.790947198867797852e+00	2.792632818222045898e+00	2.791571378707885742e+00	2.788743019104003906e+00	2.785817146301269531e+00	2.783543586730957031e+00	2.781794548034667969e+00	2.780670642852783203e+00	2.780363321304321289e+00	2.780494213104248047e+00	2.780266046524047852e+00	2.779474258422851562e+00	2.778773307800292969e+00	2.778429746627807617e+00	2.777844190597534180e+00	2.776757240295410156e+00	2.775845766067504883e+00	2.775608539581298828e+00	2.775644302368164062e+00	2.775953769683837891e+00	2.776842355728149414e+00	2.778219699859619141e+00	2.780250072479248047e+00	2.783279895782470703e+00	2.787496566772460938e+00	2.792912483215332031e+00	2.799279451370239258e+00	2.805897712707519531e+00	2.811123371124267578e+00	2.816513061523437500e+00	2.822833538055419922e+00	2.828527688980102539e+00	2.832371473312377930e+00	2.833050966262817383e+00	2.829875946044921875e+00	2.824527502059936523e+00	2.820123910903930664e+00	2.818354368209838867e+00	2.818597555160522461e+00	2.816872835159301758e+00	2.812647581100463867e+00	2.807840347290039062e+00	2.802519798278808594e+00	2.797655820846557617e+00	2.794326305389404297e+00	2.792922019958496094e+00	2.793416738510131836e+00	2.795239686965942383e+00	2.797245264053344727e+00	2.798260927200317383e+00
2.801213026046752930e+00	2.799144744873046875e+00	2.796521186828613281e+00	2.793809413909912109e+00	2.791703701019287109e+00	2.790161132812500000e+00	2.788717269897460938e+00	2.787122011184692383e+00	2.785562276840209961e+00	2.784233331680297852e+00	2.783121824264526367e+00	2.782082796096801758e+00	2.781022310256958008e+00	2.780060529708862305e+00	2.779477119445800781e+00	2.779781103134155273e+00	2.781170368194580078e+00	2.781232833862304688e+00	2.780889749526977539e+00	2.781506061553955078e+00	2.783126115798950195e+00	2.785804510116577148e+00	2.789041757583618164e+00	2.791553974151611328e+00	2.792031049728393555e+00	2.790427446365356445e+00	2.787796258926391602e+00	2.784303665161132812e+00	2.779968500137329102e+00	2.776232481002807617e+00	2.774389743804931641e+00	2.774773836135864258e+00	2.776660919189453125e+00	2.778298377990722656e+00	2.778500080108642578e+00	2.777516603469848633e+00	2.776057243347167969e+00	2.774822235107421875e+00	2.773864269256591797e+00	2.772914648056030273e+00	2.772167921066284180e+00	2.772247314453125000e+00	2.773418903350830078e+00	2.775571107864379883e+00	2.778681039810180664e+00	2.782641887664794922e+00	2.786817550659179688e+00	2.790443658828735352e+00	2.794292449951171875e+00	2.799151182174682617e+00	2.804678201675415039e+00	2.809773921966552734e+00	2.815462112426757812e+00	2.822425842285156250e+00	2.828580856323242188e+00	2.831062316894531250e+00	2.829818964004516602e+00	2.826799154281616211e+00	2.823741912841796875e+00	2.820414781570434570e+00	2.816278696060180664e+00	2.812112092971801758e+00	2.808293104171752930e+00	2.804031372070312500e+00	2.799455404281616211e+00	2.796143293380737305e+00	2.794981479644775391e+00	2.796207189559936523e+00	2.799548625946044922e+00	2.803163290023803711e+00	2.804148435592651367e+00	2.802981615066528320e+00
2.804522275924682617e+00	2.802716255187988281e+00	2.798958539962768555e+00	2.792664527893066406e+00	2.788708448410034180e+00	2.786444425582885742e+00	2.784839391708374023e+00	2.783584833145141602e+00	2.782986640930175781e+00	2.782966375350952148e+00	2.782984256744384766e+00	2.782653570175170898e+00	2.782201766967773438e+00	2.782241821289062500e+00	2.783096313476562500e+00	2.784685134887695312e+00	2.786319255828857422e+00	2.785909414291381836e+00	2.784731864929199219e+00	2.784472465515136719e+00	2.785620450973510742e+00	2.788745164871215820e+00	2.793308973312377930e+00	2.797646999359130859e+00	2.799822092056274414e+00	2.799244165420532227e+00	2.795490503311157227e+00	2.788963556289672852e+00	2.782465457916259766e+00	2.777814626693725586e+00	2.775411844253540039e+00	2.774799346923828125e+00	2.775317430496215820e+00	2.776282072067260742e+00	2.776871442794799805e+00	2.776894330978393555e+00	2.776289701461791992e+00	2.775210857391357422e+00	2.773915052413940430e+00	2.772584438323974609e+00	2.771620512008666992e+00	2.771815061569213867e+00	2.773797750473022461e+00	2.777890920639038086e+00	2.784170150756835938e+00	2.790205717086791992e+00	2.793689012527465820e+00	2.795629978179931641e+00	2.797457695007324219e+00	2.799555540084838867e+00	2.801642656326293945e+00	2.804460525512695312e+00	2.808228731155395508e+00	2.812455415725708008e+00	2.816084146499633789e+00	2.818922996520996094e+00	2.821722984313964844e+00	2.825092554092407227e+00	2.827346324920654297e+00	2.825405597686767578e+00	2.821082830429077148e+00	2.816362857818603516e+00	2.811472415924072266e+00	2.806812763214111328e+00	2.802978515625000000e+00	2.800441026687622070e+00	2.798961400985717773e+00	2.798484802246093750e+00	2.799686908721923828e+00	2.802611351013183594e+00	2.805413961410522461e+00	2.806087017059326172e+00
2.810007095336914062e+00	2.805127143859863281e+00	2.799046277999877930e+00	2.792894124984741211e+00	2.787486553192138672e+00	2.783270597457885742e+00	2.780472993850708008e+00	2.778895378112792969e+00	2.778183221817016602e+00	2.778213977813720703e+00	2.778468847274780273e+00	2.778417348861694336e+00	2.778154373168945312e+00	2.778395652770996094e+00	2.779706716537475586e+00	2.781942844390869141e+00	2.784625768661499023e+00	2.786720275878906250e+00	2.788349390029907227e+00	2.790156841278076172e+00	2.792637109756469727e+00	2.796596288681030273e+00	2.802381038665771484e+00	2.807435750961303711e+00	2.806000709533691406e+00	2.800697326660156250e+00	2.794467687606811523e+00	2.788085699081420898e+00	2.782177925109863281e+00	2.777353048324584961e+00	2.774322986602783203e+00	2.773305177688598633e+00	2.773488998413085938e+00	2.773716926574707031e+00	2.774525403976440430e+00	2.775986194610595703e+00	2.776614427566528320e+00	2.775561809539794922e+00	2.773771047592163086e+00	2.772411346435546875e+00	2.772097110748291016e+00	2.773105621337890625e+00	2.775491476058959961e+00	2.779055833816528320e+00	2.783223390579223633e+00	2.787201642990112305e+00	2.790696382522583008e+00	2.793671369552612305e+00	2.795427799224853516e+00	2.795591592788696289e+00	2.794785499572753906e+00	2.793210268020629883e+00	2.791115760803222656e+00	2.789149284362792969e+00	2.786928415298461914e+00	2.785198688507080078e+00	2.784909725189208984e+00	2.785965442657470703e+00	2.788125038146972656e+00	2.791221141815185547e+00	2.794511079788208008e+00	2.796778202056884766e+00	2.797658443450927734e+00	2.797641038894653320e+00	2.797287702560424805e+00	2.797043561935424805e+00	2.797610521316528320e+00	2.799653530120849609e+00	2.802696228027343750e+00	2.806107759475708008e+00	2.809680700302124023e+00	2.811726331710815430e+00
2.802665710449218750e+00	2.799538373947143555e+00	2.794839620590209961e+00	2.790621995925903320e+00	2.787112236022949219e+00	2.784880876541137695e+00	2.784475564956665039e+00	2.784361600875854492e+00	2.783232212066650391e+00	2.782660484313964844e+00	2.782654285430908203e+00	2.782345294952392578e+00	2.781480550765991211e+00	2.780393362045288086e+00	2.779844999313354492e+00	2.780256032943725586e+00	2.781068086624145508e+00	2.782169103622436523e+00	2.784383058547973633e+00	2.788184642791748047e+00	2.793781757354736328e+00	2.801162481307983398e+00	2.809076547622680664e+00	2.814039230346679688e+00	2.812834024429321289e+00	2.807041406631469727e+00	2.799529552459716797e+00	2.792026996612548828e+00	2.785145998001098633e+00	2.780391216278076172e+00	2.778432369232177734e+00	2.778681755065917969e+00	2.780059814453125000e+00	2.782201290130615234e+00	2.784161329269409180e+00	2.784955501556396484e+00	2.783554315567016602e+00	2.780350208282470703e+00	2.776763916015625000e+00	2.773797750473022461e+00	2.771956205368041992e+00	2.771503925323486328e+00	2.772440195083618164e+00	2.774739503860473633e+00	2.778596162796020508e+00	2.783921003341674805e+00	2.790378570556640625e+00	2.796879529953002930e+00	2.801600217819213867e+00	2.802425622940063477e+00	2.798868656158447266e+00	2.794132471084594727e+00	2.790630578994750977e+00	2.788449048995971680e+00	2.787047863006591797e+00	2.786485671997070312e+00	2.787205934524536133e+00	2.789516448974609375e+00	2.793352842330932617e+00	2.798190355300903320e+00	2.802886009216308594e+00	2.805650472640991211e+00	2.804438114166259766e+00	2.800063610076904297e+00	2.795145034790039062e+00	2.791329145431518555e+00	2.789181232452392578e+00	2.788701057434082031e+00	2.790097951889038086e+00	2.793452501296997070e+00	2.797846555709838867e+00	2.801573991775512695e+00
2.808994054794311523e+00	2.808567523956298828e+00	2.804662942886352539e+00	2.798484086990356445e+00	2.792001962661743164e+00	2.787368774414062500e+00	2.785744905471801758e+00	2.786227941513061523e+00	2.785195827484130859e+00	2.783614873886108398e+00	2.783252000808715820e+00	2.782727718353271484e+00	2.781478643417358398e+00	2.779501199722290039e+00	2.777411222457885742e+00	2.776108503341674805e+00	2.776362180709838867e+00	2.778480768203735352e+00	2.782217502593994141e+00	2.787278413772583008e+00	2.793788194656372070e+00	2.801592826843261719e+00	2.808896064758300781e+00	2.812300682067871094e+00	2.810343742370605469e+00	2.805168151855468750e+00	2.798318862915039062e+00	2.791255950927734375e+00	2.785522222518920898e+00	2.781578302383422852e+00	2.779503822326660156e+00	2.779608249664306641e+00	2.782034635543823242e+00	2.785946369171142578e+00	2.789389848709106445e+00	2.790390253067016602e+00	2.788183450698852539e+00	2.784045696258544922e+00	2.780025482177734375e+00	2.777009248733520508e+00	2.775060415267944336e+00	2.773782253265380859e+00	2.773673534393310547e+00	2.775772809982299805e+00	2.780235528945922852e+00	2.786844253540039062e+00	2.794847965240478516e+00	2.802577495574951172e+00	2.807843446731567383e+00	2.808719635009765625e+00	2.805396795272827148e+00	2.800279378890991211e+00	2.795721292495727539e+00	2.792993068695068359e+00	2.792041540145874023e+00	2.792255640029907227e+00	2.793578386306762695e+00	2.795993566513061523e+00	2.799640417098999023e+00	2.804793357849121094e+00	2.810788393020629883e+00	2.815387725830078125e+00	2.816115856170654297e+00	2.812595605850219727e+00	2.807134866714477539e+00	2.802462339401245117e+00	2.799586296081542969e+00	2.798013687133789062e+00	2.797424077987670898e+00	2.798516273498535156e+00	2.801716804504394531e+00	2.805984497070312500e+00
2.798427820205688477e+00	2.797233104705810547e+00	2.794359207153320312e+00	2.790535211563110352e+00	2.787626743316650391e+00	2.786762952804565430e+00	2.787020683288574219e+00	2.786440849304199219e+00	2.785984516143798828e+00	2.785844802856445312e+00	2.785754203796386719e+00	2.785804748535156250e+00	2.786157846450805664e+00	2.786815643310546875e+00	2.787894487380981445e+00	2.789267063140869141e+00	2.790307998657226562e+00	2.791299343109130859e+00	2.792645931243896484e+00	2.794652700424194336e+00	2.797501564025878906e+00	2.801646471023559570e+00	2.806328296661376953e+00	2.808693885803222656e+00	2.806652069091796875e+00	2.801595449447631836e+00	2.795406818389892578e+00	2.789544820785522461e+00	2.784651994705200195e+00	2.781458854675292969e+00	2.780502796173095703e+00	2.781540632247924805e+00	2.784112453460693359e+00	2.787505388259887695e+00	2.790720939636230469e+00	2.792316198348999023e+00	2.791562318801879883e+00	2.788207769393920898e+00	2.783916950225830078e+00	2.780823230743408203e+00	2.778954505920410156e+00	2.777681112289428711e+00	2.777420520782470703e+00	2.778370857238769531e+00	2.780766963958740234e+00	2.784525632858276367e+00	2.789274215698242188e+00	2.794373989105224609e+00	2.798270940780639648e+00	2.799465894699096680e+00	2.797654151916503906e+00	2.793584823608398438e+00	2.789265155792236328e+00	2.786373615264892578e+00	2.785706996917724609e+00	2.787541151046752930e+00	2.791479349136352539e+00	2.796796560287475586e+00	2.803385496139526367e+00	2.810377597808837891e+00	2.815949201583862305e+00	2.818370103836059570e+00	2.816708803176879883e+00	2.811793565750122070e+00	2.805447101593017578e+00	2.799513101577758789e+00	2.795548677444458008e+00	2.793972730636596680e+00	2.794367313385009766e+00	2.796019077301025391e+00	2.797496318817138672e+00	2.798364162445068359e+00
2.798852205276489258e+00	2.799510002136230469e+00	2.798583745956420898e+00	2.795606851577758789e+00	2.792160749435424805e+00	2.789476156234741211e+00	2.786963224411010742e+00	2.784172058105468750e+00	2.781557321548461914e+00	2.779804468154907227e+00	2.779194831848144531e+00	2.779809474945068359e+00	2.781406402587890625e+00	2.783116340637207031e+00	2.784499645233154297e+00	2.785877943038940430e+00	2.787577629089355469e+00	2.789821147918701172e+00	2.792902469635009766e+00	2.797071933746337891e+00	2.801734924316406250e+00	2.806251525878906250e+00	2.809667348861694336e+00	2.810358285903930664e+00	2.806767463684082031e+00	2.799643516540527344e+00	2.792007446289062500e+00	2.786572933197021484e+00	2.783574581146240234e+00	2.782456398010253906e+00	2.783203840255737305e+00	2.784863948822021484e+00	2.786573410034179688e+00	2.788051128387451172e+00	2.788243770599365234e+00	2.786359310150146484e+00	2.783277273178100586e+00	2.780256748199462891e+00	2.777903556823730469e+00	2.776471853256225586e+00	2.775988817214965820e+00	2.776566743850708008e+00	2.778298616409301758e+00	2.781160354614257812e+00	2.785313844680786133e+00	2.790738344192504883e+00	2.796170711517333984e+00	2.799566030502319336e+00	2.800285816192626953e+00	2.798840999603271484e+00	2.796179771423339844e+00	2.792559146881103516e+00	2.788775920867919922e+00	2.785651206970214844e+00	2.783451080322265625e+00	2.782552957534790039e+00	2.783290624618530273e+00	2.785757064819335938e+00	2.790077209472656250e+00	2.796056032180786133e+00	2.802316665649414062e+00	2.806745767593383789e+00	2.808606863021850586e+00	2.807958841323852539e+00	2.805788993835449219e+00	2.803281784057617188e+00	2.800802230834960938e+00	2.798807859420776367e+00	2.797902584075927734e+00	2.797745704650878906e+00	2.797576427459716797e+00	2.797889947891235352e+00
2.791204929351806641e+00	2.791024684906005859e+00	2.791032552719116211e+00	2.790382862091064453e+00	2.789390325546264648e+00	2.788355827331542969e+00	2.787031412124633789e+00	2.785329341888427734e+00	2.783818960189819336e+00	2.783444404602050781e+00	2.783362150192260742e+00	2.781404256820678711e+00	2.780609846115112305e+00	2.780803918838500977e+00	2.781474351882934570e+00	2.782709598541259766e+00	2.784920930862426758e+00	2.788472890853881836e+00	2.793087005615234375e+00	2.798171043395996094e+00	2.803225755691528320e+00	2.807188987731933594e+00	2.808428287506103516e+00	2.806409120559692383e+00	2.801834344863891602e+00	2.795634984970092773e+00	2.789268016815185547e+00	2.784618377685546875e+00	2.782607793807983398e+00	2.782971382141113281e+00	2.784400224685668945e+00	2.785336971282958984e+00	2.784941911697387695e+00	2.783805847167968750e+00	2.782186985015869141e+00	2.780004978179931641e+00	2.778043031692504883e+00	2.776670217514038086e+00	2.776010274887084961e+00	2.776328086853027344e+00	2.777329683303833008e+00	2.777730464935302734e+00	2.777894735336303711e+00	2.779202461242675781e+00	2.781718730926513672e+00	2.784918069839477539e+00	2.787945747375488281e+00	2.789614915847778320e+00	2.789852380752563477e+00	2.789236307144165039e+00	2.788098096847534180e+00	2.786403417587280273e+00	2.784321546554565430e+00	2.782421588897705078e+00	2.781349897384643555e+00	2.781706333160400391e+00	2.784007549285888672e+00	2.788735628128051758e+00	2.795885562896728516e+00	2.803843021392822266e+00	2.810650348663330078e+00	2.817044019699096680e+00	2.822485685348510742e+00	2.825610160827636719e+00	2.825282573699951172e+00	2.822361946105957031e+00	2.817096948623657227e+00	2.810997724533081055e+00	2.805627107620239258e+00	2.800869941711425781e+00	2.796211242675781250e+00	2.792790889739990234e+00
2.787025213241577148e+00	2.787059068679809570e+00	2.787309408187866211e+00	2.787540435791015625e+00	2.787639379501342773e+00	2.787249088287353516e+00	2.786239624023437500e+00	2.784635305404663086e+00	2.782929897308349609e+00	2.781889915466308594e+00	2.781605243682861328e+00	2.781224250793457031e+00	2.779688835144042969e+00	2.777735710144042969e+00	2.776635646820068359e+00	2.776402473449707031e+00	2.777373075485229492e+00	2.780111789703369141e+00	2.784634590148925781e+00	2.790272951126098633e+00	2.795923233032226562e+00	2.800163745880126953e+00	2.801483392715454102e+00	2.799554824829101562e+00	2.795408487319946289e+00	2.790381669998168945e+00	2.785717487335205078e+00	2.782785415649414062e+00	2.782308816909790039e+00	2.783551216125488281e+00	2.785696744918823242e+00	2.788909912109375000e+00	2.792942047119140625e+00	2.794990301132202148e+00	2.792820930480957031e+00	2.788581609725952148e+00	2.784518241882324219e+00	2.781741619110107422e+00	2.779941320419311523e+00	2.778494834899902344e+00	2.777225732803344727e+00	2.776203870773315430e+00	2.775737047195434570e+00	2.775908946990966797e+00	2.776421546936035156e+00	2.777317523956298828e+00	2.778666734695434570e+00	2.780458450317382812e+00	2.782524824142456055e+00	2.784574985504150391e+00	2.786100864410400391e+00	2.786396026611328125e+00	2.785633325576782227e+00	2.784653425216674805e+00	2.784022808074951172e+00	2.784891128540039062e+00	2.787733078002929688e+00	2.792092800140380859e+00	2.797945499420166016e+00	2.805179834365844727e+00	2.812381982803344727e+00	2.817921638488769531e+00	2.820962667465209961e+00	2.821248769760131836e+00	2.818066596984863281e+00	2.811850547790527344e+00	2.804890632629394531e+00	2.799526691436767578e+00	2.796648979187011719e+00	2.794132947921752930e+00	2.790797472000122070e+00	2.788097858428955078e+00
2.789080858230590820e+00	2.786167144775390625e+00	2.784233093261718750e+00	2.782658576965332031e+00	2.780721902847290039e+00	2.778488159179687500e+00	2.776812314987182617e+00	2.776194810867309570e+00	2.776622295379638672e+00	2.777896404266357422e+00	2.779681921005249023e+00	2.780942678451538086e+00	2.779336690902709961e+00	2.777053356170654297e+00	2.776703596115112305e+00	2.777929782867431641e+00	2.780007362365722656e+00	2.782672405242919922e+00	2.785987377166748047e+00	2.789624691009521484e+00	2.793079137802124023e+00	2.796057939529418945e+00	2.797965288162231445e+00	2.798249483108520508e+00	2.796834707260131836e+00	2.794076681137084961e+00	2.790947198867797852e+00	2.788692712783813477e+00	2.788011550903320312e+00	2.789517641067504883e+00	2.793858289718627930e+00	2.800930976867675781e+00	2.806373596191406250e+00	2.804485321044921875e+00	2.798095941543579102e+00	2.791592121124267578e+00	2.786435365676879883e+00	2.782989978790283203e+00	2.781070709228515625e+00	2.780053615570068359e+00	2.779218912124633789e+00	2.778214216232299805e+00	2.777290105819702148e+00	2.776933670043945312e+00	2.777193069458007812e+00	2.777893781661987305e+00	2.779154062271118164e+00	2.781298637390136719e+00	2.784120798110961914e+00	2.786687612533569336e+00	2.788045883178710938e+00	2.787808179855346680e+00	2.786224126815795898e+00	2.784564971923828125e+00	2.784271955490112305e+00	2.786048173904418945e+00	2.789971113204956055e+00	2.795388698577880859e+00	2.801117897033691406e+00	2.806397914886474609e+00	2.811599016189575195e+00	2.816903829574584961e+00	2.821483373641967773e+00	2.825191259384155273e+00	2.827389478683471680e+00	2.826309680938720703e+00	2.823740720748901367e+00	2.820678949356079102e+00	2.814973354339599609e+00	2.807120323181152344e+00	2.799208402633666992e+00	2.793198347091674805e+00
2.831621170043945312e+00	2.829609870910644531e+00	2.816580295562744141e+00	2.804244041442871094e+00	2.795400142669677734e+00	2.788507699966430664e+00	2.783213138580322266e+00	2.779917955398559570e+00	2.778780937194824219e+00	2.779338836669921875e+00	2.780612468719482422e+00	2.781434535980224609e+00	2.781695842742919922e+00	2.782193183898925781e+00	2.783420562744140625e+00	2.785365581512451172e+00	2.786995887756347656e+00	2.787863254547119141e+00	2.788453102111816406e+00	2.789958953857421875e+00	2.793123006820678711e+00	2.798568725585937500e+00	2.806710958480834961e+00	2.816309928894042969e+00	2.822054624557495117e+00	2.817798852920532227e+00	2.810863018035888672e+00	2.805734395980834961e+00	2.802339553833007812e+00	2.800937414169311523e+00	2.801841020584106445e+00	2.803538084030151367e+00	2.800301790237426758e+00	2.795435667037963867e+00	2.791339635848999023e+00	2.788120985031127930e+00	2.786256313323974609e+00	2.785808086395263672e+00	2.786316156387329102e+00	2.787247419357299805e+00	2.788038969039916992e+00	2.788184404373168945e+00	2.787653923034667969e+00	2.788133621215820312e+00	2.790740728378295898e+00	2.796060085296630859e+00	2.804709911346435547e+00	2.814405441284179688e+00	2.812868356704711914e+00	2.807620763778686523e+00	2.800584316253662109e+00	2.792686700820922852e+00	2.785655736923217773e+00	2.781078577041625977e+00	2.779522895812988281e+00	2.780311584472656250e+00	2.782289505004882812e+00	2.785334825515747070e+00	2.788987159729003906e+00	2.792795896530151367e+00	2.796789646148681641e+00	2.800930976867675781e+00	2.806293487548828125e+00	2.814326047897338867e+00	2.825582981109619141e+00	2.839128017425537109e+00	2.851325273513793945e+00	2.854867935180664062e+00	2.848910331726074219e+00	2.841824769973754883e+00	2.837190628051757812e+00	2.832933664321899414e+00
2.840532779693603516e+00	2.828216314315795898e+00	2.814258813858032227e+00	2.804130077362060547e+00	2.796816825866699219e+00	2.790681362152099609e+00	2.786103248596191406e+00	2.783668756484985352e+00	2.783110618591308594e+00	2.783733844757080078e+00	2.784704685211181641e+00	2.785621643066406250e+00	2.786829471588134766e+00	2.788315296173095703e+00	2.789386510848999023e+00	2.789704322814941406e+00	2.789928197860717773e+00	2.790524721145629883e+00	2.791783809661865234e+00	2.794374465942382812e+00	2.799231767654418945e+00	2.807158946990966797e+00	2.818606853485107422e+00	2.833321332931518555e+00	2.846985578536987305e+00	2.853698253631591797e+00	2.854883432388305664e+00	2.851855039596557617e+00	2.847092151641845703e+00	2.844411611557006836e+00	2.838058233261108398e+00	2.822855472564697266e+00	2.807332515716552734e+00	2.796082496643066406e+00	2.789329290390014648e+00	2.785761356353759766e+00	2.783964872360229492e+00	2.783804178237915039e+00	2.784551143646240234e+00	2.784911632537841797e+00	2.784670352935791016e+00	2.784226417541503906e+00	2.783976316452026367e+00	2.784559488296508789e+00	2.786943674087524414e+00	2.792093515396118164e+00	2.800170898437500000e+00	2.809149265289306641e+00	2.811567306518554688e+00	2.804512500762939453e+00	2.795782327651977539e+00	2.788835525512695312e+00	2.784668445587158203e+00	2.783489227294921875e+00	2.784971714019775391e+00	2.787895202636718750e+00	2.789948940277099609e+00	2.791517496109008789e+00	2.793381929397583008e+00	2.795006275177001953e+00	2.796446084976196289e+00	2.798700571060180664e+00	2.803361177444458008e+00	2.812676191329956055e+00	2.828907489776611328e+00	2.852278470993041992e+00	2.875131845474243164e+00	2.885416984558105469e+00	2.878801584243774414e+00	2.869613409042358398e+00	2.861212491989135742e+00	2.850348949432373047e+00
2.858684778213500977e+00	2.850446462631225586e+00	2.831091880798339844e+00	2.811436176300048828e+00	2.796950101852416992e+00	2.788156270980834961e+00	2.783779621124267578e+00	2.782079696655273438e+00	2.782181978225708008e+00	2.783621072769165039e+00	2.785834789276123047e+00	2.788459300994873047e+00	2.791018962860107422e+00	2.792894601821899414e+00	2.793454647064208984e+00	2.792552232742309570e+00	2.791050434112548828e+00	2.789775609970092773e+00	2.789906978607177734e+00	2.792763948440551758e+00	2.799417257308959961e+00	2.810928106307983398e+00	2.828100681304931641e+00	2.850360393524169922e+00	2.871467351913452148e+00	2.875179767608642578e+00	2.864071607589721680e+00	2.850972414016723633e+00	2.839141130447387695e+00	2.830825567245483398e+00	2.820623159408569336e+00	2.808886289596557617e+00	2.799755334854125977e+00	2.794628143310546875e+00	2.791001319885253906e+00	2.787689685821533203e+00	2.784486293792724609e+00	2.781723976135253906e+00	2.779707431793212891e+00	2.778625726699829102e+00	2.778679132461547852e+00	2.780126094818115234e+00	2.782990932464599609e+00	2.788642406463623047e+00	2.799070358276367188e+00	2.813745260238647461e+00	2.829645872116088867e+00	2.840895891189575195e+00	2.836256027221679688e+00	2.817075252532958984e+00	2.799682140350341797e+00	2.788930416107177734e+00	2.783858537673950195e+00	2.782917737960815430e+00	2.784613132476806641e+00	2.787626743316650391e+00	2.791195154190063477e+00	2.795103788375854492e+00	2.799029111862182617e+00	2.802404165267944336e+00	2.804762363433837891e+00	2.806260108947753906e+00	2.807654619216918945e+00	2.810031414031982422e+00	2.814890861511230469e+00	2.823903322219848633e+00	2.836639642715454102e+00	2.848865747451782227e+00	2.852020263671875000e+00	2.851485013961791992e+00	2.853522777557373047e+00	2.856483221054077148e+00
2.838993787765502930e+00	2.831551551818847656e+00	2.817882776260375977e+00	2.803747415542602539e+00	2.792742967605590820e+00	2.785406112670898438e+00	2.781326532363891602e+00	2.779955863952636719e+00	2.780646085739135742e+00	2.782371282577514648e+00	2.784537553787231445e+00	2.787129878997802734e+00	2.789677381515502930e+00	2.791341781616210938e+00	2.791458129882812500e+00	2.789784908294677734e+00	2.787343978881835938e+00	2.786057949066162109e+00	2.787456750869750977e+00	2.792446851730346680e+00	2.801535367965698242e+00	2.815047979354858398e+00	2.832841873168945312e+00	2.853439569473266602e+00	2.871434450149536133e+00	2.876224517822265625e+00	2.866297960281372070e+00	2.844364166259765625e+00	2.820719480514526367e+00	2.802878856658935547e+00	2.791234493255615234e+00	2.784841775894165039e+00	2.782628297805786133e+00	2.782871961593627930e+00	2.783289909362792969e+00	2.782252073287963867e+00	2.779775381088256836e+00	2.776765584945678711e+00	2.774326801300048828e+00	2.773410320281982422e+00	2.774623155593872070e+00	2.778037786483764648e+00	2.783029556274414062e+00	2.789393424987792969e+00	2.798227787017822266e+00	2.809167861938476562e+00	2.818753480911254883e+00	2.822778463363647461e+00	2.818971872329711914e+00	2.809962034225463867e+00	2.800163745880126953e+00	2.792467594146728516e+00	2.787750959396362305e+00	2.785887956619262695e+00	2.786473035812377930e+00	2.789200305938720703e+00	2.793738842010498047e+00	2.799278974533081055e+00	2.804601907730102539e+00	2.808456659317016602e+00	2.809833526611328125e+00	2.808546066284179688e+00	2.805566310882568359e+00	2.802230834960937500e+00	2.799165964126586914e+00	2.797640800476074219e+00	2.798034429550170898e+00	2.799971103668212891e+00	2.804427385330200195e+00	2.813153028488159180e+00	2.825394630432128906e+00	2.836429119110107422e+00
2.876716136932373047e+00	2.902053117752075195e+00	2.915826320648193359e+00	2.897759914398193359e+00	2.866770744323730469e+00	2.840598821640014648e+00	2.822099924087524414e+00	2.810801506042480469e+00	2.805538892745971680e+00	2.804952621459960938e+00	2.807364463806152344e+00	2.810692310333251953e+00	2.813824653625488281e+00	2.816793203353881836e+00	2.819575786590576172e+00	2.822691679000854492e+00	2.827546119689941406e+00	2.836169719696044922e+00	2.850527763366699219e+00	2.871695518493652344e+00	2.899788856506347656e+00	2.934018611907958984e+00	2.970621109008789062e+00	3.000241041183471680e+00	3.007946729660034180e+00	2.986981153488159180e+00	2.949856519699096680e+00	2.911957979202270508e+00	2.880064010620117188e+00	2.855435609817504883e+00	2.838064908981323242e+00	2.827524662017822266e+00	2.822373390197753906e+00	2.820124626159667969e+00	2.818289756774902344e+00	2.815579652786254883e+00	2.811910152435302734e+00	2.807918787002563477e+00	2.804685831069946289e+00	2.803607463836669922e+00	2.806177139282226562e+00	2.813433885574340820e+00	2.825087547302246094e+00	2.840172767639160156e+00	2.858627080917358398e+00	2.878564357757568359e+00	2.898350954055786133e+00	2.911408901214599609e+00	2.903857707977294922e+00	2.875546216964721680e+00	2.847375154495239258e+00	2.828395605087280273e+00	2.817742586135864258e+00	2.812648773193359375e+00	2.810475349426269531e+00	2.810415744781494141e+00	2.812433958053588867e+00	2.816227912902832031e+00	2.821069240570068359e+00	2.825818061828613281e+00	2.829252958297729492e+00	2.830474853515625000e+00	2.829090356826782227e+00	2.825575828552246094e+00	2.821057081222534180e+00	2.816314697265625000e+00	2.811870813369750977e+00	2.809140205383300781e+00	2.809832334518432617e+00	2.815795660018920898e+00	2.829002857208251953e+00	2.850276947021484375e+00
2.880778551101684570e+00	2.906992673873901367e+00	2.921628475189208984e+00	2.903970003128051758e+00	2.874881744384765625e+00	2.848567008972167969e+00	2.829113960266113281e+00	2.817507505416870117e+00	2.812809467315673828e+00	2.812585592269897461e+00	2.813962936401367188e+00	2.816934823989868164e+00	2.820050477981567383e+00	2.822456359863281250e+00	2.824513673782348633e+00	2.827183246612548828e+00	2.831945180892944336e+00	2.840728998184204102e+00	2.855467796325683594e+00	2.877338886260986328e+00	2.906357288360595703e+00	2.941507816314697266e+00	2.978098630905151367e+00	3.005803585052490234e+00	3.010920524597167969e+00	2.988814115524291992e+00	2.951781749725341797e+00	2.914153337478637695e+00	2.882438182830810547e+00	2.858291149139404297e+00	2.841879844665527344e+00	2.832382202148437500e+00	2.827981710433959961e+00	2.826285600662231445e+00	2.825083494186401367e+00	2.822991132736206055e+00	2.819461345672607422e+00	2.815097332000732422e+00	2.811580657958984375e+00	2.810196638107299805e+00	2.811982631683349609e+00	2.818036556243896484e+00	2.829144001007080078e+00	2.844736337661743164e+00	2.864017009735107422e+00	2.883734226226806641e+00	2.903641223907470703e+00	2.917748928070068359e+00	2.910634756088256836e+00	2.883347749710083008e+00	2.855524539947509766e+00	2.835713148117065430e+00	2.823840618133544922e+00	2.817681789398193359e+00	2.815112113952636719e+00	2.814955234527587891e+00	2.816806554794311523e+00	2.820382595062255859e+00	2.825107097625732422e+00	2.830027818679809570e+00	2.833875656127929688e+00	2.835560321807861328e+00	2.834738254547119141e+00	2.832045078277587891e+00	2.828882217407226562e+00	2.824015617370605469e+00	2.819195032119750977e+00	2.816611289978027344e+00	2.817197799682617188e+00	2.822713613510131836e+00	2.835098981857299805e+00	2.855150222778320312e+00
2.881009101867675781e+00	2.908915996551513672e+00	2.925258874893188477e+00	2.910070180892944336e+00	2.881582260131835938e+00	2.855731725692749023e+00	2.835753917694091797e+00	2.822314023971557617e+00	2.815283536911010742e+00	2.813696384429931641e+00	2.816173076629638672e+00	2.820103406906127930e+00	2.823594331741333008e+00	2.826964855194091797e+00	2.830028057098388672e+00	2.833136558532714844e+00	2.837455749511718750e+00	2.845145463943481445e+00	2.858742237091064453e+00	2.879828453063964844e+00	2.908472776412963867e+00	2.943020343780517578e+00	2.978877067565917969e+00	3.006162643432617188e+00	3.010704517364501953e+00	2.988272428512573242e+00	2.951088905334472656e+00	2.913295984268188477e+00	2.881721258163452148e+00	2.858366250991821289e+00	2.843241691589355469e+00	2.835087060928344727e+00	2.831600427627563477e+00	2.830119371414184570e+00	2.828685045242309570e+00	2.826122999191284180e+00	2.822268247604370117e+00	2.818119287490844727e+00	2.814841985702514648e+00	2.813296794891357422e+00	2.814635276794433594e+00	2.820209741592407227e+00	2.830811262130737305e+00	2.847276449203491211e+00	2.867965459823608398e+00	2.887744426727294922e+00	2.906285285949707031e+00	2.921023845672607422e+00	2.915040969848632812e+00	2.887078762054443359e+00	2.859322309494018555e+00	2.840306282043457031e+00	2.829170465469360352e+00	2.823280096054077148e+00	2.820387840270996094e+00	2.819327116012573242e+00	2.820243597030639648e+00	2.823492050170898438e+00	2.828234910964965820e+00	2.833173036575317383e+00	2.836957931518554688e+00	2.838116884231567383e+00	2.836263656616210938e+00	2.832338094711303711e+00	2.827730894088745117e+00	2.823621988296508789e+00	2.820723533630371094e+00	2.819550752639770508e+00	2.820883989334106445e+00	2.826019525527954102e+00	2.837064981460571289e+00	2.855712652206420898e+00
2.883232831954956055e+00	2.912341117858886719e+00	2.929591417312622070e+00	2.913271665573120117e+00	2.885127067565917969e+00	2.860382795333862305e+00	2.841329097747802734e+00	2.827694654464721680e+00	2.819744825363159180e+00	2.816897630691528320e+00	2.817802429199218750e+00	2.820997953414916992e+00	2.825054645538330078e+00	2.828928947448730469e+00	2.832328557968139648e+00	2.835748672485351562e+00	2.840401172637939453e+00	2.848009824752807617e+00	2.860720872879028320e+00	2.880764484405517578e+00	2.909044742584228516e+00	2.944147586822509766e+00	2.981067895889282227e+00	3.009319067001342773e+00	3.014522552490234375e+00	2.992462635040283203e+00	2.955452919006347656e+00	2.917727947235107422e+00	2.886235713958740234e+00	2.863161563873291016e+00	2.848530292510986328e+00	2.840830326080322266e+00	2.837502479553222656e+00	2.835890531539916992e+00	2.834146976470947266e+00	2.831194400787353516e+00	2.826913833618164062e+00	2.822214603424072266e+00	2.818397045135498047e+00	2.816776275634765625e+00	2.818366050720214844e+00	2.823908567428588867e+00	2.834587574005126953e+00	2.851043462753295898e+00	2.871469736099243164e+00	2.891175270080566406e+00	2.910268545150756836e+00	2.925284385681152344e+00	2.918519496917724609e+00	2.890161514282226562e+00	2.862046241760253906e+00	2.843274116516113281e+00	2.832519769668579102e+00	2.826692342758178711e+00	2.823338985443115234e+00	2.821798563003540039e+00	2.822548389434814453e+00	2.825763702392578125e+00	2.830693721771240234e+00	2.836086988449096680e+00	2.840139865875244141e+00	2.841088056564331055e+00	2.838749408721923828e+00	2.834521770477294922e+00	2.830073118209838867e+00	2.826540470123291016e+00	2.824397802352905273e+00	2.823729515075683594e+00	2.824904918670654297e+00	2.829447031021118164e+00	2.839866638183593750e+00	2.858014106750488281e+00
2.884821653366088867e+00	2.913528680801391602e+00	2.930352449417114258e+00	2.914658069610595703e+00	2.887024402618408203e+00	2.862380504608154297e+00	2.843145847320556641e+00	2.829367876052856445e+00	2.821512222290039062e+00	2.818838834762573242e+00	2.819786787033081055e+00	2.822843790054321289e+00	2.826649188995361328e+00	2.830293893814086914e+00	2.833571434020996094e+00	2.837071418762207031e+00	2.841877698898315430e+00	2.849076509475708008e+00	2.861428737640380859e+00	2.881860256195068359e+00	2.910342216491699219e+00	2.945084095001220703e+00	2.981523752212524414e+00	3.009615898132324219e+00	3.014913558959960938e+00	2.992925167083740234e+00	2.955945014953613281e+00	2.918274879455566406e+00	2.886897802352905273e+00	2.863987922668457031e+00	2.849535942077636719e+00	2.842061519622802734e+00	2.838997602462768555e+00	2.837086200714111328e+00	2.834640979766845703e+00	2.831367731094360352e+00	2.827258110046386719e+00	2.822931766510009766e+00	2.819468259811401367e+00	2.817995071411132812e+00	2.819498062133789062e+00	2.824974775314331055e+00	2.835529327392578125e+00	2.851758956909179688e+00	2.871959447860717773e+00	2.891415834426879883e+00	2.910217046737670898e+00	2.925344228744506836e+00	2.918894529342651367e+00	2.891088962554931641e+00	2.863445043563842773e+00	2.844908952713012695e+00	2.834287643432617188e+00	2.828428983688354492e+00	2.824859857559204102e+00	2.822957992553710938e+00	2.823246955871582031e+00	2.826098918914794922e+00	2.831183671951293945e+00	2.837293148040771484e+00	2.842082023620605469e+00	2.843051195144653320e+00	2.840271711349487305e+00	2.835769414901733398e+00	2.831338405609130859e+00	2.828049659729003906e+00	2.826219320297241211e+00	2.825821399688720703e+00	2.827133655548095703e+00	2.831535339355468750e+00	2.841713428497314453e+00	2.859731197357177734e+00
2.884429931640625000e+00	2.912632942199707031e+00	2.928761005401611328e+00	2.912675380706787109e+00	2.885361671447753906e+00	2.861138343811035156e+00	2.841987609863281250e+00	2.828013896942138672e+00	2.819779396057128906e+00	2.816617012023925781e+00	2.817106962203979492e+00	2.819919586181640625e+00	2.823754310607910156e+00	2.827615499496459961e+00	2.831233501434326172e+00	2.835099220275878906e+00	2.839424610137939453e+00	2.846122026443481445e+00	2.858634471893310547e+00	2.878892898559570312e+00	2.907114028930664062e+00	2.941705226898193359e+00	2.978098154067993164e+00	3.006361961364746094e+00	3.011914730072021484e+00	2.990364074707031250e+00	2.953801155090332031e+00	2.916267156600952148e+00	2.884909152984619141e+00	2.862080812454223633e+00	2.847741127014160156e+00	2.840300083160400391e+00	2.837368726730346680e+00	2.835889339447021484e+00	2.833520174026489258e+00	2.830136775970458984e+00	2.825816154479980469e+00	2.821247100830078125e+00	2.817508697509765625e+00	2.815852403640747070e+00	2.817540407180786133e+00	2.823576211929321289e+00	2.834654331207275391e+00	2.851035833358764648e+00	2.871145486831665039e+00	2.890453100204467773e+00	2.908983469009399414e+00	2.923873424530029297e+00	2.917427539825439453e+00	2.889408826828002930e+00	2.861721992492675781e+00	2.843329906463623047e+00	2.832765102386474609e+00	2.826801776885986328e+00	2.823045015335083008e+00	2.820996999740600586e+00	2.821250915527343750e+00	2.824190855026245117e+00	2.829463481903076172e+00	2.835793972015380859e+00	2.840728998184204102e+00	2.841812133789062500e+00	2.839301824569702148e+00	2.835206508636474609e+00	2.831234693527221680e+00	2.828349351882934570e+00	2.826317787170410156e+00	2.825361967086791992e+00	2.826346158981323242e+00	2.830623865127563477e+00	2.840906620025634766e+00	2.859222173690795898e+00
2.886882543563842773e+00	2.915262699127197266e+00	2.928952455520629883e+00	2.910569190979003906e+00	2.884191513061523438e+00	2.860820531845092773e+00	2.841999053955078125e+00	2.828085422515869141e+00	2.819813251495361328e+00	2.816781044006347656e+00	2.817628383636474609e+00	2.820760250091552734e+00	2.824738025665283203e+00	2.828584671020507812e+00	2.831950187683105469e+00	2.835177898406982422e+00	2.839420795440673828e+00	2.846727609634399414e+00	2.859631061553955078e+00	2.880054473876953125e+00	2.908452987670898438e+00	2.943457365036010742e+00	2.980287551879882812e+00	3.008541584014892578e+00	3.013611555099487305e+00	2.991429805755615234e+00	2.954410314559936523e+00	2.916514635086059570e+00	2.884737491607666016e+00	2.861384391784667969e+00	2.846520662307739258e+00	2.838634490966796875e+00	2.835267782211303711e+00	2.833924055099487305e+00	2.832738161087036133e+00	2.830520153045654297e+00	2.826832294464111328e+00	2.822480916976928711e+00	2.818835973739624023e+00	2.817189931869506836e+00	2.818859577178955078e+00	2.825003147125244141e+00	2.836248397827148438e+00	2.852430820465087891e+00	2.872685909271240234e+00	2.892731428146362305e+00	2.911962270736694336e+00	2.926388978958129883e+00	2.918454170227050781e+00	2.889982700347900391e+00	2.862265348434448242e+00	2.843818187713623047e+00	2.833188533782958984e+00	2.827208518981933594e+00	2.823505163192749023e+00	2.821552515029907227e+00	2.821899652481079102e+00	2.824872493743896484e+00	2.830026865005493164e+00	2.836046934127807617e+00	2.840591192245483398e+00	2.841200113296508789e+00	2.837930917739868164e+00	2.832998752593994141e+00	2.828382253646850586e+00	2.825202941894531250e+00	2.823841333389282227e+00	2.824175119400024414e+00	2.826281785964965820e+00	2.831510782241821289e+00	2.842583417892456055e+00	2.861425161361694336e+00
2.889703512191772461e+00	2.918804168701171875e+00	2.930905103683471680e+00	2.910726785659790039e+00	2.883546352386474609e+00	2.859816551208496094e+00	2.840847492218017578e+00	2.827215909957885742e+00	2.819546699523925781e+00	2.817165851593017578e+00	2.818523883819580078e+00	2.821892023086547852e+00	2.825742483139038086e+00	2.829125165939331055e+00	2.831862688064575195e+00	2.834517955780029297e+00	2.838414430618286133e+00	2.845650911331176758e+00	2.858654260635375977e+00	2.879215955734252930e+00	2.907822847366333008e+00	2.943073034286499023e+00	2.980309009552001953e+00	3.009906053543090820e+00	3.016491889953613281e+00	2.994951486587524414e+00	2.957663774490356445e+00	2.919349670410156250e+00	2.887261390686035156e+00	2.863584995269775391e+00	2.848251342773437500e+00	2.839789152145385742e+00	2.835948944091796875e+00	2.834400415420532227e+00	2.833443164825439453e+00	2.832178831100463867e+00	2.829099416732788086e+00	2.824373245239257812e+00	2.820267438888549805e+00	2.818154096603393555e+00	2.819366455078125000e+00	2.824988603591918945e+00	2.835875511169433594e+00	2.852553844451904297e+00	2.873653888702392578e+00	2.894188642501831055e+00	2.914048671722412109e+00	2.930160522460937500e+00	2.921178102493286133e+00	2.890972375869750977e+00	2.862973690032958984e+00	2.844364881515502930e+00	2.833443641662597656e+00	2.827331781387329102e+00	2.823750972747802734e+00	2.822024345397949219e+00	2.822552680969238281e+00	2.825561761856079102e+00	2.830471754074096680e+00	2.835846900939941406e+00	2.839661359786987305e+00	2.840156555175781250e+00	2.837559700012207031e+00	2.833469390869140625e+00	2.829460382461547852e+00	2.826597452163696289e+00	2.825311422348022461e+00	2.825611591339111328e+00	2.827675580978393555e+00	2.832944154739379883e+00	2.844182252883911133e+00	2.863393783569335938e+00
2.888502597808837891e+00	2.916925430297851562e+00	2.929174661636352539e+00	2.909542322158813477e+00	2.882597208023071289e+00	2.859603404998779297e+00	2.841562986373901367e+00	2.828424930572509766e+00	2.820688486099243164e+00	2.817940711975097656e+00	2.818903923034667969e+00	2.822062730789184570e+00	2.826019525527954102e+00	2.829815149307250977e+00	2.833132266998291016e+00	2.836360216140747070e+00	2.840625524520874023e+00	2.847867965698242188e+00	2.860530614852905273e+00	2.880499362945556641e+00	2.908410549163818359e+00	2.943193912506103516e+00	2.980368375778198242e+00	3.009913444519042969e+00	3.017025709152221680e+00	2.995963811874389648e+00	2.958745002746582031e+00	2.920325756072998047e+00	2.888131380081176758e+00	2.864446401596069336e+00	2.849256277084350586e+00	2.841018676757812500e+00	2.837339878082275391e+00	2.835778474807739258e+00	2.834459543228149414e+00	2.832338094711303711e+00	2.829303503036499023e+00	2.825648307800292969e+00	2.822145223617553711e+00	2.820061206817626953e+00	2.821069478988647461e+00	2.826685428619384766e+00	2.837843894958496094e+00	2.854757308959960938e+00	2.875548362731933594e+00	2.894977807998657227e+00	2.913584232330322266e+00	2.928894042968750000e+00	2.920400142669677734e+00	2.891156673431396484e+00	2.863552808761596680e+00	2.845312833786010742e+00	2.834926128387451172e+00	2.829179286956787109e+00	2.825672864913940430e+00	2.823870658874511719e+00	2.824313879013061523e+00	2.827293634414672852e+00	2.832230329513549805e+00	2.837865829467773438e+00	2.841968774795532227e+00	2.842111587524414062e+00	2.838706493377685547e+00	2.833927631378173828e+00	2.829520702362060547e+00	2.826525449752807617e+00	2.825307846069335938e+00	2.825803041458129883e+00	2.828023910522460938e+00	2.833175420761108398e+00	2.844067096710205078e+00	2.862815141677856445e+00
2.886990547180175781e+00	2.913937568664550781e+00	2.927764654159545898e+00	2.910810947418212891e+00	2.884010314941406250e+00	2.860798358917236328e+00	2.842476606369018555e+00	2.829172611236572266e+00	2.821430921554565430e+00	2.818695306777954102e+00	2.819582223892211914e+00	2.822575569152832031e+00	2.826312780380249023e+00	2.829861164093017578e+00	2.832931995391845703e+00	2.835947036743164062e+00	2.840080261230468750e+00	2.847330331802368164e+00	2.860185861587524414e+00	2.880543470382690430e+00	2.908838987350463867e+00	2.943696260452270508e+00	2.980545282363891602e+00	3.009612798690795898e+00	3.016428947448730469e+00	2.995486021041870117e+00	2.958562135696411133e+00	2.920342683792114258e+00	2.888296604156494141e+00	2.864774703979492188e+00	2.849725008010864258e+00	2.841500282287597656e+00	2.837661981582641602e+00	2.835829496383666992e+00	2.834228992462158203e+00	2.831910848617553711e+00	2.828711986541748047e+00	2.825093746185302734e+00	2.821868896484375000e+00	2.820147991180419922e+00	2.821335077285766602e+00	2.826735258102416992e+00	2.837289333343505859e+00	2.853501081466674805e+00	2.873720407485961914e+00	2.892755270004272461e+00	2.910622119903564453e+00	2.925206422805786133e+00	2.918791294097900391e+00	2.891388177871704102e+00	2.864394664764404297e+00	2.846313238143920898e+00	2.835964918136596680e+00	2.830174446105957031e+00	2.826379776000976562e+00	2.824138402938842773e+00	2.824270725250244141e+00	2.827209949493408203e+00	2.832490205764770508e+00	2.838685989379882812e+00	2.843187332153320312e+00	2.843437671661376953e+00	2.840014934539794922e+00	2.835185050964355469e+00	2.830680608749389648e+00	2.827538728713989258e+00	2.826154947280883789e+00	2.826533079147338867e+00	2.828820466995239258e+00	2.834121227264404297e+00	2.844729423522949219e+00	2.862611293792724609e+00
2.886463642120361328e+00	2.913612842559814453e+00	2.927577733993530273e+00	2.910434007644653320e+00	2.883411884307861328e+00	2.860111236572265625e+00	2.841909646987915039e+00	2.828758478164672852e+00	2.821041584014892578e+00	2.818197727203369141e+00	2.818920850753784180e+00	2.821786642074584961e+00	2.825469493865966797e+00	2.829007148742675781e+00	2.832061290740966797e+00	2.835005760192871094e+00	2.838965654373168945e+00	2.845894098281860352e+00	2.858284711837768555e+00	2.878202438354492188e+00	2.906325817108154297e+00	2.941335201263427734e+00	2.978487014770507812e+00	3.007856130599975586e+00	3.015133142471313477e+00	2.994728803634643555e+00	2.958199262619018555e+00	2.920349359512329102e+00	2.888638973236083984e+00	2.865283966064453125e+00	2.850193738937377930e+00	2.841844081878662109e+00	2.837841749191284180e+00	2.835694313049316406e+00	2.833613872528076172e+00	2.830759048461914062e+00	2.827089309692382812e+00	2.823212385177612305e+00	2.820088624954223633e+00	2.818816900253295898e+00	2.820564508438110352e+00	2.826376438140869141e+00	2.837300777435302734e+00	2.853961706161499023e+00	2.874438762664794922e+00	2.893615245819091797e+00	2.911839246749877930e+00	2.926024198532104492e+00	2.918456077575683594e+00	2.890653848648071289e+00	2.864129066467285156e+00	2.845897197723388672e+00	2.835033178329467773e+00	2.829016447067260742e+00	2.825409173965454102e+00	2.823621511459350586e+00	2.824180364608764648e+00	2.827534437179565430e+00	2.833257198333740234e+00	2.839591264724731445e+00	2.843843460083007812e+00	2.843704700469970703e+00	2.839877605438232422e+00	2.834699392318725586e+00	2.829957723617553711e+00	2.826689243316650391e+00	2.825223922729492188e+00	2.825490713119506836e+00	2.827686548233032227e+00	2.832924842834472656e+00	2.843455791473388672e+00	2.861611604690551758e+00
2.886883974075317383e+00	2.915101766586303711e+00	2.931296110153198242e+00	2.914513111114501953e+00	2.887061119079589844e+00	2.863318920135498047e+00	2.844588279724121094e+00	2.830632925033569336e+00	2.822179555892944336e+00	2.818980455398559570e+00	2.819670200347900391e+00	2.822519540786743164e+00	2.826223373413085938e+00	2.829953670501708984e+00	2.833306789398193359e+00	2.836505889892578125e+00	2.840572834014892578e+00	2.847500324249267578e+00	2.859905719757080078e+00	2.879878520965576172e+00	2.908071279525756836e+00	2.943190336227416992e+00	2.980498313903808594e+00	3.009892940521240234e+00	3.016567230224609375e+00	2.994935274124145508e+00	2.957561254501342773e+00	2.919313192367553711e+00	2.887276649475097656e+00	2.864013195037841797e+00	2.849539279937744141e+00	2.841904401779174805e+00	2.838325977325439453e+00	2.836383342742919922e+00	2.834453582763671875e+00	2.831616401672363281e+00	2.827799320220947266e+00	2.823756933212280273e+00	2.820564985275268555e+00	2.819292783737182617e+00	2.820972681045532227e+00	2.826771736145019531e+00	2.837890625000000000e+00	2.854672908782958984e+00	2.874742269515991211e+00	2.893571138381958008e+00	2.912453174591064453e+00	2.927449703216552734e+00	2.919652700424194336e+00	2.890779972076416016e+00	2.863345384597778320e+00	2.845165491104125977e+00	2.834704637527465820e+00	2.828777313232421875e+00	2.825029611587524414e+00	2.823089838027954102e+00	2.823678970336914062e+00	2.827239751815795898e+00	2.833234786987304688e+00	2.839840888977050781e+00	2.844336986541748047e+00	2.844119787216186523e+00	2.840095996856689453e+00	2.834961414337158203e+00	2.830409049987792969e+00	2.827201604843139648e+00	2.825563907623291016e+00	2.825591087341308594e+00	2.827461004257202148e+00	2.832343101501464844e+00	2.842922210693359375e+00	2.861429452896118164e+00
2.883816480636596680e+00	2.912891149520874023e+00	2.931132555007934570e+00	2.915633440017700195e+00	2.887268066406250000e+00	2.862455606460571289e+00	2.843144178390502930e+00	2.828906297683715820e+00	2.820265054702758789e+00	2.816847085952758789e+00	2.817363023757934570e+00	2.820274114608764648e+00	2.824142932891845703e+00	2.827946186065673828e+00	2.831268310546875000e+00	2.834379196166992188e+00	2.838354349136352539e+00	2.845252752304077148e+00	2.857752084732055664e+00	2.877930164337158203e+00	2.906305789947509766e+00	2.941460609436035156e+00	2.978689432144165039e+00	3.008089780807495117e+00	3.014887332916259766e+00	2.993027687072753906e+00	2.955389261245727539e+00	2.917274951934814453e+00	2.885904550552368164e+00	2.862935304641723633e+00	2.847973346710205078e+00	2.839874267578125000e+00	2.836320161819458008e+00	2.834712505340576172e+00	2.833053350448608398e+00	2.830344915390014648e+00	2.826502561569213867e+00	2.822062015533447266e+00	2.818269968032836914e+00	2.816652059555053711e+00	2.818478822708129883e+00	2.824603080749511719e+00	2.835650682449340820e+00	2.852087259292602539e+00	2.872207164764404297e+00	2.891649961471557617e+00	2.911025524139404297e+00	2.926680564880371094e+00	2.920050859451293945e+00	2.891640663146972656e+00	2.863831281661987305e+00	2.845168590545654297e+00	2.834210634231567383e+00	2.827814817428588867e+00	2.823647499084472656e+00	2.821356534957885742e+00	2.821635246276855469e+00	2.824827909469604492e+00	2.830435514450073242e+00	2.837047815322875977e+00	2.841987609863281250e+00	2.842176437377929688e+00	2.838300943374633789e+00	2.833071947097778320e+00	2.828293085098266602e+00	2.824939489364624023e+00	2.823272943496704102e+00	2.823132753372192383e+00	2.824667692184448242e+00	2.829245805740356445e+00	2.839663982391357422e+00	2.858135938644409180e+00
2.881402254104614258e+00	2.910231351852416992e+00	2.928950071334838867e+00	2.914672613143920898e+00	2.887118577957153320e+00	2.862937927246093750e+00	2.844185590744018555e+00	2.830416679382324219e+00	2.822050571441650391e+00	2.818643808364868164e+00	2.818950653076171875e+00	2.821504831314086914e+00	2.824879884719848633e+00	2.827980518341064453e+00	2.830289602279663086e+00	2.832018375396728516e+00	2.834147214889526367e+00	2.838566541671752930e+00	2.848164796829223633e+00	2.865473031997680664e+00	2.891388416290283203e+00	2.924909591674804688e+00	2.961867332458496094e+00	2.992976188659667969e+00	3.004597187042236328e+00	2.991143703460693359e+00	2.963500261306762695e+00	2.934385538101196289e+00	2.908318996429443359e+00	2.886142969131469727e+00	2.868985176086425781e+00	2.856997013092041016e+00	2.849153280258178711e+00	2.843894004821777344e+00	2.839400053024291992e+00	2.834075450897216797e+00	2.827919960021972656e+00	2.821910858154296875e+00	2.817139625549316406e+00	2.814790010452270508e+00	2.816065311431884766e+00	2.821996688842773438e+00	2.833347320556640625e+00	2.850275039672851562e+00	2.870794534683227539e+00	2.890353918075561523e+00	2.909281492233276367e+00	2.924371480941772461e+00	2.918872594833374023e+00	2.892107963562011719e+00	2.864950656890869141e+00	2.846614837646484375e+00	2.835896968841552734e+00	2.829519987106323242e+00	2.825010538101196289e+00	2.821933031082153320e+00	2.821029663085937500e+00	2.822876214981079102e+00	2.827317714691162109e+00	2.833199739456176758e+00	2.837897300720214844e+00	2.838149309158325195e+00	2.834526300430297852e+00	2.829855680465698242e+00	2.825896024703979492e+00	2.823426246643066406e+00	2.822444677352905273e+00	2.822674512863159180e+00	2.824246406555175781e+00	2.828538656234741211e+00	2.838443994522094727e+00	2.856290578842163086e+00
2.881732225418090820e+00	2.909772872924804688e+00	2.926995038986206055e+00	2.912206649780273438e+00	2.885037422180175781e+00	2.860991239547729492e+00	2.842338562011718750e+00	2.829024314880371094e+00	2.821264266967773438e+00	2.818296194076538086e+00	2.818701505661010742e+00	2.821032047271728516e+00	2.823991298675537109e+00	2.826647043228149414e+00	2.828637361526489258e+00	2.830282926559448242e+00	2.832689046859741211e+00	2.837880611419677734e+00	2.848430871963500977e+00	2.866428375244140625e+00	2.892683744430541992e+00	2.926297426223754883e+00	2.963215827941894531e+00	2.994306087493896484e+00	3.006019592285156250e+00	2.993146181106567383e+00	2.966727972030639648e+00	2.938512802124023438e+00	2.911837816238403320e+00	2.887782335281372070e+00	2.868400335311889648e+00	2.854923486709594727e+00	2.846493005752563477e+00	2.841087579727172852e+00	2.836755514144897461e+00	2.832239627838134766e+00	2.827124834060668945e+00	2.821840763092041016e+00	2.817456960678100586e+00	2.815302133560180664e+00	2.816686630249023438e+00	2.822700977325439453e+00	2.834087371826171875e+00	2.851066350936889648e+00	2.871754407882690430e+00	2.891116857528686523e+00	2.908996343612670898e+00	2.922630071640014648e+00	2.916325330734252930e+00	2.890041589736938477e+00	2.863431215286254883e+00	2.845379829406738281e+00	2.834929466247558594e+00	2.828967809677124023e+00	2.825019598007202148e+00	2.822495698928833008e+00	2.821992635726928711e+00	2.824043273925781250e+00	2.828482866287231445e+00	2.834101676940917969e+00	2.838469982147216797e+00	2.838779687881469727e+00	2.835212945938110352e+00	2.830446004867553711e+00	2.826238632202148438e+00	2.823465347290039062e+00	2.822209119796752930e+00	2.822224617004394531e+00	2.823775529861450195e+00	2.828377008438110352e+00	2.838732957839965820e+00	2.856820583343505859e+00
2.881388187408447266e+00	2.908681869506835938e+00	2.925340652465820312e+00	2.911013603210449219e+00	2.884998321533203125e+00	2.861562490463256836e+00	2.843107700347900391e+00	2.829744815826416016e+00	2.821669816970825195e+00	2.818330049514770508e+00	2.818559169769287109e+00	2.820967912673950195e+00	2.824217319488525391e+00	2.827350616455078125e+00	2.830011844635009766e+00	2.832499980926513672e+00	2.835821151733398438e+00	2.841834545135498047e+00	2.853076934814453125e+00	2.871751308441162109e+00	2.898656129837036133e+00	2.932741165161132812e+00	2.969830751419067383e+00	3.000971078872680664e+00	3.012635707855224609e+00	2.998450517654418945e+00	2.967473030090332031e+00	2.931694984436035156e+00	2.899209022521972656e+00	2.873867273330688477e+00	2.856700897216796875e+00	2.846615791320800781e+00	2.841176986694335938e+00	2.837874889373779297e+00	2.834936141967773438e+00	2.831468343734741211e+00	2.827377319335937500e+00	2.823065757751464844e+00	2.819310426712036133e+00	2.817546844482421875e+00	2.819072961807250977e+00	2.824875593185424805e+00	2.835825443267822266e+00	2.852344036102294922e+00	2.872517108917236328e+00	2.891202211380004883e+00	2.908381700515747070e+00	2.921406269073486328e+00	2.915643692016601562e+00	2.889941453933715820e+00	2.863517045974731445e+00	2.845599174499511719e+00	2.835258483886718750e+00	2.829295873641967773e+00	2.825342178344726562e+00	2.823034763336181641e+00	2.823045015335083008e+00	2.825875282287597656e+00	2.831452608108520508e+00	2.838699817657470703e+00	2.843976736068725586e+00	2.843142986297607422e+00	2.838351488113403320e+00	2.832836389541625977e+00	2.828116655349731445e+00	2.824968338012695312e+00	2.823558568954467773e+00	2.823720932006835938e+00	2.825467824935913086e+00	2.829947948455810547e+00	2.839808225631713867e+00	2.857203483581542969e+00
2.882694005966186523e+00	2.909840345382690430e+00	2.925331830978393555e+00	2.910816431045532227e+00	2.883829832077026367e+00	2.859983205795288086e+00	2.841356992721557617e+00	2.827757596969604492e+00	2.819394588470458984e+00	2.815821170806884766e+00	2.815982580184936523e+00	2.818537473678588867e+00	2.822108268737792969e+00	2.825668096542358398e+00	2.828802347183227539e+00	2.831792593002319336e+00	2.835672616958618164e+00	2.842362403869628906e+00	2.854419708251953125e+00	2.873919486999511719e+00	2.901456117630004883e+00	2.935800075531005859e+00	2.972559928894042969e+00	3.001936674118041992e+00	3.009400367736816406e+00	2.989507436752319336e+00	2.953791379928588867e+00	2.916610240936279297e+00	2.885298013687133789e+00	2.862180709838867188e+00	2.847334146499633789e+00	2.839222431182861328e+00	2.835309982299804688e+00	2.833168268203735352e+00	2.831144094467163086e+00	2.828428745269775391e+00	2.825023651123046875e+00	2.821454048156738281e+00	2.818244934082031250e+00	2.816612482070922852e+00	2.818108558654785156e+00	2.823790550231933594e+00	2.834529161453247070e+00	2.850786447525024414e+00	2.870756149291992188e+00	2.889756202697753906e+00	2.908231973648071289e+00	2.922175168991088867e+00	2.914318323135375977e+00	2.887173652648925781e+00	2.860561132431030273e+00	2.842837572097778320e+00	2.832720994949340820e+00	2.826900243759155273e+00	2.823046445846557617e+00	2.820926904678344727e+00	2.821277856826782227e+00	2.824468612670898438e+00	2.830318450927734375e+00	2.837818622589111328e+00	2.843296527862548828e+00	2.842630624771118164e+00	2.838042974472045898e+00	2.832735538482666016e+00	2.828126668930053711e+00	2.824934244155883789e+00	2.823554277420043945e+00	2.823971271514892578e+00	2.826051235198974609e+00	2.830698013305664062e+00	2.840597391128540039e+00	2.858197927474975586e+00
2.882612705230712891e+00	2.910994768142700195e+00	2.924255609512329102e+00	2.904022455215454102e+00	2.877580404281616211e+00	2.855508565902709961e+00	2.838473081588745117e+00	2.825960397720336914e+00	2.818115711212158203e+00	2.814556598663330078e+00	2.814483404159545898e+00	2.816790342330932617e+00	2.820170640945434570e+00	2.823654413223266602e+00	2.826893568038940430e+00	2.830174922943115234e+00	2.834422588348388672e+00	2.841412067413330078e+00	2.853637695312500000e+00	2.873185157775878906e+00	2.900697469711303711e+00	2.935068607330322266e+00	2.971993446350097656e+00	3.001387357711791992e+00	3.008250713348388672e+00	2.987612962722778320e+00	2.951200485229492188e+00	2.913335323333740234e+00	2.881551504135131836e+00	2.858315229415893555e+00	2.843650817871093750e+00	2.835882186889648438e+00	2.832336664199829102e+00	2.830465078353881836e+00	2.828539133071899414e+00	2.825696229934692383e+00	2.821886062622070312e+00	2.817833900451660156e+00	2.814740896224975586e+00	2.813887596130371094e+00	2.816403627395629883e+00	2.823221683502197266e+00	2.835218667984008789e+00	2.852844476699829102e+00	2.873821258544921875e+00	2.892620563507080078e+00	2.910604238510131836e+00	2.923937320709228516e+00	2.915013074874877930e+00	2.886367797851562500e+00	2.858976364135742188e+00	2.840933084487915039e+00	2.830577135086059570e+00	2.824431180953979492e+00	2.820270776748657227e+00	2.818044900894165039e+00	2.818569898605346680e+00	2.822268962860107422e+00	2.828903436660766602e+00	2.837164163589477539e+00	2.842947244644165039e+00	2.842185497283935547e+00	2.837255239486694336e+00	2.831503868103027344e+00	2.826657533645629883e+00	2.823157548904418945e+00	2.821032762527465820e+00	2.820870876312255859e+00	2.822723388671875000e+00	2.827657461166381836e+00	2.838375329971313477e+00	2.857013225555419922e+00
2.877625703811645508e+00	2.906480550765991211e+00	2.918738365173339844e+00	2.896823406219482422e+00	2.869565963745117188e+00	2.845411300659179688e+00	2.827095031738281250e+00	2.814529895782470703e+00	2.807524919509887695e+00	2.805273771286010742e+00	2.806505203247070312e+00	2.809852600097656250e+00	2.814013957977294922e+00	2.818047046661376953e+00	2.821644783020019531e+00	2.825249433517456055e+00	2.830070734024047852e+00	2.837956666946411133e+00	2.851023435592651367e+00	2.871205806732177734e+00	2.899007081985473633e+00	2.933122396469116211e+00	2.969094514846801758e+00	2.996703863143920898e+00	3.001751422882080078e+00	2.980242252349853516e+00	2.943668842315673828e+00	2.905858993530273438e+00	2.874038219451904297e+00	2.850532770156860352e+00	2.835379600524902344e+00	2.827204704284667969e+00	2.823764562606811523e+00	2.822566509246826172e+00	2.821485042572021484e+00	2.819145679473876953e+00	2.815203428268432617e+00	2.810508012771606445e+00	2.806614160537719727e+00	2.804982662200927734e+00	2.806777000427246094e+00	2.812870979309082031e+00	2.823992013931274414e+00	2.840797901153564453e+00	2.862100601196289062e+00	2.883352756500244141e+00	2.904791593551635742e+00	2.919319391250610352e+00	2.910731315612792969e+00	2.880572080612182617e+00	2.850962162017822266e+00	2.830981492996215820e+00	2.819427490234375000e+00	2.813192367553710938e+00	2.809858322143554688e+00	2.808625936508178711e+00	2.809721469879150391e+00	2.813303709030151367e+00	2.818821668624877930e+00	2.824906587600708008e+00	2.829231023788452148e+00	2.829651594161987305e+00	2.826645851135253906e+00	2.822104692459106445e+00	2.817628145217895508e+00	2.814286470413208008e+00	2.812443494796752930e+00	2.811830520629882812e+00	2.813074350357055664e+00	2.818413734436035156e+00	2.830549240112304688e+00	2.850827693939208984e+00
2.850016117095947266e+00	2.877193927764892578e+00	2.886318922042846680e+00	2.862637042999267578e+00	2.837491750717163086e+00	2.817184209823608398e+00	2.803969144821166992e+00	2.796880006790161133e+00	2.794183731079101562e+00	2.794950246810913086e+00	2.798857212066650391e+00	2.805177211761474609e+00	2.812534570693969727e+00	2.819079160690307617e+00	2.823651313781738281e+00	2.828140497207641602e+00	2.834827899932861328e+00	2.844675779342651367e+00	2.857919931411743164e+00	2.873788833618164062e+00	2.891150712966918945e+00	2.910895347595214844e+00	2.933568000793457031e+00	2.953067541122436523e+00	2.955729961395263672e+00	2.936336755752563477e+00	2.907096147537231445e+00	2.877850532531738281e+00	2.852339744567871094e+00	2.832326173782348633e+00	2.818561553955078125e+00	2.810550212860107422e+00	2.807095766067504883e+00	2.806378126144409180e+00	2.805921554565429688e+00	2.803834438323974609e+00	2.800415039062500000e+00	2.797271966934204102e+00	2.793340682983398438e+00	2.790223121643066406e+00	2.790419578552246094e+00	2.793959617614746094e+00	2.801365375518798828e+00	2.813429355621337891e+00	2.830422639846801758e+00	2.851096630096435547e+00	2.874242782592773438e+00	2.883804082870483398e+00	2.873071193695068359e+00	2.850139141082763672e+00	2.825792074203491211e+00	2.808356046676635742e+00	2.797902584075927734e+00	2.792484998703002930e+00	2.790504693984985352e+00	2.790930747985839844e+00	2.793248176574707031e+00	2.796865224838256836e+00	2.800379514694213867e+00	2.803149223327636719e+00	2.805328369140625000e+00	2.806511163711547852e+00	2.806303739547729492e+00	2.804952859878540039e+00	2.803064107894897461e+00	2.801061630249023438e+00	2.798748016357421875e+00	2.796188831329345703e+00	2.795483827590942383e+00	2.799294710159301758e+00	2.809411525726318359e+00	2.826792240142822266e+00
2.798283576965332031e+00	2.795927047729492188e+00	2.793345212936401367e+00	2.792566299438476562e+00	2.795497655868530273e+00	2.802887916564941406e+00	2.814796924591064453e+00	2.831418752670288086e+00	2.853167533874511719e+00	2.879410028457641602e+00	2.907208919525146484e+00	2.928870201110839844e+00	2.932197093963623047e+00	2.918473720550537109e+00	2.895946264266967773e+00	2.871378183364868164e+00	2.848678588867187500e+00	2.830977439880371094e+00	2.818510770797729492e+00	2.810071229934692383e+00	2.804147243499755859e+00	2.800267696380615234e+00	2.798870563507080078e+00	2.799780368804931641e+00	2.801770925521850586e+00	2.803431272506713867e+00	2.804499864578247070e+00	2.804995298385620117e+00	2.804487228393554688e+00	2.802596330642700195e+00	2.799567222595214844e+00	2.796442270278930664e+00	2.794747352600097656e+00	2.792030096054077148e+00	2.791218996047973633e+00	2.795487403869628906e+00	2.803903341293334961e+00	2.813515424728393555e+00	2.819405794143676758e+00	2.818572044372558594e+00	2.812031269073486328e+00	2.802844524383544922e+00	2.794529676437377930e+00	2.789290904998779297e+00	2.787827491760253906e+00	2.789726734161376953e+00	2.793571949005126953e+00	2.797124147415161133e+00	2.798432350158691406e+00	2.797445535659790039e+00	2.795396327972412109e+00	2.792876958847045898e+00	2.790447711944580078e+00	2.790192604064941406e+00	2.793664455413818359e+00	2.801205635070800781e+00	2.811684608459472656e+00	2.821029663085937500e+00	2.823856830596923828e+00	2.818979024887084961e+00	2.810621023178100586e+00	2.801528215408325195e+00	2.794029712677001953e+00	2.790214776992797852e+00	2.790039539337158203e+00	2.792164325714111328e+00	2.794999599456787109e+00	2.797321319580078125e+00	2.798772811889648438e+00	2.799826383590698242e+00	2.800541162490844727e+00	2.799918651580810547e+00
2.797675132751464844e+00	2.794342279434204102e+00	2.791011095046997070e+00	2.790147542953491211e+00	2.793243646621704102e+00	2.800903797149658203e+00	2.813444137573242188e+00	2.831151247024536133e+00	2.854217767715454102e+00	2.881898641586303711e+00	2.911272048950195312e+00	2.934596776962280273e+00	2.937999486923217773e+00	2.921942234039306641e+00	2.896380662918090820e+00	2.870615482330322266e+00	2.848715782165527344e+00	2.831764459609985352e+00	2.819395303726196289e+00	2.810769796371459961e+00	2.805271625518798828e+00	2.802589654922485352e+00	2.802466869354248047e+00	2.804362297058105469e+00	2.807069301605224609e+00	2.808956384658813477e+00	2.809630155563354492e+00	2.809577226638793945e+00	2.808789730072021484e+00	2.806365489959716797e+00	2.802127122879028320e+00	2.796990871429443359e+00	2.792385101318359375e+00	2.789928197860717773e+00	2.790904045104980469e+00	2.795897960662841797e+00	2.804070234298706055e+00	2.812999248504638672e+00	2.818750381469726562e+00	2.818638801574707031e+00	2.813005447387695312e+00	2.804425001144409180e+00	2.796537876129150391e+00	2.791608095169067383e+00	2.790047168731689453e+00	2.791263341903686523e+00	2.794446468353271484e+00	2.798005819320678711e+00	2.799772262573242188e+00	2.798954963684082031e+00	2.796267747879028320e+00	2.793438196182250977e+00	2.791442155838012695e+00	2.791099786758422852e+00	2.793937444686889648e+00	2.800649642944335938e+00	2.810248136520385742e+00	2.818897724151611328e+00	2.821879625320434570e+00	2.817922353744506836e+00	2.810854196548461914e+00	2.803352594375610352e+00	2.795813083648681641e+00	2.791313409805297852e+00	2.790920734405517578e+00	2.793014526367187500e+00	2.796010732650756836e+00	2.798512935638427734e+00	2.799944400787353516e+00	2.800592184066772461e+00	2.800716876983642578e+00	2.799847126007080078e+00
