2.825072050094604492e+00	2.844220161437988281e+00	2.863791227340698242e+00	2.874320507049560547e+00	2.870323657989501953e+00	2.853970289230346680e+00	2.835554361343383789e+00	2.820355653762817383e+00	2.809116840362548828e+00	2.801033496856689453e+00	2.795013904571533203e+00	2.791162967681884766e+00	2.789987325668334961e+00	2.791100502014160156e+00	2.793535232543945312e+00	2.796209573745727539e+00	2.797828197479248047e+00	2.797338485717773438e+00	2.795689821243286133e+00	2.794301509857177734e+00	2.793574571609497070e+00	2.793047904968261719e+00	2.792253494262695312e+00	2.791781187057495117e+00	2.792282342910766602e+00	2.793643712997436523e+00	2.795629024505615234e+00	2.798320293426513672e+00	2.801541090011596680e+00	2.803566455841064453e+00	2.802281856536865234e+00	2.799369573593139648e+00	2.796631813049316406e+00	2.793838739395141602e+00	2.792192459106445312e+00	2.792388916015625000e+00	2.794656038284301758e+00	2.799659967422485352e+00	2.808408260345458984e+00	2.821643114089965820e+00	2.839178800582885742e+00	2.859985113143920898e+00	2.881568670272827148e+00	2.898360729217529297e+00	2.902129888534545898e+00	2.892585515975952148e+00	2.875225305557250977e+00	2.855027675628662109e+00	2.835720539093017578e+00	2.819699525833129883e+00	2.807864665985107422e+00	2.799653291702270508e+00	2.794085979461669922e+00	2.790700197219848633e+00	2.789392471313476562e+00	2.789927005767822266e+00	2.791710615158081055e+00	2.794043302536010742e+00	2.796396493911743164e+00	2.798471927642822266e+00	2.800189733505249023e+00	2.801590919494628906e+00	2.802590847015380859e+00	2.802800655364990234e+00	2.801533460617065430e+00	2.798553228378295898e+00	2.795054197311401367e+00	2.792593240737915039e+00	2.792284011840820312e+00	2.794862985610961914e+00	2.800778627395629883e+00	2.810506343841552734e+00
2.785322189331054688e+00	2.790230989456176758e+00	2.794498682022094727e+00	2.796631813049316406e+00	2.796818733215332031e+00	2.795623302459716797e+00	2.792851209640502930e+00	2.789023637771606445e+00	2.785204410552978516e+00	2.781738519668579102e+00	2.778605461120605469e+00	2.775818347930908203e+00	2.773495674133300781e+00	2.772238731384277344e+00	2.772070407867431641e+00	2.772377014160156250e+00	2.772689104080200195e+00	2.772886514663696289e+00	2.773092746734619141e+00	2.773562908172607422e+00	2.774201154708862305e+00	2.774547815322875977e+00	2.774274587631225586e+00	2.773632049560546875e+00	2.773412704467773438e+00	2.774346351623535156e+00	2.776505470275878906e+00	2.779920101165771484e+00	2.785341501235961914e+00	2.793186426162719727e+00	2.800082206726074219e+00	2.801525115966796875e+00	2.797719478607177734e+00	2.788633584976196289e+00	2.781694650650024414e+00	2.779677152633666992e+00	2.781576633453369141e+00	2.786019086837768555e+00	2.792117595672607422e+00	2.799906492233276367e+00	2.809312582015991211e+00	2.819676876068115234e+00	2.829450845718383789e+00	2.835613012313842773e+00	2.835420370101928711e+00	2.829164981842041016e+00	2.819514989852905273e+00	2.809063434600830078e+00	2.799459457397460938e+00	2.791497945785522461e+00	2.785314083099365234e+00	2.780319452285766602e+00	2.776049375534057617e+00	2.772425413131713867e+00	2.770119428634643555e+00	2.769657373428344727e+00	2.770663261413574219e+00	2.772455692291259766e+00	2.774608850479125977e+00	2.777149200439453125e+00	2.780395984649658203e+00	2.784854173660278320e+00	2.790717124938964844e+00	2.796453237533569336e+00	2.799170255661010742e+00	2.798210859298706055e+00	2.794834136962890625e+00	2.789181709289550781e+00	2.783525228500366211e+00	2.780221939086914062e+00	2.779708862304687500e+00	2.781640052795410156e+00
2.787141323089599609e+00	2.788800477981567383e+00	2.789412260055541992e+00	2.789384126663208008e+00	2.789599418640136719e+00	2.789784431457519531e+00	2.788911819458007812e+00	2.786667108535766602e+00	2.784001350402832031e+00	2.781983375549316406e+00	2.781220436096191406e+00	2.780752182006835938e+00	2.779068470001220703e+00	2.777415752410888672e+00	2.776336908340454102e+00	2.775352239608764648e+00	2.774506330490112305e+00	2.774158716201782227e+00	2.774757862091064453e+00	2.776212453842163086e+00	2.777692317962646484e+00	2.778782129287719727e+00	2.779209613800048828e+00	2.778556346893310547e+00	2.777060985565185547e+00	2.775448799133300781e+00	2.775300741195678711e+00	2.778253555297851562e+00	2.785192251205444336e+00	2.796107053756713867e+00	2.805792570114135742e+00	2.806954383850097656e+00	2.802083492279052734e+00	2.793201684951782227e+00	2.786430835723876953e+00	2.784541130065917969e+00	2.785823106765747070e+00	2.788446187973022461e+00	2.792166233062744141e+00	2.797421455383300781e+00	2.804008960723876953e+00	2.810805797576904297e+00	2.816395044326782227e+00	2.819231033325195312e+00	2.818288564682006836e+00	2.814215898513793945e+00	2.808610916137695312e+00	2.802841663360595703e+00	2.797449350357055664e+00	2.792191743850708008e+00	2.787012577056884766e+00	2.782128572463989258e+00	2.777388572692871094e+00	2.773184061050415039e+00	2.770471096038818359e+00	2.769603252410888672e+00	2.770020484924316406e+00	2.771207571029663086e+00	2.773451805114746094e+00	2.777083873748779297e+00	2.781798601150512695e+00	2.787353515625000000e+00	2.793830156326293945e+00	2.799311637878417969e+00	2.801634073257446289e+00	2.802227020263671875e+00	2.800012111663818359e+00	2.792811393737792969e+00	2.785705327987670898e+00	2.782166242599487305e+00	2.782037734985351562e+00	2.784429788589477539e+00
2.787590742111206055e+00	2.786913394927978516e+00	2.787607431411743164e+00	2.790596485137939453e+00	2.794857740402221680e+00	2.797278881072998047e+00	2.795321226119995117e+00	2.790992736816406250e+00	2.787049293518066406e+00	2.784176826477050781e+00	2.782108545303344727e+00	2.780775308609008789e+00	2.780087232589721680e+00	2.779795885086059570e+00	2.779469013214111328e+00	2.778343200683593750e+00	2.776508808135986328e+00	2.774552583694458008e+00	2.773198604583740234e+00	2.773001432418823242e+00	2.773763895034790039e+00	2.774920701980590820e+00	2.776084184646606445e+00	2.776993036270141602e+00	2.777123689651489258e+00	2.776344299316406250e+00	2.776255369186401367e+00	2.779372692108154297e+00	2.787390470504760742e+00	2.800155162811279297e+00	2.810931682586669922e+00	2.811956644058227539e+00	2.806003332138061523e+00	2.795351505279541016e+00	2.788182020187377930e+00	2.787344694137573242e+00	2.790634155273437500e+00	2.795902252197265625e+00	2.802605152130126953e+00	2.810708999633789062e+00	2.819125175476074219e+00	2.826226472854614258e+00	2.831107616424560547e+00	2.832638263702392578e+00	2.829945087432861328e+00	2.823745965957641602e+00	2.815905094146728516e+00	2.808189630508422852e+00	2.801379919052124023e+00	2.795279026031494141e+00	2.789798736572265625e+00	2.784890413284301758e+00	2.780550003051757812e+00	2.777125835418701172e+00	2.774926900863647461e+00	2.773931741714477539e+00	2.773862123489379883e+00	2.774673461914062500e+00	2.776721000671386719e+00	2.780073642730712891e+00	2.784186363220214844e+00	2.788639783859252930e+00	2.793710231781005859e+00	2.799280881881713867e+00	2.803074598312377930e+00	2.803702354431152344e+00	2.801781177520751953e+00	2.795764207839965820e+00	2.789246559143066406e+00	2.785858392715454102e+00	2.785653591156005859e+00	2.787190198898315430e+00
2.780041694641113281e+00	2.780291795730590820e+00	2.781680583953857422e+00	2.784711122512817383e+00	2.789203405380249023e+00	2.794332504272460938e+00	2.796608448028564453e+00	2.792105436325073242e+00	2.786806106567382812e+00	2.783330678939819336e+00	2.781516075134277344e+00	2.780866861343383789e+00	2.780792713165283203e+00	2.780552148818969727e+00	2.779568433761596680e+00	2.778016567230224609e+00	2.776171922683715820e+00	2.774137258529663086e+00	2.772434711456298828e+00	2.771786689758300781e+00	2.772136211395263672e+00	2.772705078125000000e+00	2.773016929626464844e+00	2.772876739501953125e+00	2.772445917129516602e+00	2.772449493408203125e+00	2.774008989334106445e+00	2.778224229812622070e+00	2.786315917968750000e+00	2.798527002334594727e+00	2.809833526611328125e+00	2.812432050704956055e+00	2.806843042373657227e+00	2.797935009002685547e+00	2.792690038681030273e+00	2.792803287506103516e+00	2.794901132583618164e+00	2.798238277435302734e+00	2.804264783859252930e+00	2.812307357788085938e+00	2.820678949356079102e+00	2.827795743942260742e+00	2.832556724548339844e+00	2.833786964416503906e+00	2.831142425537109375e+00	2.825208425521850586e+00	2.817245960235595703e+00	2.809167623519897461e+00	2.802059650421142578e+00	2.795801162719726562e+00	2.790283679962158203e+00	2.785541057586669922e+00	2.781358957290649414e+00	2.777942180633544922e+00	2.775411605834960938e+00	2.774121284484863281e+00	2.774444818496704102e+00	2.776434898376464844e+00	2.779846906661987305e+00	2.783949851989746094e+00	2.788047552108764648e+00	2.792241334915161133e+00	2.796663045883178711e+00	2.801891565322875977e+00	2.806339263916015625e+00	2.806059122085571289e+00	2.802458763122558594e+00	2.796178579330444336e+00	2.790148496627807617e+00	2.785491943359375000e+00	2.782266855239868164e+00	2.780601263046264648e+00
2.784553289413452148e+00	2.784275054931640625e+00	2.785976886749267578e+00	2.789181470870971680e+00	2.792741537094116211e+00	2.795304298400878906e+00	2.795758724212646484e+00	2.793090581893920898e+00	2.788965702056884766e+00	2.785273075103759766e+00	2.781964063644409180e+00	2.779250621795654297e+00	2.777317523956298828e+00	2.776161193847656250e+00	2.775754690170288086e+00	2.775809288024902344e+00	2.775760889053344727e+00	2.775174617767333984e+00	2.774266004562377930e+00	2.773180723190307617e+00	2.772185087203979492e+00	2.772033452987670898e+00	2.772820711135864258e+00	2.773734569549560547e+00	2.773985862731933594e+00	2.774181365966796875e+00	2.775350570678710938e+00	2.778102159500122070e+00	2.783395051956176758e+00	2.792252540588378906e+00	2.802903175354003906e+00	2.807320594787597656e+00	2.795289516448974609e+00	2.787171840667724609e+00	2.783698558807373047e+00	2.784276247024536133e+00	2.787808179855346680e+00	2.791092872619628906e+00	2.795513153076171875e+00	2.802052736282348633e+00	2.809247732162475586e+00	2.815642595291137695e+00	2.820052385330200195e+00	2.821307659149169922e+00	2.818954706192016602e+00	2.813987970352172852e+00	2.808257818222045898e+00	2.803339242935180664e+00	2.799661159515380859e+00	2.796497344970703125e+00	2.793237686157226562e+00	2.789129018783569336e+00	2.783768415451049805e+00	2.778578758239746094e+00	2.774842262268066406e+00	2.772693634033203125e+00	2.772265195846557617e+00	2.773491621017456055e+00	2.775825977325439453e+00	2.778843879699707031e+00	2.782397031784057617e+00	2.786214590072631836e+00	2.790006875991821289e+00	2.794246673583984375e+00	2.799757480621337891e+00	2.805532932281494141e+00	2.807729005813598633e+00	2.807701110839843750e+00	2.806021928787231445e+00	2.800526380538940430e+00	2.793128967285156250e+00	2.787392854690551758e+00
2.782711744308471680e+00	2.778096675872802734e+00	2.775507211685180664e+00	2.774688243865966797e+00	2.775268316268920898e+00	2.776794672012329102e+00	2.778588771820068359e+00	2.779831171035766602e+00	2.780078649520874023e+00	2.780203580856323242e+00	2.781285285949707031e+00	2.782224178314208984e+00	2.781850576400756836e+00	2.781970024108886719e+00	2.782913208007812500e+00	2.784139156341552734e+00	2.784765481948852539e+00	2.783107519149780273e+00	2.779639959335327148e+00	2.777535676956176758e+00	2.777107954025268555e+00	2.778387308120727539e+00	2.781337261199951172e+00	2.785052299499511719e+00	2.787779569625854492e+00	2.788431882858276367e+00	2.787807703018188477e+00	2.787797212600708008e+00	2.789350509643554688e+00	2.792002201080322266e+00	2.792910814285278320e+00	2.790489673614501953e+00	2.787830591201782227e+00	2.784750699996948242e+00	2.781694412231445312e+00	2.778968334197998047e+00	2.777382850646972656e+00	2.776753902435302734e+00	2.776718139648437500e+00	2.777316093444824219e+00	2.778414964675903320e+00	2.779239654541015625e+00	2.779065132141113281e+00	2.778416156768798828e+00	2.778123617172241211e+00	2.778842210769653320e+00	2.781016826629638672e+00	2.784448146820068359e+00	2.788241386413574219e+00	2.790997982025146484e+00	2.791362524032592773e+00	2.788938283920288086e+00	2.783608675003051758e+00	2.778056621551513672e+00	2.774424791336059570e+00	2.772593498229980469e+00	2.772041797637939453e+00	2.772499084472656250e+00	2.773729324340820312e+00	2.775447845458984375e+00	2.777354001998901367e+00	2.779394865036010742e+00	2.782220363616943359e+00	2.786913394927978516e+00	2.792916774749755859e+00	2.799813747406005859e+00	2.808914661407470703e+00	2.813336372375488281e+00	2.812703609466552734e+00	2.807482957839965820e+00	2.798339605331420898e+00	2.789483785629272461e+00
2.786039352416992188e+00	2.780233860015869141e+00	2.777243614196777344e+00	2.776821851730346680e+00	2.778295278549194336e+00	2.780698299407958984e+00	2.783030748367309570e+00	2.784244060516357422e+00	2.784275770187377930e+00	2.784121036529541016e+00	2.784374475479125977e+00	2.784922122955322266e+00	2.785465240478515625e+00	2.785867691040039062e+00	2.786049842834472656e+00	2.785741567611694336e+00	2.784553289413452148e+00	2.782892227172851562e+00	2.781774997711181641e+00	2.782216548919677734e+00	2.785074949264526367e+00	2.790843725204467773e+00	2.799441099166870117e+00	2.809986829757690430e+00	2.820335865020751953e+00	2.827735662460327148e+00	2.831384897232055664e+00	2.832291126251220703e+00	2.830585718154907227e+00	2.825288295745849609e+00	2.817090272903442383e+00	2.808553457260131836e+00	2.801288127899169922e+00	2.795816898345947266e+00	2.792170286178588867e+00	2.789679050445556641e+00	2.786894559860229492e+00	2.785071849822998047e+00	2.784301996231079102e+00	2.784553527832031250e+00	2.786102294921875000e+00	2.787837028503417969e+00	2.787906169891357422e+00	2.786766290664672852e+00	2.785208463668823242e+00	2.784004926681518555e+00	2.784521579742431641e+00	2.787748575210571289e+00	2.792750358581542969e+00	2.796835184097290039e+00	2.798711061477661133e+00	2.796779394149780273e+00	2.790786266326904297e+00	2.785265684127807617e+00	2.782767772674560547e+00	2.783027887344360352e+00	2.784656524658203125e+00	2.786268711090087891e+00	2.787268638610839844e+00	2.787191152572631836e+00	2.785891532897949219e+00	2.784082651138305664e+00	2.783289909362792969e+00	2.785073995590209961e+00	2.790213108062744141e+00	2.798573017120361328e+00	2.809242248535156250e+00	2.819832563400268555e+00	2.824504375457763672e+00	2.818645954132080078e+00	2.806610345840454102e+00	2.794897317886352539e+00
2.792084932327270508e+00	2.785788059234619141e+00	2.782103300094604492e+00	2.781226873397827148e+00	2.782410860061645508e+00	2.784513950347900391e+00	2.786723136901855469e+00	2.788305044174194336e+00	2.788897991180419922e+00	2.788935184478759766e+00	2.789066076278686523e+00	2.789179325103759766e+00	2.789097547531127930e+00	2.789142370223999023e+00	2.789224386215209961e+00	2.788918972015380859e+00	2.788245439529418945e+00	2.787807464599609375e+00	2.788171052932739258e+00	2.789977312088012695e+00	2.793956279754638672e+00	2.800461530685424805e+00	2.809182167053222656e+00	2.819101095199584961e+00	2.828333377838134766e+00	2.835075616836547852e+00	2.837372779846191406e+00	2.836011886596679688e+00	2.833486557006835938e+00	2.829512596130371094e+00	2.823217391967773438e+00	2.815532922744750977e+00	2.808501005172729492e+00	2.802880048751831055e+00	2.798588037490844727e+00	2.795623302459716797e+00	2.793787240982055664e+00	2.792568922042846680e+00	2.791980266571044922e+00	2.792334556579589844e+00	2.793598413467407227e+00	2.794632911682128906e+00	2.794179677963256836e+00	2.792235612869262695e+00	2.789837837219238281e+00	2.788250923156738281e+00	2.788314580917358398e+00	2.790398120880126953e+00	2.794348716735839844e+00	2.798810482025146484e+00	2.801798105239868164e+00	2.799907207489013672e+00	2.792637586593627930e+00	2.785642147064208984e+00	2.782289028167724609e+00	2.782428264617919922e+00	2.784670829772949219e+00	2.787264347076416016e+00	2.789118051528930664e+00	2.789746284484863281e+00	2.788914918899536133e+00	2.787306308746337891e+00	2.786666393280029297e+00	2.788757562637329102e+00	2.794291973114013672e+00	2.803103685379028320e+00	2.814626216888427734e+00	2.826323509216308594e+00	2.831026315689086914e+00	2.824100017547607422e+00	2.812167644500732422e+00	2.800846099853515625e+00
2.793600082397460938e+00	2.785992383956909180e+00	2.782091617584228516e+00	2.781630992889404297e+00	2.783098220825195312e+00	2.785034894943237305e+00	2.786704540252685547e+00	2.787635803222656250e+00	2.787545204162597656e+00	2.786925077438354492e+00	2.786350250244140625e+00	2.786016941070556641e+00	2.786097288131713867e+00	2.786695957183837891e+00	2.787531137466430664e+00	2.787791728973388672e+00	2.786854982376098633e+00	2.785076141357421875e+00	2.783607244491577148e+00	2.783730983734130859e+00	2.786195516586303711e+00	2.791234731674194336e+00	2.798386335372924805e+00	2.806335926055908203e+00	2.813063621520996094e+00	2.817710638046264648e+00	2.820855617523193359e+00	2.823076486587524414e+00	2.824304342269897461e+00	2.824469089508056641e+00	2.822988748550415039e+00	2.819429397583007812e+00	2.813671588897705078e+00	2.807094335556030273e+00	2.801124811172485352e+00	2.796674013137817383e+00	2.794371366500854492e+00	2.793642044067382812e+00	2.793234825134277344e+00	2.792797088623046875e+00	2.792942285537719727e+00	2.793149948120117188e+00	2.792422771453857422e+00	2.790901422500610352e+00	2.789353609085083008e+00	2.788399934768676758e+00	2.788486480712890625e+00	2.790621757507324219e+00	2.795144081115722656e+00	2.800701618194580078e+00	2.804508447647094727e+00	2.802718877792358398e+00	2.795900344848632812e+00	2.788824796676635742e+00	2.784166812896728516e+00	2.782189607620239258e+00	2.782402992248535156e+00	2.783788442611694336e+00	2.785361289978027344e+00	2.786456346511840820e+00	2.786516189575195312e+00	2.785864830017089844e+00	2.786125898361206055e+00	2.788975477218627930e+00	2.795106172561645508e+00	2.804013967514038086e+00	2.814263343811035156e+00	2.824348926544189453e+00	2.829791784286499023e+00	2.826172828674316406e+00	2.815433979034423828e+00	2.803642272949218750e+00
2.789113044738769531e+00	2.783957481384277344e+00	2.782751798629760742e+00	2.784580945968627930e+00	2.788002014160156250e+00	2.791462182998657227e+00	2.793849229812622070e+00	2.794548273086547852e+00	2.793546915054321289e+00	2.791345834732055664e+00	2.788552761077880859e+00	2.786272287368774414e+00	2.785323381423950195e+00	2.786227941513061523e+00	2.787532329559326172e+00	2.786017656326293945e+00	2.784248590469360352e+00	2.782400369644165039e+00	2.780572414398193359e+00	2.779795408248901367e+00	2.781168460845947266e+00	2.785248517990112305e+00	2.791900873184204102e+00	2.800246715545654297e+00	2.809080362319946289e+00	2.818094015121459961e+00	2.827616214752197266e+00	2.836471080780029297e+00	2.842461347579956055e+00	2.845144271850585938e+00	2.845456123352050781e+00	2.844088315963745117e+00	2.840230464935302734e+00	2.832673788070678711e+00	2.822262763977050781e+00	2.811988115310668945e+00	2.803881406784057617e+00	2.798772811889648438e+00	2.796309471130371094e+00	2.795514345169067383e+00	2.795551538467407227e+00	2.794932365417480469e+00	2.793291568756103516e+00	2.791229486465454102e+00	2.788909912109375000e+00	2.787115812301635742e+00	2.787394762039184570e+00	2.790596485137939453e+00	2.796596288681030273e+00	2.803529024124145508e+00	2.807358264923095703e+00	2.804871082305908203e+00	2.798781156539916992e+00	2.793068885803222656e+00	2.788686037063598633e+00	2.786245822906494141e+00	2.785677909851074219e+00	2.785432338714599609e+00	2.784932613372802734e+00	2.784485816955566406e+00	2.784044265747070312e+00	2.783927679061889648e+00	2.785405397415161133e+00	2.789801597595214844e+00	2.796331882476806641e+00	2.804305315017700195e+00	2.814646482467651367e+00	2.825493097305297852e+00	2.832123041152954102e+00	2.827032804489135742e+00	2.812545299530029297e+00	2.798723220825195312e+00
2.789265394210815430e+00	2.784934043884277344e+00	2.784463882446289062e+00	2.786864995956420898e+00	2.790680646896362305e+00	2.794323682785034180e+00	2.796586751937866211e+00	2.796724796295166016e+00	2.794827461242675781e+00	2.792016506195068359e+00	2.789457321166992188e+00	2.787546157836914062e+00	2.786305189132690430e+00	2.785384178161621094e+00	2.784487485885620117e+00	2.783827543258666992e+00	2.783465147018432617e+00	2.783143520355224609e+00	2.782924890518188477e+00	2.783782243728637695e+00	2.786835908889770508e+00	2.792536735534667969e+00	2.800360441207885742e+00	2.809427738189697266e+00	2.819088220596313477e+00	2.829200029373168945e+00	2.840124130249023438e+00	2.852205276489257812e+00	2.864067554473876953e+00	2.871241569519042969e+00	2.872858762741088867e+00	2.870838403701782227e+00	2.865009546279907227e+00	2.853884220123291016e+00	2.838711738586425781e+00	2.824077129364013672e+00	2.812809467315673828e+00	2.805351734161376953e+00	2.800837039947509766e+00	2.798055887222290039e+00	2.796216964721679688e+00	2.794687032699584961e+00	2.792383670806884766e+00	2.789283990859985352e+00	2.786698341369628906e+00	2.785859584808349609e+00	2.787362575531005859e+00	2.791188955307006836e+00	2.797003269195556641e+00	2.803985118865966797e+00	2.808707952499389648e+00	2.804673194885253906e+00	2.796848773956298828e+00	2.791238546371459961e+00	2.788434982299804688e+00	2.786898374557495117e+00	2.786163091659545898e+00	2.786182403564453125e+00	2.786492109298706055e+00	2.786608934402465820e+00	2.786339521408081055e+00	2.786125898361206055e+00	2.787122011184692383e+00	2.790402173995971680e+00	2.795792102813720703e+00	2.802794933319091797e+00	2.810762643814086914e+00	2.817623615264892578e+00	2.821664810180664062e+00	2.822138786315917969e+00	2.811859607696533203e+00	2.798326492309570312e+00
2.785100936889648438e+00	2.783169984817504883e+00	2.783683300018310547e+00	2.786385536193847656e+00	2.790502309799194336e+00	2.795178890228271484e+00	2.798407793045043945e+00	2.797420978546142578e+00	2.793812036514282227e+00	2.790429592132568359e+00	2.787866115570068359e+00	2.785383224487304688e+00	2.782458543777465820e+00	2.779827833175659180e+00	2.778062582015991211e+00	2.777038097381591797e+00	2.776740550994873047e+00	2.777315378189086914e+00	2.778767347335815430e+00	2.781401872634887695e+00	2.785668611526489258e+00	2.791850328445434570e+00	2.799935579299926758e+00	2.809535980224609375e+00	2.820259094238281250e+00	2.832055330276489258e+00	2.844796419143676758e+00	2.857736587524414062e+00	2.866078138351440430e+00	2.867560863494873047e+00	2.865310192108154297e+00	2.859498262405395508e+00	2.849892854690551758e+00	2.837139844894409180e+00	2.823445796966552734e+00	2.811529159545898438e+00	2.802731513977050781e+00	2.797222137451171875e+00	2.794322729110717773e+00	2.793098449707031250e+00	2.793598890304565430e+00	2.795227527618408203e+00	2.795047760009765625e+00	2.791280984878540039e+00	2.787454605102539062e+00	2.786288499832153320e+00	2.787646532058715820e+00	2.789810657501220703e+00	2.792190790176391602e+00	2.794865131378173828e+00	2.796762466430664062e+00	2.795843362808227539e+00	2.792012214660644531e+00	2.787822246551513672e+00	2.785266876220703125e+00	2.783983469009399414e+00	2.783447027206420898e+00	2.783580541610717773e+00	2.784085273742675781e+00	2.784537792205810547e+00	2.784855842590332031e+00	2.785369873046875000e+00	2.786747932434082031e+00	2.789571523666381836e+00	2.793559551239013672e+00	2.797535181045532227e+00	2.800170898437500000e+00	2.800823211669921875e+00	2.799675941467285156e+00	2.796871662139892578e+00	2.792704105377197266e+00	2.788536787033081055e+00
2.778128147125244141e+00	2.780571937561035156e+00	2.783023357391357422e+00	2.786087512969970703e+00	2.790083169937133789e+00	2.793378353118896484e+00	2.793030500411987305e+00	2.788866758346557617e+00	2.783348798751831055e+00	2.778645992279052734e+00	2.775713205337524414e+00	2.774441480636596680e+00	2.774228572845458984e+00	2.774392604827880859e+00	2.774331331253051758e+00	2.773521423339843750e+00	2.772145986557006836e+00	2.771323204040527344e+00	2.771951675415039062e+00	2.773830175399780273e+00	2.776180982589721680e+00	2.778744935989379883e+00	2.781395196914672852e+00	2.783704042434692383e+00	2.785143136978149414e+00	2.785600185394287109e+00	2.786009311676025391e+00	2.787403821945190430e+00	2.789859771728515625e+00	2.793255329132080078e+00	2.797221183776855469e+00	2.800508975982666016e+00	2.800333738327026367e+00	2.797446250915527344e+00	2.794586658477783203e+00	2.791789054870605469e+00	2.788948059082031250e+00	2.786694049835205078e+00	2.785698413848876953e+00	2.786342620849609375e+00	2.788910865783691406e+00	2.793483257293701172e+00	2.798076629638671875e+00	2.799343585968017578e+00	2.797920703887939453e+00	2.796293973922729492e+00	2.795350551605224609e+00	2.794824361801147461e+00	2.793562889099121094e+00	2.790673732757568359e+00	2.786623239517211914e+00	2.782720088958740234e+00	2.779297113418579102e+00	2.776167154312133789e+00	2.773846864700317383e+00	2.772950410842895508e+00	2.773372650146484375e+00	2.774857521057128906e+00	2.777106046676635742e+00	2.779914140701293945e+00	2.782789468765258789e+00	2.785012960433959961e+00	2.786782979965209961e+00	2.788352727890014648e+00	2.789224624633789062e+00	2.788651227951049805e+00	2.786238908767700195e+00	2.782955646514892578e+00	2.779886007308959961e+00	2.777392864227294922e+00	2.775990247726440430e+00	2.776263713836669922e+00
2.783104896545410156e+00	2.785550832748413086e+00	2.787965059280395508e+00	2.791750431060791016e+00	2.797879695892333984e+00	2.804524898529052734e+00	2.806122064590454102e+00	2.799679040908813477e+00	2.790084362030029297e+00	2.782029628753662109e+00	2.776865243911743164e+00	2.774362564086914062e+00	2.773699998855590820e+00	2.773786067962646484e+00	2.773655414581298828e+00	2.773071527481079102e+00	2.772581100463867188e+00	2.772711038589477539e+00	2.773648023605346680e+00	2.775411367416381836e+00	2.777884483337402344e+00	2.780626296997070312e+00	2.783384323120117188e+00	2.786139488220214844e+00	2.788395881652832031e+00	2.789368152618408203e+00	2.788645744323730469e+00	2.785856008529663086e+00	2.781841278076171875e+00	2.778545379638671875e+00	2.776354312896728516e+00	2.774657964706420898e+00	2.773334980010986328e+00	2.773433685302734375e+00	2.775466918945312500e+00	2.778884887695312500e+00	2.782994031906127930e+00	2.788158178329467773e+00	2.795450687408447266e+00	2.805927038192749023e+00	2.820680141448974609e+00	2.838911056518554688e+00	2.851922035217285156e+00	2.847955465316772461e+00	2.833723306655883789e+00	2.820229530334472656e+00	2.810144901275634766e+00	2.802659511566162109e+00	2.796325922012329102e+00	2.790228366851806641e+00	2.784514427185058594e+00	2.780082941055297852e+00	2.777477979660034180e+00	2.776305675506591797e+00	2.776087760925292969e+00	2.776721715927124023e+00	2.777850389480590820e+00	2.779189825057983398e+00	2.780324459075927734e+00	2.780868291854858398e+00	2.780461072921752930e+00	2.779105901718139648e+00	2.777449607849121094e+00	2.776418209075927734e+00	2.776423215866088867e+00	2.777011871337890625e+00	2.777306556701660156e+00	2.777094364166259766e+00	2.777015209197998047e+00	2.777653455734252930e+00	2.779017448425292969e+00	2.780822277069091797e+00
2.781119108200073242e+00	2.784585475921630859e+00	2.788840532302856445e+00	2.794101476669311523e+00	2.800635099411010742e+00	2.807591438293457031e+00	2.810532093048095703e+00	2.805679321289062500e+00	2.796831369400024414e+00	2.788695573806762695e+00	2.782757043838500977e+00	2.778919458389282227e+00	2.776762485504150391e+00	2.775719881057739258e+00	2.775033950805664062e+00	2.774124622344970703e+00	2.773327589035034180e+00	2.773329734802246094e+00	2.774252176284790039e+00	2.775727987289428711e+00	2.777026176452636719e+00	2.777522802352905273e+00	2.777434825897216797e+00	2.777389287948608398e+00	2.777660608291625977e+00	2.778192996978759766e+00	2.778643608093261719e+00	2.778445005416870117e+00	2.777451515197753906e+00	2.776175975799560547e+00	2.775196552276611328e+00	2.774892807006835938e+00	2.775471687316894531e+00	2.776866197586059570e+00	2.779383659362792969e+00	2.783646821975708008e+00	2.789757966995239258e+00	2.797581911087036133e+00	2.806948184967041016e+00	2.818545818328857422e+00	2.833716869354248047e+00	2.851771593093872070e+00	2.864649772644042969e+00	2.859054088592529297e+00	2.842164516448974609e+00	2.825196504592895508e+00	2.811526775360107422e+00	2.801451444625854492e+00	2.793960809707641602e+00	2.788061380386352539e+00	2.783614397048950195e+00	2.780515670776367188e+00	2.778475999832153320e+00	2.777229070663452148e+00	2.776415348052978516e+00	2.776189565658569336e+00	2.777225971221923828e+00	2.779311418533325195e+00	2.779975652694702148e+00	2.778361082077026367e+00	2.776151418685913086e+00	2.774415254592895508e+00	2.773385047912597656e+00	2.773330211639404297e+00	2.774343490600585938e+00	2.775893688201904297e+00	2.776922941207885742e+00	2.776853084564208984e+00	2.776340723037719727e+00	2.776265621185302734e+00	2.776984930038452148e+00	2.778565645217895508e+00
2.776439905166625977e+00	2.778918981552124023e+00	2.781327486038208008e+00	2.784481525421142578e+00	2.788143873214721680e+00	2.791212558746337891e+00	2.792201995849609375e+00	2.790200948715209961e+00	2.786034584045410156e+00	2.781635284423828125e+00	2.778253555297851562e+00	2.776175737380981445e+00	2.775114536285400391e+00	2.774617433547973633e+00	2.774436235427856445e+00	2.774612426757812500e+00	2.775293350219726562e+00	2.776334524154663086e+00	2.777605295181274414e+00	2.778988599777221680e+00	2.779674768447875977e+00	2.778921842575073242e+00	2.776990175247192383e+00	2.774609565734863281e+00	2.772667884826660156e+00	2.771859645843505859e+00	2.772271633148193359e+00	2.773467063903808594e+00	2.774618625640869141e+00	2.774874925613403320e+00	2.774003982543945312e+00	2.772920608520507812e+00	2.773057222366333008e+00	2.775445461273193359e+00	2.780481576919555664e+00	2.786266326904296875e+00	2.791142463684082031e+00	2.796872377395629883e+00	2.804352283477783203e+00	2.814252853393554688e+00	2.826310396194458008e+00	2.837735652923583984e+00	2.843780755996704102e+00	2.839619398117065430e+00	2.828490257263183594e+00	2.816408157348632812e+00	2.806219339370727539e+00	2.798638343811035156e+00	2.793205022811889648e+00	2.789072751998901367e+00	2.785486936569213867e+00	2.781999349594116211e+00	2.778604984283447266e+00	2.775677919387817383e+00	2.773569583892822266e+00	2.772410869598388672e+00	2.772155284881591797e+00	2.772677659988403320e+00	2.773244142532348633e+00	2.772272586822509766e+00	2.770071744918823242e+00	2.768194437026977539e+00	2.767424345016479492e+00	2.767983675003051758e+00	2.769627094268798828e+00	2.771631002426147461e+00	2.773096323013305664e+00	2.773449420928955078e+00	2.772850036621093750e+00	2.772164106369018555e+00	2.772359132766723633e+00	2.773897647857666016e+00
2.771742343902587891e+00	2.771935939788818359e+00	2.772441625595092773e+00	2.773011922836303711e+00	2.773499488830566406e+00	2.773763895034790039e+00	2.773692131042480469e+00	2.772785425186157227e+00	2.771145105361938477e+00	2.769991874694824219e+00	2.769924640655517578e+00	2.770864486694335938e+00	2.772515296936035156e+00	2.774484872817993164e+00	2.776056528091430664e+00	2.776925325393676758e+00	2.777804613113403320e+00	2.779206991195678711e+00	2.780518293380737305e+00	2.781010150909423828e+00	2.780932664871215820e+00	2.780149936676025391e+00	2.778176069259643555e+00	2.775387525558471680e+00	2.772868871688842773e+00	2.771310806274414062e+00	2.770594358444213867e+00	2.770240068435668945e+00	2.770309209823608398e+00	2.771192312240600586e+00	2.773131608963012695e+00	2.775419950485229492e+00	2.777465343475341797e+00	2.780724287033081055e+00	2.785889625549316406e+00	2.791203498840332031e+00	2.793733119964599609e+00	2.795796871185302734e+00	2.798083543777465820e+00	2.801270008087158203e+00	2.805180311203002930e+00	2.808539867401123047e+00	2.809777736663818359e+00	2.808703899383544922e+00	2.806200027465820312e+00	2.803029060363769531e+00	2.799517631530761719e+00	2.795878887176513672e+00	2.792505979537963867e+00	2.789601802825927734e+00	2.786760091781616211e+00	2.783688068389892578e+00	2.780635118484497070e+00	2.777539730072021484e+00	2.774337768554687500e+00	2.771605014801025391e+00	2.769920110702514648e+00	2.769201040267944336e+00	2.768740653991699219e+00	2.767869234085083008e+00	2.766793489456176758e+00	2.766266822814941406e+00	2.766708850860595703e+00	2.768047809600830078e+00	2.769865512847900391e+00	2.771704673767089844e+00	2.773337841033935547e+00	2.774588584899902344e+00	2.775066137313842773e+00	2.774523019790649414e+00	2.773303508758544922e+00	2.772194862365722656e+00
2.797868728637695312e+00	2.802944660186767578e+00	2.812177896499633789e+00	2.826294183731079102e+00	2.845511436462402344e+00	2.870120048522949219e+00	2.883425712585449219e+00	2.860826969146728516e+00	2.833835840225219727e+00	2.816327333450317383e+00	2.806491851806640625e+00	2.801714658737182617e+00	2.800202131271362305e+00	2.800344467163085938e+00	2.800679445266723633e+00	2.800525188446044922e+00	2.800023555755615234e+00	2.799403429031372070e+00	2.798793077468872070e+00	2.798385143280029297e+00	2.798357248306274414e+00	2.798460960388183594e+00	2.798084259033203125e+00	2.797022581100463867e+00	2.795589447021484375e+00	2.794364213943481445e+00	2.793856143951416016e+00	2.794346809387207031e+00	2.795504331588745117e+00	2.796747446060180664e+00	2.797580242156982422e+00	2.797521352767944336e+00	2.797353982925415039e+00	2.799456834793090820e+00	2.805266857147216797e+00	2.815050125122070312e+00	2.828604221343994141e+00	2.845726490020751953e+00	2.866944074630737305e+00	2.893774509429931641e+00	2.926988601684570312e+00	2.965738534927368164e+00	3.001318454742431641e+00	3.014142990112304688e+00	2.995001316070556641e+00	2.952923059463500977e+00	2.909207105636596680e+00	2.874806880950927734e+00	2.848604679107666016e+00	2.828660726547241211e+00	2.813866853713989258e+00	2.803521633148193359e+00	2.796908855438232422e+00	2.793282508850097656e+00	2.791940927505493164e+00	2.792300224304199219e+00	2.793229818344116211e+00	2.793754100799560547e+00	2.793875932693481445e+00	2.793783187866210938e+00	2.794064521789550781e+00	2.795062541961669922e+00	2.796870708465576172e+00	2.799420356750488281e+00	2.802339076995849609e+00	2.804871320724487305e+00	2.806012392044067383e+00	2.805087804794311523e+00	2.802444696426391602e+00	2.799302816390991211e+00	2.796916246414184570e+00	2.796154260635375977e+00
2.795802354812622070e+00	2.800649404525756836e+00	2.809599399566650391e+00	2.822967767715454102e+00	2.841145992279052734e+00	2.864294290542602539e+00	2.879182100296020508e+00	2.858758687973022461e+00	2.833430528640747070e+00	2.816686153411865234e+00	2.806646108627319336e+00	2.801551818847656250e+00	2.800184965133666992e+00	2.800353765487670898e+00	2.800557374954223633e+00	2.800254583358764648e+00	2.799429893493652344e+00	2.798379421234130859e+00	2.797367095947265625e+00	2.796653270721435547e+00	2.796425104141235352e+00	2.796322107315063477e+00	2.795495510101318359e+00	2.794126749038696289e+00	2.793042898178100586e+00	2.792541027069091797e+00	2.792660713195800781e+00	2.793454647064208984e+00	2.794595241546630859e+00	2.795552730560302734e+00	2.795977354049682617e+00	2.796136379241943359e+00	2.797010898590087891e+00	2.799900293350219727e+00	2.805805683135986328e+00	2.815080404281616211e+00	2.827742815017700195e+00	2.843818664550781250e+00	2.863632917404174805e+00	2.888659477233886719e+00	2.919842243194580078e+00	2.956043720245361328e+00	2.989670038223266602e+00	3.003915309906005859e+00	2.986360073089599609e+00	2.946532011032104492e+00	2.904792308807373047e+00	2.872629165649414062e+00	2.848210096359252930e+00	2.829066276550292969e+00	2.814716339111328125e+00	2.804481267929077148e+00	2.797390460968017578e+00	2.793065309524536133e+00	2.791156530380249023e+00	2.791059970855712891e+00	2.791744709014892578e+00	2.792380809783935547e+00	2.793039798736572266e+00	2.793535232543945312e+00	2.794127464294433594e+00	2.795443296432495117e+00	2.797740459442138672e+00	2.801027536392211914e+00	2.803483724594116211e+00	2.804395914077758789e+00	2.804423570632934570e+00	2.803399562835693359e+00	2.801346063613891602e+00	2.798565149307250977e+00	2.795742988586425781e+00	2.794440269470214844e+00
2.794593334197998047e+00	2.799405574798583984e+00	2.808314561843872070e+00	2.822190284729003906e+00	2.840767145156860352e+00	2.862780570983886719e+00	2.875490903854370117e+00	2.854608774185180664e+00	2.830261945724487305e+00	2.814212322235107422e+00	2.805757045745849609e+00	2.802842140197753906e+00	2.801496982574462891e+00	2.799830913543701172e+00	2.798586368560791016e+00	2.797342777252197266e+00	2.796179056167602539e+00	2.795281887054443359e+00	2.794722080230712891e+00	2.794531822204589844e+00	2.794631242752075195e+00	2.794603824615478516e+00	2.793900012969970703e+00	2.792862892150878906e+00	2.792346239089965820e+00	2.792703866958618164e+00	2.793657779693603516e+00	2.794577598571777344e+00	2.795049905776977539e+00	2.795142889022827148e+00	2.794908523559570312e+00	2.794635534286499023e+00	2.795351743698120117e+00	2.798366785049438477e+00	2.804517984390258789e+00	2.813930034637451172e+00	2.826524972915649414e+00	2.842487335205078125e+00	2.862500905990600586e+00	2.887923002243041992e+00	2.919223546981811523e+00	2.954921245574951172e+00	2.988137722015380859e+00	3.003948926925659180e+00	2.987065792083740234e+00	2.947399377822875977e+00	2.906163215637207031e+00	2.873933315277099609e+00	2.848731517791748047e+00	2.829140663146972656e+00	2.814628362655639648e+00	2.804129123687744141e+00	2.797032833099365234e+00	2.792744636535644531e+00	2.790508270263671875e+00	2.789612293243408203e+00	2.789552211761474609e+00	2.790223836898803711e+00	2.791423559188842773e+00	2.792595386505126953e+00	2.793546199798583984e+00	2.794740676879882812e+00	2.796601057052612305e+00	2.799102067947387695e+00	2.801649093627929688e+00	2.803477525711059570e+00	2.803968906402587891e+00	2.802817106246948242e+00	2.800260066986083984e+00	2.797058343887329102e+00	2.794265270233154297e+00	2.793111324310302734e+00
2.781224012374877930e+00	2.784210681915283203e+00	2.788801193237304688e+00	2.794780492782592773e+00	2.800592899322509766e+00	2.804034233093261719e+00	2.804820775985717773e+00	2.802234888076782227e+00	2.797202110290527344e+00	2.791766643524169922e+00	2.787066936492919922e+00	2.783489942550659180e+00	2.781033992767333984e+00	2.779348373413085938e+00	2.777949571609497070e+00	2.776812076568603516e+00	2.776261568069458008e+00	2.776321887969970703e+00	2.777168273925781250e+00	2.778614997863769531e+00	2.779556274414062500e+00	2.779147386550903320e+00	2.777394056320190430e+00	2.775748252868652344e+00	2.775237798690795898e+00	2.776054382324218750e+00	2.778041601181030273e+00	2.780491113662719727e+00	2.782455444335937500e+00	2.782043933868408203e+00	2.780074357986450195e+00	2.778262853622436523e+00	2.777077913284301758e+00	2.777581453323364258e+00	2.780591487884521484e+00	2.786058664321899414e+00	2.793375253677368164e+00	2.802094459533691406e+00	2.812211751937866211e+00	2.823691129684448242e+00	2.836623907089233398e+00	2.850298643112182617e+00	2.859449625015258789e+00	2.855213642120361328e+00	2.841340303421020508e+00	2.827421665191650391e+00	2.815854549407958984e+00	2.806398153305053711e+00	2.798929452896118164e+00	2.793354988098144531e+00	2.789306163787841797e+00	2.786195755004882812e+00	2.783831596374511719e+00	2.782263517379760742e+00	2.781314134597778320e+00	2.780835628509521484e+00	2.780234336853027344e+00	2.779364347457885742e+00	2.778131484985351562e+00	2.776567220687866211e+00	2.775384426116943359e+00	2.775336265563964844e+00	2.776746749877929688e+00	2.779260158538818359e+00	2.781905889511108398e+00	2.783805370330810547e+00	2.784573078155517578e+00	2.784205675125122070e+00	2.783005237579345703e+00	2.781489849090576172e+00	2.780241489410400391e+00	2.779949665069580078e+00
2.779320240020751953e+00	2.783158063888549805e+00	2.789823293685913086e+00	2.797941207885742188e+00	2.805646181106567383e+00	2.811048984527587891e+00	2.812609672546386719e+00	2.809561014175415039e+00	2.802914142608642578e+00	2.795250892639160156e+00	2.788611412048339844e+00	2.783607482910156250e+00	2.780035734176635742e+00	2.777410507202148438e+00	2.775176048278808594e+00	2.773375272750854492e+00	2.772399187088012695e+00	2.772160768508911133e+00	2.772662162780761719e+00	2.774348735809326172e+00	2.777071952819824219e+00	2.779802799224853516e+00	2.779771804809570312e+00	2.777713298797607422e+00	2.776530504226684570e+00	2.776318073272705078e+00	2.777019500732421875e+00	2.778651475906372070e+00	2.780188560485839844e+00	2.779898166656494141e+00	2.777832746505737305e+00	2.775838375091552734e+00	2.774948358535766602e+00	2.775822639465332031e+00	2.778961658477783203e+00	2.784440279006958008e+00	2.791939973831176758e+00	2.801231861114501953e+00	2.812910556793212891e+00	2.827926635742187500e+00	2.846548795700073242e+00	2.866252660751342773e+00	2.876886844635009766e+00	2.869442939758300781e+00	2.851236820220947266e+00	2.832728385925292969e+00	2.817278861999511719e+00	2.805166721343994141e+00	2.796296834945678711e+00	2.790246486663818359e+00	2.786222457885742188e+00	2.783340215682983398e+00	2.781028747558593750e+00	2.779321432113647461e+00	2.778434514999389648e+00	2.778189659118652344e+00	2.778017759323120117e+00	2.777552604675292969e+00	2.777025938034057617e+00	2.776891708374023438e+00	2.777324199676513672e+00	2.778137445449829102e+00	2.779043912887573242e+00	2.779958963394165039e+00	2.780772686004638672e+00	2.781347751617431641e+00	2.781555175781250000e+00	2.781068563461303711e+00	2.779840230941772461e+00	2.778457641601562500e+00	2.777658700942993164e+00	2.777801990509033203e+00
2.787661075592041016e+00	2.794028282165527344e+00	2.803813934326171875e+00	2.817875385284423828e+00	2.835925102233886719e+00	2.849110841751098633e+00	2.849050283432006836e+00	2.836499929428100586e+00	2.820896863937377930e+00	2.807196855545043945e+00	2.797002315521240234e+00	2.790236473083496094e+00	2.786344766616821289e+00	2.784643411636352539e+00	2.784013986587524414e+00	2.783454179763793945e+00	2.782977819442749023e+00	2.782749652862548828e+00	2.782685518264770508e+00	2.782952547073364258e+00	2.783623218536376953e+00	2.784408092498779297e+00	2.785164117813110352e+00	2.786089897155761719e+00	2.786894559860229492e+00	2.787056446075439453e+00	2.786424875259399414e+00	2.785669565200805664e+00	2.785418987274169922e+00	2.785429716110229492e+00	2.784949302673339844e+00	2.784110784530639648e+00	2.783787965774536133e+00	2.785024642944335938e+00	2.788814544677734375e+00	2.795117616653442383e+00	2.802712202072143555e+00	2.812626361846923828e+00	2.826977014541625977e+00	2.846777439117431641e+00	2.871591806411743164e+00	2.898313999176025391e+00	2.915342807769775391e+00	2.906620025634765625e+00	2.882087707519531250e+00	2.857647418975830078e+00	2.837840318679809570e+00	2.822537660598754883e+00	2.810742855072021484e+00	2.801808595657348633e+00	2.795328140258789062e+00	2.790875434875488281e+00	2.788128376007080078e+00	2.786735773086547852e+00	2.786164283752441406e+00	2.785941362380981445e+00	2.785837650299072266e+00	2.785685539245605469e+00	2.785044908523559570e+00	2.784291744232177734e+00	2.784109592437744141e+00	2.784343957901000977e+00	2.784971475601196289e+00	2.785685300827026367e+00	2.786083459854125977e+00	2.786167383193969727e+00	2.785768985748291016e+00	2.784898519515991211e+00	2.783763647079467773e+00	2.782712221145629883e+00	2.782548666000366211e+00	2.784057140350341797e+00
2.806272029876708984e+00	2.813514471054077148e+00	2.825711488723754883e+00	2.844192981719970703e+00	2.865862369537353516e+00	2.879545450210571289e+00	2.877961635589599609e+00	2.862599134445190430e+00	2.844604492187500000e+00	2.829471349716186523e+00	2.818263530731201172e+00	2.809836387634277344e+00	2.803600072860717773e+00	2.799582004547119141e+00	2.797604084014892578e+00	2.797168970108032227e+00	2.797690391540527344e+00	2.798735380172729492e+00	2.800028800964355469e+00	2.801119089126586914e+00	2.801609277725219727e+00	2.801849126815795898e+00	2.802374601364135742e+00	2.802813291549682617e+00	2.803103208541870117e+00	2.802917480468750000e+00	2.802159309387207031e+00	2.801194429397583008e+00	2.800188779830932617e+00	2.799021244049072266e+00	2.797777175903320312e+00	2.797105789184570312e+00	2.797491788864135742e+00	2.799052238464355469e+00	2.802006006240844727e+00	2.807120800018310547e+00	2.815659761428833008e+00	2.828667640686035156e+00	2.846760272979736328e+00	2.870557785034179688e+00	2.900100708007812500e+00	2.932137250900268555e+00	2.953006982803344727e+00	2.944210529327392578e+00	2.915620565414428711e+00	2.886019229888916016e+00	2.861527204513549805e+00	2.842828750610351562e+00	2.829073429107666016e+00	2.818785905838012695e+00	2.810989856719970703e+00	2.805386304855346680e+00	2.801309585571289062e+00	2.798263788223266602e+00	2.796249389648437500e+00	2.795351266860961914e+00	2.795155048370361328e+00	2.795462846755981445e+00	2.796371221542358398e+00	2.797060966491699219e+00	2.796952724456787109e+00	2.796776533126831055e+00	2.797597885131835938e+00	2.799385070800781250e+00	2.801558256149291992e+00	2.803464889526367188e+00	2.804581642150878906e+00	2.804447174072265625e+00	2.803360462188720703e+00	2.802325487136840820e+00	2.801980257034301758e+00	2.802874803543090820e+00
2.810170888900756836e+00	2.814258575439453125e+00	2.824787139892578125e+00	2.842717170715332031e+00	2.863748550415039062e+00	2.879343986511230469e+00	2.879498720169067383e+00	2.863852977752685547e+00	2.845998287200927734e+00	2.831913948059082031e+00	2.821449279785156250e+00	2.812656164169311523e+00	2.805499553680419922e+00	2.800655841827392578e+00	2.798050880432128906e+00	2.796913862228393555e+00	2.796863555908203125e+00	2.797768354415893555e+00	2.799177885055541992e+00	2.800577878952026367e+00	2.801710605621337891e+00	2.802394390106201172e+00	2.802642345428466797e+00	2.802999734878540039e+00	2.803103685379028320e+00	2.802654504776000977e+00	2.802073478698730469e+00	2.801558017730712891e+00	2.800421953201293945e+00	2.798578977584838867e+00	2.797216892242431641e+00	2.796897649765014648e+00	2.797323703765869141e+00	2.798415184020996094e+00	2.801143884658813477e+00	2.806454420089721680e+00	2.815093994140625000e+00	2.827663183212280273e+00	2.844691038131713867e+00	2.867045164108276367e+00	2.895248651504516602e+00	2.926805973052978516e+00	2.948744058609008789e+00	2.939013004302978516e+00	2.907516717910766602e+00	2.876178026199340820e+00	2.851186513900756836e+00	2.833182811737060547e+00	2.821878671646118164e+00	2.815709590911865234e+00	2.811393737792968750e+00	2.806868076324462891e+00	2.802891492843627930e+00	2.799294710159301758e+00	2.796055316925048828e+00	2.794086694717407227e+00	2.793774843215942383e+00	2.794601917266845703e+00	2.795797348022460938e+00	2.796968460083007812e+00	2.798218488693237305e+00	2.799548625946044922e+00	2.800558090209960938e+00	2.801765441894531250e+00	2.803882122039794922e+00	2.806951999664306641e+00	2.810668706893920898e+00	2.813637495040893555e+00	2.814135313034057617e+00	2.813521385192871094e+00	2.812057733535766602e+00	2.809881448745727539e+00
2.779219627380371094e+00	2.779897689819335938e+00	2.782004594802856445e+00	2.785116910934448242e+00	2.788589954376220703e+00	2.791391611099243164e+00	2.792273521423339844e+00	2.790828227996826172e+00	2.787916660308837891e+00	2.784604787826538086e+00	2.781457185745239258e+00	2.778649806976318359e+00	2.776260852813720703e+00	2.774372816085815430e+00	2.773001670837402344e+00	2.772026538848876953e+00	2.771321296691894531e+00	2.770879745483398438e+00	2.770718812942504883e+00	2.770825147628784180e+00	2.771232843399047852e+00	2.772006034851074219e+00	2.773071289062500000e+00	2.774175167083740234e+00	2.775108575820922852e+00	2.775833845138549805e+00	2.776343107223510742e+00	2.776636600494384766e+00	2.776853322982788086e+00	2.777252674102783203e+00	2.777842283248901367e+00	2.778387069702148438e+00	2.778559684753417969e+00	2.778098821640014648e+00	2.776960849761962891e+00	2.775617361068725586e+00	2.775118350982666016e+00	2.776514053344726562e+00	2.780545949935913086e+00	2.787801980972290039e+00	2.798911333084106445e+00	2.813686132431030273e+00	2.825961351394653320e+00	2.823600292205810547e+00	2.809532642364501953e+00	2.796158552169799805e+00	2.787276744842529297e+00	2.782068490982055664e+00	2.779282331466674805e+00	2.777975320816040039e+00	2.777521133422851562e+00	2.777523279190063477e+00	2.777747869491577148e+00	2.777921438217163086e+00	2.777497291564941406e+00	2.776312112808227539e+00	2.775146007537841797e+00	2.774589538574218750e+00	2.774820327758789062e+00	2.775969982147216797e+00	2.777894735336303711e+00	2.780088901519775391e+00	2.782172203063964844e+00	2.783855199813842773e+00	2.785073041915893555e+00	2.785773038864135742e+00	2.785683870315551758e+00	2.784975528717041016e+00	2.783995151519775391e+00	2.782866477966308594e+00	2.781478166580200195e+00	2.779986381530761719e+00
2.773131847381591797e+00	2.772604942321777344e+00	2.772050619125366211e+00	2.771594047546386719e+00	2.771426200866699219e+00	2.771617412567138672e+00	2.772101640701293945e+00	2.772699832916259766e+00	2.773174285888671875e+00	2.773320913314819336e+00	2.773020029067993164e+00	2.772318601608276367e+00	2.771387577056884766e+00	2.770392656326293945e+00	2.769372224807739258e+00	2.768288850784301758e+00	2.767189502716064453e+00	2.766219854354858398e+00	2.765582561492919922e+00	2.765512228012084961e+00	2.766154766082763672e+00	2.767501115798950195e+00	2.769401311874389648e+00	2.771640539169311523e+00	2.773953914642333984e+00	2.775977611541748047e+00	2.777356147766113281e+00	2.777958631515502930e+00	2.778010606765747070e+00	2.777863264083862305e+00	2.777708768844604492e+00	2.777612686157226562e+00	2.777547597885131836e+00	2.777342557907104492e+00	2.776494503021240234e+00	2.774566173553466797e+00	2.772488117218017578e+00	2.771316289901733398e+00	2.771147727966308594e+00	2.771734237670898438e+00	2.772966384887695312e+00	2.774764299392700195e+00	2.776522397994995117e+00	2.776922464370727539e+00	2.776061296463012695e+00	2.775007247924804688e+00	2.774174928665161133e+00	2.773542165756225586e+00	2.772964239120483398e+00	2.772337436676025391e+00	2.771622896194458008e+00	2.770830631256103516e+00	2.770036458969116211e+00	2.769338130950927734e+00	2.768798351287841797e+00	2.768507003784179688e+00	2.768564224243164062e+00	2.768994331359863281e+00	2.769748449325561523e+00	2.770752429962158203e+00	2.771945238113403320e+00	2.773270368576049805e+00	2.774658203125000000e+00	2.775919914245605469e+00	2.776827812194824219e+00	2.777053117752075195e+00	2.776355504989624023e+00	2.775278329849243164e+00	2.774403095245361328e+00	2.773915767669677734e+00	2.773744106292724609e+00	2.773547172546386719e+00
2.771738052368164062e+00	2.771062612533569336e+00	2.770317792892456055e+00	2.769670009613037109e+00	2.769345283508300781e+00	2.769426107406616211e+00	2.769858598709106445e+00	2.770485401153564453e+00	2.771075248718261719e+00	2.771387338638305664e+00	2.771233797073364258e+00	2.770611286163330078e+00	2.769685983657836914e+00	2.768656969070434570e+00	2.767615795135498047e+00	2.766571760177612305e+00	2.765591859817504883e+00	2.764805078506469727e+00	2.764373779296875000e+00	2.764486789703369141e+00	2.765264272689819336e+00	2.766691446304321289e+00	2.768616676330566406e+00	2.770811796188354492e+00	2.772995948791503906e+00	2.774812936782836914e+00	2.775942564010620117e+00	2.776292324066162109e+00	2.776150941848754883e+00	2.775965452194213867e+00	2.775985479354858398e+00	2.776258945465087891e+00	2.776694774627685547e+00	2.777040243148803711e+00	2.776720046997070312e+00	2.775252342224121094e+00	2.773499965667724609e+00	2.772451162338256836e+00	2.772216081619262695e+00	2.772613048553466797e+00	2.773607730865478516e+00	2.775161266326904297e+00	2.776677370071411133e+00	2.776841878890991211e+00	2.775740861892700195e+00	2.774446010589599609e+00	2.773406267166137695e+00	2.772630929946899414e+00	2.771982908248901367e+00	2.771349430084228516e+00	2.770674467086791992e+00	2.769942283630371094e+00	2.769195079803466797e+00	2.768499612808227539e+00	2.767905712127685547e+00	2.767519474029541016e+00	2.767479419708251953e+00	2.767856359481811523e+00	2.768633604049682617e+00	2.769720315933227539e+00	2.770997762680053711e+00	2.772365331649780273e+00	2.773749589920043945e+00	2.774991750717163086e+00	2.775877714157104492e+00	2.776062250137329102e+00	2.775293827056884766e+00	2.774140834808349609e+00	2.773224353790283203e+00	2.772721290588378906e+00	2.772516012191772461e+00	2.772253036499023438e+00
2.760767221450805664e+00	2.760510206222534180e+00	2.760253190994262695e+00	2.760171413421630859e+00	2.760420322418212891e+00	2.760982275009155273e+00	2.761677980422973633e+00	2.762271404266357422e+00	2.762581348419189453e+00	2.762548446655273438e+00	2.762170314788818359e+00	2.761453390121459961e+00	2.760546445846557617e+00	2.759658575057983398e+00	2.758900642395019531e+00	2.758304834365844727e+00	2.757885217666625977e+00	2.757668733596801758e+00	2.757697343826293945e+00	2.758009672164916992e+00	2.758612155914306641e+00	2.759467124938964844e+00	2.760487079620361328e+00	2.761551618576049805e+00	2.762526512145996094e+00	2.763290882110595703e+00	2.763763189315795898e+00	2.763910770416259766e+00	2.763754844665527344e+00	2.763363838195800781e+00	2.762849807739257812e+00	2.762353420257568359e+00	2.762010812759399414e+00	2.761898756027221680e+00	2.762013673782348633e+00	2.762290000915527344e+00	2.762617588043212891e+00	2.762886762619018555e+00	2.763114929199218750e+00	2.763458251953125000e+00	2.763998746871948242e+00	2.764641523361206055e+00	2.765176773071289062e+00	2.765410661697387695e+00	2.765270709991455078e+00	2.764749050140380859e+00	2.763860464096069336e+00	2.762759923934936523e+00	2.761660575866699219e+00	2.760684013366699219e+00	2.759887218475341797e+00	2.759302854537963867e+00	2.758960008621215820e+00	2.758893489837646484e+00	2.759137868881225586e+00	2.759706974029541016e+00	2.760571002960205078e+00	2.761647701263427734e+00	2.762810707092285156e+00	2.763930559158325195e+00	2.764907836914062500e+00	2.765682220458984375e+00	2.766207456588745117e+00	2.766422986984252930e+00	2.766266822814941406e+00	2.765721321105957031e+00	2.764853715896606445e+00	2.763810873031616211e+00	2.762775659561157227e+00	2.761915683746337891e+00	2.761331319808959961e+00	2.760997295379638672e+00
2.754752159118652344e+00	2.754523992538452148e+00	2.754320621490478516e+00	2.754128932952880859e+00	2.753921985626220703e+00	2.753669261932373047e+00	2.753354072570800781e+00	2.752994298934936523e+00	2.752644300460815430e+00	2.752375602722167969e+00	2.752248525619506836e+00	2.752290487289428711e+00	2.752487897872924805e+00	2.752786636352539062e+00	2.753103733062744141e+00	2.753363847732543945e+00	2.753544569015502930e+00	2.753689527511596680e+00	2.753871679306030273e+00	2.754132509231567383e+00	2.754448413848876953e+00	2.754741430282592773e+00	2.754916429519653320e+00	2.754906654357910156e+00	2.754693031311035156e+00	2.754299879074096680e+00	2.753776550292968750e+00	2.753186225891113281e+00	2.752597093582153320e+00	2.752087593078613281e+00	2.751749277114868164e+00	2.751672983169555664e+00	2.751925230026245117e+00	2.752525806427001953e+00	2.753440380096435547e+00	2.754584312438964844e+00	2.755839586257934570e+00	2.757059335708618164e+00	2.758091926574707031e+00	2.758805751800537109e+00	2.759105443954467773e+00	2.758966684341430664e+00	2.758447408676147461e+00	2.757678508758544922e+00	2.756816148757934570e+00	2.755991458892822266e+00	2.755270957946777344e+00	2.754660844802856445e+00	2.754132509231567383e+00	2.753652095794677734e+00	2.753222703933715820e+00	2.752902507781982422e+00	2.752790927886962891e+00	2.752974271774291992e+00	2.753472328186035156e+00	2.754201412200927734e+00	2.754985094070434570e+00	2.755620956420898438e+00	2.755966901779174805e+00	2.756010770797729492e+00	2.755842924118041992e+00	2.755591154098510742e+00	2.755372762680053711e+00	2.755264282226562500e+00	2.755284547805786133e+00	2.755394458770751953e+00	2.755522251129150391e+00	2.755596160888671875e+00	2.755573272705078125e+00	2.755447387695312500e+00	2.755243062973022461e+00	2.754999399185180664e+00
2.752636671066284180e+00	2.753104925155639648e+00	2.753735542297363281e+00	2.754452466964721680e+00	2.755090951919555664e+00	2.755419731140136719e+00	2.755224227905273438e+00	2.754449129104614258e+00	2.753273963928222656e+00	2.752034902572631836e+00	2.751044273376464844e+00	2.750489473342895508e+00	2.750424861907958984e+00	2.750798702239990234e+00	2.751487255096435547e+00	2.752329826354980469e+00	2.753176927566528320e+00	2.753927230834960938e+00	2.754544496536254883e+00	2.755027770996093750e+00	2.755384445190429688e+00	2.755605697631835938e+00	2.755655527114868164e+00	2.755491971969604492e+00	2.755089282989501953e+00	2.754447698593139648e+00	2.753598928451538086e+00	2.752618312835693359e+00	2.751624822616577148e+00	2.750766754150390625e+00	2.750200748443603516e+00	2.750065088272094727e+00	2.750466823577880859e+00	2.751483917236328125e+00	2.753191471099853516e+00	2.755685567855834961e+00	2.759128332138061523e+00	2.763762474060058594e+00	2.769980669021606445e+00	2.778440475463867188e+00	2.789486646652221680e+00	2.799230575561523438e+00	2.797382593154907227e+00	2.786581039428710938e+00	2.776317834854125977e+00	2.768806934356689453e+00	2.763548612594604492e+00	2.759834051132202148e+00	2.757102251052856445e+00	2.754976272583007812e+00	2.753300905227661133e+00	2.752096414566040039e+00	2.751451253890991211e+00	2.751401185989379883e+00	2.751859426498413086e+00	2.752613782882690430e+00	2.753387212753295898e+00	2.753936529159545898e+00	2.754132509231567383e+00	2.753988027572631836e+00	2.753612041473388672e+00	2.753142595291137695e+00	2.752696037292480469e+00	2.752347230911254883e+00	2.752124071121215820e+00	2.752017259597778320e+00	2.751995086669921875e+00	2.752016782760620117e+00	2.752052545547485352e+00	2.752097845077514648e+00	2.752177953720092773e+00	2.752339601516723633e+00
2.787345886230468750e+00	2.793583631515502930e+00	2.804195880889892578e+00	2.821787595748901367e+00	2.848159074783325195e+00	2.869664907455444336e+00	2.867836475372314453e+00	2.845512866973876953e+00	2.823155879974365234e+00	2.807046413421630859e+00	2.795747756958007812e+00	2.787945032119750977e+00	2.783401966094970703e+00	2.781677007675170898e+00	2.781757354736328125e+00	2.782776832580566406e+00	2.784461498260498047e+00	2.786468267440795898e+00	2.788192510604858398e+00	2.789595127105712891e+00	2.791047334671020508e+00	2.791775703430175781e+00	2.791190862655639648e+00	2.790089368820190430e+00	2.789079904556274414e+00	2.788559436798095703e+00	2.788515329360961914e+00	2.788665771484375000e+00	2.788853406906127930e+00	2.788885593414306641e+00	2.788528919219970703e+00	2.787898778915405273e+00	2.787522554397583008e+00	2.788430929183959961e+00	2.791602373123168945e+00	2.797519922256469727e+00	2.806640625000000000e+00	2.819752931594848633e+00	2.837702035903930664e+00	2.861086130142211914e+00	2.889710664749145508e+00	2.920392990112304688e+00	2.939609766006469727e+00	2.928671121597290039e+00	2.898219347000122070e+00	2.867183208465576172e+00	2.842290639877319336e+00	2.823771238327026367e+00	2.810416221618652344e+00	2.801081418991088867e+00	2.794905662536621094e+00	2.791178703308105469e+00	2.789296150207519531e+00	2.788526773452758789e+00	2.788354635238647461e+00	2.788605928421020508e+00	2.789113521575927734e+00	2.789739847183227539e+00	2.790699958801269531e+00	2.792170286178588867e+00	2.793771505355834961e+00	2.795139312744140625e+00	2.796441078186035156e+00	2.797689914703369141e+00	2.798379182815551758e+00	2.798233747482299805e+00	2.797204494476318359e+00	2.794440269470214844e+00	2.790456056594848633e+00	2.787057399749755859e+00	2.784989356994628906e+00	2.784776926040649414e+00
2.793824911117553711e+00	2.801308631896972656e+00	2.814178466796875000e+00	2.835257768630981445e+00	2.865358114242553711e+00	2.891844987869262695e+00	2.896509170532226562e+00	2.871445417404174805e+00	2.841676950454711914e+00	2.820301532745361328e+00	2.805787563323974609e+00	2.796267986297607422e+00	2.790825843811035156e+00	2.788515090942382812e+00	2.788129806518554688e+00	2.788766384124755859e+00	2.790058612823486328e+00	2.791773557662963867e+00	2.792948246002197266e+00	2.792863130569458008e+00	2.792324304580688477e+00	2.792028903961181641e+00	2.792098522186279297e+00	2.792445659637451172e+00	2.792709350585937500e+00	2.792783021926879883e+00	2.792800426483154297e+00	2.792584896087646484e+00	2.792264461517333984e+00	2.791670560836791992e+00	2.791388750076293945e+00	2.791881799697875977e+00	2.792667388916015625e+00	2.793376922607421875e+00	2.794597387313842773e+00	2.797590017318725586e+00	2.803402423858642578e+00	2.812770605087280273e+00	2.826858043670654297e+00	2.847460508346557617e+00	2.877191543579101562e+00	2.918896913528442383e+00	2.954700708389282227e+00	2.940902709960937500e+00	2.904934644699096680e+00	2.872842550277709961e+00	2.848545789718627930e+00	2.830291032791137695e+00	2.816706657409667969e+00	2.806989431381225586e+00	2.800456285476684570e+00	2.796404600143432617e+00	2.794253110885620117e+00	2.793343544006347656e+00	2.793072938919067383e+00	2.793114423751831055e+00	2.793328523635864258e+00	2.793835878372192383e+00	2.794872045516967773e+00	2.796330213546752930e+00	2.797876834869384766e+00	2.799160480499267578e+00	2.800410747528076172e+00	2.801717281341552734e+00	2.802299737930297852e+00	2.801235437393188477e+00	2.798584699630737305e+00	2.795107841491699219e+00	2.791844129562377930e+00	2.789611339569091797e+00	2.788843870162963867e+00	2.790008068084716797e+00
2.799947023391723633e+00	2.805859565734863281e+00	2.816456317901611328e+00	2.834084272384643555e+00	2.860013008117675781e+00	2.884898662567138672e+00	2.891075849533081055e+00	2.867752075195312500e+00	2.839861392974853516e+00	2.820068359375000000e+00	2.806679010391235352e+00	2.797970056533813477e+00	2.793100595474243164e+00	2.791454076766967773e+00	2.792322635650634766e+00	2.794783115386962891e+00	2.797982931137084961e+00	2.801144123077392578e+00	2.803500413894653320e+00	2.804734945297241211e+00	2.804836750030517578e+00	2.803714036941528320e+00	2.801688671112060547e+00	2.799448013305664062e+00	2.797363996505737305e+00	2.795672416687011719e+00	2.794775724411010742e+00	2.794479370117187500e+00	2.794003963470458984e+00	2.793245553970336914e+00	2.793046474456787109e+00	2.793536901473999023e+00	2.794246912002563477e+00	2.795195579528808594e+00	2.797152042388916016e+00	2.801195144653320312e+00	2.808338642120361328e+00	2.819729804992675781e+00	2.836357831954956055e+00	2.857290744781494141e+00	2.885003328323364258e+00	2.921320915222167969e+00	2.949557781219482422e+00	2.930777311325073242e+00	2.897486209869384766e+00	2.868675708770751953e+00	2.846000432968139648e+00	2.829092025756835938e+00	2.817351579666137695e+00	2.809888601303100586e+00	2.805432319641113281e+00	2.802480220794677734e+00	2.800229310989379883e+00	2.798478603363037109e+00	2.797248601913452148e+00	2.797307968139648438e+00	2.799629926681518555e+00	2.800523281097412109e+00	2.798296689987182617e+00	2.797814369201660156e+00	2.798842906951904297e+00	2.801062107086181641e+00	2.804056406021118164e+00	2.807539224624633789e+00	2.810600996017456055e+00	2.811757802963256836e+00	2.810206651687622070e+00	2.806722879409790039e+00	2.802639484405517578e+00	2.799145221710205078e+00	2.797102212905883789e+00	2.797244787216186523e+00
2.795418262481689453e+00	2.798902511596679688e+00	2.804625988006591797e+00	2.812571763992309570e+00	2.822356700897216797e+00	2.831918478012084961e+00	2.835006237030029297e+00	2.829216241836547852e+00	2.820195674896240234e+00	2.811214447021484375e+00	2.803333759307861328e+00	2.797108888626098633e+00	2.792892456054687500e+00	2.790755510330200195e+00	2.790388584136962891e+00	2.791540622711181641e+00	2.794024944305419922e+00	2.797293424606323242e+00	2.800474405288696289e+00	2.802540779113769531e+00	2.802644491195678711e+00	2.800446033477783203e+00	2.796772241592407227e+00	2.793218374252319336e+00	2.790944099426269531e+00	2.790220499038696289e+00	2.790730953216552734e+00	2.791748285293579102e+00	2.792040824890136719e+00	2.791008472442626953e+00	2.789551973342895508e+00	2.788889884948730469e+00	2.789395570755004883e+00	2.790915012359619141e+00	2.793593168258666992e+00	2.797988176345825195e+00	2.804930210113525391e+00	2.815367221832275391e+00	2.829975843429565430e+00	2.848813056945800781e+00	2.870912790298461914e+00	2.893696069717407227e+00	2.907930850982666016e+00	2.898955106735229492e+00	2.878308534622192383e+00	2.857569932937622070e+00	2.839816093444824219e+00	2.825596570968627930e+00	2.815308570861816406e+00	2.808660507202148438e+00	2.804478406906127930e+00	2.801204442977905273e+00	2.797976732254028320e+00	2.794734716415405273e+00	2.792205572128295898e+00	2.791060447692871094e+00	2.790739059448242188e+00	2.790090322494506836e+00	2.788743495941162109e+00	2.787416934967041016e+00	2.787537813186645508e+00	2.790116310119628906e+00	2.795058250427246094e+00	2.800726413726806641e+00	2.804987668991088867e+00	2.806889533996582031e+00	2.805859804153442383e+00	2.802635908126831055e+00	2.799170970916748047e+00	2.796385526657104492e+00	2.794546604156494141e+00	2.794068813323974609e+00
2.796075105667114258e+00	2.800118207931518555e+00	2.806802034378051758e+00	2.816277027130126953e+00	2.828093290328979492e+00	2.840204954147338867e+00	2.846708059310913086e+00	2.843744993209838867e+00	2.835144519805908203e+00	2.824783086776733398e+00	2.815160274505615234e+00	2.807087898254394531e+00	2.800714254379272461e+00	2.796013116836547852e+00	2.792969465255737305e+00	2.791452407836914062e+00	2.791247844696044922e+00	2.792150735855102539e+00	2.793826818466186523e+00	2.795586585998535156e+00	2.796387434005737305e+00	2.795271635055541992e+00	2.792512893676757812e+00	2.789662837982177734e+00	2.788090944290161133e+00	2.788354158401489258e+00	2.790224790573120117e+00	2.792573451995849609e+00	2.793577671051025391e+00	2.792119503021240234e+00	2.789137840270996094e+00	2.786439418792724609e+00	2.785238981246948242e+00	2.786161899566650391e+00	2.789341688156127930e+00	2.794751405715942383e+00	2.802697896957397461e+00	2.813636541366577148e+00	2.827685356140136719e+00	2.844537734985351562e+00	2.862911224365234375e+00	2.879517793655395508e+00	2.888080596923828125e+00	2.883372306823730469e+00	2.868753194808959961e+00	2.851493597030639648e+00	2.835252523422241211e+00	2.821472167968750000e+00	2.810971260070800781e+00	2.803781509399414062e+00	2.798888921737670898e+00	2.795037508010864258e+00	2.791788578033447266e+00	2.789471864700317383e+00	2.788378953933715820e+00	2.788357496261596680e+00	2.788958311080932617e+00	2.789549827575683594e+00	2.789889812469482422e+00	2.790498971939086914e+00	2.791330575942993164e+00	2.793245077133178711e+00	2.796659469604492188e+00	2.800071716308593750e+00	2.802293062210083008e+00	2.803080797195434570e+00	2.802253723144531250e+00	2.800305604934692383e+00	2.797970771789550781e+00	2.795825719833374023e+00	2.794419288635253906e+00	2.794328451156616211e+00
2.789067983627319336e+00	2.792449235916137695e+00	2.798181533813476562e+00	2.806247711181640625e+00	2.815840482711791992e+00	2.825804233551025391e+00	2.833328008651733398e+00	2.834336757659912109e+00	2.828585624694824219e+00	2.819191455841064453e+00	2.809305667877197266e+00	2.800683498382568359e+00	2.794081211090087891e+00	2.789621829986572266e+00	2.787144899368286133e+00	2.786439180374145508e+00	2.787374496459960938e+00	2.789796113967895508e+00	2.793243169784545898e+00	2.796514511108398438e+00	2.797501802444458008e+00	2.796175718307495117e+00	2.794339656829833984e+00	2.792925119400024414e+00	2.792283296585083008e+00	2.792367696762084961e+00	2.792746782302856445e+00	2.792496919631958008e+00	2.790729522705078125e+00	2.787440299987792969e+00	2.783443212509155273e+00	2.779977798461914062e+00	2.778260231018066406e+00	2.779003143310546875e+00	2.782340049743652344e+00	2.788176298141479492e+00	2.796733856201171875e+00	2.808480739593505859e+00	2.823781490325927734e+00	2.842437744140625000e+00	2.862108945846557617e+00	2.876654386520385742e+00	2.879018306732177734e+00	2.869636297225952148e+00	2.854163169860839844e+00	2.837814092636108398e+00	2.823350906372070312e+00	2.811583995819091797e+00	2.801853418350219727e+00	2.794395208358764648e+00	2.789412021636962891e+00	2.786253929138183594e+00	2.784246921539306641e+00	2.783006906509399414e+00	2.782586097717285156e+00	2.783266067504882812e+00	2.784904479980468750e+00	2.786902904510498047e+00	2.788652420043945312e+00	2.790018558502197266e+00	2.791206836700439453e+00	2.792383670806884766e+00	2.793363094329833984e+00	2.793984413146972656e+00	2.794326066970825195e+00	2.794541120529174805e+00	2.794484615325927734e+00	2.793686866760253906e+00	2.791963338851928711e+00	2.789888620376586914e+00	2.788288831710815430e+00	2.787809133529663086e+00
2.799587249755859375e+00	2.801985502243041992e+00	2.806137800216674805e+00	2.812274932861328125e+00	2.820697784423828125e+00	2.831267833709716797e+00	2.841199398040771484e+00	2.845106363296508789e+00	2.837560415267944336e+00	2.824334859848022461e+00	2.812701463699340820e+00	2.803590536117553711e+00	2.796939134597778320e+00	2.792438030242919922e+00	2.789677619934082031e+00	2.788386583328247070e+00	2.788448572158813477e+00	2.789629220962524414e+00	2.791525602340698242e+00	2.793587684631347656e+00	2.795182228088378906e+00	2.795561552047729492e+00	2.794630527496337891e+00	2.793644189834594727e+00	2.793322324752807617e+00	2.793455600738525391e+00	2.793685674667358398e+00	2.793474674224853516e+00	2.792038679122924805e+00	2.789013862609863281e+00	2.785228013992309570e+00	2.782185077667236328e+00	2.781137466430664062e+00	2.782814502716064453e+00	2.787366151809692383e+00	2.794654130935668945e+00	2.804792881011962891e+00	2.818511009216308594e+00	2.836985826492309570e+00	2.861251115798950195e+00	2.891201734542846680e+00	2.921041965484619141e+00	2.936056137084960938e+00	2.919960260391235352e+00	2.886456012725830078e+00	2.855834484100341797e+00	2.832610130310058594e+00	2.816076517105102539e+00	2.804846048355102539e+00	2.797509431838989258e+00	2.792781591415405273e+00	2.789492130279541016e+00	2.787153005599975586e+00	2.786058425903320312e+00	2.786456108093261719e+00	2.788013219833374023e+00	2.790013074874877930e+00	2.791883230209350586e+00	2.793397665023803711e+00	2.794702053070068359e+00	2.796080112457275391e+00	2.797760963439941406e+00	2.799741744995117188e+00	2.801509857177734375e+00	2.802817344665527344e+00	2.803727626800537109e+00	2.803995132446289062e+00	2.803433179855346680e+00	2.802285432815551758e+00	2.800866127014160156e+00	2.799471855163574219e+00	2.798826456069946289e+00
2.800475358963012695e+00	2.806263446807861328e+00	2.815818548202514648e+00	2.830598354339599609e+00	2.851917982101440430e+00	2.877324342727661133e+00	2.890840768814086914e+00	2.882515668869018555e+00	2.861579418182373047e+00	2.839537382125854492e+00	2.822465658187866211e+00	2.809733152389526367e+00	2.800892114639282227e+00	2.795579433441162109e+00	2.792936801910400391e+00	2.792229175567626953e+00	2.793036699295043945e+00	2.794728279113769531e+00	2.796510934829711914e+00	2.797765254974365234e+00	2.798191547393798828e+00	2.797607183456420898e+00	2.796319007873535156e+00	2.795101881027221680e+00	2.794595718383789062e+00	2.795002222061157227e+00	2.795988321304321289e+00	2.796685695648193359e+00	2.796143054962158203e+00	2.794125318527221680e+00	2.791281938552856445e+00	2.788706064224243164e+00	2.787571907043457031e+00	2.788788557052612305e+00	2.792779207229614258e+00	2.799588203430175781e+00	2.809465169906616211e+00	2.823649168014526367e+00	2.844351768493652344e+00	2.873615503311157227e+00	2.911197662353515625e+00	2.951041936874389648e+00	2.974950790405273438e+00	2.953516721725463867e+00	2.910045623779296875e+00	2.870769262313842773e+00	2.841505527496337891e+00	2.821179628372192383e+00	2.808097839355468750e+00	2.800410747528076172e+00	2.796088695526123047e+00	2.793597698211669922e+00	2.792364358901977539e+00	2.792368412017822266e+00	2.793373346328735352e+00	2.794768333435058594e+00	2.796156167984008789e+00	2.797359704971313477e+00	2.798265695571899414e+00	2.798961162567138672e+00	2.799721717834472656e+00	2.800691604614257812e+00	2.801892757415771484e+00	2.803410053253173828e+00	2.804769039154052734e+00	2.805278301239013672e+00	2.804613590240478516e+00	2.802960157394409180e+00	2.800840377807617188e+00	2.798803091049194336e+00	2.797441720962524414e+00	2.797696352005004883e+00
2.804185390472412109e+00	2.813254356384277344e+00	2.830049991607666016e+00	2.857804536819458008e+00	2.898169755935668945e+00	2.933057308197021484e+00	2.927838563919067383e+00	2.895850896835327148e+00	2.862444639205932617e+00	2.836738109588623047e+00	2.818991899490356445e+00	2.807644844055175781e+00	2.800816535949707031e+00	2.797352313995361328e+00	2.796358346939086914e+00	2.796881675720214844e+00	2.798249721527099609e+00	2.799757719039916992e+00	2.800757646560668945e+00	2.801013946533203125e+00	2.800682544708251953e+00	2.800279855728149414e+00	2.800101757049560547e+00	2.799917459487915039e+00	2.799398899078369141e+00	2.798546075820922852e+00	2.797399520874023438e+00	2.796237707138061523e+00	2.795415401458740234e+00	2.794775485992431641e+00	2.793916225433349609e+00	2.792805433273315430e+00	2.791723728179931641e+00	2.791236639022827148e+00	2.791819810867309570e+00	2.794270753860473633e+00	2.799993038177490234e+00	2.810120820999145508e+00	2.826504945755004883e+00	2.852386236190795898e+00	2.891015768051147461e+00	2.941676616668701172e+00	2.977065086364746094e+00	2.955083370208740234e+00	2.909536838531494141e+00	2.868774652481079102e+00	2.838837385177612305e+00	2.818792581558227539e+00	2.806615591049194336e+00	2.800359010696411133e+00	2.797348260879516602e+00	2.795439243316650391e+00	2.794032335281372070e+00	2.793555259704589844e+00	2.794119596481323242e+00	2.795576810836791992e+00	2.797716379165649414e+00	2.800020933151245117e+00	2.801616907119750977e+00	2.802173614501953125e+00	2.802228450775146484e+00	2.802591323852539062e+00	2.803649902343750000e+00	2.805417776107788086e+00	2.807553529739379883e+00	2.809262037277221680e+00	2.809477329254150391e+00	2.807759046554565430e+00	2.805277585983276367e+00	2.803034305572509766e+00	2.801030635833740234e+00	2.800749540328979492e+00
2.801988124847412109e+00	2.814029932022094727e+00	2.833133220672607422e+00	2.861698150634765625e+00	2.900618314743041992e+00	2.933033943176269531e+00	2.925485610961914062e+00	2.892264842987060547e+00	2.859130859375000000e+00	2.834215164184570312e+00	2.817147970199584961e+00	2.806070804595947266e+00	2.799309730529785156e+00	2.795489788055419922e+00	2.793654441833496094e+00	2.793137311935424805e+00	2.793430089950561523e+00	2.793912172317504883e+00	2.793911695480346680e+00	2.793180227279663086e+00	2.792231321334838867e+00	2.791732072830200195e+00	2.792151689529418945e+00	2.794069766998291016e+00	2.797302007675170898e+00	2.798767566680908203e+00	2.798374176025390625e+00	2.797695159912109375e+00	2.797793149948120117e+00	2.798717260360717773e+00	2.799241304397583008e+00	2.798709154129028320e+00	2.797372579574584961e+00	2.795133829116821289e+00	2.792133808135986328e+00	2.789553403854370117e+00	2.789804458618164062e+00	2.795315742492675781e+00	2.807881355285644531e+00	2.829456806182861328e+00	2.861739635467529297e+00	2.901774883270263672e+00	2.928220987319946289e+00	2.915940761566162109e+00	2.883380651473999023e+00	2.851905345916748047e+00	2.827763080596923828e+00	2.811228752136230469e+00	2.801123619079589844e+00	2.795540332794189453e+00	2.793148756027221680e+00	2.793520212173461914e+00	2.795578956604003906e+00	2.797577857971191406e+00	2.798219442367553711e+00	2.797998428344726562e+00	2.797699689865112305e+00	2.797518491744995117e+00	2.797305583953857422e+00	2.797054290771484375e+00	2.797094583511352539e+00	2.797907829284667969e+00	2.799776554107666016e+00	2.802411317825317383e+00	2.804927825927734375e+00	2.806283950805664062e+00	2.805770158767700195e+00	2.803215503692626953e+00	2.799074172973632812e+00	2.795111656188964844e+00	2.793439149856567383e+00	2.795428276062011719e+00
2.814711570739746094e+00	2.825452089309692383e+00	2.837446212768554688e+00	2.852575778961181641e+00	2.872527122497558594e+00	2.889070272445678711e+00	2.887958288192749023e+00	2.867609977722167969e+00	2.844568252563476562e+00	2.827191352844238281e+00	2.815200805664062500e+00	2.806900024414062500e+00	2.800936937332153320e+00	2.796632289886474609e+00	2.793612957000732422e+00	2.791603088378906250e+00	2.790657043457031250e+00	2.790843486785888672e+00	2.792086124420166016e+00	2.793999910354614258e+00	2.796115398406982422e+00	2.797578096389770508e+00	2.797403097152709961e+00	2.796207666397094727e+00	2.795209884643554688e+00	2.794871330261230469e+00	2.795353889465332031e+00	2.796642541885375977e+00	2.798361063003540039e+00	2.800038337707519531e+00	2.801259517669677734e+00	2.801905632019042969e+00	2.802131891250610352e+00	2.801857471466064453e+00	2.800658464431762695e+00	2.798625230789184570e+00	2.796947717666625977e+00	2.797842502593994141e+00	2.803784847259521484e+00	2.817055940628051758e+00	2.839723110198974609e+00	2.870112419128417969e+00	2.890827655792236328e+00	2.879369497299194336e+00	2.853116750717163086e+00	2.831548690795898438e+00	2.818194389343261719e+00	2.810462713241577148e+00	2.805562019348144531e+00	2.802528142929077148e+00	2.800368785858154297e+00	2.797986745834350586e+00	2.795770883560180664e+00	2.794715166091918945e+00	2.794977903366088867e+00	2.796208620071411133e+00	2.797607183456420898e+00	2.798091650009155273e+00	2.797854423522949219e+00	2.798177957534790039e+00	2.799721479415893555e+00	2.802180767059326172e+00	2.804940700531005859e+00	2.807161569595336914e+00	2.807713031768798828e+00	2.805940389633178711e+00	2.802561044692993164e+00	2.799234151840209961e+00	2.797248840332031250e+00	2.797302961349487305e+00	2.800192356109619141e+00	2.806058883666992188e+00
2.809993743896484375e+00	2.811916589736938477e+00	2.811763048171997070e+00	2.810585021972656250e+00	2.809360265731811523e+00	2.808454990386962891e+00	2.807813405990600586e+00	2.807471036911010742e+00	2.808084011077880859e+00	2.810770750045776367e+00	2.809770584106445312e+00	2.802929401397705078e+00	2.796841144561767578e+00	2.791544914245605469e+00	2.787412643432617188e+00	2.784790992736816406e+00	2.783650875091552734e+00	2.783869981765747070e+00	2.785503625869750977e+00	2.788613080978393555e+00	2.792633533477783203e+00	2.796106338500976562e+00	2.798001527786254883e+00	2.798641681671142578e+00	2.797781705856323242e+00	2.795258522033691406e+00	2.793283224105834961e+00	2.793334007263183594e+00	2.793764352798461914e+00	2.792298078536987305e+00	2.790127992630004883e+00	2.790005683898925781e+00	2.792776823043823242e+00	2.797472476959228516e+00	2.802211284637451172e+00	2.805102825164794922e+00	2.806008100509643555e+00	2.807528972625732422e+00	2.814193725585937500e+00	2.817757368087768555e+00	2.824655532836914062e+00	2.840470790863037109e+00	2.851939678192138672e+00	2.844616889953613281e+00	2.826799392700195312e+00	2.812760353088378906e+00	2.805742263793945312e+00	2.804072618484497070e+00	2.804654836654663086e+00	2.804445743560791016e+00	2.802061796188354492e+00	2.797753810882568359e+00	2.793126821517944336e+00	2.790065288543701172e+00	2.789467334747314453e+00	2.790731430053710938e+00	2.791882753372192383e+00	2.791519641876220703e+00	2.790738105773925781e+00	2.791452169418334961e+00	2.794051647186279297e+00	2.797477245330810547e+00	2.800507783889770508e+00	2.802077531814575195e+00	2.801532268524169922e+00	2.799439430236816406e+00	2.797156095504760742e+00	2.795867919921875000e+00	2.796121120452880859e+00	2.798053264617919922e+00	2.801573276519775391e+00	2.806040763854980469e+00
2.788444757461547852e+00	2.789185047149658203e+00	2.790068626403808594e+00	2.790790081024169922e+00	2.791621685028076172e+00	2.792727708816528320e+00	2.793962001800537109e+00	2.795051574707031250e+00	2.795687913894653320e+00	2.795434236526489258e+00	2.793804407119750977e+00	2.790660858154296875e+00	2.786652565002441406e+00	2.782845973968505859e+00	2.780048608779907227e+00	2.778567790985107422e+00	2.778256893157958984e+00	2.778882741928100586e+00	2.780643701553344727e+00	2.783818244934082031e+00	2.787885665893554688e+00	2.791368007659912109e+00	2.793508291244506836e+00	2.795705080032348633e+00	2.799323558807373047e+00	2.803864717483520508e+00	2.807996273040771484e+00	2.810724973678588867e+00	2.810685396194458008e+00	2.806378364562988281e+00	2.799087047576904297e+00	2.791898727416992188e+00	2.786922216415405273e+00	2.784784317016601562e+00	2.784824609756469727e+00	2.785588741302490234e+00	2.786344766616821289e+00	2.787812471389770508e+00	2.791034221649169922e+00	2.796951770782470703e+00	2.806658983230590820e+00	2.819472074508666992e+00	2.827318429946899414e+00	2.819822788238525391e+00	2.804328918457031250e+00	2.792067289352416992e+00	2.785242080688476562e+00	2.782783508300781250e+00	2.783182859420776367e+00	2.784565687179565430e+00	2.784859418869018555e+00	2.783390760421752930e+00	2.781613826751708984e+00	2.781469821929931641e+00	2.783727169036865234e+00	2.787469148635864258e+00	2.790465593338012695e+00	2.791060686111450195e+00	2.789881944656372070e+00	2.788475036621093750e+00	2.787677049636840820e+00	2.788040161132812500e+00	2.789854526519775391e+00	2.792383670806884766e+00	2.794629812240600586e+00	2.796478271484375000e+00	2.798131942749023438e+00	2.798853158950805664e+00	2.797341823577880859e+00	2.794091463088989258e+00	2.790821075439453125e+00	2.788800954818725586e+00
2.763732194900512695e+00	2.763596057891845703e+00	2.763582468032836914e+00	2.763451337814331055e+00	2.763407468795776367e+00	2.763289928436279297e+00	2.762914180755615234e+00	2.762440919876098633e+00	2.762033462524414062e+00	2.761631011962890625e+00	2.761153459548950195e+00	2.760598182678222656e+00	2.760069847106933594e+00	2.759783267974853516e+00	2.759791612625122070e+00	2.759930372238159180e+00	2.760082006454467773e+00	2.760333538055419922e+00	2.760965824127197266e+00	2.762200117111206055e+00	2.763916254043579102e+00	2.765452861785888672e+00	2.766203641891479492e+00	2.766696929931640625e+00	2.768075704574584961e+00	2.770831108093261719e+00	2.774137735366821289e+00	2.776892423629760742e+00	2.778394222259521484e+00	2.777493953704833984e+00	2.774438142776489258e+00	2.770730495452880859e+00	2.767535924911499023e+00	2.765295267105102539e+00	2.763949394226074219e+00	2.762950658798217773e+00	2.761760234832763672e+00	2.760644912719726562e+00	2.760403156280517578e+00	2.761621475219726562e+00	2.764581441879272461e+00	2.769382953643798828e+00	2.774044275283813477e+00	2.773503065109252930e+00	2.768906354904174805e+00	2.764879941940307617e+00	2.762726783752441406e+00	2.762580633163452148e+00	2.764301776885986328e+00	2.766768217086791992e+00	2.767708778381347656e+00	2.766478776931762695e+00	2.764761924743652344e+00	2.763943195343017578e+00	2.764319896697998047e+00	2.765179634094238281e+00	2.765171051025390625e+00	2.764055728912353516e+00	2.762593030929565430e+00	2.761318445205688477e+00	2.760705947875976562e+00	2.760990142822265625e+00	2.761946678161621094e+00	2.763417720794677734e+00	2.766007900238037109e+00	2.769840240478515625e+00	2.773293972015380859e+00	2.777184963226318359e+00	2.776593923568725586e+00	2.773663997650146484e+00	2.768866539001464844e+00	2.765125751495361328e+00
2.750830173492431641e+00	2.749961614608764648e+00	2.750046730041503906e+00	2.750852823257446289e+00	2.751965284347534180e+00	2.752703189849853516e+00	2.752564668655395508e+00	2.751851081848144531e+00	2.751146316528320312e+00	2.750601768493652344e+00	2.750129222869873047e+00	2.749754667282104492e+00	2.749603271484375000e+00	2.749750137329101562e+00	2.750219106674194336e+00	2.750914812088012695e+00	2.751540184020996094e+00	2.752041339874267578e+00	2.752516508102416992e+00	2.752776622772216797e+00	2.752678394317626953e+00	2.752577781677246094e+00	2.752925157546997070e+00	2.753858327865600586e+00	2.755438804626464844e+00	2.757374763488769531e+00	2.758686304092407227e+00	2.758822917938232422e+00	2.758496999740600586e+00	2.758344411849975586e+00	2.757878303527832031e+00	2.756504058837890625e+00	2.754394769668579102e+00	2.752241849899291992e+00	2.750881910324096680e+00	2.750660419464111328e+00	2.751455783843994141e+00	2.752739429473876953e+00	2.753728151321411133e+00	2.753817796707153320e+00	2.753036260604858398e+00	2.751965999603271484e+00	2.751242399215698242e+00	2.751189231872558594e+00	2.751774072647094727e+00	2.752701282501220703e+00	2.753459930419921875e+00	2.753957033157348633e+00	2.754647493362426758e+00	2.755633354187011719e+00	2.756942749023437500e+00	2.758137226104736328e+00	2.757812023162841797e+00	2.756624460220336914e+00	2.755544900894165039e+00	2.754862070083618164e+00	2.754786014556884766e+00	2.755027770996093750e+00	2.755050659179687500e+00	2.754685640335083008e+00	2.754090070724487305e+00	2.753085136413574219e+00	2.751761913299560547e+00	2.751213312149047852e+00	2.752129316329956055e+00	2.754221439361572266e+00	2.756183385848999023e+00	2.757241487503051758e+00	2.757642030715942383e+00	2.757222652435302734e+00	2.755204200744628906e+00	2.752700328826904297e+00
2.752976417541503906e+00	2.752494573593139648e+00	2.752250432968139648e+00	2.752189397811889648e+00	2.752290010452270508e+00	2.752236366271972656e+00	2.751653671264648438e+00	2.750806570053100586e+00	2.750242233276367188e+00	2.750092983245849609e+00	2.750186204910278320e+00	2.750553369522094727e+00	2.751386642456054688e+00	2.752755165100097656e+00	2.754552841186523438e+00	2.756381034851074219e+00	2.757715225219726562e+00	2.758345365524291992e+00	2.758162736892700195e+00	2.757200956344604492e+00	2.755717515945434570e+00	2.754004478454589844e+00	2.752401113510131836e+00	2.751225471496582031e+00	2.750486850738525391e+00	2.750121116638183594e+00	2.750154972076416016e+00	2.750513553619384766e+00	2.751053094863891602e+00	2.751482725143432617e+00	2.751880407333374023e+00	2.752662181854248047e+00	2.753558874130249023e+00	2.753997802734375000e+00	2.754152536392211914e+00	2.754458665847778320e+00	2.754959583282470703e+00	2.755381107330322266e+00	2.755382299423217773e+00	2.754778385162353516e+00	2.753861427307128906e+00	2.753098011016845703e+00	2.752692937850952148e+00	2.752537727355957031e+00	2.752478122711181641e+00	2.752433300018310547e+00	2.752432584762573242e+00	2.752736091613769531e+00	2.753652334213256836e+00	2.755152940750122070e+00	2.756778955459594727e+00	2.758014202117919922e+00	2.758764982223510742e+00	2.759200572967529297e+00	2.759268522262573242e+00	2.758769512176513672e+00	2.757709264755249023e+00	2.756247043609619141e+00	2.754550695419311523e+00	2.752878189086914062e+00	2.751556158065795898e+00	2.750788211822509766e+00	2.750510931015014648e+00	2.750589370727539062e+00	2.751093387603759766e+00	2.752087354660034180e+00	2.753305435180664062e+00	2.754195928573608398e+00	2.754606723785400391e+00	2.754745244979858398e+00	2.754481077194213867e+00	2.753731966018676758e+00
2.761807918548583984e+00	2.761468172073364258e+00	2.761657714843750000e+00	2.762280702590942383e+00	2.762945890426635742e+00	2.762910366058349609e+00	2.761950492858886719e+00	2.760675191879272461e+00	2.759827852249145508e+00	2.759717226028442383e+00	2.759807109832763672e+00	2.759995698928833008e+00	2.761081457138061523e+00	2.763052225112915039e+00	2.765467643737792969e+00	2.767898082733154297e+00	2.769913434982299805e+00	2.770937442779541016e+00	2.770584821701049805e+00	2.769012451171875000e+00	2.766614913940429688e+00	2.763673305511474609e+00	2.760149240493774414e+00	2.756488561630249023e+00	2.753892421722412109e+00	2.752902269363403320e+00	2.753520011901855469e+00	2.755443334579467773e+00	2.758035898208618164e+00	2.760547399520874023e+00	2.762406587600708008e+00	2.763285875320434570e+00	2.763278722763061523e+00	2.762771844863891602e+00	2.762137651443481445e+00	2.761711835861206055e+00	2.761808395385742188e+00	2.762578248977661133e+00	2.763770103454589844e+00	2.764603614807128906e+00	2.764563322067260742e+00	2.763962984085083008e+00	2.762917995452880859e+00	2.761618614196777344e+00	2.760485887527465820e+00	2.759705066680908203e+00	2.759499788284301758e+00	2.760286569595336914e+00	2.762142419815063477e+00	2.764753818511962891e+00	2.767197608947753906e+00	2.768449783325195312e+00	2.768972873687744141e+00	2.769521713256835938e+00	2.770090341567993164e+00	2.770178318023681641e+00	2.769334316253662109e+00	2.767551898956298828e+00	2.765348196029663086e+00	2.763470888137817383e+00	2.762483358383178711e+00	2.762542486190795898e+00	2.763383150100708008e+00	2.764417409896850586e+00	2.765110492706298828e+00	2.765529632568359375e+00	2.766065359115600586e+00	2.766507148742675781e+00	2.766292333602905273e+00	2.765487670898437500e+00	2.764226198196411133e+00	2.762802600860595703e+00
2.773438453674316406e+00	2.771720886230468750e+00	2.771805524826049805e+00	2.773160457611083984e+00	2.775657415390014648e+00	2.777476549148559570e+00	2.776188135147094727e+00	2.775503158569335938e+00	2.775453567504882812e+00	2.775624036788940430e+00	2.775934219360351562e+00	2.775888919830322266e+00	2.775952339172363281e+00	2.776338100433349609e+00	2.774882078170776367e+00	2.772846221923828125e+00	2.771629095077514648e+00	2.771683931350708008e+00	2.772750854492187500e+00	2.774036169052124023e+00	2.774762153625488281e+00	2.774301767349243164e+00	2.772215366363525391e+00	2.769570112228393555e+00	2.768141031265258789e+00	2.767981052398681641e+00	2.768715381622314453e+00	2.769828319549560547e+00	2.770599365234375000e+00	2.770930528640747070e+00	2.770733118057250977e+00	2.769779920578002930e+00	2.768698692321777344e+00	2.768470525741577148e+00	2.769434690475463867e+00	2.771310091018676758e+00	2.773339986801147461e+00	2.774652242660522461e+00	2.774896621704101562e+00	2.773975610733032227e+00	2.772104024887084961e+00	2.769942283630371094e+00	2.768229246139526367e+00	2.767572879791259766e+00	2.768160343170166016e+00	2.769750118255615234e+00	2.771752357482910156e+00	2.773546457290649414e+00	2.775056123733520508e+00	2.776539564132690430e+00	2.778179645538330078e+00	2.779434919357299805e+00	2.778801441192626953e+00	2.777661323547363281e+00	2.777051687240600586e+00	2.776699066162109375e+00	2.776171922683715820e+00	2.775585651397705078e+00	2.775241374969482422e+00	2.775178194046020508e+00	2.775035381317138672e+00	2.774920463562011719e+00	2.775854110717773438e+00	2.777345418930053711e+00	2.777581453323364258e+00	2.776851415634155273e+00	2.776292324066162109e+00	2.776242256164550781e+00	2.776808023452758789e+00	2.778049468994140625e+00	2.779159069061279297e+00	2.777296066284179688e+00
2.773750782012939453e+00	2.772039651870727539e+00	2.772018909454345703e+00	2.773094892501831055e+00	2.774718284606933594e+00	2.776343822479248047e+00	2.777089595794677734e+00	2.777012109756469727e+00	2.776802062988281250e+00	2.776609182357788086e+00	2.777054786682128906e+00	2.778297901153564453e+00	2.779842853546142578e+00	2.780349493026733398e+00	2.778456449508666992e+00	2.776046037673950195e+00	2.774503946304321289e+00	2.774345636367797852e+00	2.775198698043823242e+00	2.776179552078247070e+00	2.776605844497680664e+00	2.776114940643310547e+00	2.774583816528320312e+00	2.772420406341552734e+00	2.770934343338012695e+00	2.770863771438598633e+00	2.771978378295898438e+00	2.773583889007568359e+00	2.774708032608032227e+00	2.774710178375244141e+00	2.773459434509277344e+00	2.771583080291748047e+00	2.770247936248779297e+00	2.769955158233642578e+00	2.770719528198242188e+00	2.772421121597290039e+00	2.774580955505371094e+00	2.776477813720703125e+00	2.777692794799804688e+00	2.778857946395874023e+00	2.779611110687255859e+00	2.776101589202880859e+00	2.772716045379638672e+00	2.770824670791625977e+00	2.770328998565673828e+00	2.771079063415527344e+00	2.772735357284545898e+00	2.774550914764404297e+00	2.776276350021362305e+00	2.778300762176513672e+00	2.780179500579833984e+00	2.780565500259399414e+00	2.779590845108032227e+00	2.778801202774047852e+00	2.778996944427490234e+00	2.779515027999877930e+00	2.779778718948364258e+00	2.779971599578857422e+00	2.779165983200073242e+00	2.777916669845581055e+00	2.777163505554199219e+00	2.777397394180297852e+00	2.778013944625854492e+00	2.778040885925292969e+00	2.777745485305786133e+00	2.777544260025024414e+00	2.777746200561523438e+00	2.778383731842041016e+00	2.779375553131103516e+00	2.780331134796142578e+00	2.780072927474975586e+00	2.777142524719238281e+00
2.765964984893798828e+00	2.764389514923095703e+00	2.763946294784545898e+00	2.764573335647583008e+00	2.766166210174560547e+00	2.768158912658691406e+00	2.769956588745117188e+00	2.771501779556274414e+00	2.772300004959106445e+00	2.772996187210083008e+00	2.774150609970092773e+00	2.775019407272338867e+00	2.775060176849365234e+00	2.774160146713256836e+00	2.772834777832031250e+00	2.771812200546264648e+00	2.771480560302734375e+00	2.770932912826538086e+00	2.769469499588012695e+00	2.768522024154663086e+00	2.768206119537353516e+00	2.768311977386474609e+00	2.768578767776489258e+00	2.768926620483398438e+00	2.769598722457885742e+00	2.770984411239624023e+00	2.772627830505371094e+00	2.772722005844116211e+00	2.771291732788085938e+00	2.769490003585815430e+00	2.767913341522216797e+00	2.767185211181640625e+00	2.767658233642578125e+00	2.768481731414794922e+00	2.768838167190551758e+00	2.769504070281982422e+00	2.770706892013549805e+00	2.771879434585571289e+00	2.772499084472656250e+00	2.772076129913330078e+00	2.770478725433349609e+00	2.768244266510009766e+00	2.766229152679443359e+00	2.765287399291992188e+00	2.765750408172607422e+00	2.767280340194702148e+00	2.768841981887817383e+00	2.769967555999755859e+00	2.771125078201293945e+00	2.771735429763793945e+00	2.771245718002319336e+00	2.770664691925048828e+00	2.770858764648437500e+00	2.771965265274047852e+00	2.773505449295043945e+00	2.774679899215698242e+00	2.775438785552978516e+00	2.775571346282958984e+00	2.774796009063720703e+00	2.773812055587768555e+00	2.773405551910400391e+00	2.773886680603027344e+00	2.774916648864746094e+00	2.775517225265502930e+00	2.775005578994750977e+00	2.774068355560302734e+00	2.773580312728881836e+00	2.773596286773681641e+00	2.773715972900390625e+00	2.773152112960815430e+00	2.771253824234008789e+00	2.768495798110961914e+00
2.763390064239501953e+00	2.763066768646240234e+00	2.763468027114868164e+00	2.763561725616455078e+00	2.763255119323730469e+00	2.763287305831909180e+00	2.763787984848022461e+00	2.764627695083618164e+00	2.765661239624023438e+00	2.766683578491210938e+00	2.767563104629516602e+00	2.768488883972167969e+00	2.769735813140869141e+00	2.771052837371826172e+00	2.771953821182250977e+00	2.772384405136108398e+00	2.772608280181884766e+00	2.772633075714111328e+00	2.771902322769165039e+00	2.770843505859375000e+00	2.769952058792114258e+00	2.769670248031616211e+00	2.770641088485717773e+00	2.771621942520141602e+00	2.771082401275634766e+00	2.770596027374267578e+00	2.770569562911987305e+00	2.771022796630859375e+00	2.770625829696655273e+00	2.768481731414794922e+00	2.767756700515747070e+00	2.768829822540283203e+00	2.770682811737060547e+00	2.771685123443603516e+00	2.771085262298583984e+00	2.769927263259887695e+00	2.769172430038452148e+00	2.768739461898803711e+00	2.768345594406127930e+00	2.767628908157348633e+00	2.766243457794189453e+00	2.764351606369018555e+00	2.762584924697875977e+00	2.761698722839355469e+00	2.762244939804077148e+00	2.764043807983398438e+00	2.766019582748413086e+00	2.768026590347290039e+00	2.770408630371093750e+00	2.771833658218383789e+00	2.771749019622802734e+00	2.771736383438110352e+00	2.772593259811401367e+00	2.773862838745117188e+00	2.774618387222290039e+00	2.774953842163085938e+00	2.774939537048339844e+00	2.774722099304199219e+00	2.774592638015747070e+00	2.774446249008178711e+00	2.774134159088134766e+00	2.774248838424682617e+00	2.774887561798095703e+00	2.775262117385864258e+00	2.774735689163208008e+00	2.773552417755126953e+00	2.772455692291259766e+00	2.771864652633666992e+00	2.771340370178222656e+00	2.769955158233642578e+00	2.767486095428466797e+00	2.764952898025512695e+00
2.760987043380737305e+00	2.760596752166748047e+00	2.760911703109741211e+00	2.761870384216308594e+00	2.763094663619995117e+00	2.764366149902343750e+00	2.765351057052612305e+00	2.765625238418579102e+00	2.766058444976806641e+00	2.767101287841796875e+00	2.768437147140502930e+00	2.769548892974853516e+00	2.770195960998535156e+00	2.770169019699096680e+00	2.769325733184814453e+00	2.768803596496582031e+00	2.769336700439453125e+00	2.770684242248535156e+00	2.772243022918701172e+00	2.773375272750854492e+00	2.773672580718994141e+00	2.772919416427612305e+00	2.771299362182617188e+00	2.769586324691772461e+00	2.768296241760253906e+00	2.767539024353027344e+00	2.767267465591430664e+00	2.767156124114990234e+00	2.767031669616699219e+00	2.766836881637573242e+00	2.766527414321899414e+00	2.766296863555908203e+00	2.766292333602905273e+00	2.766624212265014648e+00	2.767524242401123047e+00	2.769026041030883789e+00	2.770906209945678711e+00	2.772424697875976562e+00	2.772661924362182617e+00	2.770937442779541016e+00	2.767915487289428711e+00	2.765049457550048828e+00	2.763112068176269531e+00	2.762523651123046875e+00	2.763322830200195312e+00	2.765113353729248047e+00	2.767411470413208008e+00	2.769535541534423828e+00	2.770784139633178711e+00	2.771063089370727539e+00	2.770591974258422852e+00	2.770000457763671875e+00	2.769708395004272461e+00	2.769468307495117188e+00	2.769788742065429688e+00	2.770760774612426758e+00	2.771779298782348633e+00	2.773068189620971680e+00	2.774704217910766602e+00	2.776253461837768555e+00	2.777111530303955078e+00	2.777182579040527344e+00	2.776437282562255859e+00	2.774851083755493164e+00	2.772872924804687500e+00	2.771083831787109375e+00	2.769680976867675781e+00	2.768598318099975586e+00	2.767459392547607422e+00	2.766006708145141602e+00	2.763970375061035156e+00	2.762119054794311523e+00
2.763365745544433594e+00	2.764645576477050781e+00	2.766396284103393555e+00	2.767977952957153320e+00	2.768705129623413086e+00	2.768241405487060547e+00	2.766963481903076172e+00	2.765643358230590820e+00	2.764921188354492188e+00	2.764993190765380859e+00	2.765797138214111328e+00	2.766976118087768555e+00	2.768010854721069336e+00	2.768450736999511719e+00	2.768380165100097656e+00	2.768586397171020508e+00	2.769785404205322266e+00	2.772249221801757812e+00	2.775583982467651367e+00	2.778588056564331055e+00	2.779847383499145508e+00	2.778848648071289062e+00	2.776247978210449219e+00	2.773124694824218750e+00	2.770787000656127930e+00	2.769752025604248047e+00	2.769293785095214844e+00	2.768763542175292969e+00	2.768128633499145508e+00	2.767211675643920898e+00	2.766220569610595703e+00	2.765374898910522461e+00	2.765144586563110352e+00	2.765898466110229492e+00	2.767468929290771484e+00	2.769206285476684570e+00	2.770626068115234375e+00	2.771645069122314453e+00	2.772049665451049805e+00	2.771131038665771484e+00	2.769219636917114258e+00	2.767586946487426758e+00	2.766986846923828125e+00	2.767558336257934570e+00	2.768730878829956055e+00	2.770330667495727539e+00	2.772732257843017578e+00	2.775973320007324219e+00	2.777557849884033203e+00	2.776035070419311523e+00	2.774985551834106445e+00	2.774773597717285156e+00	2.774409770965576172e+00	2.773540496826171875e+00	2.772327184677124023e+00	2.771364688873291016e+00	2.771379470825195312e+00	2.772206783294677734e+00	2.773005247116088867e+00	2.773176908493041992e+00	2.772613048553466797e+00	2.771300315856933594e+00	2.769420385360717773e+00	2.767575740814208984e+00	2.766303539276123047e+00	2.765773534774780273e+00	2.765798568725585938e+00	2.766200304031372070e+00	2.766633749008178711e+00	2.765738010406494141e+00	2.764021158218383789e+00	2.763119459152221680e+00
2.767261981964111328e+00	2.768437862396240234e+00	2.770176649093627930e+00	2.771280050277709961e+00	2.771358489990234375e+00	2.770933389663696289e+00	2.770170450210571289e+00	2.769394397735595703e+00	2.769046306610107422e+00	2.769240856170654297e+00	2.769725799560546875e+00	2.770268201828002930e+00	2.770744085311889648e+00	2.771112918853759766e+00	2.771535158157348633e+00	2.772219657897949219e+00	2.773221969604492188e+00	2.774425506591796875e+00	2.775607109069824219e+00	2.776419401168823242e+00	2.776682615280151367e+00	2.776448965072631836e+00	2.775250673294067383e+00	2.774129390716552734e+00	2.772766113281250000e+00	2.770295143127441406e+00	2.768537282943725586e+00	2.767436504364013672e+00	2.766940832138061523e+00	2.766745328903198242e+00	2.766445398330688477e+00	2.765886545181274414e+00	2.765341520309448242e+00	2.765254497528076172e+00	2.765578508377075195e+00	2.766183853149414062e+00	2.767203569412231445e+00	2.768565416336059570e+00	2.769909381866455078e+00	2.770803689956665039e+00	2.771220445632934570e+00	2.771341562271118164e+00	2.770828962326049805e+00	2.770084381103515625e+00	2.770008563995361328e+00	2.770976066589355469e+00	2.772846937179565430e+00	2.774972438812255859e+00	2.776038885116577148e+00	2.775221824645996094e+00	2.773782730102539062e+00	2.772427797317504883e+00	2.771459341049194336e+00	2.770915985107421875e+00	2.770691156387329102e+00	2.770749568939208984e+00	2.771097660064697266e+00	2.771873712539672852e+00	2.772864103317260742e+00	2.772981166839599609e+00	2.771399497985839844e+00	2.769181489944458008e+00	2.767393827438354492e+00	2.766103029251098633e+00	2.765234231948852539e+00	2.764909982681274414e+00	2.765042543411254883e+00	2.765336751937866211e+00	2.765653848648071289e+00	2.766022205352783203e+00	2.766414880752563477e+00	2.766755104064941406e+00
2.769190549850463867e+00	2.769693851470947266e+00	2.770401954650878906e+00	2.770778179168701172e+00	2.770156145095825195e+00	2.768879890441894531e+00	2.767376661300659180e+00	2.766082286834716797e+00	2.765387773513793945e+00	2.765426874160766602e+00	2.766038179397583008e+00	2.766951084136962891e+00	2.767914533615112305e+00	2.768671751022338867e+00	2.769342184066772461e+00	2.770333528518676758e+00	2.771547794342041016e+00	2.772396087646484375e+00	2.772811412811279297e+00	2.773390531539916992e+00	2.774228811264038086e+00	2.774766683578491211e+00	2.774524688720703125e+00	2.774265527725219727e+00	2.773909807205200195e+00	2.771681547164916992e+00	2.768855810165405273e+00	2.767026901245117188e+00	2.766432762145996094e+00	2.767125129699707031e+00	2.768719434738159180e+00	2.770291805267333984e+00	2.770899295806884766e+00	2.770462751388549805e+00	2.769772291183471680e+00	2.769451856613159180e+00	2.769492626190185547e+00	2.769715785980224609e+00	2.770035743713378906e+00	2.769843339920043945e+00	2.768961668014526367e+00	2.767380714416503906e+00	2.765443086624145508e+00	2.764153480529785156e+00	2.763885021209716797e+00	2.764602184295654297e+00	2.766001462936401367e+00	2.767740488052368164e+00	2.769393682479858398e+00	2.770346164703369141e+00	2.770235300064086914e+00	2.769412040710449219e+00	2.768568754196166992e+00	2.768120050430297852e+00	2.768082618713378906e+00	2.768393039703369141e+00	2.769201755523681641e+00	2.770399808883666992e+00	2.771196365356445312e+00	2.771108865737915039e+00	2.769918203353881836e+00	2.768236398696899414e+00	2.767014503479003906e+00	2.766098260879516602e+00	2.765246391296386719e+00	2.764814138412475586e+00	2.765107870101928711e+00	2.766094446182250977e+00	2.767346620559692383e+00	2.768342256546020508e+00	2.768859863281250000e+00	2.768991231918334961e+00
2.772912263870239258e+00	2.769035339355468750e+00	2.767537117004394531e+00	2.767931461334228516e+00	2.768218040466308594e+00	2.768095016479492188e+00	2.767508745193481445e+00	2.766341924667358398e+00	2.765479564666748047e+00	2.765421390533447266e+00	2.766137838363647461e+00	2.767313480377197266e+00	2.768585920333862305e+00	2.769818782806396484e+00	2.770927906036376953e+00	2.771541118621826172e+00	2.771428346633911133e+00	2.771051406860351562e+00	2.770945072174072266e+00	2.771210193634033203e+00	2.771856784820556641e+00	2.773568868637084961e+00	2.776879549026489258e+00	2.778579950332641602e+00	2.779946327209472656e+00	2.777460575103759766e+00	2.774590015411376953e+00	2.772431373596191406e+00	2.770834922790527344e+00	2.770190715789794922e+00	2.770382404327392578e+00	2.770727396011352539e+00	2.770622253417968750e+00	2.770071268081665039e+00	2.769553661346435547e+00	2.769469976425170898e+00	2.769805669784545898e+00	2.770270586013793945e+00	2.770354509353637695e+00	2.769623756408691406e+00	2.768620252609252930e+00	2.767615795135498047e+00	2.766841411590576172e+00	2.766528606414794922e+00	2.766897439956665039e+00	2.768188714981079102e+00	2.770632743835449219e+00	2.774394989013671875e+00	2.779064416885375977e+00	2.782870769500732422e+00	2.783281087875366211e+00	2.780340194702148438e+00	2.776852369308471680e+00	2.774261474609375000e+00	2.773188591003417969e+00	2.772683143615722656e+00	2.772089719772338867e+00	2.772664546966552734e+00	2.773730278015136719e+00	2.774060010910034180e+00	2.772761106491088867e+00	2.770557165145874023e+00	2.769156455993652344e+00	2.769157886505126953e+00	2.770696640014648438e+00	2.774293899536132812e+00	2.780684947967529297e+00	2.785524845123291016e+00	2.787563562393188477e+00	2.788184642791748047e+00	2.784703969955444336e+00	2.778761625289916992e+00
2.778907537460327148e+00	2.773648500442504883e+00	2.771894693374633789e+00	2.773273944854736328e+00	2.776460170745849609e+00	2.779452800750732422e+00	2.780690193176269531e+00	2.779911994934082031e+00	2.778103590011596680e+00	2.776386260986328125e+00	2.775220155715942383e+00	2.774688243865966797e+00	2.774804592132568359e+00	2.775381326675415039e+00	2.775756359100341797e+00	2.775270700454711914e+00	2.774047136306762695e+00	2.772861003875732422e+00	2.772613525390625000e+00	2.773844003677368164e+00	2.776556015014648438e+00	2.780588388442993164e+00	2.785795927047729492e+00	2.792149782180786133e+00	2.799290657043457031e+00	2.805641412734985352e+00	2.809292316436767578e+00	2.810492992401123047e+00	2.809744596481323242e+00	2.807009696960449219e+00	2.802814006805419922e+00	2.797641515731811523e+00	2.791471004486083984e+00	2.785716772079467773e+00	2.782010793685913086e+00	2.780681848526000977e+00	2.781036138534545898e+00	2.782050132751464844e+00	2.782977819442749023e+00	2.783140182495117188e+00	2.782935142517089844e+00	2.782183170318603516e+00	2.780628681182861328e+00	2.778938531875610352e+00	2.777277231216430664e+00	2.776222229003906250e+00	2.776554346084594727e+00	2.778799533843994141e+00	2.782895803451538086e+00	2.787647485733032227e+00	2.790105104446411133e+00	2.787830352783203125e+00	2.783404588699340820e+00	2.779600858688354492e+00	2.777750015258789062e+00	2.778044462203979492e+00	2.779780149459838867e+00	2.781621932983398438e+00	2.782715559005737305e+00	2.782464265823364258e+00	2.779784679412841797e+00	2.776083946228027344e+00	2.773745059967041016e+00	2.773812770843505859e+00	2.776747226715087891e+00	2.782612323760986328e+00	2.790513992309570312e+00	2.798141479492187500e+00	2.803646564483642578e+00	2.803801536560058594e+00	2.796641826629638672e+00	2.787196397781372070e+00
2.781541109085083008e+00	2.776570320129394531e+00	2.774853706359863281e+00	2.776079177856445312e+00	2.779354333877563477e+00	2.783008337020874023e+00	2.785048484802246094e+00	2.784624338150024414e+00	2.783056497573852539e+00	2.781841278076171875e+00	2.781275272369384766e+00	2.780853271484375000e+00	2.780118227005004883e+00	2.779416084289550781e+00	2.778741836547851562e+00	2.777878999710083008e+00	2.776982784271240234e+00	2.776466846466064453e+00	2.777000427246093750e+00	2.779130697250366211e+00	2.782988309860229492e+00	2.788464069366455078e+00	2.795377969741821289e+00	2.803407907485961914e+00	2.811821460723876953e+00	2.819192409515380859e+00	2.823974132537841797e+00	2.825015783309936523e+00	2.822681188583374023e+00	2.818351984024047852e+00	2.812332153320312500e+00	2.805042028427124023e+00	2.797427177429199219e+00	2.790865898132324219e+00	2.786573410034179688e+00	2.784664392471313477e+00	2.784533739089965820e+00	2.785501480102539062e+00	2.786938190460205078e+00	2.787408351898193359e+00	2.786789655685424805e+00	2.786380052566528320e+00	2.785403728485107422e+00	2.783287048339843750e+00	2.780589342117309570e+00	2.778507471084594727e+00	2.778217792510986328e+00	2.780370235443115234e+00	2.784866809844970703e+00	2.790242910385131836e+00	2.792845249176025391e+00	2.790842771530151367e+00	2.786703348159790039e+00	2.783361673355102539e+00	2.782128095626831055e+00	2.783646106719970703e+00	2.787476539611816406e+00	2.791792869567871094e+00	2.794194221496582031e+00	2.794016122817993164e+00	2.790917158126831055e+00	2.786865949630737305e+00	2.783946752548217773e+00	2.783486843109130859e+00	2.786397695541381836e+00	2.793357372283935547e+00	2.803807497024536133e+00	2.806901931762695312e+00	2.809537887573242188e+00	2.808461904525756836e+00	2.799489736557006836e+00	2.789420604705810547e+00
2.783898353576660156e+00	2.777731657028198242e+00	2.775788784027099609e+00	2.776967763900756836e+00	2.779668092727661133e+00	2.782552242279052734e+00	2.784425735473632812e+00	2.784660816192626953e+00	2.783820867538452148e+00	2.783114433288574219e+00	2.783519506454467773e+00	2.783549785614013672e+00	2.781816959381103516e+00	2.781047344207763672e+00	2.780981779098510742e+00	2.781007766723632812e+00	2.781028747558593750e+00	2.781558036804199219e+00	2.783038377761840820e+00	2.785270214080810547e+00	2.788493871688842773e+00	2.793726682662963867e+00	2.801053285598754883e+00	2.809948205947875977e+00	2.819412469863891602e+00	2.826198577880859375e+00	2.826855897903442383e+00	2.824344396591186523e+00	2.820990324020385742e+00	2.816858053207397461e+00	2.811359167098999023e+00	2.804742574691772461e+00	2.798316001892089844e+00	2.793118238449096680e+00	2.789484500885009766e+00	2.787372827529907227e+00	2.786419630050659180e+00	2.786271333694458008e+00	2.786640882492065430e+00	2.786887407302856445e+00	2.786788463592529297e+00	2.786522626876831055e+00	2.785664081573486328e+00	2.783855915069580078e+00	2.781600713729858398e+00	2.780207872390747070e+00	2.780876636505126953e+00	2.784118413925170898e+00	2.789744377136230469e+00	2.796351432800292969e+00	2.800724029541015625e+00	2.798063278198242188e+00	2.790403842926025391e+00	2.784525394439697266e+00	2.782831668853759766e+00	2.784624338150024414e+00	2.788398504257202148e+00	2.792789220809936523e+00	2.796313285827636719e+00	2.797959327697753906e+00	2.797518014907836914e+00	2.796048164367675781e+00	2.795045852661132812e+00	2.795201301574707031e+00	2.797018289566040039e+00	2.801263809204101562e+00	2.808124780654907227e+00	2.816668748855590820e+00	2.823823690414428711e+00	2.821224212646484375e+00	2.807875633239746094e+00	2.794259786605834961e+00
2.785411596298217773e+00	2.779983997344970703e+00	2.777971029281616211e+00	2.777959823608398438e+00	2.778585195541381836e+00	2.778989315032958984e+00	2.778759241104125977e+00	2.778003931045532227e+00	2.777213335037231445e+00	2.776814222335815430e+00	2.776808261871337891e+00	2.776868820190429688e+00	2.777199268341064453e+00	2.778168916702270508e+00	2.779809474945068359e+00	2.781869888305664062e+00	2.783703088760375977e+00	2.784695386886596680e+00	2.785080909729003906e+00	2.784996271133422852e+00	2.784993886947631836e+00	2.786065101623535156e+00	2.788290023803710938e+00	2.791045665740966797e+00	2.793658494949340820e+00	2.795372724533081055e+00	2.795554637908935547e+00	2.794495344161987305e+00	2.792533397674560547e+00	2.789984941482543945e+00	2.787519454956054688e+00	2.785912275314331055e+00	2.785325288772583008e+00	2.785280942916870117e+00	2.784506559371948242e+00	2.782896041870117188e+00	2.781440973281860352e+00	2.780218362808227539e+00	2.779235601425170898e+00	2.778843879699707031e+00	2.778899669647216797e+00	2.778584718704223633e+00	2.777462005615234375e+00	2.776156425476074219e+00	2.775281429290771484e+00	2.775636672973632812e+00	2.778121471405029297e+00	2.782698869705200195e+00	2.789149045944213867e+00	2.796339750289916992e+00	2.801216602325439453e+00	2.798964500427246094e+00	2.791630744934082031e+00	2.785503625869750977e+00	2.782603979110717773e+00	2.782787561416625977e+00	2.785179138183593750e+00	2.788761854171752930e+00	2.792255163192749023e+00	2.794298410415649414e+00	2.794291973114013672e+00	2.792869567871093750e+00	2.791305065155029297e+00	2.790672063827514648e+00	2.792045831680297852e+00	2.796581268310546875e+00	2.804311990737915039e+00	2.814210176467895508e+00	2.823694229125976562e+00	2.821968555450439453e+00	2.808228254318237305e+00	2.794959783554077148e+00
2.787349939346313477e+00	2.781210422515869141e+00	2.777711391448974609e+00	2.776259422302246094e+00	2.776048898696899414e+00	2.776281833648681641e+00	2.776298046112060547e+00	2.775881052017211914e+00	2.775239229202270508e+00	2.774569511413574219e+00	2.773972511291503906e+00	2.773794412612915039e+00	2.774381875991821289e+00	2.775784492492675781e+00	2.777669429779052734e+00	2.779689788818359375e+00	2.781466007232666016e+00	2.782376050949096680e+00	2.782086610794067383e+00	2.781212568283081055e+00	2.780709743499755859e+00	2.781328439712524414e+00	2.783344507217407227e+00	2.786255836486816406e+00	2.789392709732055664e+00	2.792089939117431641e+00	2.793474435806274414e+00	2.792949199676513672e+00	2.790952205657958984e+00	2.788293600082397461e+00	2.785441160202026367e+00	2.782750606536865234e+00	2.780405998229980469e+00	2.778229475021362305e+00	2.776441812515258789e+00	2.775333166122436523e+00	2.774859428405761719e+00	2.774984836578369141e+00	2.775736331939697266e+00	2.776943206787109375e+00	2.777798891067504883e+00	2.778060197830200195e+00	2.778217315673828125e+00	2.778292179107666016e+00	2.778618574142456055e+00	2.780328750610351562e+00	2.783477067947387695e+00	2.787437915802001953e+00	2.791810274124145508e+00	2.796514034271240234e+00	2.799617052078247070e+00	2.797946929931640625e+00	2.792971611022949219e+00	2.786357402801513672e+00	2.781059980392456055e+00	2.777973175048828125e+00	2.776872873306274414e+00	2.777028799057006836e+00	2.777252197265625000e+00	2.776832580566406250e+00	2.775811433792114258e+00	2.774948358535766602e+00	2.775295495986938477e+00	2.777726411819458008e+00	2.782843589782714844e+00	2.790518999099731445e+00	2.799442529678344727e+00	2.808461427688598633e+00	2.815701961517333984e+00	2.815520048141479492e+00	2.805711269378662109e+00	2.795533657073974609e+00
2.773808717727661133e+00	2.773041725158691406e+00	2.773355007171630859e+00	2.774188995361328125e+00	2.775099039077758789e+00	2.775682449340820312e+00	2.775737762451171875e+00	2.775845289230346680e+00	2.775864601135253906e+00	2.775141716003417969e+00	2.774226903915405273e+00	2.773713111877441406e+00	2.773800611495971680e+00	2.774189472198486328e+00	2.774697065353393555e+00	2.775550365447998047e+00	2.776474237442016602e+00	2.776243686676025391e+00	2.775099277496337891e+00	2.774198532104492188e+00	2.773815631866455078e+00	2.773886680603027344e+00	2.774194002151489258e+00	2.774920940399169922e+00	2.776590585708618164e+00	2.779050111770629883e+00	2.781554222106933594e+00	2.783385992050170898e+00	2.783984184265136719e+00	2.783524990081787109e+00	2.782807826995849609e+00	2.781748056411743164e+00	2.780490159988403320e+00	2.779163599014282227e+00	2.777869224548339844e+00	2.776830196380615234e+00	2.776013851165771484e+00	2.775235176086425781e+00	2.774517774581909180e+00	2.773514032363891602e+00	2.772256374359130859e+00	2.771278619766235352e+00	2.770885467529296875e+00	2.771250963211059570e+00	2.771573305130004883e+00	2.771630525588989258e+00	2.772564411163330078e+00	2.774519443511962891e+00	2.776424407958984375e+00	2.777004718780517578e+00	2.776304006576538086e+00	2.774651527404785156e+00	2.772525787353515625e+00	2.770931959152221680e+00	2.770684719085693359e+00	2.772090435028076172e+00	2.774930000305175781e+00	2.778157234191894531e+00	2.780150175094604492e+00	2.780684232711791992e+00	2.780507326126098633e+00	2.780149936676025391e+00	2.780175924301147461e+00	2.781307220458984375e+00	2.784029245376586914e+00	2.787756443023681641e+00	2.790380477905273438e+00	2.790777206420898438e+00	2.788717508316040039e+00	2.784752607345581055e+00	2.780101060867309570e+00	2.776167631149291992e+00
2.768822669982910156e+00	2.769591093063354492e+00	2.771448612213134766e+00	2.774398088455200195e+00	2.777991294860839844e+00	2.781730651855468750e+00	2.784885883331298828e+00	2.786632537841796875e+00	2.786613941192626953e+00	2.784765005111694336e+00	2.782049179077148438e+00	2.779879093170166016e+00	2.778105497360229492e+00	2.776027441024780273e+00	2.774160385131835938e+00	2.772519588470458984e+00	2.770937204360961914e+00	2.769341230392456055e+00	2.767804622650146484e+00	2.766546010971069336e+00	2.765822649002075195e+00	2.765740394592285156e+00	2.766038656234741211e+00	2.766341447830200195e+00	2.766543149948120117e+00	2.766736030578613281e+00	2.767400264739990234e+00	2.768651008605957031e+00	2.770166635513305664e+00	2.771618127822875977e+00	2.772775650024414062e+00	2.773424148559570312e+00	2.773352622985839844e+00	2.772542238235473633e+00	2.771509885787963867e+00	2.770636558532714844e+00	2.769989728927612305e+00	2.769474029541015625e+00	2.769108057022094727e+00	2.769092559814453125e+00	2.769286394119262695e+00	2.769524097442626953e+00	2.769893884658813477e+00	2.770177364349365234e+00	2.769961595535278320e+00	2.769509553909301758e+00	2.769443511962890625e+00	2.769790172576904297e+00	2.770112037658691406e+00	2.770089864730834961e+00	2.769825220108032227e+00	2.769721508026123047e+00	2.770014524459838867e+00	2.770823955535888672e+00	2.772140741348266602e+00	2.773514986038208008e+00	2.774600982666015625e+00	2.775350093841552734e+00	2.775830507278442383e+00	2.776310443878173828e+00	2.776908397674560547e+00	2.777402639389038086e+00	2.777678012847900391e+00	2.778238296508789062e+00	2.779960393905639648e+00	2.780811786651611328e+00	2.776592493057250977e+00	2.772581815719604492e+00	2.770622968673706055e+00	2.769762516021728516e+00	2.769189834594726562e+00	2.768786430358886719e+00
2.771474838256835938e+00	2.771352052688598633e+00	2.771985292434692383e+00	2.774381637573242188e+00	2.778527975082397461e+00	2.783768177032470703e+00	2.788861751556396484e+00	2.791945934295654297e+00	2.792028665542602539e+00	2.789720296859741211e+00	2.786691665649414062e+00	2.784499645233154297e+00	2.783229589462280273e+00	2.780883789062500000e+00	2.776867866516113281e+00	2.772934436798095703e+00	2.769805192947387695e+00	2.767688274383544922e+00	2.766560077667236328e+00	2.766243219375610352e+00	2.766504526138305664e+00	2.767199039459228516e+00	2.768260002136230469e+00	2.769303321838378906e+00	2.769742965698242188e+00	2.769685745239257812e+00	2.769664287567138672e+00	2.769858598709106445e+00	2.770279169082641602e+00	2.770945549011230469e+00	2.771955728530883789e+00	2.773116111755371094e+00	2.773020744323730469e+00	2.772616386413574219e+00	2.773044824600219727e+00	2.773055791854858398e+00	2.772279500961303711e+00	2.771602869033813477e+00	2.771886825561523438e+00	2.773150682449340820e+00	2.774547338485717773e+00	2.775564193725585938e+00	2.775990009307861328e+00	2.775708913803100586e+00	2.774957895278930664e+00	2.774267673492431641e+00	2.773960351943969727e+00	2.773887395858764648e+00	2.773790121078491211e+00	2.773611068725585938e+00	2.773292541503906250e+00	2.773040056228637695e+00	2.772894859313964844e+00	2.772978544235229492e+00	2.773529052734375000e+00	2.774113416671752930e+00	2.773892402648925781e+00	2.773556947708129883e+00	2.774099111557006836e+00	2.775371074676513672e+00	2.776776552200317383e+00	2.777747392654418945e+00	2.778126716613769531e+00	2.777952194213867188e+00	2.776980638504028320e+00	2.774716138839721680e+00	2.771742343902587891e+00	2.769467353820800781e+00	2.768519401550292969e+00	2.768848419189453125e+00	2.769859075546264648e+00	2.771006107330322266e+00
2.775741577148437500e+00	2.775190830230712891e+00	2.776647806167602539e+00	2.779784917831420898e+00	2.784706115722656250e+00	2.790788412094116211e+00	2.796153783798217773e+00	2.798553943634033203e+00	2.797576665878295898e+00	2.794826269149780273e+00	2.791814804077148438e+00	2.789164304733276367e+00	2.787077903747558594e+00	2.785576105117797852e+00	2.784309148788452148e+00	2.782197952270507812e+00	2.779486894607543945e+00	2.777098417282104492e+00	2.775582313537597656e+00	2.774920225143432617e+00	2.774510860443115234e+00	2.773695707321166992e+00	2.772519111633300781e+00	2.771656274795532227e+00	2.771529436111450195e+00	2.772141218185424805e+00	2.773134231567382812e+00	2.774036645889282227e+00	2.774850845336914062e+00	2.775241136550903320e+00	2.775182485580444336e+00	2.775011777877807617e+00	2.774323463439941406e+00	2.773941755294799805e+00	2.774460077285766602e+00	2.775601387023925781e+00	2.777158498764038086e+00	2.779083728790283203e+00	2.781086921691894531e+00	2.782905101776123047e+00	2.784169197082519531e+00	2.784193038940429688e+00	2.782628536224365234e+00	2.779972791671752930e+00	2.777177095413208008e+00	2.774962902069091797e+00	2.773951053619384766e+00	2.774161577224731445e+00	2.775381088256835938e+00	2.777058601379394531e+00	2.777834653854370117e+00	2.777065753936767578e+00	2.775528430938720703e+00	2.773993015289306641e+00	2.772992134094238281e+00	2.772735595703125000e+00	2.772889852523803711e+00	2.773418664932250977e+00	2.774349212646484375e+00	2.774819374084472656e+00	2.774433612823486328e+00	2.773278236389160156e+00	2.771693706512451172e+00	2.770386695861816406e+00	2.769840717315673828e+00	2.770416498184204102e+00	2.771746873855590820e+00	2.773377656936645508e+00	2.775308132171630859e+00	2.777412891387939453e+00	2.778595685958862305e+00	2.777657747268676758e+00
2.782938003540039062e+00	2.783203125000000000e+00	2.785358190536499023e+00	2.788993597030639648e+00	2.793803930282592773e+00	2.799343824386596680e+00	2.803821086883544922e+00	2.805059432983398438e+00	2.803197860717773438e+00	2.800153970718383789e+00	2.797256946563720703e+00	2.794909954071044922e+00	2.792747020721435547e+00	2.790268182754516602e+00	2.787600517272949219e+00	2.784993410110473633e+00	2.782245397567749023e+00	2.779432773590087891e+00	2.776879310607910156e+00	2.774904966354370117e+00	2.773914813995361328e+00	2.773523092269897461e+00	2.773232698440551758e+00	2.773681640625000000e+00	2.774962902069091797e+00	2.776534080505371094e+00	2.777555942535400391e+00	2.777416706085205078e+00	2.776130437850952148e+00	2.774010181427001953e+00	2.771959781646728516e+00	2.770664930343627930e+00	2.770377159118652344e+00	2.771325826644897461e+00	2.773451566696166992e+00	2.776487112045288086e+00	2.780156135559082031e+00	2.783734560012817383e+00	2.786695480346679688e+00	2.789384365081787109e+00	2.791240692138671875e+00	2.791182279586791992e+00	2.789759159088134766e+00	2.787369966506958008e+00	2.784353733062744141e+00	2.781800031661987305e+00	2.780253887176513672e+00	2.779702901840209961e+00	2.779641628265380859e+00	2.779343366622924805e+00	2.778046846389770508e+00	2.775559425354003906e+00	2.773527145385742188e+00	2.772546529769897461e+00	2.772387742996215820e+00	2.772745609283447266e+00	2.773623228073120117e+00	2.774784088134765625e+00	2.776040315628051758e+00	2.776861906051635742e+00	2.776407480239868164e+00	2.774737119674682617e+00	2.772924661636352539e+00	2.772081375122070312e+00	2.772642135620117188e+00	2.774073362350463867e+00	2.775789976119995117e+00	2.777951717376708984e+00	2.780835151672363281e+00	2.783823728561401367e+00	2.785313367843627930e+00	2.784185409545898438e+00
2.787733554840087891e+00	2.789803743362426758e+00	2.792689085006713867e+00	2.796436786651611328e+00	2.800945997238159180e+00	2.805932998657226562e+00	2.810476541519165039e+00	2.812567949295043945e+00	2.811455249786376953e+00	2.808220863342285156e+00	2.804199218750000000e+00	2.800278425216674805e+00	2.796532392501831055e+00	2.792551040649414062e+00	2.788112640380859375e+00	2.783803224563598633e+00	2.780494451522827148e+00	2.778805255889892578e+00	2.778348684310913086e+00	2.777558088302612305e+00	2.777063131332397461e+00	2.777845382690429688e+00	2.779820919036865234e+00	2.781864404678344727e+00	2.783341407775878906e+00	2.784421443939208984e+00	2.784455299377441406e+00	2.782969236373901367e+00	2.780867815017700195e+00	2.778896331787109375e+00	2.776705026626586914e+00	2.774970293045043945e+00	2.774633169174194336e+00	2.775776386260986328e+00	2.778233051300048828e+00	2.781801700592041016e+00	2.786120176315307617e+00	2.790420532226562500e+00	2.793541193008422852e+00	2.795306921005249023e+00	2.796089410781860352e+00	2.795412778854370117e+00	2.793581724166870117e+00	2.791988134384155273e+00	2.792527198791503906e+00	2.793887376785278320e+00	2.790849924087524414e+00	2.787065982818603516e+00	2.783954143524169922e+00	2.780959844589233398e+00	2.777997970581054688e+00	2.775498151779174805e+00	2.773838758468627930e+00	2.773156166076660156e+00	2.773354530334472656e+00	2.774080991744995117e+00	2.775124549865722656e+00	2.776428461074829102e+00	2.777604818344116211e+00	2.778113842010498047e+00	2.777730226516723633e+00	2.776796340942382812e+00	2.775884628295898438e+00	2.775534152984619141e+00	2.775954961776733398e+00	2.776719093322753906e+00	2.777940511703491211e+00	2.779770374298095703e+00	2.781873226165771484e+00	2.783832788467407227e+00	2.785328388214111328e+00	2.786422491073608398e+00
2.791023492813110352e+00	2.793262958526611328e+00	2.795410871505737305e+00	2.797831058502197266e+00	2.801316738128662109e+00	2.805638790130615234e+00	2.809162855148315430e+00	2.810521364212036133e+00	2.809440374374389648e+00	2.806555509567260742e+00	2.802875518798828125e+00	2.799219608306884766e+00	2.795780420303344727e+00	2.791888713836669922e+00	2.787102222442626953e+00	2.782264232635498047e+00	2.778470993041992188e+00	2.776341199874877930e+00	2.775876045227050781e+00	2.776420593261718750e+00	2.777525901794433594e+00	2.779197931289672852e+00	2.781138181686401367e+00	2.782328844070434570e+00	2.782876253128051758e+00	2.783576250076293945e+00	2.784085750579833984e+00	2.783426761627197266e+00	2.781326293945312500e+00	2.778592348098754883e+00	2.775993585586547852e+00	2.774179220199584961e+00	2.773838996887207031e+00	2.775432348251342773e+00	2.778834581375122070e+00	2.783356189727783203e+00	2.788275003433227539e+00	2.792404413223266602e+00	2.794351100921630859e+00	2.794757604598999023e+00	2.794103860855102539e+00	2.792293787002563477e+00	2.790269136428833008e+00	2.788969516754150391e+00	2.789495229721069336e+00	2.793340682983398438e+00	2.797038078308105469e+00	2.791867971420288086e+00	2.787955045700073242e+00	2.784585237503051758e+00	2.780654430389404297e+00	2.777165889739990234e+00	2.774735927581787109e+00	2.773460149765014648e+00	2.773201704025268555e+00	2.773838281631469727e+00	2.775352954864501953e+00	2.777550458908081055e+00	2.779609918594360352e+00	2.780533552169799805e+00	2.779914140701293945e+00	2.778219938278198242e+00	2.776507854461669922e+00	2.775667190551757812e+00	2.776027441024780273e+00	2.777412891387939453e+00	2.779308319091796875e+00	2.781142234802246094e+00	2.782981872558593750e+00	2.785047769546508789e+00	2.787126064300537109e+00	2.789010047912597656e+00
2.788459777832031250e+00	2.790347099304199219e+00	2.792670726776123047e+00	2.794000864028930664e+00	2.795623779296875000e+00	2.798542022705078125e+00	2.801438808441162109e+00	2.803088188171386719e+00	2.802858591079711914e+00	2.801158189773559570e+00	2.798855781555175781e+00	2.796445608139038086e+00	2.793481349945068359e+00	2.789826393127441406e+00	2.786104440689086914e+00	2.782754421234130859e+00	2.780168294906616211e+00	2.778693675994873047e+00	2.778345823287963867e+00	2.778881311416625977e+00	2.780218124389648438e+00	2.782583475112915039e+00	2.784615516662597656e+00	2.784710407257080078e+00	2.784581184387207031e+00	2.784474372863769531e+00	2.783993721008300781e+00	2.783391952514648438e+00	2.782751798629760742e+00	2.782097816467285156e+00	2.781503438949584961e+00	2.781170606613159180e+00	2.781471729278564453e+00	2.782840728759765625e+00	2.785453796386718750e+00	2.788946390151977539e+00	2.792696237564086914e+00	2.795399904251098633e+00	2.795861482620239258e+00	2.794891834259033203e+00	2.793133497238159180e+00	2.790344238281250000e+00	2.786939620971679688e+00	2.784088134765625000e+00	2.782888174057006836e+00	2.784316062927246094e+00	2.787717103958129883e+00	2.787898063659667969e+00	2.784919977188110352e+00	2.781704902648925781e+00	2.778945922851562500e+00	2.777122735977172852e+00	2.776102304458618164e+00	2.775553941726684570e+00	2.775207281112670898e+00	2.774991273880004883e+00	2.775302648544311523e+00	2.776259422302246094e+00	2.777434349060058594e+00	2.778299808502197266e+00	2.778229475021362305e+00	2.777201890945434570e+00	2.776072740554809570e+00	2.775534152984619141e+00	2.775815010070800781e+00	2.776710271835327148e+00	2.777954339981079102e+00	2.779485225677490234e+00	2.781381845474243164e+00	2.783602714538574219e+00	2.785714149475097656e+00	2.787222623825073242e+00
2.783603668212890625e+00	2.784924030303955078e+00	2.783825159072875977e+00	2.781967878341674805e+00	2.781552791595458984e+00	2.782557249069213867e+00	2.784193515777587891e+00	2.785728693008422852e+00	2.786893606185913086e+00	2.787700653076171875e+00	2.788181304931640625e+00	2.788153171539306641e+00	2.787586688995361328e+00	2.786771774291992188e+00	2.785792827606201172e+00	2.784405708312988281e+00	2.782825946807861328e+00	2.781363010406494141e+00	2.780595064163208008e+00	2.780517339706420898e+00	2.781186580657958984e+00	2.782673597335815430e+00	2.784591197967529297e+00	2.787200450897216797e+00	2.789093494415283203e+00	2.787166595458984375e+00	2.783955812454223633e+00	2.782150745391845703e+00	2.781548500061035156e+00	2.781501293182373047e+00	2.781607866287231445e+00	2.781876802444458008e+00	2.782509803771972656e+00	2.783979892730712891e+00	2.786912441253662109e+00	2.789993762969970703e+00	2.791724681854248047e+00	2.792040348052978516e+00	2.790772676467895508e+00	2.788671493530273438e+00	2.786155939102172852e+00	2.783467292785644531e+00	2.780931711196899414e+00	2.778902292251586914e+00	2.777820825576782227e+00	2.777986288070678711e+00	2.778970241546630859e+00	2.779540061950683594e+00	2.779034137725830078e+00	2.777505397796630859e+00	2.775681972503662109e+00	2.774573087692260742e+00	2.774193763732910156e+00	2.774257898330688477e+00	2.774327039718627930e+00	2.774333715438842773e+00	2.774318218231201172e+00	2.774172306060791016e+00	2.774412155151367188e+00	2.775043964385986328e+00	2.775261878967285156e+00	2.774134635925292969e+00	2.772370815277099609e+00	2.771457433700561523e+00	2.771913528442382812e+00	2.773275613784790039e+00	2.775048017501831055e+00	2.777099609375000000e+00	2.778733968734741211e+00	2.779587030410766602e+00	2.780395984649658203e+00	2.781775236129760742e+00
2.776084423065185547e+00	2.776211977005004883e+00	2.777062654495239258e+00	2.777416706085205078e+00	2.775946617126464844e+00	2.773885488510131836e+00	2.772576808929443359e+00	2.771956205368041992e+00	2.772037267684936523e+00	2.773028850555419922e+00	2.774704217910766602e+00	2.776521682739257812e+00	2.778171062469482422e+00	2.779251813888549805e+00	2.779282808303833008e+00	2.778377294540405273e+00	2.777215003967285156e+00	2.776443243026733398e+00	2.776447772979736328e+00	2.777479410171508789e+00	2.779930114746093750e+00	2.783500909805297852e+00	2.784869909286499023e+00	2.783688783645629883e+00	2.782003164291381836e+00	2.780173778533935547e+00	2.778256654739379883e+00	2.776700735092163086e+00	2.775891304016113281e+00	2.776000022888183594e+00	2.776406764984130859e+00	2.776763916015625000e+00	2.777249097824096680e+00	2.777982234954833984e+00	2.779042720794677734e+00	2.779989957809448242e+00	2.780197620391845703e+00	2.779417514801025391e+00	2.777954816818237305e+00	2.775996685028076172e+00	2.773336172103881836e+00	2.770577669143676758e+00	2.768517494201660156e+00	2.767418622970581055e+00	2.767230749130249023e+00	2.767528295516967773e+00	2.768101453781127930e+00	2.768939971923828125e+00	2.769853353500366211e+00	2.770842313766479492e+00	2.771711587905883789e+00	2.772245407104492188e+00	2.772808313369750977e+00	2.773658275604248047e+00	2.775290727615356445e+00	2.777106285095214844e+00	2.778185844421386719e+00	2.779382228851318359e+00	2.781031847000122070e+00	2.782582521438598633e+00	2.782741546630859375e+00	2.780779361724853516e+00	2.777926921844482422e+00	2.775626182556152344e+00	2.774098873138427734e+00	2.773076295852661133e+00	2.772632360458374023e+00	2.772500276565551758e+00	2.772599935531616211e+00	2.773472309112548828e+00	2.774538993835449219e+00	2.775324106216430664e+00
2.775795221328735352e+00	2.774305105209350586e+00	2.775111913681030273e+00	2.776873350143432617e+00	2.775493860244750977e+00	2.773263454437255859e+00	2.772077798843383789e+00	2.771629095077514648e+00	2.771847724914550781e+00	2.772603034973144531e+00	2.773645877838134766e+00	2.774976491928100586e+00	2.776695489883422852e+00	2.778739929199218750e+00	2.780312776565551758e+00	2.780505657196044922e+00	2.779730558395385742e+00	2.778657436370849609e+00	2.777929306030273438e+00	2.778467893600463867e+00	2.781738519668579102e+00	2.784966230392456055e+00	2.784304380416870117e+00	2.784162282943725586e+00	2.782827377319335938e+00	2.781353712081909180e+00	2.779568910598754883e+00	2.777465581893920898e+00	2.775225639343261719e+00	2.773101806640625000e+00	2.771725654602050781e+00	2.771837234497070312e+00	2.773666620254516602e+00	2.776773691177368164e+00	2.780340433120727539e+00	2.782963752746582031e+00	2.783546447753906250e+00	2.782334804534912109e+00	2.780010938644409180e+00	2.777301549911499023e+00	2.774442911148071289e+00	2.771953105926513672e+00	2.770118951797485352e+00	2.768917560577392578e+00	2.768608093261718750e+00	2.769554615020751953e+00	2.771832704544067383e+00	2.775436162948608398e+00	2.780116558074951172e+00	2.784383773803710938e+00	2.785620450973510742e+00	2.783510446548461914e+00	2.780466794967651367e+00	2.779254674911499023e+00	2.781195163726806641e+00	2.785587072372436523e+00	2.789842367172241211e+00	2.794573545455932617e+00	2.799870491027832031e+00	2.804012060165405273e+00	2.805087089538574219e+00	2.802378654479980469e+00	2.797261714935302734e+00	2.791844606399536133e+00	2.787816524505615234e+00	2.786811828613281250e+00	2.791624307632446289e+00	2.802524089813232422e+00	2.806127309799194336e+00	2.802094697952270508e+00	2.789967775344848633e+00	2.780489921569824219e+00
2.788272142410278320e+00	2.783615112304687500e+00	2.781948089599609375e+00	2.782104730606079102e+00	2.783143520355224609e+00	2.784293889999389648e+00	2.784604072570800781e+00	2.784303426742553711e+00	2.784286022186279297e+00	2.784781694412231445e+00	2.785772085189819336e+00	2.786972284317016602e+00	2.787845134735107422e+00	2.788016557693481445e+00	2.787387847900390625e+00	2.786310672760009766e+00	2.785199165344238281e+00	2.784188270568847656e+00	2.783569574356079102e+00	2.783669948577880859e+00	2.784702539443969727e+00	2.786833763122558594e+00	2.789924860000610352e+00	2.793339014053344727e+00	2.796360492706298828e+00	2.798412799835205078e+00	2.799221515655517578e+00	2.799099922180175781e+00	2.798157691955566406e+00	2.796205759048461914e+00	2.793924570083618164e+00	2.792446613311767578e+00	2.792092323303222656e+00	2.792501688003540039e+00	2.793177843093872070e+00	2.793864727020263672e+00	2.794732570648193359e+00	2.795316934585571289e+00	2.794876575469970703e+00	2.793729305267333984e+00	2.792453527450561523e+00	2.790468215942382812e+00	2.787734985351562500e+00	2.784773349761962891e+00	2.782164096832275391e+00	2.780959844589233398e+00	2.782063007354736328e+00	2.785795927047729492e+00	2.791871309280395508e+00	2.798556566238403320e+00	2.801961421966552734e+00	2.799255847930908203e+00	2.792736291885375977e+00	2.787839889526367188e+00	2.786506175994873047e+00	2.786535263061523438e+00	2.787081718444824219e+00	2.788910865783691406e+00	2.791158199310302734e+00	2.792433261871337891e+00	2.792064905166625977e+00	2.790508270263671875e+00	2.789060115814208984e+00	2.789227724075317383e+00	2.792316436767578125e+00	2.799106836318969727e+00	2.809450149536132812e+00	2.821302175521850586e+00	2.829529047012329102e+00	2.824789524078369141e+00	2.809853553771972656e+00	2.796952009201049805e+00
2.792472124099731445e+00	2.786250591278076172e+00	2.783584117889404297e+00	2.783640623092651367e+00	2.785184860229492188e+00	2.787130832672119141e+00	2.788071393966674805e+00	2.787798404693603516e+00	2.787527322769165039e+00	2.787732601165771484e+00	2.788462162017822266e+00	2.789332151412963867e+00	2.789673805236816406e+00	2.789464235305786133e+00	2.789320945739746094e+00	2.789546966552734375e+00	2.790188789367675781e+00	2.790750980377197266e+00	2.790943384170532227e+00	2.791019678115844727e+00	2.791518688201904297e+00	2.793170213699340820e+00	2.796688318252563477e+00	2.802035808563232422e+00	2.808243274688720703e+00	2.813966751098632812e+00	2.818203210830688477e+00	2.821057558059692383e+00	2.822639942169189453e+00	2.822515726089477539e+00	2.820860624313354492e+00	2.818534851074218750e+00	2.816016912460327148e+00	2.813000440597534180e+00	2.809255838394165039e+00	2.805519580841064453e+00	2.802631616592407227e+00	2.800531625747680664e+00	2.798802375793457031e+00	2.797274589538574219e+00	2.795588493347167969e+00	2.793270826339721680e+00	2.790042638778686523e+00	2.786350727081298828e+00	2.783187389373779297e+00	2.781720876693725586e+00	2.782902240753173828e+00	2.787259578704833984e+00	2.794544219970703125e+00	2.802552461624145508e+00	2.806149005889892578e+00	2.802376031875610352e+00	2.795305728912353516e+00	2.789361715316772461e+00	2.785881042480468750e+00	2.784792661666870117e+00	2.785666465759277344e+00	2.787761926651000977e+00	2.790565967559814453e+00	2.791614770889282227e+00	2.789410114288330078e+00	2.787422895431518555e+00	2.787037611007690430e+00	2.789032459259033203e+00	2.793771743774414062e+00	2.802051305770874023e+00	2.814640998840332031e+00	2.829371690750122070e+00	2.838468551635742188e+00	2.832916259765625000e+00	2.816321611404418945e+00	2.802401542663574219e+00
2.801821231842041016e+00	2.803414821624755859e+00	2.814059257507324219e+00	2.835686683654785156e+00	2.866880893707275391e+00	2.885563850402832031e+00	2.877887487411499023e+00	2.853613615036010742e+00	2.828830003738403320e+00	2.811765670776367188e+00	2.801273822784423828e+00	2.794932126998901367e+00	2.791038513183593750e+00	2.788956403732299805e+00	2.788609743118286133e+00	2.789752006530761719e+00	2.791523456573486328e+00	2.792759895324707031e+00	2.793021440505981445e+00	2.792861223220825195e+00	2.793065071105957031e+00	2.794074535369873047e+00	2.796487331390380859e+00	2.800599336624145508e+00	2.805766582489013672e+00	2.810923337936401367e+00	2.815418004989624023e+00	2.818356275558471680e+00	2.819438219070434570e+00	2.818806886672973633e+00	2.816458940505981445e+00	2.813168048858642578e+00	2.809879064559936523e+00	2.807074785232543945e+00	2.805114269256591797e+00	2.804820775985717773e+00	2.807310104370117188e+00	2.813431978225708008e+00	2.823979616165161133e+00	2.839991807937622070e+00	2.862315654754638672e+00	2.890079736709594727e+00	2.911001920700073242e+00	2.904483079910278320e+00	2.882813930511474609e+00	2.860176801681518555e+00	2.841840505599975586e+00	2.830266475677490234e+00	2.826128005981445312e+00	2.826545238494873047e+00	2.824215888977050781e+00	2.814528703689575195e+00	2.803413391113281250e+00	2.795470714569091797e+00	2.790706157684326172e+00	2.788619995117187500e+00	2.788761854171752930e+00	2.790238380432128906e+00	2.791691780090332031e+00	2.791973352432250977e+00	2.791196584701538086e+00	2.790488243103027344e+00	2.791208028793334961e+00	2.794299364089965820e+00	2.800038099288940430e+00	2.808735370635986328e+00	2.822181224822998047e+00	2.840826272964477539e+00	2.849145412445068359e+00	2.841842889785766602e+00	2.823559999465942383e+00	2.808633089065551758e+00
2.815127372741699219e+00	2.818477869033813477e+00	2.831555604934692383e+00	2.857199192047119141e+00	2.896175146102905273e+00	2.924736499786376953e+00	2.916460275650024414e+00	2.885269641876220703e+00	2.854160785675048828e+00	2.832150936126708984e+00	2.817955017089843750e+00	2.809032440185546875e+00	2.803791522979736328e+00	2.801479816436767578e+00	2.801759719848632812e+00	2.803791046142578125e+00	2.806112766265869141e+00	2.807372093200683594e+00	2.807126283645629883e+00	2.805840015411376953e+00	2.804332494735717773e+00	2.803401470184326172e+00	2.803450584411621094e+00	2.804453134536743164e+00	2.805931806564331055e+00	2.806764125823974609e+00	2.806275367736816406e+00	2.804601669311523438e+00	2.802399635314941406e+00	2.800562381744384766e+00	2.799454927444458008e+00	2.799165964126586914e+00	2.799736261367797852e+00	2.801232337951660156e+00	2.804051399230957031e+00	2.809112548828125000e+00	2.817576885223388672e+00	2.830430984497070312e+00	2.848659992218017578e+00	2.873563766479492188e+00	2.906475305557250977e+00	2.947003126144409180e+00	2.979545116424560547e+00	2.968539714813232422e+00	2.933615684509277344e+00	2.900067090988159180e+00	2.872861385345458984e+00	2.853472948074340820e+00	2.842664718627929688e+00	2.838876008987426758e+00	2.834769248962402344e+00	2.823957920074462891e+00	2.811808586120605469e+00	2.803320407867431641e+00	2.798588275909423828e+00	2.796705722808837891e+00	2.796886682510375977e+00	2.798288822174072266e+00	2.799960374832153320e+00	2.801298379898071289e+00	2.802370786666870117e+00	2.803529024124145508e+00	2.804826259613037109e+00	2.806963205337524414e+00	2.811168670654296875e+00	2.818122386932373047e+00	2.829054594039916992e+00	2.843945026397705078e+00	2.853663444519042969e+00	2.850348234176635742e+00	2.834305763244628906e+00	2.820554256439208984e+00
2.814715862274169922e+00	2.823020219802856445e+00	2.838018178939819336e+00	2.863721132278442383e+00	2.900597095489501953e+00	2.925552845001220703e+00	2.917475223541259766e+00	2.888579368591308594e+00	2.859360218048095703e+00	2.838279485702514648e+00	2.824396371841430664e+00	2.815487861633300781e+00	2.810121297836303711e+00	2.807421445846557617e+00	2.806938171386718750e+00	2.807923316955566406e+00	2.809076309204101562e+00	2.810161352157592773e+00	2.811347007751464844e+00	2.812402963638305664e+00	2.812819242477416992e+00	2.812139272689819336e+00	2.810370922088623047e+00	2.808258771896362305e+00	2.806701660156250000e+00	2.806105375289916992e+00	2.806265592575073242e+00	2.806419610977172852e+00	2.805975914001464844e+00	2.805227756500244141e+00	2.804577350616455078e+00	2.804458379745483398e+00	2.805476427078247070e+00	2.807586431503295898e+00	2.810292482376098633e+00	2.814035177230834961e+00	2.821165800094604492e+00	2.834120988845825195e+00	2.854064702987670898e+00	2.881747245788574219e+00	2.917608976364135742e+00	2.959850311279296875e+00	2.992055416107177734e+00	2.981362819671630859e+00	2.945897102355957031e+00	2.910080432891845703e+00	2.879621982574462891e+00	2.855839252471923828e+00	2.838941574096679688e+00	2.827851057052612305e+00	2.819973945617675781e+00	2.813544750213623047e+00	2.808629035949707031e+00	2.804939508438110352e+00	2.803231716156005859e+00	2.803431749343872070e+00	2.804337739944458008e+00	2.804668664932250977e+00	2.804378747940063477e+00	2.804523468017578125e+00	2.805950164794921875e+00	2.808977127075195312e+00	2.813490390777587891e+00	2.818426847457885742e+00	2.822076559066772461e+00	2.823435306549072266e+00	2.822816848754882812e+00	2.820947170257568359e+00	2.818263053894042969e+00	2.815128803253173828e+00	2.812121868133544922e+00	2.811379671096801758e+00
2.816904783248901367e+00	2.825980663299560547e+00	2.841653347015380859e+00	2.867647886276245117e+00	2.904616832733154297e+00	2.931017637252807617e+00	2.923903703689575195e+00	2.894850969314575195e+00	2.866582393646240234e+00	2.846172332763671875e+00	2.831616163253784180e+00	2.822107553482055664e+00	2.816693544387817383e+00	2.813885450363159180e+00	2.812828540802001953e+00	2.813491344451904297e+00	2.814766407012939453e+00	2.815909147262573242e+00	2.816937446594238281e+00	2.817673444747924805e+00	2.817657709121704102e+00	2.816483974456787109e+00	2.814345836639404297e+00	2.812082767486572266e+00	2.810409307479858398e+00	2.809615612030029297e+00	2.809641361236572266e+00	2.810025453567504883e+00	2.810305833816528320e+00	2.810492753982543945e+00	2.811016082763671875e+00	2.812125444412231445e+00	2.813475847244262695e+00	2.814691305160522461e+00	2.816256046295166016e+00	2.820041894912719727e+00	2.828096628189086914e+00	2.842115402221679688e+00	2.863125324249267578e+00	2.891790628433227539e+00	2.928330659866333008e+00	2.970399618148803711e+00	3.000503301620483398e+00	2.987307071685791016e+00	2.950509786605834961e+00	2.913561344146728516e+00	2.882524967193603516e+00	2.858369112014770508e+00	2.840752601623535156e+00	2.828460216522216797e+00	2.819819927215576172e+00	2.813592433929443359e+00	2.809508323669433594e+00	2.807716608047485352e+00	2.808033943176269531e+00	2.809545040130615234e+00	2.810864686965942383e+00	2.810989856719970703e+00	2.810257434844970703e+00	2.810102701187133789e+00	2.811745405197143555e+00	2.815631151199340820e+00	2.821365833282470703e+00	2.826921463012695312e+00	2.828750133514404297e+00	2.827813148498535156e+00	2.824952363967895508e+00	2.820892333984375000e+00	2.816443204879760742e+00	2.812692642211914062e+00	2.810973644256591797e+00	2.812212944030761719e+00
2.821309328079223633e+00	2.830810785293579102e+00	2.846308469772338867e+00	2.871269702911376953e+00	2.907199144363403320e+00	2.934810161590576172e+00	2.928088426589965820e+00	2.898799657821655273e+00	2.869995355606079102e+00	2.848969936370849609e+00	2.834462165832519531e+00	2.824439287185668945e+00	2.817841053009033203e+00	2.814050197601318359e+00	2.812687635421752930e+00	2.813387870788574219e+00	2.815358638763427734e+00	2.817753791809082031e+00	2.819994211196899414e+00	2.821754455566406250e+00	2.822668313980102539e+00	2.822074651718139648e+00	2.819814920425415039e+00	2.817010402679443359e+00	2.814970016479492188e+00	2.814044475555419922e+00	2.813929080963134766e+00	2.814420461654663086e+00	2.814744710922241211e+00	2.814296722412109375e+00	2.813536167144775391e+00	2.813077926635742188e+00	2.813296794891357422e+00	2.814436912536621094e+00	2.816656351089477539e+00	2.820544004440307617e+00	2.827826261520385742e+00	2.840770721435546875e+00	2.861057758331298828e+00	2.889712095260620117e+00	2.926990032196044922e+00	2.970265865325927734e+00	3.001008272171020508e+00	2.987079620361328125e+00	2.949135541915893555e+00	2.911810636520385742e+00	2.881289005279541016e+00	2.858110904693603516e+00	2.841618776321411133e+00	2.830478668212890625e+00	2.822822093963623047e+00	2.817244768142700195e+00	2.813631057739257812e+00	2.812293529510498047e+00	2.813043355941772461e+00	2.814820289611816406e+00	2.815931320190429688e+00	2.815472364425659180e+00	2.814253807067871094e+00	2.814059972763061523e+00	2.815984487533569336e+00	2.819989204406738281e+00	2.824984312057495117e+00	2.829179763793945312e+00	2.831003427505493164e+00	2.829889297485351562e+00	2.826474905014038086e+00	2.822010755538940430e+00	2.817757606506347656e+00	2.814802646636962891e+00	2.814021348953247070e+00	2.816014289855957031e+00
2.822025775909423828e+00	2.831778287887573242e+00	2.847336292266845703e+00	2.872030735015869141e+00	2.907516956329345703e+00	2.935229778289794922e+00	2.928834199905395508e+00	2.899629831314086914e+00	2.870931863784790039e+00	2.850014209747314453e+00	2.835500478744506836e+00	2.825259208679199219e+00	2.818224668502807617e+00	2.814068078994750977e+00	2.812627792358398438e+00	2.813368797302246094e+00	2.815393209457397461e+00	2.817865610122680664e+00	2.820258140563964844e+00	2.822274684906005859e+00	2.823540925979614258e+00	2.823234319686889648e+00	2.820906400680541992e+00	2.817673444747924805e+00	2.815140247344970703e+00	2.814054727554321289e+00	2.814337730407714844e+00	2.815417528152465820e+00	2.816165447235107422e+00	2.815607070922851562e+00	2.814135313034057617e+00	2.813031673431396484e+00	2.813124179840087891e+00	2.814487457275390625e+00	2.817101240158081055e+00	2.821454048156738281e+00	2.829163789749145508e+00	2.842485189437866211e+00	2.863106250762939453e+00	2.891960382461547852e+00	2.929143428802490234e+00	2.972030639648437500e+00	3.002266883850097656e+00	2.988072872161865234e+00	2.949907541275024414e+00	2.912138223648071289e+00	2.881269693374633789e+00	2.858065605163574219e+00	2.841605186462402344e+00	2.830464124679565430e+00	2.822872400283813477e+00	2.817253828048706055e+00	2.813385725021362305e+00	2.811781644821166992e+00	2.812553644180297852e+00	2.814782142639160156e+00	2.816280126571655273e+00	2.815708398818969727e+00	2.814143419265747070e+00	2.813544034957885742e+00	2.815154790878295898e+00	2.819102764129638672e+00	2.824410915374755859e+00	2.829198122024536133e+00	2.831703424453735352e+00	2.831244707107543945e+00	2.828299283981323242e+00	2.823944807052612305e+00	2.819421768188476562e+00	2.815984010696411133e+00	2.814751148223876953e+00	2.816568851470947266e+00
2.820501804351806641e+00	2.830438613891601562e+00	2.846233844757080078e+00	2.871236801147460938e+00	2.907504320144653320e+00	2.937535524368286133e+00	2.930638551712036133e+00	2.899621486663818359e+00	2.870158672332763672e+00	2.848923921585083008e+00	2.834223747253417969e+00	2.823799133300781250e+00	2.816629648208618164e+00	2.812483310699462891e+00	2.811125755310058594e+00	2.811932563781738281e+00	2.814006090164184570e+00	2.816476583480834961e+00	2.818806171417236328e+00	2.820768117904663086e+00	2.822042942047119141e+00	2.821877956390380859e+00	2.819891691207885742e+00	2.817141056060791016e+00	2.815068244934082031e+00	2.814051628112792969e+00	2.813997030258178711e+00	2.814779520034790039e+00	2.815334081649780273e+00	2.814632415771484375e+00	2.813065290451049805e+00	2.811915159225463867e+00	2.811989784240722656e+00	2.813308238983154297e+00	2.815858602523803711e+00	2.820142745971679688e+00	2.827771902084350586e+00	2.841006994247436523e+00	2.861553668975830078e+00	2.890386819839477539e+00	2.927805185317993164e+00	2.971505165100097656e+00	3.002746105194091797e+00	2.987900495529174805e+00	2.949434518814086914e+00	2.911697626113891602e+00	2.880931615829467773e+00	2.857610702514648438e+00	2.840878248214721680e+00	2.829554796218872070e+00	2.821657180786132812e+00	2.815848112106323242e+00	2.812002182006835938e+00	2.810359716415405273e+00	2.810893774032592773e+00	2.812880754470825195e+00	2.814491271972656250e+00	2.814041137695312500e+00	2.812419176101684570e+00	2.811809539794921875e+00	2.813471078872680664e+00	2.817429542541503906e+00	2.822640895843505859e+00	2.827260017395019531e+00	2.829600572586059570e+00	2.829029798507690430e+00	2.826098442077636719e+00	2.821855783462524414e+00	2.817428588867187500e+00	2.814077854156494141e+00	2.812952280044555664e+00	2.814896821975708008e+00
2.819086790084838867e+00	2.829135417938232422e+00	2.845200538635253906e+00	2.870522975921630859e+00	2.907032966613769531e+00	2.936928272247314453e+00	2.929980278015136719e+00	2.899156570434570312e+00	2.869998455047607422e+00	2.849136590957641602e+00	2.834502935409545898e+00	2.823885679244995117e+00	2.816587686538696289e+00	2.812427282333374023e+00	2.811072826385498047e+00	2.811856031417846680e+00	2.813919782638549805e+00	2.816410064697265625e+00	2.818601369857788086e+00	2.820183038711547852e+00	2.820993661880493164e+00	2.820160627365112305e+00	2.817472934722900391e+00	2.814297914505004883e+00	2.812031745910644531e+00	2.811275720596313477e+00	2.811980962753295898e+00	2.813522100448608398e+00	2.814521074295043945e+00	2.813922882080078125e+00	2.812402963638305664e+00	2.811358928680419922e+00	2.811496496200561523e+00	2.812820911407470703e+00	2.815209388732910156e+00	2.819036006927490234e+00	2.825992822647094727e+00	2.838553190231323242e+00	2.858590841293334961e+00	2.887001037597656250e+00	2.924097061157226562e+00	2.967965364456176758e+00	2.999871015548706055e+00	2.986017704010009766e+00	2.949133396148681641e+00	2.913271427154541016e+00	2.883786916732788086e+00	2.861078262329101562e+00	2.844650745391845703e+00	2.833138465881347656e+00	2.824697971343994141e+00	2.818205118179321289e+00	2.813737154006958008e+00	2.811617136001586914e+00	2.811714887619018555e+00	2.813139200210571289e+00	2.814234256744384766e+00	2.813727378845214844e+00	2.812099218368530273e+00	2.811457157135009766e+00	2.813280820846557617e+00	2.817517757415771484e+00	2.822922945022583008e+00	2.827496767044067383e+00	2.829650640487670898e+00	2.829110860824584961e+00	2.825870275497436523e+00	2.820817232131958008e+00	2.816086530685424805e+00	2.812742471694946289e+00	2.811634540557861328e+00	2.813525199890136719e+00
2.820633411407470703e+00	2.830388784408569336e+00	2.846186876296997070e+00	2.871292591094970703e+00	2.907202959060668945e+00	2.936432838439941406e+00	2.930115222930908203e+00	2.899952650070190430e+00	2.870779514312744141e+00	2.849696397781372070e+00	2.835195541381835938e+00	2.825020551681518555e+00	2.818108320236206055e+00	2.814220428466796875e+00	2.813134193420410156e+00	2.814200401306152344e+00	2.816438674926757812e+00	2.818863630294799805e+00	2.820838928222656250e+00	2.822359085083007812e+00	2.823229551315307617e+00	2.822656393051147461e+00	2.820327758789062500e+00	2.817329406738281250e+00	2.815111637115478516e+00	2.814306020736694336e+00	2.814805746078491211e+00	2.815939426422119141e+00	2.816302776336669922e+00	2.815005302429199219e+00	2.813227415084838867e+00	2.812396526336669922e+00	2.812885284423828125e+00	2.814548969268798828e+00	2.817248582839965820e+00	2.821412563323974609e+00	2.828705787658691406e+00	2.841480255126953125e+00	2.861576080322265625e+00	2.890213966369628906e+00	2.927697420120239258e+00	2.971356630325317383e+00	3.002613782882690430e+00	2.988630056381225586e+00	2.951876878738403320e+00	2.916009187698364258e+00	2.886543273925781250e+00	2.864013910293579102e+00	2.847726345062255859e+00	2.836037158966064453e+00	2.827244520187377930e+00	2.820435762405395508e+00	2.815819025039672852e+00	2.813862323760986328e+00	2.814473390579223633e+00	2.816678762435913086e+00	2.818250894546508789e+00	2.817557096481323242e+00	2.815685987472534180e+00	2.814801692962646484e+00	2.816236734390258789e+00	2.820085763931274414e+00	2.825238943099975586e+00	2.829652309417724609e+00	2.831497192382812500e+00	2.830282926559448242e+00	2.826791286468505859e+00	2.822259187698364258e+00	2.817870616912841797e+00	2.814653873443603516e+00	2.813530445098876953e+00	2.815292835235595703e+00
2.822047710418701172e+00	2.831697463989257812e+00	2.847287654876708984e+00	2.872313022613525391e+00	2.908994436264038086e+00	2.939425706863403320e+00	2.931758880615234375e+00	2.901019573211669922e+00	2.871773242950439453e+00	2.850653886795043945e+00	2.836138010025024414e+00	2.826102495193481445e+00	2.819485664367675781e+00	2.815872430801391602e+00	2.814893484115600586e+00	2.815872669219970703e+00	2.817691087722778320e+00	2.819555521011352539e+00	2.821443796157836914e+00	2.823183774948120117e+00	2.824230909347534180e+00	2.823655128479003906e+00	2.821153163909912109e+00	2.817970037460327148e+00	2.815645694732666016e+00	2.814821004867553711e+00	2.815364837646484375e+00	2.816550254821777344e+00	2.817023992538452148e+00	2.815937995910644531e+00	2.814379692077636719e+00	2.813788890838623047e+00	2.814574718475341797e+00	2.816564083099365234e+00	2.819400310516357422e+00	2.823315143585205078e+00	2.830087184906005859e+00	2.842505693435668945e+00	2.862491607666015625e+00	2.890746116638183594e+00	2.927541494369506836e+00	2.970723390579223633e+00	3.002635002136230469e+00	2.989938497543334961e+00	2.953267812728881836e+00	2.917421579360961914e+00	2.888042449951171875e+00	2.865373611450195312e+00	2.848639011383056641e+00	2.836657762527465820e+00	2.827945709228515625e+00	2.821296215057373047e+00	2.816705226898193359e+00	2.814681768417358398e+00	2.815291881561279297e+00	2.817624092102050781e+00	2.819488048553466797e+00	2.819020509719848633e+00	2.817123174667358398e+00	2.816117763519287109e+00	2.817446470260620117e+00	2.821323871612548828e+00	2.826759576797485352e+00	2.831645011901855469e+00	2.833890438079833984e+00	2.832788944244384766e+00	2.829127073287963867e+00	2.824266910552978516e+00	2.819517374038696289e+00	2.816056013107299805e+00	2.814877748489379883e+00	2.816690206527709961e+00
2.823120117187500000e+00	2.832624197006225586e+00	2.848104476928710938e+00	2.873006582260131836e+00	2.909144878387451172e+00	2.938569068908691406e+00	2.930888891220092773e+00	2.900113582611083984e+00	2.871201515197753906e+00	2.850359439849853516e+00	2.835961341857910156e+00	2.825959444046020508e+00	2.819340944290161133e+00	2.815712690353393555e+00	2.814761638641357422e+00	2.815889596939086914e+00	2.818071842193603516e+00	2.820316076278686523e+00	2.822322368621826172e+00	2.824108123779296875e+00	2.825214624404907227e+00	2.824644327163696289e+00	2.822082519531250000e+00	2.818860530853271484e+00	2.816501617431640625e+00	2.815519571304321289e+00	2.815883159637451172e+00	2.816969633102416992e+00	2.817408084869384766e+00	2.816347599029541016e+00	2.814883232116699219e+00	2.814480543136596680e+00	2.815526485443115234e+00	2.817624807357788086e+00	2.820473670959472656e+00	2.824552536010742188e+00	2.831737041473388672e+00	2.844699144363403320e+00	2.865006685256958008e+00	2.893294095993041992e+00	2.930076122283935547e+00	2.972996950149536133e+00	3.004606485366821289e+00	2.991586446762084961e+00	2.953214168548583984e+00	2.915002584457397461e+00	2.883795976638793945e+00	2.860516071319580078e+00	2.844365119934082031e+00	2.833460569381713867e+00	2.825724601745605469e+00	2.819773435592651367e+00	2.815647840499877930e+00	2.813947200775146484e+00	2.814784765243530273e+00	2.817344665527343750e+00	2.819697141647338867e+00	2.819910287857055664e+00	2.818452119827270508e+00	2.817686796188354492e+00	2.819152116775512695e+00	2.823054552078247070e+00	2.828454494476318359e+00	2.833353757858276367e+00	2.835684776306152344e+00	2.834659099578857422e+00	2.831001996994018555e+00	2.826094150543212891e+00	2.821288347244262695e+00	2.817732095718383789e+00	2.816372871398925781e+00	2.817960023880004883e+00
2.822097778320312500e+00	2.831612348556518555e+00	2.847171068191528320e+00	2.872219562530517578e+00	2.907988071441650391e+00	2.935657978057861328e+00	2.928893566131591797e+00	2.899106979370117188e+00	2.870173215866088867e+00	2.849068641662597656e+00	2.834484815597534180e+00	2.824545860290527344e+00	2.818248987197875977e+00	2.814901828765869141e+00	2.813739299774169922e+00	2.814359903335571289e+00	2.816272020339965820e+00	2.818633317947387695e+00	2.820955753326416016e+00	2.823080778121948242e+00	2.824454784393310547e+00	2.824022054672241211e+00	2.821403741836547852e+00	2.817929267883300781e+00	2.815330743789672852e+00	2.814319849014282227e+00	2.814717769622802734e+00	2.815781354904174805e+00	2.816189289093017578e+00	2.815149784088134766e+00	2.813724994659423828e+00	2.813245058059692383e+00	2.813929796218872070e+00	2.815560102462768555e+00	2.818134069442749023e+00	2.822143554687500000e+00	2.829206466674804688e+00	2.841657876968383789e+00	2.861452102661132812e+00	2.889808416366577148e+00	2.927020788192749023e+00	2.970681905746459961e+00	3.002720594406127930e+00	2.989132642745971680e+00	2.950914382934570312e+00	2.912973880767822266e+00	2.881828308105468750e+00	2.858266592025756836e+00	2.841729164123535156e+00	2.830867290496826172e+00	2.823547840118408203e+00	2.818076848983764648e+00	2.814321041107177734e+00	2.812808513641357422e+00	2.813497066497802734e+00	2.815466880798339844e+00	2.817213058471679688e+00	2.817412853240966797e+00	2.816477537155151367e+00	2.816160440444946289e+00	2.817850351333618164e+00	2.821882724761962891e+00	2.827299118041992188e+00	2.832087039947509766e+00	2.834301471710205078e+00	2.833247423171997070e+00	2.829632043838500977e+00	2.824793577194213867e+00	2.820073604583740234e+00	2.816604614257812500e+00	2.815311431884765625e+00	2.816931486129760742e+00
2.819372892379760742e+00	2.829437971115112305e+00	2.845667600631713867e+00	2.871400356292724609e+00	2.907837629318237305e+00	2.935003757476806641e+00	2.928043842315673828e+00	2.898799896240234375e+00	2.870022296905517578e+00	2.848884105682373047e+00	2.834090471267700195e+00	2.823642969131469727e+00	2.816573858261108398e+00	2.812507629394531250e+00	2.811001062393188477e+00	2.811457633972167969e+00	2.813302755355834961e+00	2.815613031387329102e+00	2.817438125610351562e+00	2.819148778915405273e+00	2.820432901382446289e+00	2.820347070693969727e+00	2.818498134613037109e+00	2.815602540969848633e+00	2.813413381576538086e+00	2.813072919845581055e+00	2.814340591430664062e+00	2.816183090209960938e+00	2.817000389099121094e+00	2.815917730331420898e+00	2.814123868942260742e+00	2.813144207000732422e+00	2.813491582870483398e+00	2.815053462982177734e+00	2.817458152770996094e+00	2.820727825164794922e+00	2.826350450515747070e+00	2.837129354476928711e+00	2.855403900146484375e+00	2.882706403732299805e+00	2.919840812683105469e+00	2.964690923690795898e+00	2.997835397720336914e+00	2.983434915542602539e+00	2.944453477859497070e+00	2.906370162963867188e+00	2.875556945800781250e+00	2.852622985839843750e+00	2.836933612823486328e+00	2.826947450637817383e+00	2.820388793945312500e+00	2.815568447113037109e+00	2.812288284301757812e+00	2.810781717300415039e+00	2.811137676239013672e+00	2.812824726104736328e+00	2.814151763916015625e+00	2.813766479492187500e+00	2.812413930892944336e+00	2.812053918838500977e+00	2.813929557800292969e+00	2.818053245544433594e+00	2.823337078094482422e+00	2.827911853790283203e+00	2.830090284347534180e+00	2.829349994659423828e+00	2.826344013214111328e+00	2.822169780731201172e+00	2.817537546157836914e+00	2.813679218292236328e+00	2.812180757522583008e+00	2.813875913619995117e+00
2.818498134613037109e+00	2.828774690628051758e+00	2.845145225524902344e+00	2.870882987976074219e+00	2.907150745391845703e+00	2.934485673904418945e+00	2.927930831909179688e+00	2.898600339889526367e+00	2.869720935821533203e+00	2.848523139953613281e+00	2.833726644515991211e+00	2.823259830474853516e+00	2.816059350967407227e+00	2.811794996261596680e+00	2.810205221176147461e+00	2.810731410980224609e+00	2.812642335891723633e+00	2.814996242523193359e+00	2.817063331604003906e+00	2.818881988525390625e+00	2.820151567459106445e+00	2.819996595382690430e+00	2.818041086196899414e+00	2.815053939819335938e+00	2.812749385833740234e+00	2.812482833862304688e+00	2.813996315002441406e+00	2.816076517105102539e+00	2.817112207412719727e+00	2.816376686096191406e+00	2.815053701400756836e+00	2.814477205276489258e+00	2.814993143081665039e+00	2.816448688507080078e+00	2.818560123443603516e+00	2.821484804153442383e+00	2.826751947402954102e+00	2.837213277816772461e+00	2.855363130569458008e+00	2.882755756378173828e+00	2.920105457305908203e+00	2.965024948120117188e+00	2.997636556625366211e+00	2.982463121414184570e+00	2.942794322967529297e+00	2.904255151748657227e+00	2.873343706130981445e+00	2.850632429122924805e+00	2.835367679595947266e+00	2.825911283493041992e+00	2.819832324981689453e+00	2.815111398696899414e+00	2.811519145965576172e+00	2.809861898422241211e+00	2.810429573059082031e+00	2.812406539916992188e+00	2.813924551010131836e+00	2.813572168350219727e+00	2.812118768692016602e+00	2.811575412750244141e+00	2.813230991363525391e+00	2.817111968994140625e+00	2.822118997573852539e+00	2.826382637023925781e+00	2.828245878219604492e+00	2.827239990234375000e+00	2.824073791503906250e+00	2.819928407669067383e+00	2.815778493881225586e+00	2.812407016754150391e+00	2.811017990112304688e+00	2.812808513641357422e+00
2.818631172180175781e+00	2.828657627105712891e+00	2.844799041748046875e+00	2.870387792587280273e+00	2.906665563583374023e+00	2.934176683425903320e+00	2.927870035171508789e+00	2.898531436920166016e+00	2.869429349899291992e+00	2.848112583160400391e+00	2.833351850509643555e+00	2.822964429855346680e+00	2.815758228302001953e+00	2.811354160308837891e+00	2.809554815292358398e+00	2.809932708740234375e+00	2.811818361282348633e+00	2.814463853836059570e+00	2.817147016525268555e+00	2.819301128387451172e+00	2.820438861846923828e+00	2.819708108901977539e+00	2.817060947418212891e+00	2.813961505889892578e+00	2.811995744705200195e+00	2.811888933181762695e+00	2.813204765319824219e+00	2.814656496047973633e+00	2.814996719360351562e+00	2.813808202743530273e+00	2.812198400497436523e+00	2.811378240585327148e+00	2.811674118041992188e+00	2.813032865524291992e+00	2.815386772155761719e+00	2.819046497344970703e+00	2.825518608093261719e+00	2.837228059768676758e+00	2.856282234191894531e+00	2.884157657623291016e+00	2.921572208404541016e+00	2.966144323348999023e+00	2.998014688491821289e+00	2.982309103012084961e+00	2.943067073822021484e+00	2.905017375946044922e+00	2.874268531799316406e+00	2.851441383361816406e+00	2.835963487625122070e+00	2.826241254806518555e+00	2.819847345352172852e+00	2.815056324005126953e+00	2.811684131622314453e+00	2.810166120529174805e+00	2.810680866241455078e+00	2.812687635421752930e+00	2.814587593078613281e+00	2.814626932144165039e+00	2.813289642333984375e+00	2.812692642211914062e+00	2.814060688018798828e+00	2.817480087280273438e+00	2.822099685668945312e+00	2.826279163360595703e+00	2.828264951705932617e+00	2.827297449111938477e+00	2.824004173278808594e+00	2.819647789001464844e+00	2.815413475036621094e+00	2.812272310256958008e+00	2.811201572418212891e+00	2.813087224960327148e+00
2.818218469619750977e+00	2.827474117279052734e+00	2.842902898788452148e+00	2.867935895919799805e+00	2.903261899948120117e+00	2.930455446243286133e+00	2.926156759262084961e+00	2.897495269775390625e+00	2.868322849273681641e+00	2.847057819366455078e+00	2.832550525665283203e+00	2.822425842285156250e+00	2.815378427505493164e+00	2.811133384704589844e+00	2.809517621994018555e+00	2.810051918029785156e+00	2.812029838562011719e+00	2.814681529998779297e+00	2.817363262176513672e+00	2.819551467895507812e+00	2.820661306381225586e+00	2.820030927658081055e+00	2.817717552185058594e+00	2.814996480941772461e+00	2.813198089599609375e+00	2.812723636627197266e+00	2.813233137130737305e+00	2.814007520675659180e+00	2.814107894897460938e+00	2.813075542449951172e+00	2.811586856842041016e+00	2.810677528381347656e+00	2.810853004455566406e+00	2.812152147293090820e+00	2.814647436141967773e+00	2.818920135498046875e+00	2.826499700546264648e+00	2.839345216751098633e+00	2.859135627746582031e+00	2.887395381927490234e+00	2.924803256988525391e+00	2.968986511230468750e+00	3.000596046447753906e+00	2.985650539398193359e+00	2.947323560714721680e+00	2.909885406494140625e+00	2.879395961761474609e+00	2.856374979019165039e+00	2.840088844299316406e+00	2.829194068908691406e+00	2.821774482727050781e+00	2.816323757171630859e+00	2.812618494033813477e+00	2.810937643051147461e+00	2.811180114746093750e+00	2.812727451324462891e+00	2.814105987548828125e+00	2.814146280288696289e+00	2.813275337219238281e+00	2.812903881072998047e+00	2.814213752746582031e+00	2.817527055740356445e+00	2.822111368179321289e+00	2.826430797576904297e+00	2.828716516494750977e+00	2.828041553497314453e+00	2.824861288070678711e+00	2.820396423339843750e+00	2.815944433212280273e+00	2.812659502029418945e+00	2.811509370803833008e+00	2.813189506530761719e+00
2.821487903594970703e+00	2.831243991851806641e+00	2.846895217895507812e+00	2.871709585189819336e+00	2.906580686569213867e+00	2.933380842208862305e+00	2.927447795867919922e+00	2.898394346237182617e+00	2.869880437850952148e+00	2.849190711975097656e+00	2.834765434265136719e+00	2.824527502059936523e+00	2.817488908767700195e+00	2.813390731811523438e+00	2.812049388885498047e+00	2.812883377075195312e+00	2.815011024475097656e+00	2.817618370056152344e+00	2.820230007171630859e+00	2.822579622268676758e+00	2.824191808700561523e+00	2.824148178100585938e+00	2.821874618530273438e+00	2.818223237991333008e+00	2.815269470214843750e+00	2.814185142517089844e+00	2.814900636672973633e+00	2.816551923751831055e+00	2.817327022552490234e+00	2.815782546997070312e+00	2.813255071640014648e+00	2.811803579330444336e+00	2.812067508697509766e+00	2.813908815383911133e+00	2.817062139511108398e+00	2.821601152420043945e+00	2.828893661499023438e+00	2.841482877731323242e+00	2.861521005630493164e+00	2.890229701995849609e+00	2.927977800369262695e+00	2.972465276718139648e+00	3.005096673965454102e+00	2.990866184234619141e+00	2.952300310134887695e+00	2.914014577865600586e+00	2.882399320602416992e+00	2.858347892761230469e+00	2.841472625732421875e+00	2.830346822738647461e+00	2.822787284851074219e+00	2.817185878753662109e+00	2.813380956649780273e+00	2.811816215515136719e+00	2.812604665756225586e+00	2.814877748489379883e+00	2.816538095474243164e+00	2.816111087799072266e+00	2.814591884613037109e+00	2.814125776290893555e+00	2.816030502319335938e+00	2.820297956466674805e+00	2.825715065002441406e+00	2.830293416976928711e+00	2.832314968109130859e+00	2.831308364868164062e+00	2.827980041503906250e+00	2.823487281799316406e+00	2.818997144699096680e+00	2.815614938735961914e+00	2.814365148544311523e+00	2.816099405288696289e+00
2.817882061004638672e+00	2.828096866607666016e+00	2.844652414321899414e+00	2.871131181716918945e+00	2.908474445343017578e+00	2.933861970901489258e+00	2.925912141799926758e+00	2.896461248397827148e+00	2.867321968078613281e+00	2.845911264419555664e+00	2.830991983413696289e+00	2.820484399795532227e+00	2.813339471817016602e+00	2.809211254119873047e+00	2.807810544967651367e+00	2.808533191680908203e+00	2.810572624206542969e+00	2.813222646713256836e+00	2.816069602966308594e+00	2.818783044815063477e+00	2.820641279220581055e+00	2.820385456085205078e+00	2.817464351654052734e+00	2.813453197479248047e+00	2.810420989990234375e+00	2.809250593185424805e+00	2.810144662857055664e+00	2.812379360198974609e+00	2.813827276229858398e+00	2.812722921371459961e+00	2.810303688049316406e+00	2.808516502380371094e+00	2.807929039001464844e+00	2.808993816375732422e+00	2.812116146087646484e+00	2.817414999008178711e+00	2.825773954391479492e+00	2.839098215103149414e+00	2.859143257141113281e+00	2.887254476547241211e+00	2.924317836761474609e+00	2.968379497528076172e+00	3.000559806823730469e+00	2.986229181289672852e+00	2.947568655014038086e+00	2.909012556076049805e+00	2.877303600311279297e+00	2.853384017944335938e+00	2.836793422698974609e+00	2.825906753540039062e+00	2.818352699279785156e+00	2.812568426132202148e+00	2.808559656143188477e+00	2.806949615478515625e+00	2.807866811752319336e+00	2.810491561889648438e+00	2.812890291213989258e+00	2.813279628753662109e+00	2.811920642852783203e+00	2.810822486877441406e+00	2.811645030975341797e+00	2.814704179763793945e+00	2.819161176681518555e+00	2.823300361633300781e+00	2.825440883636474609e+00	2.824934720993041992e+00	2.822318553924560547e+00	2.818591356277465820e+00	2.814725875854492188e+00	2.811699151992797852e+00	2.810555219650268555e+00	2.812321662902832031e+00
2.812114953994750977e+00	2.822684764862060547e+00	2.840060949325561523e+00	2.867760419845581055e+00	2.906284570693969727e+00	2.932120084762573242e+00	2.923905134201049805e+00	2.893927335739135742e+00	2.864253759384155273e+00	2.842417478561401367e+00	2.827267885208129883e+00	2.816710472106933594e+00	2.809552431106567383e+00	2.805288314819335938e+00	2.803627252578735352e+00	2.804062128067016602e+00	2.805808782577514648e+00	2.808120965957641602e+00	2.810580492019653320e+00	2.812877893447875977e+00	2.814295291900634766e+00	2.813658475875854492e+00	2.810716390609741211e+00	2.806988954544067383e+00	2.804247140884399414e+00	2.803415536880493164e+00	2.804620981216430664e+00	2.807039499282836914e+00	2.808596849441528320e+00	2.807606458663940430e+00	2.805152416229248047e+00	2.803184270858764648e+00	2.802728414535522461e+00	2.804164648056030273e+00	2.807488918304443359e+00	2.812639474868774414e+00	2.820492982864379883e+00	2.833013534545898438e+00	2.852158546447753906e+00	2.879474878311157227e+00	2.915799856185913086e+00	2.958714008331298828e+00	2.989152193069458008e+00	2.976462841033935547e+00	2.938860893249511719e+00	2.900491476058959961e+00	2.868950128555297852e+00	2.845298528671264648e+00	2.828902244567871094e+00	2.818264961242675781e+00	2.811084985733032227e+00	2.805678606033325195e+00	2.801982164382934570e+00	2.800436496734619141e+00	2.801046609878540039e+00	2.803030729293823242e+00	2.804676532745361328e+00	2.804719686508178711e+00	2.803971052169799805e+00	2.804103136062622070e+00	2.805980920791625977e+00	2.809475183486938477e+00	2.813650608062744141e+00	2.816930770874023438e+00	2.818037033081054688e+00	2.816946744918823242e+00	2.814454317092895508e+00	2.811347484588623047e+00	2.808269023895263672e+00	2.805862665176391602e+00	2.804912328720092773e+00	2.806572437286376953e+00
2.800259113311767578e+00	2.811548471450805664e+00	2.830255270004272461e+00	2.859606504440307617e+00	2.899420976638793945e+00	2.924844980239868164e+00	2.914447784423828125e+00	2.882043361663818359e+00	2.850547313690185547e+00	2.827594041824340820e+00	2.812297105789184570e+00	2.802603244781494141e+00	2.796720504760742188e+00	2.793395519256591797e+00	2.792214870452880859e+00	2.792907953262329102e+00	2.794601917266845703e+00	2.796371459960937500e+00	2.797842741012573242e+00	2.798789024353027344e+00	2.798654317855834961e+00	2.797722816467285156e+00	2.796543836593627930e+00	2.795858621597290039e+00	2.795893907546997070e+00	2.796284198760986328e+00	2.796313285827636719e+00	2.795970201492309570e+00	2.795552492141723633e+00	2.795042514801025391e+00	2.794584512710571289e+00	2.794258832931518555e+00	2.794091224670410156e+00	2.794155359268188477e+00	2.795586824417114258e+00	2.799567461013793945e+00	2.806938886642456055e+00	2.818800210952758789e+00	2.836423635482788086e+00	2.861139059066772461e+00	2.894097328186035156e+00	2.933959245681762695e+00	2.964209318161010742e+00	2.955309629440307617e+00	2.922293186187744141e+00	2.887722253799438477e+00	2.858630180358886719e+00	2.835905551910400391e+00	2.819014072418212891e+00	2.807152986526489258e+00	2.799517154693603516e+00	2.795222043991088867e+00	2.793191671371459961e+00	2.792284011840820312e+00	2.792023897171020508e+00	2.792260408401489258e+00	2.792736291885375977e+00	2.793322086334228516e+00	2.793889522552490234e+00	2.794524908065795898e+00	2.795425891876220703e+00	2.796786308288574219e+00	2.798630237579345703e+00	2.800516843795776367e+00	2.801785945892333984e+00	2.801981449127197266e+00	2.800875425338745117e+00	2.798531532287597656e+00	2.795695304870605469e+00	2.793339252471923828e+00	2.792544126510620117e+00	2.794425964355468750e+00
2.780362606048583984e+00	2.781505823135375977e+00	2.780428409576416016e+00	2.777538776397705078e+00	2.773948192596435547e+00	2.771076679229736328e+00	2.769281625747680664e+00	2.768105268478393555e+00	2.767217874526977539e+00	2.766909599304199219e+00	2.767334938049316406e+00	2.768162727355957031e+00	2.768776893615722656e+00	2.768886089324951172e+00	2.768832206726074219e+00	2.769092321395874023e+00	2.769957780838012695e+00	2.771510601043701172e+00	2.773761510848999023e+00	2.776672840118408203e+00	2.778854131698608398e+00	2.779096364974975586e+00	2.778714895248413086e+00	2.777584075927734375e+00	2.775631666183471680e+00	2.773900985717773438e+00	2.773125410079956055e+00	2.772837638854980469e+00	2.772551536560058594e+00	2.772937536239624023e+00	2.774310350418090820e+00	2.776153564453125000e+00	2.778086662292480469e+00	2.779879093170166016e+00	2.781148910522460938e+00	2.781573057174682617e+00	2.780980825424194336e+00	2.779764413833618164e+00	2.778314590454101562e+00	2.776097536087036133e+00	2.773419618606567383e+00	2.771318912506103516e+00	2.770519018173217773e+00	2.771736383438110352e+00	2.775410890579223633e+00	2.781411409378051758e+00	2.789084434509277344e+00	2.796755313873291016e+00	2.802078485488891602e+00	2.803420782089233398e+00	2.801347732543945312e+00	2.797732591629028320e+00	2.793376207351684570e+00	2.788372993469238281e+00	2.783222198486328125e+00	2.779872179031372070e+00	2.779449462890625000e+00	2.779053688049316406e+00	2.776834487915039062e+00	2.775230169296264648e+00	2.774811744689941406e+00	2.775236368179321289e+00	2.775870561599731445e+00	2.776439666748046875e+00	2.777126312255859375e+00	2.778002023696899414e+00	2.778885364532470703e+00	2.779486179351806641e+00	2.779358625411987305e+00	2.778614044189453125e+00	2.778206348419189453e+00	2.778730392456054688e+00
2.783190727233886719e+00	2.786854743957519531e+00	2.787941694259643555e+00	2.786454439163208008e+00	2.784590005874633789e+00	2.782941341400146484e+00	2.781348705291748047e+00	2.779036998748779297e+00	2.775761604309082031e+00	2.772726774215698242e+00	2.770990133285522461e+00	2.770654201507568359e+00	2.771070957183837891e+00	2.771319389343261719e+00	2.771084308624267578e+00	2.770314455032348633e+00	2.769412994384765625e+00	2.769260644912719727e+00	2.770084381103515625e+00	2.771400451660156250e+00	2.772488355636596680e+00	2.773020505905151367e+00	2.772953033447265625e+00	2.772277832031250000e+00	2.771416425704956055e+00	2.770887613296508789e+00	2.771019935607910156e+00	2.771965503692626953e+00	2.773407697677612305e+00	2.775110960006713867e+00	2.776905536651611328e+00	2.777484893798828125e+00	2.776553630828857422e+00	2.776018619537353516e+00	2.776634693145751953e+00	2.778112411499023438e+00	2.778777599334716797e+00	2.779463529586791992e+00	2.781627178192138672e+00	2.785705327987670898e+00	2.789512395858764648e+00	2.792353868484497070e+00	2.795358419418334961e+00	2.798262119293212891e+00	2.800771474838256836e+00	2.802209377288818359e+00	2.802350521087646484e+00	2.800972700119018555e+00	2.798088312149047852e+00	2.794114589691162109e+00	2.789855718612670898e+00	2.785976171493530273e+00	2.782139778137207031e+00	2.778064250946044922e+00	2.774457693099975586e+00	2.772170543670654297e+00	2.771533012390136719e+00	2.772303342819213867e+00	2.771893262863159180e+00	2.771679401397705078e+00	2.772745609283447266e+00	2.774454355239868164e+00	2.776559829711914062e+00	2.778604269027709961e+00	2.779715776443481445e+00	2.779696464538574219e+00	2.779177665710449219e+00	2.778698921203613281e+00	2.778275966644287109e+00	2.777935028076171875e+00	2.778334617614746094e+00	2.780039072036743164e+00
2.794228315353393555e+00	2.799632310867309570e+00	2.805625915527343750e+00	2.810111522674560547e+00	2.815072774887084961e+00	2.820058107376098633e+00	2.819774150848388672e+00	2.814025163650512695e+00	2.805969953536987305e+00	2.798167228698730469e+00	2.791902542114257812e+00	2.787465572357177734e+00	2.784810543060302734e+00	2.783797979354858398e+00	2.783771276473999023e+00	2.783787965774536133e+00	2.783128023147583008e+00	2.782238006591796875e+00	2.781379461288452148e+00	2.780668735504150391e+00	2.780608654022216797e+00	2.781332015991210938e+00	2.782355308532714844e+00	2.782625436782836914e+00	2.782534837722778320e+00	2.782819271087646484e+00	2.783596754074096680e+00	2.784888267517089844e+00	2.786382436752319336e+00	2.787611484527587891e+00	2.788030385971069336e+00	2.787272214889526367e+00	2.784616708755493164e+00	2.782552957534790039e+00	2.782729625701904297e+00	2.785585880279541016e+00	2.791259050369262695e+00	2.799792051315307617e+00	2.811349630355834961e+00	2.825486183166503906e+00	2.840404987335205078e+00	2.854568719863891602e+00	2.865207195281982422e+00	2.867998600006103516e+00	2.861403942108154297e+00	2.848821640014648438e+00	2.834459304809570312e+00	2.820719957351684570e+00	2.809006214141845703e+00	2.799828052520751953e+00	2.792759418487548828e+00	2.787147045135498047e+00	2.782625436782836914e+00	2.779283285140991211e+00	2.777344226837158203e+00	2.776792764663696289e+00	2.777667522430419922e+00	2.780167102813720703e+00	2.783032894134521484e+00	2.784109115600585938e+00	2.784962654113769531e+00	2.786423444747924805e+00	2.788432836532592773e+00	2.790564775466918945e+00	2.791916370391845703e+00	2.792592525482177734e+00	2.793802499771118164e+00	2.795173406600952148e+00	2.794967174530029297e+00	2.792881488800048828e+00	2.791143178939819336e+00	2.791379928588867188e+00
2.798847675323486328e+00	2.799406290054321289e+00	2.803977012634277344e+00	2.808816909790039062e+00	2.812739133834838867e+00	2.816351890563964844e+00	2.817760229110717773e+00	2.815387725830078125e+00	2.809142827987670898e+00	2.802058458328247070e+00	2.796333551406860352e+00	2.792299509048461914e+00	2.789961814880371094e+00	2.789239883422851562e+00	2.789693117141723633e+00	2.790439844131469727e+00	2.790617942810058594e+00	2.789966821670532227e+00	2.788619279861450195e+00	2.787020683288574219e+00	2.786213874816894531e+00	2.787158012390136719e+00	2.790035247802734375e+00	2.794096231460571289e+00	2.798424959182739258e+00	2.801916599273681641e+00	2.803668498992919922e+00	2.804116725921630859e+00	2.802788257598876953e+00	2.799219131469726562e+00	2.795104026794433594e+00	2.791256904602050781e+00	2.787705183029174805e+00	2.785882234573364258e+00	2.786597013473510742e+00	2.790008783340454102e+00	2.796087026596069336e+00	2.804809331893920898e+00	2.816185474395751953e+00	2.829906702041625977e+00	2.845003366470336914e+00	2.859574556350708008e+00	2.870340108871459961e+00	2.873423099517822266e+00	2.867500782012939453e+00	2.855389118194580078e+00	2.841542720794677734e+00	2.829424858093261719e+00	2.821222543716430664e+00	2.817405223846435547e+00	2.812992334365844727e+00	2.803000688552856445e+00	2.792638063430786133e+00	2.785500526428222656e+00	2.782292604446411133e+00	2.782081604003906250e+00	2.783858299255371094e+00	2.786837100982666016e+00	2.789735078811645508e+00	2.791328430175781250e+00	2.791423320770263672e+00	2.790897369384765625e+00	2.790999650955200195e+00	2.792648315429687500e+00	2.796570301055908203e+00	2.804053783416748047e+00	2.816135168075561523e+00	2.831293582916259766e+00	2.840178728103637695e+00	2.831283807754516602e+00	2.815730094909667969e+00	2.804041385650634766e+00
2.809583902359008789e+00	2.811697721481323242e+00	2.816442489624023438e+00	2.821230888366699219e+00	2.824889659881591797e+00	2.826414585113525391e+00	2.824271440505981445e+00	2.819543600082397461e+00	2.814036607742309570e+00	2.807237625122070312e+00	2.801371335983276367e+00	2.797520637512207031e+00	2.795508861541748047e+00	2.795017242431640625e+00	2.795596122741699219e+00	2.796619892120361328e+00	2.797349929809570312e+00	2.797210454940795898e+00	2.796197414398193359e+00	2.794964075088500977e+00	2.794667482376098633e+00	2.796056270599365234e+00	2.799104928970336914e+00	2.803169965744018555e+00	2.806915998458862305e+00	2.808723926544189453e+00	2.808614492416381836e+00	2.807630538940429688e+00	2.805416107177734375e+00	2.801654338836669922e+00	2.797823905944824219e+00	2.795079946517944336e+00	2.793929338455200195e+00	2.794574260711669922e+00	2.796814918518066406e+00	2.800303459167480469e+00	2.805086612701416016e+00	2.811689376831054688e+00	2.821115255355834961e+00	2.834207534790039062e+00	2.850638151168823242e+00	2.868683099746704102e+00	2.885106801986694336e+00	2.895000457763671875e+00	2.893811702728271484e+00	2.882194519042968750e+00	2.866042613983154297e+00	2.850686311721801758e+00	2.839391231536865234e+00	2.832008361816406250e+00	2.824288606643676758e+00	2.813612222671508789e+00	2.801663160324096680e+00	2.793184518814086914e+00	2.789078235626220703e+00	2.788628578186035156e+00	2.790718793869018555e+00	2.794173955917358398e+00	2.797955036163330078e+00	2.801319360733032227e+00	2.803606033325195312e+00	2.804615497589111328e+00	2.805199623107910156e+00	2.805846929550170898e+00	2.807480335235595703e+00	2.811164379119873047e+00	2.817248582839965820e+00	2.824782371520996094e+00	2.830974340438842773e+00	2.830705165863037109e+00	2.820686101913452148e+00	2.812330961227416992e+00
2.831159353256225586e+00	2.829432010650634766e+00	2.823578834533691406e+00	2.816193342208862305e+00	2.810464143753051758e+00	2.806715011596679688e+00	2.804363012313842773e+00	2.803069829940795898e+00	2.802708625793457031e+00	2.803098201751708984e+00	2.803680658340454102e+00	2.803847074508666992e+00	2.803720235824584961e+00	2.803446769714355469e+00	2.802942514419555664e+00	2.802114248275756836e+00	2.800860881805419922e+00	2.799323558807373047e+00	2.798105239868164062e+00	2.797873735427856445e+00	2.799314260482788086e+00	2.803167104721069336e+00	2.809336662292480469e+00	2.816552162170410156e+00	2.821889877319335938e+00	2.822906017303466797e+00	2.820802211761474609e+00	2.817512512207031250e+00	2.813605546951293945e+00	2.808866024017333984e+00	2.803764820098876953e+00	2.800047159194946289e+00	2.798651695251464844e+00	2.799483776092529297e+00	2.801802635192871094e+00	2.804440498352050781e+00	2.806494474411010742e+00	2.808141231536865234e+00	2.810863971710205078e+00	2.816339492797851562e+00	2.825227737426757812e+00	2.837258815765380859e+00	2.851626396179199219e+00	2.867342710494995117e+00	2.882856369018554688e+00	2.895229816436767578e+00	2.901543855667114258e+00	2.900577306747436523e+00	2.893051862716674805e+00	2.880670309066772461e+00	2.864055633544921875e+00	2.844269990921020508e+00	2.825035095214843750e+00	2.809886693954467773e+00	2.800002813339233398e+00	2.795373678207397461e+00	2.795202732086181641e+00	2.797905206680297852e+00	2.801616907119750977e+00	2.804959535598754883e+00	2.807069778442382812e+00	2.807616472244262695e+00	2.807178020477294922e+00	2.806986093521118164e+00	2.808558464050292969e+00	2.813802480697631836e+00	2.824419975280761719e+00	2.839534759521484375e+00	2.852127552032470703e+00	2.847247600555419922e+00	2.836460590362548828e+00	2.831730365753173828e+00
2.832161903381347656e+00	2.833043575286865234e+00	2.827705144882202148e+00	2.819071531295776367e+00	2.812002182006835938e+00	2.807723045349121094e+00	2.805900335311889648e+00	2.806188106536865234e+00	2.807325839996337891e+00	2.806254386901855469e+00	2.804467439651489258e+00	2.803705453872680664e+00	2.803416013717651367e+00	2.803011417388916016e+00	2.802376747131347656e+00	2.801475048065185547e+00	2.800031900405883789e+00	2.798188686370849609e+00	2.796955585479736328e+00	2.797394275665283203e+00	2.799860000610351562e+00	2.803901433944702148e+00	2.808634281158447266e+00	2.813058614730834961e+00	2.815192699432373047e+00	2.813925266265869141e+00	2.811388254165649414e+00	2.809484243392944336e+00	2.808954477310180664e+00	2.809907674789428711e+00	2.809556245803833008e+00	2.805747509002685547e+00	2.802912235260009766e+00	2.802261114120483398e+00	2.802878618240356445e+00	2.803385496139526367e+00	2.802977561950683594e+00	2.802268981933593750e+00	2.802832841873168945e+00	2.806215524673461914e+00	2.813338279724121094e+00	2.824121952056884766e+00	2.837579011917114258e+00	2.852332115173339844e+00	2.867196321487426758e+00	2.881634235382080078e+00	2.894639253616333008e+00	2.903362274169921875e+00	2.904940128326416016e+00	2.898793220520019531e+00	2.886667966842651367e+00	2.870576381683349609e+00	2.852278470993041992e+00	2.834165573120117188e+00	2.818492412567138672e+00	2.807334899902343750e+00	2.801263809204101562e+00	2.799330711364746094e+00	2.800001859664916992e+00	2.801840066909790039e+00	2.803738832473754883e+00	2.805025100708007812e+00	2.806012868881225586e+00	2.807631969451904297e+00	2.809502124786376953e+00	2.812418222427368164e+00	2.819561243057250977e+00	2.830675125122070312e+00	2.836994171142578125e+00	2.832360267639160156e+00	2.828437566757202148e+00	2.829025030136108398e+00
2.836138010025024414e+00	2.849434614181518555e+00	2.852371692657470703e+00	2.842263936996459961e+00	2.831457614898681641e+00	2.823160171508789062e+00	2.816433191299438477e+00	2.811078548431396484e+00	2.807253122329711914e+00	2.804289579391479492e+00	2.801739215850830078e+00	2.799700498580932617e+00	2.798753738403320312e+00	2.799228906631469727e+00	2.800383090972900391e+00	2.801059246063232422e+00	2.800452709197998047e+00	2.798986434936523438e+00	2.797793865203857422e+00	2.797626495361328125e+00	2.798433065414428711e+00	2.799495935440063477e+00	2.800473213195800781e+00	2.801673889160156250e+00	2.802984952926635742e+00	2.803991317749023438e+00	2.805397033691406250e+00	2.808384180068969727e+00	2.813706636428833008e+00	2.820243597030639648e+00	2.820556163787841797e+00	2.811532020568847656e+00	2.804983139038085938e+00	2.801991939544677734e+00	2.800803899765014648e+00	2.800119400024414062e+00	2.799611330032348633e+00	2.800086021423339844e+00	2.802940607070922852e+00	2.809595108032226562e+00	2.820980548858642578e+00	2.836989402770996094e+00	2.855912923812866211e+00	2.874536514282226562e+00	2.889527559280395508e+00	2.899119853973388672e+00	2.903241157531738281e+00	2.901006221771240234e+00	2.892090082168579102e+00	2.878950595855712891e+00	2.865728139877319336e+00	2.852210998535156250e+00	2.836919546127319336e+00	2.822233200073242188e+00	2.810162305831909180e+00	2.802124023437500000e+00	2.798179864883422852e+00	2.797465801239013672e+00	2.798830986022949219e+00	2.801189184188842773e+00	2.803554058074951172e+00	2.805269479751586914e+00	2.806393861770629883e+00	2.807292699813842773e+00	2.807954311370849609e+00	2.808350086212158203e+00	2.809019327163696289e+00	2.810668945312500000e+00	2.812987565994262695e+00	2.815592527389526367e+00	2.818998813629150391e+00	2.824544429779052734e+00
2.834886074066162109e+00	2.850913763046264648e+00	2.855840921401977539e+00	2.845368862152099609e+00	2.833909273147583008e+00	2.824844360351562500e+00	2.817061185836791992e+00	2.810905933380126953e+00	2.806576490402221680e+00	2.803383588790893555e+00	2.800823211669921875e+00	2.799023389816284180e+00	2.798413991928100586e+00	2.799030542373657227e+00	2.800239086151123047e+00	2.801044702529907227e+00	2.800831794738769531e+00	2.799992322921752930e+00	2.799408674240112305e+00	2.799616813659667969e+00	2.800370216369628906e+00	2.800812721252441406e+00	2.800599098205566406e+00	2.800375699996948242e+00	2.800780773162841797e+00	2.801995992660522461e+00	2.804382801055908203e+00	2.808848857879638672e+00	2.816220760345458984e+00	2.823304176330566406e+00	2.819129467010498047e+00	2.810369968414306641e+00	2.804481267929077148e+00	2.801793336868286133e+00	2.800743818283081055e+00	2.800081729888916016e+00	2.799663543701171875e+00	2.800460577011108398e+00	2.803842067718505859e+00	2.810798645019531250e+00	2.821965694427490234e+00	2.837642192840576172e+00	2.856318235397338867e+00	2.874710083007812500e+00	2.889175415039062500e+00	2.897769451141357422e+00	2.900242805480957031e+00	2.896315574645996094e+00	2.886648178100585938e+00	2.873805761337280273e+00	2.860554933547973633e+00	2.847825288772583008e+00	2.835038900375366211e+00	2.822479009628295898e+00	2.811955213546752930e+00	2.804886817932128906e+00	2.801128149032592773e+00	2.799538850784301758e+00	2.799627780914306641e+00	2.800963640213012695e+00	2.802704811096191406e+00	2.804170370101928711e+00	2.805176973342895508e+00	2.805695056915283203e+00	2.805522680282592773e+00	2.804818391799926758e+00	2.804317951202392578e+00	2.804680109024047852e+00	2.805850982666015625e+00	2.807738542556762695e+00	2.811975479125976562e+00	2.820688962936401367e+00
2.822399377822875977e+00	2.831984996795654297e+00	2.833005905151367188e+00	2.826501846313476562e+00	2.818951129913330078e+00	2.811779022216796875e+00	2.805177450180053711e+00	2.799805879592895508e+00	2.795708656311035156e+00	2.792698621749877930e+00	2.790909290313720703e+00	2.790621042251586914e+00	2.792084455490112305e+00	2.795298099517822266e+00	2.799602508544921875e+00	2.803893089294433594e+00	2.807182550430297852e+00	2.808263063430786133e+00	2.806773662567138672e+00	2.803558588027954102e+00	2.799719095230102539e+00	2.796279907226562500e+00	2.793780326843261719e+00	2.792766094207763672e+00	2.793599128723144531e+00	2.795850515365600586e+00	2.799561738967895508e+00	2.805359363555908203e+00	2.812772750854492188e+00	2.816757917404174805e+00	2.809026718139648438e+00	2.800181865692138672e+00	2.794888973236083984e+00	2.792297840118408203e+00	2.791475534439086914e+00	2.791797161102294922e+00	2.792953014373779297e+00	2.794830560684204102e+00	2.797476053237915039e+00	2.802132129669189453e+00	2.809555530548095703e+00	2.819951057434082031e+00	2.832782268524169922e+00	2.845907449722290039e+00	2.856223106384277344e+00	2.861746549606323242e+00	2.862668991088867188e+00	2.859874486923217773e+00	2.854792356491088867e+00	2.849521875381469727e+00	2.845678806304931641e+00	2.843252897262573242e+00	2.841543674468994141e+00	2.840624809265136719e+00	2.840516090393066406e+00	2.840481281280517578e+00	2.838201761245727539e+00	2.832075595855712891e+00	2.823763847351074219e+00	2.815518140792846680e+00	2.808313846588134766e+00	2.802355527877807617e+00	2.797883987426757812e+00	2.795135974884033203e+00	2.794058084487915039e+00	2.794104814529418945e+00	2.795138120651245117e+00	2.797246694564819336e+00	2.799630880355834961e+00	2.801829099655151367e+00	2.805212974548339844e+00	2.811964511871337891e+00
2.814986467361450195e+00	2.814394712448120117e+00	2.812597513198852539e+00	2.810522317886352539e+00	2.808677196502685547e+00	2.807037591934204102e+00	2.805125474929809570e+00	2.803894996643066406e+00	2.804703235626220703e+00	2.808344125747680664e+00	2.815459966659545898e+00	2.825888872146606445e+00	2.837476015090942383e+00	2.846317529678344727e+00	2.850534200668334961e+00	2.850965499877929688e+00	2.849171161651611328e+00	2.844237327575683594e+00	2.835414409637451172e+00	2.825664043426513672e+00	2.817926406860351562e+00	2.812912940979003906e+00	2.810432434082031250e+00	2.810147523880004883e+00	2.811287641525268555e+00	2.812709808349609375e+00	2.813619136810302734e+00	2.813869714736938477e+00	2.813439369201660156e+00	2.812246084213256836e+00	2.810443401336669922e+00	2.808673143386840820e+00	2.807770013809204102e+00	2.808207988739013672e+00	2.810351848602294922e+00	2.814450025558471680e+00	2.820146560668945312e+00	2.827525138854980469e+00	2.837043523788452148e+00	2.846150875091552734e+00	2.845947742462158203e+00	2.833891153335571289e+00	2.817805767059326172e+00	2.806051492691040039e+00	2.800193309783935547e+00	2.799365520477294922e+00	2.802167177200317383e+00	2.807068109512329102e+00	2.812778472900390625e+00	2.819107770919799805e+00	2.827310562133789062e+00	2.839367151260375977e+00	2.856822967529296875e+00	2.879875421524047852e+00	2.906526327133178711e+00	2.931623220443725586e+00	2.948144197463989258e+00	2.950567722320556641e+00	2.936986923217773438e+00	2.912569999694824219e+00	2.885595560073852539e+00	2.859793186187744141e+00	2.838462114334106445e+00	2.823486566543579102e+00	2.814594745635986328e+00	2.810361623764038086e+00	2.809112548828125000e+00	2.809343338012695312e+00	2.810094356536865234e+00	2.810983657836914062e+00	2.812269210815429688e+00	2.813939809799194336e+00
2.818105697631835938e+00	2.818925142288208008e+00	2.818786382675170898e+00	2.817492246627807617e+00	2.815066099166870117e+00	2.812012910842895508e+00	2.809161424636840820e+00	2.807302474975585938e+00	2.807096242904663086e+00	2.809262037277221680e+00	2.814798593521118164e+00	2.824813842773437500e+00	2.839558362960815430e+00	2.854855537414550781e+00	2.862390041351318359e+00	2.864626407623291016e+00	2.866219282150268555e+00	2.865403890609741211e+00	2.857235431671142578e+00	2.844186305999755859e+00	2.831754922866821289e+00	2.822379350662231445e+00	2.816287517547607422e+00	2.813233852386474609e+00	2.812725543975830078e+00	2.813784360885620117e+00	2.815504312515258789e+00	2.817373991012573242e+00	2.819011688232421875e+00	2.820074319839477539e+00	2.820266008377075195e+00	2.819674015045166016e+00	2.818789005279541016e+00	2.817764759063720703e+00	2.815982818603515625e+00	2.814197063446044922e+00	2.814570665359497070e+00	2.818070888519287109e+00	2.824529170989990234e+00	2.832187175750732422e+00	2.836713314056396484e+00	2.830422639846801758e+00	2.817777395248413086e+00	2.808435201644897461e+00	2.804494380950927734e+00	2.805284976959228516e+00	2.809161663055419922e+00	2.814215898513793945e+00	2.819722175598144531e+00	2.826783895492553711e+00	2.837331056594848633e+00	2.853165864944458008e+00	2.875092506408691406e+00	2.902033567428588867e+00	2.929593324661254883e+00	2.949380397796630859e+00	2.953911066055297852e+00	2.942316532135009766e+00	2.919563770294189453e+00	2.892575740814208984e+00	2.866627693176269531e+00	2.845190048217773438e+00	2.830171108245849609e+00	2.821574926376342773e+00	2.817666292190551758e+00	2.816169500350952148e+00	2.815647125244140625e+00	2.815547704696655273e+00	2.815088272094726562e+00	2.814645528793334961e+00	2.815261125564575195e+00	2.816667556762695312e+00
2.819094419479370117e+00	2.819883108139038086e+00	2.820342779159545898e+00	2.819804906845092773e+00	2.818043947219848633e+00	2.815495252609252930e+00	2.812979459762573242e+00	2.811331987380981445e+00	2.811060667037963867e+00	2.812058448791503906e+00	2.815834760665893555e+00	2.823812961578369141e+00	2.837345123291015625e+00	2.856791734695434570e+00	2.874179363250732422e+00	2.878902435302734375e+00	2.878054857254028320e+00	2.878206968307495117e+00	2.872098684310913086e+00	2.857172250747680664e+00	2.841231346130371094e+00	2.828626155853271484e+00	2.819809436798095703e+00	2.814420461654663086e+00	2.812058448791503906e+00	2.812300205230712891e+00	2.814514398574829102e+00	2.817868709564208984e+00	2.821519374847412109e+00	2.824627399444580078e+00	2.826413393020629883e+00	2.826418638229370117e+00	2.824713468551635742e+00	2.821516275405883789e+00	2.817630290985107422e+00	2.814152002334594727e+00	2.812478303909301758e+00	2.814170598983764648e+00	2.819056272506713867e+00	2.826284408569335938e+00	2.833138227462768555e+00	2.832710981369018555e+00	2.822860717773437500e+00	2.813601732254028320e+00	2.809056043624877930e+00	2.808602333068847656e+00	2.811048507690429688e+00	2.815465450286865234e+00	2.821547746658325195e+00	2.830184221267700195e+00	2.843147754669189453e+00	2.861836671829223633e+00	2.886140584945678711e+00	2.913611888885498047e+00	2.938419103622436523e+00	2.951550245285034180e+00	2.947673082351684570e+00	2.929035425186157227e+00	2.902671813964843750e+00	2.875718355178833008e+00	2.852805137634277344e+00	2.836185693740844727e+00	2.826393604278564453e+00	2.822487354278564453e+00	2.821799755096435547e+00	2.820994377136230469e+00	2.819472551345825195e+00	2.817912101745605469e+00	2.816910982131958008e+00	2.816708803176879883e+00	2.817397594451904297e+00	2.818364620208740234e+00
2.820790767669677734e+00	2.820373296737670898e+00	2.819069862365722656e+00	2.816835165023803711e+00	2.814040899276733398e+00	2.811290025711059570e+00	2.809441804885864258e+00	2.809394359588623047e+00	2.812029361724853516e+00	2.818261146545410156e+00	2.828939437866210938e+00	2.845993041992187500e+00	2.871854066848754883e+00	2.889631509780883789e+00	2.878079175949096680e+00	2.868364810943603516e+00	2.863727092742919922e+00	2.856420755386352539e+00	2.845396280288696289e+00	2.834713935852050781e+00	2.826064586639404297e+00	2.819386959075927734e+00	2.815362453460693359e+00	2.813959360122680664e+00	2.814650774002075195e+00	2.816698074340820312e+00	2.819150686264038086e+00	2.821149349212646484e+00	2.822221517562866211e+00	2.822130441665649414e+00	2.820696592330932617e+00	2.817880153656005859e+00	2.814373493194580078e+00	2.811564445495605469e+00	2.810526609420776367e+00	2.812128782272338867e+00	2.816808223724365234e+00	2.824696063995361328e+00	2.836252927780151367e+00	2.852371215820312500e+00	2.872536659240722656e+00	2.880441188812255859e+00	2.855477809906005859e+00	2.826910495758056641e+00	2.812524557113647461e+00	2.807016611099243164e+00	2.806505918502807617e+00	2.809005737304687500e+00	2.813282728195190430e+00	2.818710088729858398e+00	2.825726270675659180e+00	2.836045980453491211e+00	2.851575613021850586e+00	2.872771739959716797e+00	2.897940874099731445e+00	2.922489166259765625e+00	2.939520120620727539e+00	2.942782402038574219e+00	2.930773258209228516e+00	2.908286094665527344e+00	2.882510185241699219e+00	2.858989715576171875e+00	2.840682744979858398e+00	2.828572511672973633e+00	2.822330474853515625e+00	2.820445537567138672e+00	2.820330381393432617e+00	2.820050001144409180e+00	2.819468021392822266e+00	2.819407224655151367e+00	2.819980382919311523e+00	2.820555686950683594e+00
2.819302082061767578e+00	2.818382740020751953e+00	2.815901279449462891e+00	2.812668800354003906e+00	2.809750795364379883e+00	2.807760477066040039e+00	2.807305335998535156e+00	2.808980703353881836e+00	2.813231706619262695e+00	2.820446014404296875e+00	2.831167697906494141e+00	2.845350503921508789e+00	2.859566926956176758e+00	2.865528106689453125e+00	2.861354589462280273e+00	2.854008674621582031e+00	2.845363616943359375e+00	2.836409330368041992e+00	2.828636884689331055e+00	2.822483539581298828e+00	2.817691087722778320e+00	2.814391374588012695e+00	2.813144922256469727e+00	2.814151763916015625e+00	2.816871404647827148e+00	2.819984197616577148e+00	2.821873903274536133e+00	2.821864604949951172e+00	2.820164203643798828e+00	2.817235708236694336e+00	2.813606739044189453e+00	2.809969425201416016e+00	2.807309150695800781e+00	2.806553840637207031e+00	2.808332204818725586e+00	2.812950611114501953e+00	2.820350170135498047e+00	2.830691576004028320e+00	2.845963954925537109e+00	2.868120431900024414e+00	2.889140367507934570e+00	2.892211437225341797e+00	2.863850831985473633e+00	2.831002950668334961e+00	2.813246250152587891e+00	2.805771112442016602e+00	2.803863048553466797e+00	2.805230617523193359e+00	2.808608055114746094e+00	2.813080549240112305e+00	2.818208456039428711e+00	2.824842929840087891e+00	2.835274457931518555e+00	2.851406097412109375e+00	2.872924089431762695e+00	2.897542953491210938e+00	2.921758651733398438e+00	2.938901185989379883e+00	2.941113948822021484e+00	2.926970481872558594e+00	2.902685642242431641e+00	2.876248836517333984e+00	2.852939844131469727e+00	2.835358142852783203e+00	2.824362516403198242e+00	2.819221258163452148e+00	2.817753791809082031e+00	2.817609071731567383e+00	2.817657947540283203e+00	2.817952156066894531e+00	2.818619966506958008e+00	2.819229841232299805e+00
2.812234640121459961e+00	2.812513589859008789e+00	2.813265562057495117e+00	2.809322118759155273e+00	2.805088996887207031e+00	2.802284717559814453e+00	2.801151275634765625e+00	2.801402091979980469e+00	2.802772760391235352e+00	2.805632591247558594e+00	2.810515642166137695e+00	2.817778110504150391e+00	2.826150655746459961e+00	2.831827640533447266e+00	2.834510326385498047e+00	2.837905883789062500e+00	2.841972589492797852e+00	2.843063831329345703e+00	2.838612556457519531e+00	2.830093145370483398e+00	2.821906328201293945e+00	2.816341161727905273e+00	2.811579227447509766e+00	2.808974266052246094e+00	2.809454202651977539e+00	2.811644554138183594e+00	2.813694000244140625e+00	2.814269065856933594e+00	2.812969923019409180e+00	2.810168266296386719e+00	2.806599140167236328e+00	2.803071498870849609e+00	2.800415992736816406e+00	2.799296379089355469e+00	2.800174713134765625e+00	2.803218364715576172e+00	2.808281183242797852e+00	2.816046476364135742e+00	2.830145835876464844e+00	2.852449417114257812e+00	2.867889642715454102e+00	2.873300313949584961e+00	2.842536449432373047e+00	2.816392660140991211e+00	2.803015470504760742e+00	2.797210693359375000e+00	2.796109437942504883e+00	2.798315286636352539e+00	2.802864789962768555e+00	2.809041261672973633e+00	2.816817522048950195e+00	2.827457427978515625e+00	2.842956304550170898e+00	2.863973140716552734e+00	2.887778282165527344e+00	2.908941745758056641e+00	2.924713850021362305e+00	2.933410406112670898e+00	2.930904865264892578e+00	2.915391683578491211e+00	2.891523122787475586e+00	2.866563081741333008e+00	2.845187425613403320e+00	2.829477310180664062e+00	2.819795846939086914e+00	2.814903736114501953e+00	2.812404870986938477e+00	2.810729265213012695e+00	2.809816598892211914e+00	2.809889793395996094e+00	2.810832977294921875e+00	2.811860799789428711e+00
2.800586938858032227e+00	2.798739910125732422e+00	2.796796560287475586e+00	2.795627117156982422e+00	2.795246124267578125e+00	2.795181512832641602e+00	2.795613050460815430e+00	2.796507120132446289e+00	2.797058343887329102e+00	2.797451972961425781e+00	2.798860073089599609e+00	2.801488399505615234e+00	2.804795026779174805e+00	2.808619499206542969e+00	2.813862323760986328e+00	2.821355819702148438e+00	2.830413579940795898e+00	2.837762355804443359e+00	2.838373661041259766e+00	2.830929517745971680e+00	2.820303440093994141e+00	2.811559200286865234e+00	2.806240081787109375e+00	2.803619146347045898e+00	2.803012132644653320e+00	2.803623199462890625e+00	2.804302930831909180e+00	2.803990602493286133e+00	2.802317142486572266e+00	2.799728155136108398e+00	2.796894788742065430e+00	2.794357061386108398e+00	2.792788505554199219e+00	2.792926311492919922e+00	2.795401096343994141e+00	2.800239086151123047e+00	2.806855201721191406e+00	2.817069292068481445e+00	2.834364175796508789e+00	2.833901166915893555e+00	2.825505256652832031e+00	2.821322917938232422e+00	2.813665390014648438e+00	2.801020860671997070e+00	2.791821718215942383e+00	2.787379026412963867e+00	2.786555767059326172e+00	2.788540124893188477e+00	2.793001413345336914e+00	2.799892663955688477e+00	2.809571981430053711e+00	2.823057889938354492e+00	2.841457605361938477e+00	2.863945722579956055e+00	2.884663581848144531e+00	2.896219253540039062e+00	2.903188467025756836e+00	2.912905454635620117e+00	2.920652627944946289e+00	2.915651082992553711e+00	2.895035743713378906e+00	2.870699644088745117e+00	2.848432064056396484e+00	2.830718994140625000e+00	2.818150520324707031e+00	2.810118436813354492e+00	2.805485963821411133e+00	2.803144216537475586e+00	2.802140951156616211e+00	2.801596641540527344e+00	2.801387786865234375e+00	2.801352024078369141e+00
2.801792383193969727e+00	2.799620151519775391e+00	2.797914505004882812e+00	2.798522710800170898e+00	2.803209066390991211e+00	2.813571453094482422e+00	2.830636024475097656e+00	2.843548536300659180e+00	2.847149610519409180e+00	2.842874050140380859e+00	2.832078218460083008e+00	2.819426774978637695e+00	2.810332298278808594e+00	2.806204557418823242e+00	2.806648492813110352e+00	2.810908794403076172e+00	2.818091630935668945e+00	2.825781106948852539e+00	2.829612255096435547e+00	2.827526807785034180e+00	2.822773694992065430e+00	2.818452596664428711e+00	2.814934253692626953e+00	2.811614274978637695e+00	2.808219671249389648e+00	2.804955959320068359e+00	2.802349090576171875e+00	2.800814151763916016e+00	2.800296783447265625e+00	2.800434112548828125e+00	2.801341056823730469e+00	2.804441690444946289e+00	2.810827493667602539e+00	2.821413278579711914e+00	2.836347103118896484e+00	2.852109432220458984e+00	2.859756708145141602e+00	2.855755090713500977e+00	2.840738773345947266e+00	2.824386835098266602e+00	2.812168359756469727e+00	2.803463220596313477e+00	2.797389745712280273e+00	2.793853521347045898e+00	2.792783260345458984e+00	2.793850898742675781e+00	2.796299219131469727e+00	2.798875331878662109e+00	2.801340341567993164e+00	2.804579019546508789e+00	2.809738159179687500e+00	2.818371534347534180e+00	2.831687211990356445e+00	2.848484754562377930e+00	2.861933231353759766e+00	2.863298654556274414e+00	2.859423160552978516e+00	2.862979650497436523e+00	2.876197338104248047e+00	2.895367622375488281e+00	2.912640333175659180e+00	2.918101310729980469e+00	2.910280227661132812e+00	2.893734693527221680e+00	2.873002767562866211e+00	2.852045297622680664e+00	2.833922624588012695e+00	2.820160865783691406e+00	2.811197996139526367e+00	2.806510210037231445e+00	2.804547548294067383e+00	2.803384542465209961e+00
2.801062107086181641e+00	2.798975706100463867e+00	2.797241210937500000e+00	2.797532081604003906e+00	2.801971197128295898e+00	2.812749385833740234e+00	2.829846620559692383e+00	2.843109846115112305e+00	2.847252130508422852e+00	2.840803623199462891e+00	2.827504634857177734e+00	2.815053701400756836e+00	2.806729316711425781e+00	2.802844047546386719e+00	2.803071737289428711e+00	2.806887626647949219e+00	2.813507318496704102e+00	2.820405483245849609e+00	2.822628974914550781e+00	2.820419549942016602e+00	2.817179679870605469e+00	2.814649343490600586e+00	2.812462568283081055e+00	2.809809446334838867e+00	2.806487560272216797e+00	2.802923202514648438e+00	2.799857616424560547e+00	2.797949790954589844e+00	2.797373294830322266e+00	2.798011302947998047e+00	2.800019502639770508e+00	2.804390430450439453e+00	2.812467098236083984e+00	2.824913024902343750e+00	2.840844154357910156e+00	2.854900360107421875e+00	2.857103109359741211e+00	2.847168207168579102e+00	2.831341981887817383e+00	2.816220283508300781e+00	2.805571794509887695e+00	2.798691749572753906e+00	2.794020891189575195e+00	2.791356325149536133e+00	2.790715456008911133e+00	2.791752576828002930e+00	2.793955802917480469e+00	2.796700954437255859e+00	2.799524784088134766e+00	2.802526235580444336e+00	2.806566476821899414e+00	2.812992811203002930e+00	2.823031902313232422e+00	2.835777997970581055e+00	2.846160411834716797e+00	2.848772287368774414e+00	2.848446607589721680e+00	2.854125738143920898e+00	2.868402957916259766e+00	2.889058828353881836e+00	2.909382820129394531e+00	2.918835878372192383e+00	2.913541316986083984e+00	2.898055553436279297e+00	2.876896381378173828e+00	2.854734420776367188e+00	2.835382699966430664e+00	2.820601463317871094e+00	2.810934305191040039e+00	2.805973768234252930e+00	2.803997755050659180e+00	2.802712678909301758e+00
2.796399831771850586e+00	2.795026540756225586e+00	2.794827938079833984e+00	2.797045707702636719e+00	2.802481651306152344e+00	2.811551332473754883e+00	2.824416160583496094e+00	2.836628198623657227e+00	2.841697216033935547e+00	2.836003065109252930e+00	2.822540760040283203e+00	2.810292720794677734e+00	2.802271604537963867e+00	2.798042058944702148e+00	2.796400070190429688e+00	2.796817064285278320e+00	2.799466371536254883e+00	2.803712844848632812e+00	2.807639122009277344e+00	2.809351682662963867e+00	2.808996915817260742e+00	2.807921648025512695e+00	2.806458234786987305e+00	2.804175853729248047e+00	2.801079511642456055e+00	2.797734022140502930e+00	2.794822931289672852e+00	2.792936801910400391e+00	2.792447566986083984e+00	2.793544292449951172e+00	2.796268224716186523e+00	2.800537824630737305e+00	2.807090759277343750e+00	2.817368984222412109e+00	2.831557273864746094e+00	2.844311237335205078e+00	2.845333337783813477e+00	2.837698698043823242e+00	2.824343681335449219e+00	2.809688806533813477e+00	2.799442768096923828e+00	2.793279647827148438e+00	2.789704084396362305e+00	2.787684440612792969e+00	2.787000656127929688e+00	2.787709236145019531e+00	2.789740324020385742e+00	2.792671918869018555e+00	2.795551300048828125e+00	2.798115491867065430e+00	2.801319837570190430e+00	2.806588888168334961e+00	2.814494371414184570e+00	2.822192907333374023e+00	2.826247215270996094e+00	2.829146862030029297e+00	2.835050106048583984e+00	2.846810102462768555e+00	2.865380764007568359e+00	2.888422250747680664e+00	2.907598257064819336e+00	2.913285493850708008e+00	2.905795335769653320e+00	2.889430761337280273e+00	2.868352890014648438e+00	2.846853017807006836e+00	2.828221797943115234e+00	2.814172983169555664e+00	2.805223703384399414e+00	2.800823450088500977e+00	2.799143791198730469e+00	2.797929286956787109e+00
2.786688327789306641e+00	2.793504953384399414e+00	2.802584886550903320e+00	2.813120126724243164e+00	2.822944402694702148e+00	2.829574823379516602e+00	2.830389976501464844e+00	2.824303865432739258e+00	2.814275026321411133e+00	2.804257154464721680e+00	2.796390056610107422e+00	2.791026115417480469e+00	2.787528991699218750e+00	2.785124301910400391e+00	2.783134222030639648e+00	2.781185150146484375e+00	2.779691219329833984e+00	2.778901338577270508e+00	2.778868198394775391e+00	2.779673099517822266e+00	2.781075954437255859e+00	2.782552242279052734e+00	2.783711433410644531e+00	2.784276008605957031e+00	2.783870935440063477e+00	2.782302856445312500e+00	2.780026674270629883e+00	2.777822017669677734e+00	2.776278495788574219e+00	2.775678634643554688e+00	2.775577545166015625e+00	2.774789810180664062e+00	2.773838996887207031e+00	2.774049043655395508e+00	2.775288581848144531e+00	2.776926517486572266e+00	2.778793573379516602e+00	2.781200170516967773e+00	2.784791707992553711e+00	2.790139913558959961e+00	2.797016620635986328e+00	2.803636550903320312e+00	2.807262420654296875e+00	2.807760953903198242e+00	2.808232307434082031e+00	2.808789968490600586e+00	2.803076505661010742e+00	2.794486284255981445e+00	2.788290739059448242e+00	2.785505533218383789e+00	2.785579681396484375e+00	2.786449909210205078e+00	2.788502216339111328e+00	2.793068408966064453e+00	2.799711465835571289e+00	2.808118104934692383e+00	2.818182706832885742e+00	2.829627990722656250e+00	2.841109275817871094e+00	2.848318338394165039e+00	2.845700502395629883e+00	2.835361957550048828e+00	2.822958469390869141e+00	2.811077117919921875e+00	2.800433874130249023e+00	2.791544437408447266e+00	2.784974098205566406e+00	2.780989408493041992e+00	2.779483318328857422e+00	2.779422521591186523e+00	2.779808998107910156e+00	2.782125949859619141e+00
2.798622608184814453e+00	2.810231685638427734e+00	2.824019908905029297e+00	2.837170124053955078e+00	2.845955848693847656e+00	2.848775386810302734e+00	2.845141649246215820e+00	2.835440397262573242e+00	2.822419881820678711e+00	2.810088872909545898e+00	2.800538778305053711e+00	2.793878793716430664e+00	2.788659095764160156e+00	2.784270524978637695e+00	2.780817747116088867e+00	2.777871608734130859e+00	2.775825977325439453e+00	2.775082826614379883e+00	2.775404453277587891e+00	2.776204824447631836e+00	2.777029991149902344e+00	2.777583122253417969e+00	2.777725458145141602e+00	2.777369022369384766e+00	2.776392221450805664e+00	2.775158643722534180e+00	2.774302482604980469e+00	2.774201631546020508e+00	2.774635553359985352e+00	2.774837017059326172e+00	2.774419784545898438e+00	2.773827314376831055e+00	2.773695707321166992e+00	2.774419546127319336e+00	2.776129245758056641e+00	2.778912067413330078e+00	2.781487226486206055e+00	2.783749818801879883e+00	2.787806272506713867e+00	2.793917655944824219e+00	2.801948308944702148e+00	2.810815811157226562e+00	2.818297863006591797e+00	2.823237657546997070e+00	2.826349496841430664e+00	2.825859546661376953e+00	2.816696405410766602e+00	2.803052186965942383e+00	2.791287422180175781e+00	2.783675670623779297e+00	2.779598236083984375e+00	2.777353286743164062e+00	2.776444911956787109e+00	2.777038097381591797e+00	2.778685808181762695e+00	2.780845165252685547e+00	2.783278465270996094e+00	2.785687685012817383e+00	2.787628173828125000e+00	2.788808822631835938e+00	2.788470983505249023e+00	2.786619901657104492e+00	2.784597873687744141e+00	2.782752990722656250e+00	2.781347751617431641e+00	2.780776739120483398e+00	2.781306028366088867e+00	2.782347917556762695e+00	2.782261371612548828e+00	2.782183408737182617e+00	2.784503698348999023e+00	2.790001392364501953e+00
2.798408031463623047e+00	2.811087369918823242e+00	2.825728416442871094e+00	2.839065313339233398e+00	2.847536563873291016e+00	2.849838256835937500e+00	2.845854759216308594e+00	2.836063146591186523e+00	2.822474718093872070e+00	2.809217691421508789e+00	2.798669576644897461e+00	2.791093826293945312e+00	2.786098241806030273e+00	2.782879829406738281e+00	2.780435800552368164e+00	2.778467655181884766e+00	2.777333974838256836e+00	2.777256488800048828e+00	2.778124809265136719e+00	2.779579639434814453e+00	2.781308412551879883e+00	2.782841920852661133e+00	2.783186912536621094e+00	2.782163619995117188e+00	2.780512809753417969e+00	2.778992414474487305e+00	2.778037786483764648e+00	2.777857303619384766e+00	2.778188467025756836e+00	2.778340339660644531e+00	2.777761220932006836e+00	2.776407241821289062e+00	2.775010108947753906e+00	2.774367570877075195e+00	2.774682044982910156e+00	2.775874376296997070e+00	2.778013467788696289e+00	2.781475067138671875e+00	2.786819696426391602e+00	2.794148683547973633e+00	2.802591323852539062e+00	2.811319828033447266e+00	2.818552017211914062e+00	2.823868751525878906e+00	2.829440593719482422e+00	2.832310914993286133e+00	2.822895050048828125e+00	2.806503057479858398e+00	2.793525218963623047e+00	2.785936355590820312e+00	2.782138109207153320e+00	2.779924631118774414e+00	2.778747797012329102e+00	2.778840303421020508e+00	2.780085563659667969e+00	2.782314300537109375e+00	2.785226106643676758e+00	2.788283348083496094e+00	2.790588378906250000e+00	2.791306257247924805e+00	2.790702342987060547e+00	2.788955926895141602e+00	2.786011457443237305e+00	2.782629728317260742e+00	2.780252695083618164e+00	2.779828310012817383e+00	2.781500816345214844e+00	2.782835483551025391e+00	2.781363725662231445e+00	2.781301975250244141e+00	2.783971309661865234e+00	2.789468526840209961e+00
2.798362493515014648e+00	2.808147668838500977e+00	2.820145130157470703e+00	2.831557035446166992e+00	2.838877916336059570e+00	2.841150760650634766e+00	2.837776899337768555e+00	2.828891515731811523e+00	2.817174911499023438e+00	2.805735826492309570e+00	2.795923709869384766e+00	2.788067340850830078e+00	2.782337903976440430e+00	2.778424024581909180e+00	2.775909423828125000e+00	2.774596452713012695e+00	2.774364233016967773e+00	2.774919271469116211e+00	2.775689125061035156e+00	2.776152372360229492e+00	2.775801181793212891e+00	2.775417566299438477e+00	2.775462627410888672e+00	2.775678873062133789e+00	2.775827169418334961e+00	2.775758266448974609e+00	2.775451183319091797e+00	2.775130987167358398e+00	2.774951696395874023e+00	2.774780511856079102e+00	2.774231910705566406e+00	2.773347377777099609e+00	2.772619009017944336e+00	2.772270679473876953e+00	2.772309064865112305e+00	2.773032188415527344e+00	2.775006055831909180e+00	2.778533458709716797e+00	2.783470153808593750e+00	2.790192127227783203e+00	2.798738241195678711e+00	2.807842016220092773e+00	2.814634323120117188e+00	2.817873477935791016e+00	2.820744752883911133e+00	2.820204973220825195e+00	2.810811042785644531e+00	2.797948122024536133e+00	2.787855386734008789e+00	2.781893491744995117e+00	2.779124021530151367e+00	2.777954578399658203e+00	2.777299642562866211e+00	2.776893854141235352e+00	2.776844978332519531e+00	2.777367353439331055e+00	2.778553962707519531e+00	2.780409097671508789e+00	2.782485246658325195e+00	2.784239530563354492e+00	2.785502195358276367e+00	2.785175561904907227e+00	2.782720327377319336e+00	2.779543638229370117e+00	2.777340650558471680e+00	2.776539325714111328e+00	2.776504516601562500e+00	2.777046680450439453e+00	2.778652906417846680e+00	2.781577348709106445e+00	2.785801649093627930e+00	2.791174173355102539e+00
2.778069972991943359e+00	2.781807899475097656e+00	2.785526990890502930e+00	2.789678573608398438e+00	2.793929338455200195e+00	2.796880483627319336e+00	2.796506643295288086e+00	2.792237281799316406e+00	2.786784648895263672e+00	2.781665802001953125e+00	2.777311563491821289e+00	2.773880958557128906e+00	2.771394729614257812e+00	2.769816160202026367e+00	2.768870353698730469e+00	2.768399715423583984e+00	2.768432140350341797e+00	2.768680572509765625e+00	2.769006967544555664e+00	2.769861698150634766e+00	2.771463871002197266e+00	2.773322582244873047e+00	2.774381637573242188e+00	2.774377584457397461e+00	2.774048328399658203e+00	2.773391723632812500e+00	2.771961450576782227e+00	2.770473957061767578e+00	2.769079446792602539e+00	2.767901420593261719e+00	2.766898870468139648e+00	2.765831470489501953e+00	2.764891147613525391e+00	2.764660835266113281e+00	2.765327215194702148e+00	2.766449451446533203e+00	2.767480850219726562e+00	2.768360376358032227e+00	2.769626617431640625e+00	2.771927595138549805e+00	2.775309562683105469e+00	2.779126882553100586e+00	2.782184123992919922e+00	2.783206939697265625e+00	2.782435417175292969e+00	2.780955314636230469e+00	2.779143333435058594e+00	2.777284860610961914e+00	2.775562047958374023e+00	2.773998260498046875e+00	2.772748708724975586e+00	2.771998882293701172e+00	2.771909236907958984e+00	2.772576093673706055e+00	2.773825883865356445e+00	2.775034666061401367e+00	2.775536060333251953e+00	2.775490283966064453e+00	2.775588512420654297e+00	2.776222705841064453e+00	2.777284860610961914e+00	2.778365373611450195e+00	2.779046773910522461e+00	2.779660224914550781e+00	2.779906511306762695e+00	2.779031515121459961e+00	2.777190446853637695e+00	2.775151014328002930e+00	2.773656368255615234e+00	2.773219823837280273e+00	2.773806095123291016e+00	2.775291442871093750e+00
2.782393693923950195e+00	2.778976917266845703e+00	2.776079654693603516e+00	2.774774551391601562e+00	2.774917125701904297e+00	2.775626897811889648e+00	2.776566505432128906e+00	2.777442216873168945e+00	2.778065443038940430e+00	2.778237819671630859e+00	2.778084993362426758e+00	2.777898550033569336e+00	2.777877330780029297e+00	2.778014898300170898e+00	2.778303623199462891e+00	2.778681993484497070e+00	2.778944492340087891e+00	2.778792142868041992e+00	2.778196334838867188e+00	2.777527093887329102e+00	2.777271032333374023e+00	2.777628660202026367e+00	2.778561353683471680e+00	2.780306100845336914e+00	2.782652139663696289e+00	2.784148216247558594e+00	2.783872365951538086e+00	2.782695055007934570e+00	2.781280040740966797e+00	2.779765605926513672e+00	2.778098821640014648e+00	2.776354789733886719e+00	2.774883985519409180e+00	2.773699760437011719e+00	2.772650718688964844e+00	2.771822214126586914e+00	2.771381139755249023e+00	2.771392107009887695e+00	2.771789789199829102e+00	2.772510051727294922e+00	2.773398637771606445e+00	2.774051427841186523e+00	2.774051189422607422e+00	2.773295640945434570e+00	2.772466421127319336e+00	2.772478103637695312e+00	2.773901462554931641e+00	2.777119636535644531e+00	2.782041549682617188e+00	2.787805557250976562e+00	2.792209863662719727e+00	2.792290210723876953e+00	2.788969516754150391e+00	2.785546541213989258e+00	2.783066749572753906e+00	2.781264543533325195e+00	2.780314922332763672e+00	2.780401468276977539e+00	2.780759096145629883e+00	2.780645370483398438e+00	2.780076742172241211e+00	2.779701471328735352e+00	2.780171394348144531e+00	2.781708955764770508e+00	2.784652948379516602e+00	2.789431810379028320e+00	2.796066284179687500e+00	2.804034709930419922e+00	2.810107946395874023e+00	2.804421424865722656e+00	2.794487714767456055e+00	2.787111759185791016e+00
2.786968231201171875e+00	2.781644344329833984e+00	2.779245615005493164e+00	2.779472351074218750e+00	2.781510829925537109e+00	2.784200429916381836e+00	2.786602497100830078e+00	2.788026332855224609e+00	2.788072109222412109e+00	2.787344694137573242e+00	2.786676883697509766e+00	2.786312341690063477e+00	2.786449670791625977e+00	2.786779403686523438e+00	2.786774635314941406e+00	2.786298036575317383e+00	2.785312891006469727e+00	2.783795595169067383e+00	2.781923532485961914e+00	2.780378341674804688e+00	2.779973745346069336e+00	2.781275987625122070e+00	2.784389972686767578e+00	2.788865327835083008e+00	2.793815135955810547e+00	2.798420906066894531e+00	2.802231550216674805e+00	2.805541038513183594e+00	2.808813095092773438e+00	2.811149358749389648e+00	2.810618877410888672e+00	2.806506156921386719e+00	2.800256013870239258e+00	2.793747425079345703e+00	2.788051366806030273e+00	2.783737659454345703e+00	2.781113624572753906e+00	2.780188322067260742e+00	2.780690908432006836e+00	2.782202720642089844e+00	2.784182071685791016e+00	2.785824060440063477e+00	2.786213397979736328e+00	2.785152435302734375e+00	2.783340454101562500e+00	2.781960010528564453e+00	2.782395601272583008e+00	2.785402059555053711e+00	2.790930747985839844e+00	2.798115730285644531e+00	2.804241418838500977e+00	2.804445028305053711e+00	2.798594713211059570e+00	2.792276382446289062e+00	2.787661552429199219e+00	2.784760475158691406e+00	2.783728837966918945e+00	2.784047126770019531e+00	2.784539461135864258e+00	2.784097909927368164e+00	2.782599449157714844e+00	2.780917167663574219e+00	2.780306100845336914e+00	2.782194375991821289e+00	2.787690639495849609e+00	2.797218799591064453e+00	2.810428857803344727e+00	2.825020074844360352e+00	2.829970121383666992e+00	2.820359945297241211e+00	2.807193040847778320e+00	2.795539379119873047e+00
2.791764020919799805e+00	2.785300254821777344e+00	2.781790733337402344e+00	2.781863451004028320e+00	2.783905506134033203e+00	2.786175727844238281e+00	2.787651538848876953e+00	2.788442134857177734e+00	2.789027452468872070e+00	2.789545536041259766e+00	2.789784431457519531e+00	2.789698839187622070e+00	2.789796352386474609e+00	2.790515422821044922e+00	2.791759490966796875e+00	2.793091297149658203e+00	2.794318914413452148e+00	2.795528411865234375e+00	2.796595573425292969e+00	2.797631025314331055e+00	2.799493312835693359e+00	2.803200721740722656e+00	2.809224605560302734e+00	2.817192316055297852e+00	2.825751543045043945e+00	2.833151578903198242e+00	2.838219881057739258e+00	2.840749263763427734e+00	2.840898275375366211e+00	2.838406324386596680e+00	2.833455801010131836e+00	2.826637268066406250e+00	2.818617820739746094e+00	2.810282468795776367e+00	2.802762269973754883e+00	2.796612739562988281e+00	2.792153120040893555e+00	2.789596557617187500e+00	2.788663625717163086e+00	2.788826942443847656e+00	2.789608478546142578e+00	2.790443658828735352e+00	2.790699481964111328e+00	2.789890766143798828e+00	2.787895679473876953e+00	2.785905838012695312e+00	2.785575389862060547e+00	2.788126945495605469e+00	2.793809890747070312e+00	2.800758838653564453e+00	2.805236101150512695e+00	2.804897308349609375e+00	2.800850391387939453e+00	2.795967578887939453e+00	2.792355775833129883e+00	2.790932655334472656e+00	2.791653871536254883e+00	2.793572664260864258e+00	2.795259952545166016e+00	2.795597791671752930e+00	2.794304370880126953e+00	2.792171001434326172e+00	2.790874004364013672e+00	2.792119264602661133e+00	2.797310352325439453e+00	2.807645797729492188e+00	2.823099374771118164e+00	2.838974714279174805e+00	2.839411497116088867e+00	2.825365543365478516e+00	2.811228513717651367e+00	2.799892663955688477e+00
2.792344570159912109e+00	2.786226272583007812e+00	2.784523725509643555e+00	2.785949707031250000e+00	2.788774967193603516e+00	2.791344881057739258e+00	2.792878389358520508e+00	2.793504238128662109e+00	2.793530464172363281e+00	2.793260574340820312e+00	2.792917966842651367e+00	2.792587518692016602e+00	2.792407512664794922e+00	2.792776346206665039e+00	2.793889045715332031e+00	2.795225143432617188e+00	2.796017885208129883e+00	2.795942306518554688e+00	2.795326232910156250e+00	2.795166492462158203e+00	2.796736717224121094e+00	2.800896883010864258e+00	2.807671070098876953e+00	2.816223144531250000e+00	2.824828863143920898e+00	2.831746339797973633e+00	2.836527109146118164e+00	2.839335918426513672e+00	2.840054988861083984e+00	2.838603734970092773e+00	2.835636615753173828e+00	2.831109523773193359e+00	2.823897600173950195e+00	2.816911697387695312e+00	2.811052322387695312e+00	2.805760860443115234e+00	2.801480531692504883e+00	2.798787355422973633e+00	2.797600507736206055e+00	2.797508716583251953e+00	2.797821521759033203e+00	2.797746181488037109e+00	2.796391010284423828e+00	2.793451309204101562e+00	2.789832830429077148e+00	2.787216901779174805e+00	2.787232160568237305e+00	2.790873527526855469e+00	2.798038244247436523e+00	2.806235074996948242e+00	2.810208082199096680e+00	2.807502746582031250e+00	2.801915168762207031e+00	2.797095298767089844e+00	2.794649839401245117e+00	2.794345617294311523e+00	2.795894622802734375e+00	2.798488378524780273e+00	2.800394296646118164e+00	2.800240993499755859e+00	2.798070430755615234e+00	2.795181035995483398e+00	2.793236017227172852e+00	2.793919801712036133e+00	2.798987150192260742e+00	2.809839248657226562e+00	2.825679302215576172e+00	2.839921712875366211e+00	2.842774391174316406e+00	2.833349227905273438e+00	2.817627191543579102e+00	2.803121805191040039e+00
2.789096593856811523e+00	2.781740665435791016e+00	2.778749465942382812e+00	2.779238700866699219e+00	2.781854391098022461e+00	2.784501791000366211e+00	2.785938501358032227e+00	2.786926031112670898e+00	2.787627696990966797e+00	2.788205146789550781e+00	2.788707256317138672e+00	2.789090871810913086e+00	2.789430141448974609e+00	2.789626598358154297e+00	2.789799451828002930e+00	2.790155887603759766e+00	2.790036439895629883e+00	2.788733720779418945e+00	2.786776781082153320e+00	2.785515069961547852e+00	2.786201238632202148e+00	2.789307832717895508e+00	2.794477701187133789e+00	2.800876617431640625e+00	2.806694269180297852e+00	2.809959173202514648e+00	2.810388088226318359e+00	2.808919429779052734e+00	2.806574106216430664e+00	2.803962469100952148e+00	2.801285743713378906e+00	2.798869132995605469e+00	2.797451019287109375e+00	2.797303915023803711e+00	2.797460317611694336e+00	2.796484231948852539e+00	2.795700550079345703e+00	2.795417308807373047e+00	2.795353889465332031e+00	2.795265436172485352e+00	2.794935703277587891e+00	2.793915271759033203e+00	2.791533946990966797e+00	2.787891387939453125e+00	2.784183740615844727e+00	2.782016277313232422e+00	2.782791852951049805e+00	2.787341356277465820e+00	2.795450925827026367e+00	2.804645538330078125e+00	2.809627532958984375e+00	2.807163953781127930e+00	2.801614761352539062e+00	2.797919273376464844e+00	2.797642230987548828e+00	2.800086975097656250e+00	2.804373979568481445e+00	2.809604883193969727e+00	2.814017534255981445e+00	2.816190958023071289e+00	2.815679788589477539e+00	2.812557220458984375e+00	2.808155536651611328e+00	2.805047750473022461e+00	2.805696010589599609e+00	2.811775684356689453e+00	2.823626279830932617e+00	2.836827754974365234e+00	2.840330839157104492e+00	2.831324815750122070e+00	2.815856933593750000e+00	2.800874471664428711e+00
2.793872833251953125e+00	2.788314342498779297e+00	2.786696195602416992e+00	2.787506818771362305e+00	2.789925098419189453e+00	2.792924880981445312e+00	2.795441150665283203e+00	2.796581506729125977e+00	2.796433925628662109e+00	2.795618772506713867e+00	2.794483900070190430e+00	2.793164014816284180e+00	2.791964054107666016e+00	2.791341543197631836e+00	2.791477680206298828e+00	2.791853904724121094e+00	2.792108058929443359e+00	2.792582988739013672e+00	2.793868064880371094e+00	2.796911954879760742e+00	2.802420616149902344e+00	2.810039758682250977e+00	2.818826675415039062e+00	2.828197240829467773e+00	2.836988925933837891e+00	2.843289375305175781e+00	2.845996141433715820e+00	2.845479488372802734e+00	2.842543840408325195e+00	2.837449789047241211e+00	2.830657958984375000e+00	2.823316335678100586e+00	2.815567255020141602e+00	2.807901620864868164e+00	2.801701784133911133e+00	2.797390699386596680e+00	2.795278072357177734e+00	2.795105695724487305e+00	2.794995546340942383e+00	2.795441389083862305e+00	2.797455549240112305e+00	2.799596786499023438e+00	2.799827575683593750e+00	2.797502279281616211e+00	2.793696880340576172e+00	2.790359973907470703e+00	2.789500713348388672e+00	2.792246580123901367e+00	2.798562765121459961e+00	2.806741952896118164e+00	2.812637090682983398e+00	2.811788797378540039e+00	2.804506540298461914e+00	2.798357486724853516e+00	2.796589136123657227e+00	2.798724889755249023e+00	2.803810119628906250e+00	2.811001539230346680e+00	2.817821502685546875e+00	2.819006443023681641e+00	2.814155817031860352e+00	2.808083534240722656e+00	2.803138256072998047e+00	2.800970554351806641e+00	2.803062438964843750e+00	2.810274124145507812e+00	2.821999549865722656e+00	2.834390163421630859e+00	2.839314222335815430e+00	2.831622123718261719e+00	2.817459583282470703e+00	2.803999900817871094e+00
2.790528774261474609e+00	2.785426855087280273e+00	2.784204959869384766e+00	2.786007404327392578e+00	2.789151430130004883e+00	2.792274475097656250e+00	2.794532775878906250e+00	2.795546054840087891e+00	2.795594930648803711e+00	2.795068979263305664e+00	2.794038534164428711e+00	2.792564153671264648e+00	2.790983200073242188e+00	2.789901971817016602e+00	2.789866447448730469e+00	2.790823459625244141e+00	2.792133092880249023e+00	2.793451070785522461e+00	2.795175313949584961e+00	2.798053503036499023e+00	2.802788734436035156e+00	2.809486865997314453e+00	2.817632436752319336e+00	2.826314926147460938e+00	2.833747386932373047e+00	2.838513851165771484e+00	2.840517282485961914e+00	2.840239763259887695e+00	2.837832689285278320e+00	2.833059787750244141e+00	2.826467037200927734e+00	2.819222927093505859e+00	2.811276912689208984e+00	2.803940534591674805e+00	2.798188209533691406e+00	2.794132471084594727e+00	2.791776657104492188e+00	2.790891885757446289e+00	2.791271686553955078e+00	2.792858600616455078e+00	2.795220851898193359e+00	2.797249317169189453e+00	2.797598123550415039e+00	2.795657873153686523e+00	2.792143344879150391e+00	2.788810968399047852e+00	2.787585020065307617e+00	2.789822816848754883e+00	2.795573949813842773e+00	2.803106784820556641e+00	2.809095859527587891e+00	2.809103488922119141e+00	2.801723241806030273e+00	2.794178724288940430e+00	2.790194511413574219e+00	2.789837837219238281e+00	2.791877985000610352e+00	2.794904708862304688e+00	2.797445058822631836e+00	2.798187255859375000e+00	2.796552419662475586e+00	2.793304920196533203e+00	2.790419578552246094e+00	2.790055751800537109e+00	2.793826341629028320e+00	2.802603721618652344e+00	2.815194606781005859e+00	2.827008247375488281e+00	2.832081317901611328e+00	2.825618505477905273e+00	2.812275171279907227e+00	2.799509525299072266e+00
2.782309055328369141e+00	2.778167486190795898e+00	2.776055335998535156e+00	2.775661706924438477e+00	2.776383638381958008e+00	2.777696847915649414e+00	2.779699325561523438e+00	2.782235860824584961e+00	2.784825563430786133e+00	2.786695480346679688e+00	2.787569999694824219e+00	2.787871360778808594e+00	2.787958145141601562e+00	2.788081407546997070e+00	2.788593530654907227e+00	2.789729595184326172e+00	2.791165113449096680e+00	2.792456150054931641e+00	2.793890714645385742e+00	2.795793294906616211e+00	2.798056602478027344e+00	2.800418615341186523e+00	2.803412914276123047e+00	2.807590723037719727e+00	2.812267780303955078e+00	2.815672874450683594e+00	2.816741228103637695e+00	2.815880537033081055e+00	2.813462257385253906e+00	2.809384822845458984e+00	2.804165124893188477e+00	2.798890590667724609e+00	2.794654607772827148e+00	2.791855812072753906e+00	2.789948940277099609e+00	2.787921428680419922e+00	2.786425352096557617e+00	2.786086797714233398e+00	2.786793708801269531e+00	2.787911176681518555e+00	2.788291454315185547e+00	2.787542104721069336e+00	2.786228656768798828e+00	2.784623146057128906e+00	2.782693386077880859e+00	2.781047582626342773e+00	2.780848503112792969e+00	2.782867193222045898e+00	2.787002563476562500e+00	2.792204380035400391e+00	2.796624422073364258e+00	2.796916007995605469e+00	2.790870666503906250e+00	2.784652471542358398e+00	2.781356096267700195e+00	2.781226634979248047e+00	2.783558130264282227e+00	2.787048578262329102e+00	2.790102005004882812e+00	2.791520118713378906e+00	2.791030168533325195e+00	2.789351940155029297e+00	2.787929773330688477e+00	2.788233995437622070e+00	2.791129827499389648e+00	2.796688079833984375e+00	2.803812503814697266e+00	2.810375690460205078e+00	2.812536954879760742e+00	2.807627201080322266e+00	2.798105955123901367e+00	2.788883209228515625e+00
2.766599178314208984e+00	2.766478776931762695e+00	2.767154455184936523e+00	2.767904996871948242e+00	2.767601013183593750e+00	2.767309665679931641e+00	2.767419338226318359e+00	2.768147706985473633e+00	2.769542932510375977e+00	2.771393537521362305e+00	2.773542642593383789e+00	2.775784969329833984e+00	2.777715682983398438e+00	2.778908014297485352e+00	2.779185056686401367e+00	2.778752803802490234e+00	2.778023958206176758e+00	2.777336835861206055e+00	2.776929378509521484e+00	2.776819944381713867e+00	2.776199579238891602e+00	2.775075197219848633e+00	2.774260282516479492e+00	2.774150133132934570e+00	2.774716377258300781e+00	2.775294542312622070e+00	2.776557207107543945e+00	2.778825759887695312e+00	2.781722545623779297e+00	2.784804344177246094e+00	2.788350343704223633e+00	2.792487859725952148e+00	2.796323060989379883e+00	2.798516750335693359e+00	2.798432826995849609e+00	2.796378850936889648e+00	2.792658567428588867e+00	2.787558317184448242e+00	2.782188415527343750e+00	2.777809858322143555e+00	2.775043010711669922e+00	2.773606300354003906e+00	2.773003578186035156e+00	2.773266077041625977e+00	2.774023532867431641e+00	2.774847269058227539e+00	2.775673389434814453e+00	2.776110887527465820e+00	2.775911808013916016e+00	2.775376319885253906e+00	2.774747610092163086e+00	2.773793935775756836e+00	2.771980047225952148e+00	2.769822597503662109e+00	2.768362998962402344e+00	2.768033981323242188e+00	2.768896818161010742e+00	2.770985364913940430e+00	2.774202823638916016e+00	2.777792215347290039e+00	2.779845476150512695e+00	2.779954195022583008e+00	2.779775381088256836e+00	2.779763460159301758e+00	2.779456615447998047e+00	2.778424024581909180e+00	2.776858091354370117e+00	2.774861097335815430e+00	2.772258281707763672e+00	2.769718408584594727e+00	2.767995595932006836e+00	2.767087459564208984e+00
2.764076948165893555e+00	2.763554573059082031e+00	2.763761758804321289e+00	2.764675378799438477e+00	2.766082763671875000e+00	2.767358064651489258e+00	2.768293142318725586e+00	2.769139528274536133e+00	2.770060539245605469e+00	2.771088838577270508e+00	2.772300720214843750e+00	2.773874044418334961e+00	2.775629758834838867e+00	2.777004241943359375e+00	2.777680158615112305e+00	2.777779817581176758e+00	2.777522563934326172e+00	2.777143716812133789e+00	2.777050733566284180e+00	2.777293682098388672e+00	2.777140617370605469e+00	2.775908470153808594e+00	2.774304628372192383e+00	2.772869110107421875e+00	2.771810770034790039e+00	2.771557569503784180e+00	2.772706270217895508e+00	2.775448799133300781e+00	2.779467344284057617e+00	2.783573150634765625e+00	2.786344289779663086e+00	2.788014173507690430e+00	2.789132118225097656e+00	2.789718151092529297e+00	2.789440393447875977e+00	2.788272857666015625e+00	2.786408185958862305e+00	2.783664941787719727e+00	2.779941320419311523e+00	2.775984287261962891e+00	2.772694587707519531e+00	2.770455598831176758e+00	2.769090175628662109e+00	2.768195390701293945e+00	2.768274545669555664e+00	2.769636869430541992e+00	2.771934747695922852e+00	2.774610519409179688e+00	2.776951074600219727e+00	2.778318643569946289e+00	2.778568506240844727e+00	2.777817726135253906e+00	2.775148153305053711e+00	2.772020339965820312e+00	2.769775629043579102e+00	2.768553733825683594e+00	2.768452644348144531e+00	2.769590616226196289e+00	2.771896362304687500e+00	2.774532556533813477e+00	2.776257753372192383e+00	2.776749372482299805e+00	2.776659011840820312e+00	2.777064323425292969e+00	2.777569532394409180e+00	2.777205228805541992e+00	2.775936603546142578e+00	2.774159908294677734e+00	2.771874904632568359e+00	2.769637584686279297e+00	2.767624378204345703e+00	2.765546083450317383e+00
2.769928932189941406e+00	2.770342826843261719e+00	2.771693706512451172e+00	2.773409128189086914e+00	2.774560213088989258e+00	2.774852275848388672e+00	2.774931669235229492e+00	2.774736881256103516e+00	2.774379730224609375e+00	2.774511337280273438e+00	2.775262832641601562e+00	2.776629924774169922e+00	2.778523445129394531e+00	2.780282020568847656e+00	2.781124114990234375e+00	2.781270980834960938e+00	2.780835151672363281e+00	2.780249357223510742e+00	2.780152797698974609e+00	2.780429840087890625e+00	2.780844211578369141e+00	2.781506061553955078e+00	2.781688928604125977e+00	2.779161453247070312e+00	2.774692058563232422e+00	2.770810604095458984e+00	2.768746852874755859e+00	2.768445014953613281e+00	2.769476413726806641e+00	2.771310329437255859e+00	2.773189067840576172e+00	2.774666547775268555e+00	2.776087522506713867e+00	2.777648925781250000e+00	2.779020071029663086e+00	2.780311107635498047e+00	2.781183958053588867e+00	2.780818223953247070e+00	2.779026985168457031e+00	2.776420831680297852e+00	2.773974657058715820e+00	2.772714614868164062e+00	2.773153543472290039e+00	2.772003173828125000e+00	2.770545244216918945e+00	2.771010875701904297e+00	2.772724390029907227e+00	2.775027275085449219e+00	2.777237176895141602e+00	2.778612613677978516e+00	2.778731107711791992e+00	2.777713775634765625e+00	2.775969266891479492e+00	2.774136304855346680e+00	2.772803068161010742e+00	2.772186994552612305e+00	2.772044181823730469e+00	2.772037744522094727e+00	2.772195816040039062e+00	2.772566080093383789e+00	2.772610902786254883e+00	2.772380590438842773e+00	2.772752761840820312e+00	2.773864984512329102e+00	2.775159358978271484e+00	2.776309728622436523e+00	2.776910543441772461e+00	2.776523351669311523e+00	2.775297403335571289e+00	2.773735046386718750e+00	2.772072315216064453e+00	2.770620822906494141e+00
2.775768280029296875e+00	2.775527238845825195e+00	2.775859117507934570e+00	2.776248693466186523e+00	2.776546239852905273e+00	2.777298212051391602e+00	2.778502464294433594e+00	2.778033018112182617e+00	2.777505636215209961e+00	2.777417659759521484e+00	2.777429580688476562e+00	2.778119325637817383e+00	2.779548406600952148e+00	2.780840635299682617e+00	2.781323432922363281e+00	2.781233072280883789e+00	2.780959606170654297e+00	2.780827283859252930e+00	2.780971050262451172e+00	2.781136274337768555e+00	2.781045436859130859e+00	2.780937671661376953e+00	2.781115770339965820e+00	2.780617237091064453e+00	2.777766227722167969e+00	2.774003982543945312e+00	2.771326780319213867e+00	2.770139455795288086e+00	2.770160436630249023e+00	2.770970582962036133e+00	2.772150754928588867e+00	2.773217916488647461e+00	2.774108648300170898e+00	2.775175333023071289e+00	2.776567697525024414e+00	2.777957916259765625e+00	2.778499126434326172e+00	2.777756452560424805e+00	2.776317834854125977e+00	2.774747371673583984e+00	2.773114442825317383e+00	2.771502494812011719e+00	2.770105600357055664e+00	2.769300699234008789e+00	2.769694328308105469e+00	2.771589279174804688e+00	2.774643659591674805e+00	2.777987718582153320e+00	2.780712842941284180e+00	2.782374620437622070e+00	2.782629489898681641e+00	2.780854463577270508e+00	2.778232812881469727e+00	2.775931358337402344e+00	2.774242639541625977e+00	2.773405313491821289e+00	2.773544788360595703e+00	2.774210453033447266e+00	2.774924755096435547e+00	2.775567054748535156e+00	2.776235342025756836e+00	2.776646375656127930e+00	2.776622295379638672e+00	2.776324748992919922e+00	2.776424169540405273e+00	2.777226448059082031e+00	2.778470754623413086e+00	2.779338359832763672e+00	2.779060840606689453e+00	2.778236627578735352e+00	2.777357101440429688e+00	2.776513338088989258e+00
2.774517536163330078e+00	2.774299144744873047e+00	2.774691104888916016e+00	2.775140047073364258e+00	2.775416374206542969e+00	2.775496721267700195e+00	2.775445699691772461e+00	2.775620222091674805e+00	2.776043176651000977e+00	2.776095151901245117e+00	2.775693893432617188e+00	2.775278806686401367e+00	2.775103807449340820e+00	2.775221824645996094e+00	2.775737762451171875e+00	2.776746034622192383e+00	2.778095483779907227e+00	2.779055118560791016e+00	2.779228448867797852e+00	2.778786182403564453e+00	2.777626514434814453e+00	2.776039123535156250e+00	2.774700164794921875e+00	2.773769617080688477e+00	2.772703886032104492e+00	2.771344661712646484e+00	2.769983768463134766e+00	2.768832921981811523e+00	2.768022537231445312e+00	2.767812728881835938e+00	2.768362998962402344e+00	2.769479274749755859e+00	2.770720481872558594e+00	2.771761655807495117e+00	2.772551774978637695e+00	2.773047924041748047e+00	2.773074626922607422e+00	2.772749423980712891e+00	2.772527456283569336e+00	2.772114753723144531e+00	2.771335601806640625e+00	2.770681858062744141e+00	2.770096778869628906e+00	2.769649505615234375e+00	2.769749164581298828e+00	2.771019220352172852e+00	2.773524522781372070e+00	2.776755332946777344e+00	2.780010461807250977e+00	2.782383441925048828e+00	2.783329725265502930e+00	2.782556295394897461e+00	2.779612064361572266e+00	2.776190280914306641e+00	2.773633956909179688e+00	2.772186040878295898e+00	2.771778345108032227e+00	2.772104978561401367e+00	2.772430419921875000e+00	2.771972656250000000e+00	2.771268367767333984e+00	2.770994901657104492e+00	2.771926403045654297e+00	2.773904085159301758e+00	2.776156663894653320e+00	2.778090238571166992e+00	2.778925180435180664e+00	2.779138565063476562e+00	2.779122591018676758e+00	2.778496265411376953e+00	2.777112960815429688e+00	2.775576591491699219e+00
2.775115251541137695e+00	2.774604082107543945e+00	2.775165557861328125e+00	2.775987863540649414e+00	2.776209354400634766e+00	2.775939941406250000e+00	2.775496959686279297e+00	2.775060653686523438e+00	2.774730682373046875e+00	2.774375915527343750e+00	2.774072647094726562e+00	2.774059772491455078e+00	2.774359941482543945e+00	2.774734735488891602e+00	2.775009632110595703e+00	2.775390625000000000e+00	2.776140928268432617e+00	2.777116775512695312e+00	2.777886152267456055e+00	2.778152227401733398e+00	2.777805328369140625e+00	2.776352405548095703e+00	2.774401903152465820e+00	2.772462844848632812e+00	2.770991325378417969e+00	2.770467996597290039e+00	2.770301818847656250e+00	2.770009040832519531e+00	2.769582509994506836e+00	2.769257783889770508e+00	2.769299507141113281e+00	2.769943952560424805e+00	2.771201848983764648e+00	2.772622346878051758e+00	2.773653507232666016e+00	2.774195671081542969e+00	2.774400234222412109e+00	2.774390459060668945e+00	2.774291992187500000e+00	2.774201393127441406e+00	2.774005174636840820e+00	2.773449420928955078e+00	2.772441864013671875e+00	2.771692514419555664e+00	2.772286415100097656e+00	2.774349451065063477e+00	2.777059316635131836e+00	2.779565334320068359e+00	2.782383680343627930e+00	2.784827232360839844e+00	2.785446166992187500e+00	2.782339572906494141e+00	2.778018712997436523e+00	2.774708032608032227e+00	2.772370576858520508e+00	2.770946502685546875e+00	2.770407915115356445e+00	2.770396471023559570e+00	2.770407915115356445e+00	2.770300626754760742e+00	2.770333290100097656e+00	2.771078586578369141e+00	2.772872924804687500e+00	2.775001764297485352e+00	2.776368379592895508e+00	2.777111530303955078e+00	2.777952909469604492e+00	2.779128551483154297e+00	2.780280590057373047e+00	2.780105352401733398e+00	2.778498649597167969e+00	2.776606559753417969e+00
2.773240566253662109e+00	2.770644664764404297e+00	2.768628597259521484e+00	2.767759323120117188e+00	2.767795801162719727e+00	2.768395900726318359e+00	2.769307136535644531e+00	2.770133733749389648e+00	2.770282745361328125e+00	2.769746541976928711e+00	2.769288063049316406e+00	2.769495248794555664e+00	2.770460605621337891e+00	2.771984815597534180e+00	2.773695468902587891e+00	2.775083065032958984e+00	2.775546312332153320e+00	2.774925231933593750e+00	2.773841381072998047e+00	2.772943019866943359e+00	2.772256374359130859e+00	2.771594047546386719e+00	2.770925998687744141e+00	2.770188570022583008e+00	2.769122362136840820e+00	2.767503499984741211e+00	2.765809535980224609e+00	2.764804840087890625e+00	2.764443159103393555e+00	2.764370203018188477e+00	2.764740943908691406e+00	2.765455722808837891e+00	2.766110420227050781e+00	2.766999006271362305e+00	2.768037557601928711e+00	2.769111633300781250e+00	2.770117521286010742e+00	2.770780086517333984e+00	2.770973920822143555e+00	2.771047115325927734e+00	2.771237373352050781e+00	2.771320343017578125e+00	2.771270036697387695e+00	2.771546125411987305e+00	2.772258281707763672e+00	2.773312330245971680e+00	2.774889945983886719e+00	2.776702165603637695e+00	2.778157949447631836e+00	2.778573513031005859e+00	2.777842760086059570e+00	2.776636600494384766e+00	2.775519371032714844e+00	2.774757385253906250e+00	2.774344682693481445e+00	2.773999214172363281e+00	2.773479700088500977e+00	2.773041725158691406e+00	2.773118257522583008e+00	2.773410081863403320e+00	2.773030519485473633e+00	2.772357463836669922e+00	2.772265195846557617e+00	2.772750854492187500e+00	2.773111104965209961e+00	2.772923946380615234e+00	2.772436857223510742e+00	2.771791458129882812e+00	2.771193742752075195e+00	2.771142005920410156e+00	2.772189378738403320e+00	2.773802995681762695e+00
2.771468639373779297e+00	2.770982027053833008e+00	2.769060373306274414e+00	2.766903877258300781e+00	2.765705108642578125e+00	2.765631198883056641e+00	2.766242742538452148e+00	2.767091274261474609e+00	2.767938375473022461e+00	2.768612623214721680e+00	2.769128084182739258e+00	2.769624710083007812e+00	2.770259380340576172e+00	2.771161079406738281e+00	2.772283554077148438e+00	2.773354530334472656e+00	2.774007081985473633e+00	2.773691654205322266e+00	2.772552251815795898e+00	2.770587921142578125e+00	2.768616914749145508e+00	2.767744779586791992e+00	2.768192291259765625e+00	2.769130468368530273e+00	2.769541740417480469e+00	2.769100427627563477e+00	2.767887830734252930e+00	2.766455650329589844e+00	2.764778137207031250e+00	2.763692855834960938e+00	2.763992071151733398e+00	2.765610933303833008e+00	2.767682552337646484e+00	2.769392967224121094e+00	2.770779609680175781e+00	2.771782398223876953e+00	2.772181749343872070e+00	2.771952867507934570e+00	2.771457910537719727e+00	2.771195173263549805e+00	2.771281719207763672e+00	2.771682977676391602e+00	2.772744894027709961e+00	2.774603128433227539e+00	2.774761199951171875e+00	2.773562192916870117e+00	2.773647069931030273e+00	2.774270057678222656e+00	2.774845838546752930e+00	2.775041341781616211e+00	2.774831533432006836e+00	2.774284362792968750e+00	2.773524284362792969e+00	2.772854328155517578e+00	2.772377014160156250e+00	2.771905660629272461e+00	2.771470785140991211e+00	2.771405220031738281e+00	2.771771669387817383e+00	2.772226572036743164e+00	2.772465705871582031e+00	2.772464036941528320e+00	2.772368192672729492e+00	2.772371292114257812e+00	2.772299289703369141e+00	2.771844387054443359e+00	2.770910263061523438e+00	2.769899845123291016e+00	2.769301652908325195e+00	2.769264459609985352e+00	2.769841432571411133e+00	2.770812511444091797e+00
2.772821664810180664e+00	2.771628618240356445e+00	2.771008253097534180e+00	2.771239280700683594e+00	2.772052764892578125e+00	2.772772550582885742e+00	2.773227453231811523e+00	2.773399829864501953e+00	2.773161888122558594e+00	2.772765636444091797e+00	2.772581815719604492e+00	2.772787809371948242e+00	2.772990465164184570e+00	2.772529125213623047e+00	2.771856069564819336e+00	2.771759748458862305e+00	2.772572517395019531e+00	2.774351119995117188e+00	2.776584386825561523e+00	2.777107477188110352e+00	2.776339769363403320e+00	2.776419401168823242e+00	2.777754545211791992e+00	2.780037879943847656e+00	2.782911062240600586e+00	2.786122560501098633e+00	2.789582729339599609e+00	2.793215274810791016e+00	2.797085285186767578e+00	2.801140785217285156e+00	2.805118799209594727e+00	2.808711051940917969e+00	2.811566829681396484e+00	2.813324689865112305e+00	2.813821315765380859e+00	2.813070774078369141e+00	2.810857772827148438e+00	2.807184934616088867e+00	2.802741527557373047e+00	2.798122406005859375e+00	2.793091058731079102e+00	2.786829233169555664e+00	2.781813621520996094e+00	2.778368949890136719e+00	2.776420593261718750e+00	2.775945901870727539e+00	2.776710271835327148e+00	2.777756929397583008e+00	2.777760744094848633e+00	2.777294635772705078e+00	2.777199983596801758e+00	2.777708292007446289e+00	2.778624534606933594e+00	2.779772281646728516e+00	2.781257629394531250e+00	2.783318281173706055e+00	2.785982370376586914e+00	2.787373542785644531e+00	2.788100004196166992e+00	2.789340019226074219e+00	2.790213346481323242e+00	2.790182590484619141e+00	2.788693904876708984e+00	2.786187410354614258e+00	2.783678770065307617e+00	2.781494855880737305e+00	2.779490709304809570e+00	2.777485847473144531e+00	2.775602102279663086e+00	2.774199247360229492e+00	2.773572683334350586e+00	2.773547887802124023e+00
2.770108699798583984e+00	2.770398855209350586e+00	2.771512031555175781e+00	2.772993564605712891e+00	2.774357080459594727e+00	2.775141716003417969e+00	2.775558233261108398e+00	2.776024341583251953e+00	2.776361227035522461e+00	2.776168107986450195e+00	2.775591611862182617e+00	2.775078773498535156e+00	2.774787902832031250e+00	2.774724245071411133e+00	2.775034666061401367e+00	2.775995969772338867e+00	2.777501344680786133e+00	2.778335571289062500e+00	2.778347015380859375e+00	2.778193473815917969e+00	2.777667760848999023e+00	2.777306556701660156e+00	2.777852535247802734e+00	2.779458761215209961e+00	2.781825542449951172e+00	2.784848451614379883e+00	2.788699150085449219e+00	2.793325662612915039e+00	2.798501253128051758e+00	2.803957223892211914e+00	2.809303760528564453e+00	2.814028263092041016e+00	2.817600727081298828e+00	2.819545745849609375e+00	2.819587945938110352e+00	2.817912101745605469e+00	2.815047979354858398e+00	2.811517238616943359e+00	2.807048797607421875e+00	2.801533699035644531e+00	2.795246124267578125e+00	2.789380073547363281e+00	2.784753561019897461e+00	2.781059980392456055e+00	2.778208255767822266e+00	2.776391029357910156e+00	2.775467872619628906e+00	2.775191307067871094e+00	2.775198936462402344e+00	2.775320291519165039e+00	2.775442361831665039e+00	2.775505542755126953e+00	2.776084423065185547e+00	2.777476310729980469e+00	2.779620647430419922e+00	2.782262325286865234e+00	2.784927368164062500e+00	2.786870002746582031e+00	2.787667274475097656e+00	2.787806749343872070e+00	2.787872552871704102e+00	2.787710666656494141e+00	2.786958932876586914e+00	2.785527229309082031e+00	2.783594846725463867e+00	2.781459093093872070e+00	2.779248237609863281e+00	2.777128458023071289e+00	2.775294303894042969e+00	2.773550033569335938e+00	2.771840095520019531e+00	2.770624160766601562e+00
2.770524024963378906e+00	2.769948005676269531e+00	2.770273685455322266e+00	2.771389722824096680e+00	2.772710561752319336e+00	2.773679733276367188e+00	2.774255037307739258e+00	2.774487018585205078e+00	2.774548292160034180e+00	2.774841785430908203e+00	2.775571823120117188e+00	2.776258707046508789e+00	2.776428222656250000e+00	2.776648044586181641e+00	2.777265787124633789e+00	2.778049468994140625e+00	2.778445243835449219e+00	2.777672529220581055e+00	2.776552677154541016e+00	2.775715827941894531e+00	2.775456666946411133e+00	2.776237487792968750e+00	2.778110980987548828e+00	2.780298709869384766e+00	2.782100200653076172e+00	2.783958435058593750e+00	2.786625862121582031e+00	2.790679693222045898e+00	2.796289682388305664e+00	2.803007602691650391e+00	2.809413194656372070e+00	2.814236402511596680e+00	2.817770004272460938e+00	2.820026159286499023e+00	2.820686817169189453e+00	2.819763183593750000e+00	2.816624164581298828e+00	2.811327219009399414e+00	2.805187702178955078e+00	2.799331665039062500e+00	2.793819665908813477e+00	2.789019346237182617e+00	2.785179853439331055e+00	2.781563997268676758e+00	2.778119564056396484e+00	2.775443077087402344e+00	2.773843526840209961e+00	2.773370504379272461e+00	2.773836374282836914e+00	2.774701356887817383e+00	2.775550127029418945e+00	2.776222705841064453e+00	2.776808977127075195e+00	2.777490854263305664e+00	2.778152704238891602e+00	2.778702259063720703e+00	2.779317855834960938e+00	2.780831336975097656e+00	2.782885789871215820e+00	2.784188270568847656e+00	2.785946607589721680e+00	2.786757946014404297e+00	2.785934925079345703e+00	2.784695625305175781e+00	2.783800840377807617e+00	2.782907485961914062e+00	2.781656742095947266e+00	2.779894113540649414e+00	2.777805805206298828e+00	2.775688171386718750e+00	2.773647308349609375e+00	2.771842956542968750e+00
2.777995824813842773e+00	2.778911828994750977e+00	2.777589082717895508e+00	2.776050090789794922e+00	2.776622772216796875e+00	2.778394937515258789e+00	2.780159473419189453e+00	2.780998229980468750e+00	2.780431509017944336e+00	2.780115604400634766e+00	2.780365228652954102e+00	2.780790567398071289e+00	2.781074285507202148e+00	2.780951023101806641e+00	2.780908584594726562e+00	2.781722068786621094e+00	2.783945560455322266e+00	2.786629915237426758e+00	2.786731481552124023e+00	2.783431768417358398e+00	2.779209613800048828e+00	2.776039838790893555e+00	2.774644613265991211e+00	2.773676395416259766e+00	2.772002696990966797e+00	2.771144151687622070e+00	2.771597146987915039e+00	2.772817373275756836e+00	2.774475097656250000e+00	2.776161670684814453e+00	2.777469873428344727e+00	2.778045892715454102e+00	2.777933120727539062e+00	2.777739048004150391e+00	2.777760505676269531e+00	2.777534008026123047e+00	2.776414871215820312e+00	2.774446964263916016e+00	2.772499322891235352e+00	2.771520137786865234e+00	2.771735429763793945e+00	2.772672176361083984e+00	2.773526430130004883e+00	2.773481130599975586e+00	2.772453069686889648e+00	2.771160125732421875e+00	2.770555973052978516e+00	2.770940542221069336e+00	2.772006034851074219e+00	2.773269653320312500e+00	2.774517297744750977e+00	2.775680065155029297e+00	2.776783466339111328e+00	2.777881860733032227e+00	2.778754711151123047e+00	2.779038190841674805e+00	2.778877019882202148e+00	2.779088973999023438e+00	2.780030727386474609e+00	2.780656576156616211e+00	2.780347824096679688e+00	2.780192852020263672e+00	2.780694246292114258e+00	2.782017230987548828e+00	2.783872604370117188e+00	2.785073041915893555e+00	2.784759283065795898e+00	2.783071994781494141e+00	2.780659198760986328e+00	2.778352975845336914e+00	2.776937961578369141e+00	2.776857376098632812e+00
2.798101186752319336e+00	2.798026561737060547e+00	2.796147346496582031e+00	2.794241666793823242e+00	2.793257474899291992e+00	2.793473482131958008e+00	2.795188426971435547e+00	2.799091339111328125e+00	2.805902004241943359e+00	2.816637039184570312e+00	2.830759525299072266e+00	2.836710929870605469e+00	2.829646348953247070e+00	2.819498300552368164e+00	2.812076091766357422e+00	2.808621168136596680e+00	2.808108806610107422e+00	2.807772397994995117e+00	2.805411100387573242e+00	2.801314592361450195e+00	2.797748565673828125e+00	2.796282768249511719e+00	2.796647548675537109e+00	2.797166824340820312e+00	2.796349287033081055e+00	2.794071912765502930e+00	2.791141986846923828e+00	2.788341522216796875e+00	2.786242008209228516e+00	2.785111904144287109e+00	2.785101413726806641e+00	2.786553144454956055e+00	2.790337562561035156e+00	2.798151254653930664e+00	2.810988187789916992e+00	2.826907157897949219e+00	2.841118335723876953e+00	2.846806764602661133e+00	2.831533193588256836e+00	2.810389041900634766e+00	2.797263622283935547e+00	2.789810180664062500e+00	2.785682678222656250e+00	2.783587694168090820e+00	2.782865285873413086e+00	2.783335208892822266e+00	2.784961462020874023e+00	2.787401437759399414e+00	2.790025711059570312e+00	2.792562723159790039e+00	2.795613288879394531e+00	2.800213813781738281e+00	2.807163953781127930e+00	2.817303895950317383e+00	2.830168247222900391e+00	2.842078208923339844e+00	2.849539995193481445e+00	2.855457305908203125e+00	2.863090991973876953e+00	2.871229171752929688e+00	2.874527215957641602e+00	2.867472648620605469e+00	2.851905584335327148e+00	2.834722518920898438e+00	2.820104122161865234e+00	2.809029579162597656e+00	2.800960540771484375e+00	2.795707941055297852e+00	2.793173551559448242e+00	2.792771577835083008e+00	2.793963432312011719e+00	2.796160936355590820e+00
2.807817459106445312e+00	2.807369709014892578e+00	2.805036544799804688e+00	2.802071571350097656e+00	2.799771785736083984e+00	2.799119710922241211e+00	2.801061630249023438e+00	2.806787729263305664e+00	2.817766666412353516e+00	2.835648298263549805e+00	2.857360601425170898e+00	2.861505031585693359e+00	2.848420619964599609e+00	2.834079027175903320e+00	2.823017358779907227e+00	2.815191268920898438e+00	2.809789180755615234e+00	2.805630207061767578e+00	2.802303075790405273e+00	2.800285339355468750e+00	2.800156831741333008e+00	2.802017211914062500e+00	2.805335044860839844e+00	2.808774471282958984e+00	2.810245990753173828e+00	2.808322906494140625e+00	2.804088592529296875e+00	2.799246788024902344e+00	2.794839382171630859e+00	2.791588544845581055e+00	2.790242671966552734e+00	2.791756391525268555e+00	2.797245264053344727e+00	2.807764530181884766e+00	2.823666095733642578e+00	2.842897653579711914e+00	2.862179279327392578e+00	2.877053499221801758e+00	2.861512184143066406e+00	2.832833290100097656e+00	2.813762426376342773e+00	2.802070617675781250e+00	2.795650959014892578e+00	2.793036460876464844e+00	2.792935371398925781e+00	2.794335365295410156e+00	2.796520948410034180e+00	2.798877477645874023e+00	2.800793170928955078e+00	2.802237987518310547e+00	2.804032564163208008e+00	2.806830883026123047e+00	2.811502933502197266e+00	2.819763660430908203e+00	2.832285642623901367e+00	2.848117828369140625e+00	2.865644454956054688e+00	2.883681297302246094e+00	2.900843143463134766e+00	2.913545131683349609e+00	2.915574550628662109e+00	2.904242992401123047e+00	2.883669376373291016e+00	2.860597372055053711e+00	2.839403390884399414e+00	2.822350025177001953e+00	2.810623645782470703e+00	2.804017305374145508e+00	2.801530122756958008e+00	2.801884174346923828e+00	2.803874254226684570e+00	2.806267023086547852e+00
2.809060096740722656e+00	2.808141946792602539e+00	2.805538177490234375e+00	2.802527427673339844e+00	2.800420999526977539e+00	2.800230503082275391e+00	2.802850723266601562e+00	2.809164047241210938e+00	2.820547819137573242e+00	2.839230298995971680e+00	2.861971855163574219e+00	2.865234375000000000e+00	2.850891351699829102e+00	2.835956335067749023e+00	2.823683977127075195e+00	2.813730478286743164e+00	2.805953502655029297e+00	2.800402164459228516e+00	2.797377824783325195e+00	2.797052383422851562e+00	2.799188852310180664e+00	2.803158283233642578e+00	2.807887077331542969e+00	2.811864852905273438e+00	2.813432216644287109e+00	2.811753749847412109e+00	2.807525873184204102e+00	2.802484750747680664e+00	2.798106431961059570e+00	2.794842481613159180e+00	2.793432474136352539e+00	2.795126199722290039e+00	2.800910472869873047e+00	2.811804533004760742e+00	2.828024387359619141e+00	2.847672224044799805e+00	2.868442773818969727e+00	2.885666370391845703e+00	2.867874383926391602e+00	2.836904764175415039e+00	2.816581249237060547e+00	2.804497718811035156e+00	2.798171520233154297e+00	2.796128034591674805e+00	2.796782970428466797e+00	2.798850536346435547e+00	2.801733732223510742e+00	2.804445743560791016e+00	2.806093931198120117e+00	2.806823253631591797e+00	2.807408332824707031e+00	2.808671474456787109e+00	2.811654806137084961e+00	2.817656040191650391e+00	2.827908277511596680e+00	2.842782258987426758e+00	2.862184762954711914e+00	2.885101795196533203e+00	2.908457040786743164e+00	2.925842046737670898e+00	2.929305553436279297e+00	2.916980504989624023e+00	2.893990755081176758e+00	2.868242740631103516e+00	2.844995975494384766e+00	2.826450347900390625e+00	2.813428878784179688e+00	2.806067705154418945e+00	2.803639411926269531e+00	2.804525136947631836e+00	2.806412696838378906e+00	2.808141231536865234e+00
2.819672584533691406e+00	2.817747592926025391e+00	2.814460515975952148e+00	2.811470508575439453e+00	2.810265779495239258e+00	2.811709880828857422e+00	2.816850662231445312e+00	2.827204704284667969e+00	2.844428777694702148e+00	2.868077278137207031e+00	2.886561393737792969e+00	2.882304430007934570e+00	2.864057302474975586e+00	2.847161054611206055e+00	2.834385156631469727e+00	2.824383497238159180e+00	2.816996097564697266e+00	2.812541007995605469e+00	2.810784101486206055e+00	2.810982227325439453e+00	2.812495231628417969e+00	2.815469026565551758e+00	2.819512605667114258e+00	2.823149204254150391e+00	2.824453830718994141e+00	2.822435379028320312e+00	2.818005561828613281e+00	2.812899589538574219e+00	2.808450222015380859e+00	2.805714130401611328e+00	2.804958343505859375e+00	2.806640386581420898e+00	2.812237024307250977e+00	2.822906732559204102e+00	2.839164495468139648e+00	2.859819412231445312e+00	2.883103370666503906e+00	2.903399705886840820e+00	2.894590616226196289e+00	2.869967222213745117e+00	2.847019672393798828e+00	2.828596591949462891e+00	2.816198348999023438e+00	2.809568405151367188e+00	2.807415008544921875e+00	2.808236122131347656e+00	2.810661792755126953e+00	2.813501834869384766e+00	2.815818071365356445e+00	2.817260265350341797e+00	2.818206310272216797e+00	2.819292783737182617e+00	2.821202754974365234e+00	2.825335979461669922e+00	2.833903551101684570e+00	2.848338842391967773e+00	2.868223667144775391e+00	2.892026185989379883e+00	2.917370796203613281e+00	2.938827037811279297e+00	2.944948196411132812e+00	2.929419279098510742e+00	2.902987003326416016e+00	2.875375509262084961e+00	2.851342678070068359e+00	2.833034038543701172e+00	2.821231842041015625e+00	2.815641641616821289e+00	2.814800739288330078e+00	2.816286802291870117e+00	2.818178892135620117e+00	2.819594621658325195e+00
2.825022220611572266e+00	2.822788715362548828e+00	2.819571495056152344e+00	2.816688060760498047e+00	2.815627336502075195e+00	2.817734956741333008e+00	2.824428319931030273e+00	2.837497234344482422e+00	2.860262155532836914e+00	2.893970012664794922e+00	2.907672882080078125e+00	2.888837099075317383e+00	2.866914272308349609e+00	2.849251985549926758e+00	2.835815429687500000e+00	2.825277805328369141e+00	2.817643642425537109e+00	2.813248634338378906e+00	2.811754226684570312e+00	2.812565088272094727e+00	2.815284729003906250e+00	2.819598913192749023e+00	2.824744701385498047e+00	2.829081535339355469e+00	2.830405712127685547e+00	2.827766656875610352e+00	2.822476863861083984e+00	2.816774606704711914e+00	2.812405824661254883e+00	2.810281991958618164e+00	2.810559988021850586e+00	2.813184499740600586e+00	2.818890333175659180e+00	2.829127788543701172e+00	2.844817876815795898e+00	2.865051746368408203e+00	2.888127803802490234e+00	2.910244464874267578e+00	2.908728837966918945e+00	2.884664773941040039e+00	2.858516454696655273e+00	2.838168144226074219e+00	2.824216604232788086e+00	2.816065549850463867e+00	2.812670230865478516e+00	2.812687873840332031e+00	2.814782619476318359e+00	2.817782640457153320e+00	2.820690631866455078e+00	2.823004007339477539e+00	2.824765920639038086e+00	2.826093673706054688e+00	2.827129364013671875e+00	2.828611850738525391e+00	2.833505392074584961e+00	2.845263957977294922e+00	2.864577531814575195e+00	2.890471458435058594e+00	2.920222043991088867e+00	2.947223663330078125e+00	2.957311630249023438e+00	2.941482305526733398e+00	2.913209199905395508e+00	2.884057044982910156e+00	2.858964443206787109e+00	2.840246677398681641e+00	2.828932523727416992e+00	2.824399471282958984e+00	2.823945760726928711e+00	2.824609756469726562e+00	2.825644969940185547e+00	2.825959444046020508e+00
2.826893806457519531e+00	2.824013710021972656e+00	2.820388555526733398e+00	2.817166328430175781e+00	2.815840721130371094e+00	2.817841768264770508e+00	2.824610471725463867e+00	2.837895393371582031e+00	2.860872030258178711e+00	2.895780086517333984e+00	2.912614822387695312e+00	2.894186735153198242e+00	2.870734691619873047e+00	2.851654767990112305e+00	2.837369441986083984e+00	2.826568126678466797e+00	2.818898677825927734e+00	2.814355611801147461e+00	2.812551975250244141e+00	2.813059329986572266e+00	2.815692424774169922e+00	2.820227622985839844e+00	2.825826644897460938e+00	2.830681562423706055e+00	2.832398653030395508e+00	2.829898834228515625e+00	2.824568748474121094e+00	2.818762540817260742e+00	2.814271450042724609e+00	2.812032938003540039e+00	2.812277078628540039e+00	2.814991235733032227e+00	2.820797204971313477e+00	2.831090211868286133e+00	2.846792221069335938e+00	2.867033958435058594e+00	2.890714645385742188e+00	2.915260076522827148e+00	2.913981437683105469e+00	2.887388467788696289e+00	2.859980821609497070e+00	2.839398384094238281e+00	2.825629949569702148e+00	2.817609310150146484e+00	2.814132928848266602e+00	2.813955545425415039e+00	2.815851926803588867e+00	2.818688631057739258e+00	2.821469545364379883e+00	2.823726654052734375e+00	2.825586795806884766e+00	2.827038526535034180e+00	2.827596902847290039e+00	2.828434705734252930e+00	2.833164453506469727e+00	2.844840288162231445e+00	2.864130496978759766e+00	2.890168666839599609e+00	2.920389890670776367e+00	2.948366403579711914e+00	2.959122180938720703e+00	2.943186759948730469e+00	2.915099382400512695e+00	2.886288166046142578e+00	2.861379384994506836e+00	2.842576026916503906e+00	2.830932378768920898e+00	2.825954914093017578e+00	2.825463056564331055e+00	2.826991796493530273e+00	2.828782796859741211e+00	2.828919172286987305e+00
2.827064752578735352e+00	2.824438810348510742e+00	2.820854425430297852e+00	2.817666530609130859e+00	2.816282510757446289e+00	2.818162679672241211e+00	2.824902296066284180e+00	2.838311910629272461e+00	2.861573934555053711e+00	2.897049427032470703e+00	2.915076255798339844e+00	2.898363113403320312e+00	2.874681234359741211e+00	2.854010343551635742e+00	2.838785886764526367e+00	2.827674388885498047e+00	2.819938182830810547e+00	2.815486669540405273e+00	2.813909292221069336e+00	2.814586639404296875e+00	2.817113161087036133e+00	2.821349382400512695e+00	2.826670885086059570e+00	2.831391096115112305e+00	2.833158254623413086e+00	2.830785751342773438e+00	2.825505495071411133e+00	2.819613218307495117e+00	2.814903497695922852e+00	2.812340736389160156e+00	2.812237739562988281e+00	2.814700603485107422e+00	2.820428848266601562e+00	2.830860137939453125e+00	2.846951246261596680e+00	2.867742300033569336e+00	2.891737937927246094e+00	2.916283607482910156e+00	2.914912700653076172e+00	2.888178348541259766e+00	2.860680818557739258e+00	2.840022087097167969e+00	2.826253175735473633e+00	2.818286418914794922e+00	2.814792633056640625e+00	2.814499378204345703e+00	2.816252231597900391e+00	2.819025278091430664e+00	2.821856975555419922e+00	2.824178457260131836e+00	2.825915098190307617e+00	2.827128410339355469e+00	2.827856779098510742e+00	2.828864097595214844e+00	2.833759307861328125e+00	2.845844268798828125e+00	2.865671396255493164e+00	2.892263412475585938e+00	2.922826051712036133e+00	2.950696229934692383e+00	2.961098909378051758e+00	2.944783210754394531e+00	2.916309833526611328e+00	2.887374401092529297e+00	2.862545728683471680e+00	2.843655109405517578e+00	2.831772089004516602e+00	2.826636791229248047e+00	2.826075077056884766e+00	2.827391386032104492e+00	2.828505277633666992e+00	2.828288316726684570e+00
2.826844692230224609e+00	2.824876785278320312e+00	2.821773290634155273e+00	2.818930387496948242e+00	2.817636728286743164e+00	2.819163799285888672e+00	2.825116634368896484e+00	2.837496995925903320e+00	2.859727621078491211e+00	2.895872831344604492e+00	2.920028209686279297e+00	2.902158021926879883e+00	2.876845598220825195e+00	2.855913162231445312e+00	2.840726375579833984e+00	2.829164505004882812e+00	2.820942878723144531e+00	2.816313028335571289e+00	2.814788579940795898e+00	2.815795660018920898e+00	2.819016218185424805e+00	2.823960304260253906e+00	2.829668760299682617e+00	2.834572792053222656e+00	2.836535215377807617e+00	2.834374904632568359e+00	2.829116821289062500e+00	2.822925806045532227e+00	2.817662000656127930e+00	2.814452648162841797e+00	2.813765525817871094e+00	2.815836429595947266e+00	2.821422576904296875e+00	2.831840276718139648e+00	2.847812891006469727e+00	2.868335008621215820e+00	2.892430305480957031e+00	2.918852806091308594e+00	2.918962717056274414e+00	2.888799190521240234e+00	2.860029220581054688e+00	2.839304447174072266e+00	2.825546741485595703e+00	2.817601442337036133e+00	2.814221858978271484e+00	2.814104080200195312e+00	2.816019773483276367e+00	2.818839073181152344e+00	2.821563720703125000e+00	2.823660135269165039e+00	2.825112581253051758e+00	2.825994491577148438e+00	2.826544523239135742e+00	2.828334569931030273e+00	2.834431409835815430e+00	2.847301244735717773e+00	2.867509365081787109e+00	2.894090175628662109e+00	2.924167633056640625e+00	2.951149940490722656e+00	2.960947036743164062e+00	2.944829702377319336e+00	2.916588306427001953e+00	2.887538433074951172e+00	2.862390518188476562e+00	2.843332767486572266e+00	2.831393718719482422e+00	2.826094865798950195e+00	2.825263023376464844e+00	2.826068401336669922e+00	2.826847076416015625e+00	2.827273845672607422e+00
2.824693679809570312e+00	2.822670698165893555e+00	2.819680213928222656e+00	2.817197084426879883e+00	2.816569328308105469e+00	2.818574428558349609e+00	2.824502229690551758e+00	2.836522817611694336e+00	2.858292102813720703e+00	2.894487380981445312e+00	2.918317317962646484e+00	2.899271011352539062e+00	2.874916076660156250e+00	2.854619264602661133e+00	2.839696645736694336e+00	2.828224897384643555e+00	2.819948434829711914e+00	2.815145015716552734e+00	2.813393831253051758e+00	2.814132213592529297e+00	2.817068815231323242e+00	2.821826696395874023e+00	2.827413558959960938e+00	2.832088947296142578e+00	2.833676099777221680e+00	2.831146001815795898e+00	2.825723409652709961e+00	2.819700241088867188e+00	2.814935445785522461e+00	2.812310695648193359e+00	2.811822652816772461e+00	2.813930034637451172e+00	2.819735527038574219e+00	2.830553293228149414e+00	2.846965789794921875e+00	2.867753505706787109e+00	2.891583681106567383e+00	2.916667461395263672e+00	2.917351961135864258e+00	2.887541055679321289e+00	2.859165906906127930e+00	2.838801622390747070e+00	2.825141906738281250e+00	2.817162752151489258e+00	2.813728332519531250e+00	2.813577890396118164e+00	2.815461635589599609e+00	2.818262338638305664e+00	2.821020841598510742e+00	2.823210239410400391e+00	2.824840545654296875e+00	2.826016187667846680e+00	2.826942920684814453e+00	2.829193830490112305e+00	2.835823297500610352e+00	2.849112987518310547e+00	2.869373321533203125e+00	2.895430326461791992e+00	2.924299955368041992e+00	2.949426889419555664e+00	2.957714319229125977e+00	2.941654682159423828e+00	2.913678646087646484e+00	2.884747743606567383e+00	2.859805822372436523e+00	2.841097831726074219e+00	2.829565525054931641e+00	2.824684381484985352e+00	2.824025630950927734e+00	2.824500083923339844e+00	2.824940919876098633e+00	2.825230121612548828e+00
2.826101064682006836e+00	2.823968410491943359e+00	2.820775508880615234e+00	2.817903757095336914e+00	2.816860675811767578e+00	2.819012403488159180e+00	2.825762987136840820e+00	2.838909387588500977e+00	2.861618280410766602e+00	2.897532463073730469e+00	2.918717145919799805e+00	2.897722721099853516e+00	2.872884988784790039e+00	2.853233814239501953e+00	2.838860988616943359e+00	2.827904462814331055e+00	2.820139646530151367e+00	2.815722942352294922e+00	2.814169406890869141e+00	2.814957380294799805e+00	2.817867279052734375e+00	2.822641372680664062e+00	2.828401327133178711e+00	2.833332300186157227e+00	2.835087776184082031e+00	2.832576990127563477e+00	2.827175140380859375e+00	2.821270704269409180e+00	2.816622257232666016e+00	2.813975095748901367e+00	2.813471078872680664e+00	2.815659046173095703e+00	2.821468591690063477e+00	2.832190752029418945e+00	2.848438739776611328e+00	2.869099140167236328e+00	2.893236875534057617e+00	2.917420148849487305e+00	2.918020009994506836e+00	2.889388084411621094e+00	2.860547542572021484e+00	2.839981317520141602e+00	2.826558589935302734e+00	2.818883895874023438e+00	2.815661907196044922e+00	2.815591335296630859e+00	2.817448854446411133e+00	2.820200920104980469e+00	2.822960376739501953e+00	2.825233697891235352e+00	2.826944112777709961e+00	2.828054428100585938e+00	2.828718900680541992e+00	2.830244302749633789e+00	2.835874557495117188e+00	2.848354339599609375e+00	2.868104457855224609e+00	2.894141435623168945e+00	2.923915386199951172e+00	2.951416492462158203e+00	2.961967468261718750e+00	2.945226669311523438e+00	2.916007518768310547e+00	2.886392831802368164e+00	2.861271619796752930e+00	2.842636108398437500e+00	2.831115007400512695e+00	2.826086759567260742e+00	2.825332641601562500e+00	2.825900077819824219e+00	2.826436758041381836e+00	2.826721191406250000e+00
2.826484441757202148e+00	2.824348688125610352e+00	2.821100473403930664e+00	2.818107843399047852e+00	2.816892623901367188e+00	2.818912029266357422e+00	2.825654506683349609e+00	2.838885784149169922e+00	2.861677169799804688e+00	2.897289752960205078e+00	2.915441989898681641e+00	2.895431041717529297e+00	2.872113704681396484e+00	2.852739334106445312e+00	2.838323593139648438e+00	2.827595472335815430e+00	2.820190191268920898e+00	2.816004514694213867e+00	2.814460754394531250e+00	2.815024852752685547e+00	2.817533254623413086e+00	2.821815967559814453e+00	2.827108383178710938e+00	2.831750154495239258e+00	2.833426713943481445e+00	2.830881357192993164e+00	2.825464725494384766e+00	2.819730281829833984e+00	2.815345287322998047e+00	2.812882661819458008e+00	2.812636852264404297e+00	2.815009355545043945e+00	2.820837020874023438e+00	2.831413030624389648e+00	2.847417593002319336e+00	2.867726087570190430e+00	2.891027212142944336e+00	2.913917303085327148e+00	2.914882659912109375e+00	2.888594150543212891e+00	2.860580682754516602e+00	2.840302944183349609e+00	2.827063083648681641e+00	2.819628953933715820e+00	2.816511154174804688e+00	2.816210985183715820e+00	2.817729711532592773e+00	2.820261001586914062e+00	2.822904586791992188e+00	2.825080394744873047e+00	2.826652765274047852e+00	2.827548980712890625e+00	2.827882766723632812e+00	2.829240322113037109e+00	2.834835052490234375e+00	2.847203493118286133e+00	2.866940021514892578e+00	2.893195867538452148e+00	2.923343420028686523e+00	2.951005458831787109e+00	2.961516141891479492e+00	2.944700479507446289e+00	2.915600299835205078e+00	2.886112689971923828e+00	2.860937833786010742e+00	2.842181682586669922e+00	2.830610513687133789e+00	2.825507879257202148e+00	2.824666738510131836e+00	2.825493097305297852e+00	2.826481819152832031e+00	2.827021360397338867e+00
2.827320814132690430e+00	2.825416326522827148e+00	2.822138309478759766e+00	2.818917989730834961e+00	2.817417621612548828e+00	2.819165945053100586e+00	2.825705289840698242e+00	2.838858366012573242e+00	2.861797332763671875e+00	2.897554397583007812e+00	2.914599895477294922e+00	2.894652843475341797e+00	2.871995210647583008e+00	2.852982997894287109e+00	2.838713884353637695e+00	2.828079700469970703e+00	2.820623397827148438e+00	2.816357135772705078e+00	2.814973115921020508e+00	2.815911293029785156e+00	2.818772792816162109e+00	2.823226690292358398e+00	2.828516960144042969e+00	2.833043813705444336e+00	2.834587574005126953e+00	2.831926584243774414e+00	2.826397657394409180e+00	2.820569276809692383e+00	2.815949201583862305e+00	2.813034772872924805e+00	2.812566757202148438e+00	2.814967632293701172e+00	2.820931434631347656e+00	2.831635475158691406e+00	2.847720384597778320e+00	2.868003845214843750e+00	2.890870571136474609e+00	2.912930488586425781e+00	2.914236783981323242e+00	2.888710021972656250e+00	2.860685348510742188e+00	2.840500116348266602e+00	2.827974557876586914e+00	2.821344137191772461e+00	2.817354679107666016e+00	2.815803766250610352e+00	2.817066192626953125e+00	2.819727420806884766e+00	2.822440147399902344e+00	2.824506998062133789e+00	2.825878381729125977e+00	2.826588869094848633e+00	2.826873540878295898e+00	2.828423023223876953e+00	2.834384202957153320e+00	2.847194910049438477e+00	2.867386579513549805e+00	2.894007205963134766e+00	2.924356222152709961e+00	2.952154397964477539e+00	2.962696552276611328e+00	2.945838451385498047e+00	2.916518449783325195e+00	2.886745929718017578e+00	2.861308336257934570e+00	2.842290401458740234e+00	2.830479383468627930e+00	2.825169086456298828e+00	2.824174404144287109e+00	2.825042009353637695e+00	2.826370239257812500e+00	2.827419757843017578e+00
2.827444553375244141e+00	2.825665712356567383e+00	2.822474956512451172e+00	2.819331884384155273e+00	2.817903757095336914e+00	2.819697380065917969e+00	2.826161384582519531e+00	2.839012861251831055e+00	2.861125946044921875e+00	2.894022703170776367e+00	2.909394025802612305e+00	2.891982078552246094e+00	2.870766162872314453e+00	2.852515459060668945e+00	2.838503122329711914e+00	2.827844858169555664e+00	2.820401430130004883e+00	2.816258668899536133e+00	2.814923763275146484e+00	2.815859079360961914e+00	2.818810224533081055e+00	2.823441982269287109e+00	2.828882694244384766e+00	2.833429336547851562e+00	2.834770679473876953e+00	2.831776618957519531e+00	2.825946092605590820e+00	2.819855928421020508e+00	2.815351724624633789e+00	2.813216209411621094e+00	2.813390731811523438e+00	2.815680503845214844e+00	2.821267127990722656e+00	2.831781864166259766e+00	2.847679376602172852e+00	2.867600917816162109e+00	2.889657020568847656e+00	2.910215616226196289e+00	2.911602497100830078e+00	2.888078451156616211e+00	2.860796928405761719e+00	2.840226411819458008e+00	2.826567411422729492e+00	2.818698883056640625e+00	2.815434217453002930e+00	2.815444469451904297e+00	2.817458629608154297e+00	2.820336103439331055e+00	2.823074579238891602e+00	2.825166225433349609e+00	2.826628923416137695e+00	2.827522516250610352e+00	2.828001737594604492e+00	2.829661369323730469e+00	2.835734605789184570e+00	2.848793506622314453e+00	2.869363784790039062e+00	2.896296024322509766e+00	2.926588535308837891e+00	2.954072713851928711e+00	2.964127540588378906e+00	2.946335554122924805e+00	2.916155338287353516e+00	2.885864019393920898e+00	2.860257387161254883e+00	2.841348409652709961e+00	2.829812288284301758e+00	2.824841499328613281e+00	2.824105262756347656e+00	2.825019121170043945e+00	2.826312541961669922e+00	2.827411174774169922e+00
2.826769828796386719e+00	2.824973821640014648e+00	2.821784734725952148e+00	2.818615198135375977e+00	2.817120790481567383e+00	2.818833112716674805e+00	2.825248003005981445e+00	2.838113069534301758e+00	2.860260963439941406e+00	2.893507242202758789e+00	2.910213470458984375e+00	2.892308235168457031e+00	2.870348453521728516e+00	2.851665258407592773e+00	2.837282896041870117e+00	2.826370716094970703e+00	2.818805694580078125e+00	2.814584493637084961e+00	2.813179492950439453e+00	2.814030647277832031e+00	2.816869258880615234e+00	2.821424007415771484e+00	2.826916694641113281e+00	2.831646203994750977e+00	2.833213567733764648e+00	2.830420017242431641e+00	2.824720382690429688e+00	2.818657159805297852e+00	2.814045906066894531e+00	2.811703205108642578e+00	2.811776161193847656e+00	2.814350366592407227e+00	2.820201158523559570e+00	2.830748558044433594e+00	2.846687793731689453e+00	2.866823196411132812e+00	2.889294624328613281e+00	2.910690069198608398e+00	2.912122011184692383e+00	2.887825965881347656e+00	2.860332489013671875e+00	2.839628934860229492e+00	2.825771331787109375e+00	2.817783355712890625e+00	2.814516544342041016e+00	2.814632177352905273e+00	2.816887855529785156e+00	2.820180416107177734e+00	2.823406696319580078e+00	2.825809240341186523e+00	2.827268600463867188e+00	2.827975988388061523e+00	2.828188657760620117e+00	2.829514980316162109e+00	2.835208415985107422e+00	2.847885370254516602e+00	2.868134975433349609e+00	2.894871473312377930e+00	2.925116539001464844e+00	2.952604532241821289e+00	2.962409734725952148e+00	2.944306135177612305e+00	2.914052486419677734e+00	2.883861303329467773e+00	2.858514070510864258e+00	2.839981555938720703e+00	2.828831195831298828e+00	2.824149847030639648e+00	2.823554515838623047e+00	2.824495553970336914e+00	2.825749874114990234e+00	2.826786041259765625e+00
2.827312469482421875e+00	2.825869083404541016e+00	2.822707891464233398e+00	2.819129228591918945e+00	2.817097425460815430e+00	2.818365335464477539e+00	2.824522495269775391e+00	2.837361335754394531e+00	2.859661340713500977e+00	2.893029212951660156e+00	2.909978866577148438e+00	2.892246961593627930e+00	2.870229005813598633e+00	2.851376295089721680e+00	2.836827516555786133e+00	2.825852394104003906e+00	2.818467617034912109e+00	2.814724445343017578e+00	2.813925743103027344e+00	2.815083503723144531e+00	2.817653417587280273e+00	2.821785211563110352e+00	2.826940059661865234e+00	2.831451892852783203e+00	2.833036422729492188e+00	2.830466508865356445e+00	2.824917554855346680e+00	2.818761825561523438e+00	2.813857316970825195e+00	2.811196804046630859e+00	2.811101675033569336e+00	2.813715934753417969e+00	2.819789409637451172e+00	2.830585718154907227e+00	2.846611261367797852e+00	2.866673231124877930e+00	2.889097452163696289e+00	2.910511255264282227e+00	2.911912441253662109e+00	2.887614011764526367e+00	2.860213756561279297e+00	2.839589118957519531e+00	2.825798273086547852e+00	2.817812204360961914e+00	2.814523935317993164e+00	2.814672946929931641e+00	2.816967725753784180e+00	2.820215225219726562e+00	2.823380470275878906e+00	2.825875997543334961e+00	2.827493906021118164e+00	2.828149795532226562e+00	2.828253030776977539e+00	2.829623222351074219e+00	2.835512399673461914e+00	2.848452329635620117e+00	2.868977546691894531e+00	2.895912408828735352e+00	2.926195383071899414e+00	2.953528881072998047e+00	2.963083028793334961e+00	2.945296764373779297e+00	2.915466070175170898e+00	2.885354757308959961e+00	2.859775543212890625e+00	2.840887308120727539e+00	2.829450368881225586e+00	2.824549198150634766e+00	2.823643922805786133e+00	2.824372053146362305e+00	2.825681447982788086e+00	2.826968193054199219e+00
2.826293230056762695e+00	2.824563026428222656e+00	2.821341276168823242e+00	2.817919492721557617e+00	2.815823554992675781e+00	2.816787004470825195e+00	2.822700500488281250e+00	2.835629940032958984e+00	2.858605861663818359e+00	2.893687963485717773e+00	2.912486314773559570e+00	2.894005060195922852e+00	2.871057271957397461e+00	2.851621627807617188e+00	2.836774349212646484e+00	2.825643301010131836e+00	2.818183183670043945e+00	2.814413547515869141e+00	2.813548088073730469e+00	2.814756393432617188e+00	2.817620515823364258e+00	2.821816444396972656e+00	2.826668024063110352e+00	2.830788135528564453e+00	2.832189559936523438e+00	2.829781770706176758e+00	2.824676752090454102e+00	2.818915843963623047e+00	2.814104080200195312e+00	2.811198949813842773e+00	2.810634613037109375e+00	2.812866926193237305e+00	2.818874120712280273e+00	2.829905271530151367e+00	2.846355676651000977e+00	2.867004156112670898e+00	2.890264511108398438e+00	2.913128376007080078e+00	2.915161609649658203e+00	2.889635801315307617e+00	2.860746860504150391e+00	2.839090824127197266e+00	2.825075149536132812e+00	2.817502260208129883e+00	2.814660549163818359e+00	2.814779281616210938e+00	2.816706657409667969e+00	2.819577455520629883e+00	2.822338104248046875e+00	2.824289560317993164e+00	2.825410127639770508e+00	2.825879573822021484e+00	2.826098918914794922e+00	2.827760457992553711e+00	2.833842754364013672e+00	2.846591949462890625e+00	2.866434335708618164e+00	2.892415046691894531e+00	2.922019243240356445e+00	2.949218273162841797e+00	2.958848237991333008e+00	2.941395282745361328e+00	2.912432193756103516e+00	2.883212566375732422e+00	2.858281373977661133e+00	2.839592218399047852e+00	2.827865839004516602e+00	2.822547435760498047e+00	2.821689367294311523e+00	2.822887659072875977e+00	2.824650764465332031e+00	2.826101541519165039e+00
2.827728033065795898e+00	2.825605869293212891e+00	2.822358846664428711e+00	2.819531440734863281e+00	2.818593263626098633e+00	2.820612907409667969e+00	2.826877117156982422e+00	2.839683055877685547e+00	2.862491846084594727e+00	2.895724773406982422e+00	2.908199548721313477e+00	2.891509056091308594e+00	2.870738029479980469e+00	2.852684020996093750e+00	2.838831424713134766e+00	2.828490972518920898e+00	2.821417808532714844e+00	2.817495822906494141e+00	2.816135168075561523e+00	2.816770792007446289e+00	2.819208145141601562e+00	2.823375940322875977e+00	2.828712940216064453e+00	2.833631992340087891e+00	2.835463762283325195e+00	2.832442045211791992e+00	2.826133489608764648e+00	2.819429159164428711e+00	2.814268350601196289e+00	2.811664581298828125e+00	2.811923980712890625e+00	2.814944744110107422e+00	2.821066856384277344e+00	2.831441402435302734e+00	2.846960067749023438e+00	2.866859197616577148e+00	2.889214992523193359e+00	2.910574913024902344e+00	2.913182497024536133e+00	2.891284227371215820e+00	2.864157915115356445e+00	2.843177556991577148e+00	2.828759431838989258e+00	2.819958209991455078e+00	2.815882205963134766e+00	2.815441846847534180e+00	2.817419290542602539e+00	2.820589065551757812e+00	2.823794126510620117e+00	2.826348781585693359e+00	2.828133583068847656e+00	2.829105138778686523e+00	2.829391956329345703e+00	2.830614566802978516e+00	2.835959911346435547e+00	2.847987413406372070e+00	2.867443561553955078e+00	2.893712282180786133e+00	2.924483776092529297e+00	2.953282356262207031e+00	2.962855339050292969e+00	2.943447351455688477e+00	2.912969827651977539e+00	2.883035659790039062e+00	2.857959508895874023e+00	2.839718103408813477e+00	2.829069614410400391e+00	2.825086593627929688e+00	2.825069665908813477e+00	2.826237678527832031e+00	2.827382326126098633e+00	2.828117847442626953e+00
2.821704387664794922e+00	2.819933652877807617e+00	2.816737890243530273e+00	2.813508510589599609e+00	2.811783552169799805e+00	2.812951087951660156e+00	2.818212747573852539e+00	2.828668832778930664e+00	2.845606803894042969e+00	2.869611978530883789e+00	2.885968208312988281e+00	2.878470659255981445e+00	2.861095428466796875e+00	2.843635082244873047e+00	2.830180644989013672e+00	2.820760250091552734e+00	2.814848661422729492e+00	2.811752080917358398e+00	2.810594320297241211e+00	2.810890913009643555e+00	2.812870502471923828e+00	2.816802024841308594e+00	2.822106122970581055e+00	2.827067136764526367e+00	2.828915596008300781e+00	2.825901269912719727e+00	2.819719791412353516e+00	2.813230991363525391e+00	2.808246850967407227e+00	2.805708408355712891e+00	2.805854082107543945e+00	2.808470010757446289e+00	2.813925743103027344e+00	2.823773145675659180e+00	2.839225530624389648e+00	2.858863115310668945e+00	2.879709720611572266e+00	2.897105693817138672e+00	2.893309831619262695e+00	2.871174573898315430e+00	2.849666595458984375e+00	2.833318948745727539e+00	2.821813106536865234e+00	2.814211606979370117e+00	2.810300827026367188e+00	2.809738874435424805e+00	2.811474084854125977e+00	2.814344167709350586e+00	2.817299604415893555e+00	2.819751977920532227e+00	2.821595191955566406e+00	2.822706699371337891e+00	2.823194026947021484e+00	2.824713230133056641e+00	2.830411911010742188e+00	2.842746496200561523e+00	2.862299919128417969e+00	2.888270378112792969e+00	2.918282747268676758e+00	2.946285724639892578e+00	2.956494331359863281e+00	2.938449621200561523e+00	2.908461093902587891e+00	2.878670215606689453e+00	2.853673458099365234e+00	2.835445880889892578e+00	2.824641704559326172e+00	2.820211887359619141e+00	2.819460391998291016e+00	2.819924831390380859e+00	2.820777177810668945e+00	2.821681976318359375e+00
2.818039655685424805e+00	2.816495180130004883e+00	2.813700914382934570e+00	2.810739994049072266e+00	2.808839797973632812e+00	2.809214830398559570e+00	2.812929630279541016e+00	2.820976972579956055e+00	2.834631204605102539e+00	2.854942083358764648e+00	2.873349666595458984e+00	2.871147632598876953e+00	2.855681419372558594e+00	2.839115381240844727e+00	2.826100111007690430e+00	2.816803216934204102e+00	2.810830354690551758e+00	2.807625770568847656e+00	2.806346893310546875e+00	2.806426525115966797e+00	2.808172941207885742e+00	2.811914920806884766e+00	2.817073583602905273e+00	2.821948528289794922e+00	2.823846817016601562e+00	2.821084499359130859e+00	2.815170764923095703e+00	2.808836698532104492e+00	2.803858041763305664e+00	2.801232099533081055e+00	2.801314830780029297e+00	2.803946733474731445e+00	2.809488534927368164e+00	2.819467306137084961e+00	2.835030078887939453e+00	2.854539394378662109e+00	2.874865055084228516e+00	2.891174316406250000e+00	2.883688449859619141e+00	2.860386610031127930e+00	2.840458393096923828e+00	2.825823783874511719e+00	2.815630197525024414e+00	2.809445858001708984e+00	2.806833028793334961e+00	2.807066440582275391e+00	2.809185266494750977e+00	2.812158823013305664e+00	2.815023183822631836e+00	2.817191362380981445e+00	2.818554878234863281e+00	2.819205999374389648e+00	2.819525480270385742e+00	2.821179389953613281e+00	2.827024698257446289e+00	2.839171409606933594e+00	2.858304977416992188e+00	2.884024381637573242e+00	2.914247035980224609e+00	2.942790508270263672e+00	2.952808141708374023e+00	2.934823274612426758e+00	2.905249357223510742e+00	2.875649452209472656e+00	2.850704908370971680e+00	2.832485675811767578e+00	2.821640253067016602e+00	2.817065000534057617e+00	2.816088676452636719e+00	2.816360473632812500e+00	2.817129850387573242e+00	2.818001031875610352e+00
2.807023048400878906e+00	2.806702852249145508e+00	2.804858922958374023e+00	2.801944971084594727e+00	2.798784494400024414e+00	2.796933650970458984e+00	2.798011064529418945e+00	2.803505659103393555e+00	2.815281391143798828e+00	2.835167169570922852e+00	2.856445074081420898e+00	2.858742952346801758e+00	2.845971107482910156e+00	2.830502033233642578e+00	2.817156076431274414e+00	2.806665658950805664e+00	2.799285650253295898e+00	2.795072317123413086e+00	2.793694972991943359e+00	2.794579029083251953e+00	2.797187566757202148e+00	2.801464557647705078e+00	2.806699514389038086e+00	2.810433864593505859e+00	2.811223506927490234e+00	2.808732986450195312e+00	2.803611516952514648e+00	2.797462463378906250e+00	2.791954517364501953e+00	2.788429975509643555e+00	2.787863254547119141e+00	2.790775060653686523e+00	2.797885179519653320e+00	2.810107707977294922e+00	2.827518701553344727e+00	2.847752809524536133e+00	2.867038488388061523e+00	2.879451990127563477e+00	2.863838911056518555e+00	2.834563493728637695e+00	2.814369916915893555e+00	2.802503824234008789e+00	2.796278238296508789e+00	2.794102191925048828e+00	2.794718265533447266e+00	2.797048568725585938e+00	2.799984455108642578e+00	2.802556753158569336e+00	2.804086208343505859e+00	2.804454565048217773e+00	2.804066181182861328e+00	2.803600788116455078e+00	2.804198026657104492e+00	2.807324171066284180e+00	2.814378976821899414e+00	2.826241731643676758e+00	2.843715190887451172e+00	2.866433620452880859e+00	2.891885042190551758e+00	2.914124488830566406e+00	2.923245429992675781e+00	2.912828922271728516e+00	2.890511751174926758e+00	2.865457057952880859e+00	2.842453479766845703e+00	2.824020385742187500e+00	2.811517238616943359e+00	2.804782152175903320e+00	2.802380561828613281e+00	2.802475690841674805e+00	2.803879499435424805e+00	2.805773496627807617e+00
2.789353132247924805e+00	2.786363840103149414e+00	2.780268669128417969e+00	2.777718782424926758e+00	2.776886224746704102e+00	2.776228904724121094e+00	2.775331258773803711e+00	2.774939060211181641e+00	2.775620460510253906e+00	2.777777433395385742e+00	2.780892133712768555e+00	2.783886194229125977e+00	2.785966157913208008e+00	2.786356210708618164e+00	2.785408020019531250e+00	2.784467220306396484e+00	2.784252405166625977e+00	2.784805297851562500e+00	2.785731792449951172e+00	2.786480426788330078e+00	2.786577701568603516e+00	2.786226987838745117e+00	2.786569118499755859e+00	2.788130283355712891e+00	2.785938978195190430e+00	2.781709432601928711e+00	2.778850078582763672e+00	2.775862932205200195e+00	2.772984981536865234e+00	2.771544456481933594e+00	2.771820545196533203e+00	2.773891925811767578e+00	2.777597427368164062e+00	2.782314777374267578e+00	2.786990642547607422e+00	2.790273666381835938e+00	2.791210889816284180e+00	2.789646625518798828e+00	2.786257505416870117e+00	2.782388210296630859e+00	2.778306007385253906e+00	2.775965452194213867e+00	2.775684118270874023e+00	2.776789188385009766e+00	2.778630018234252930e+00	2.780878543853759766e+00	2.784097433090209961e+00	2.789117097854614258e+00	2.794248342514038086e+00	2.796598196029663086e+00	2.796182632446289062e+00	2.794011831283569336e+00	2.790950059890747070e+00	2.788080930709838867e+00	2.785916566848754883e+00	2.785248517990112305e+00	2.786181449890136719e+00	2.787228107452392578e+00	2.788586854934692383e+00	2.790275573730468750e+00	2.791288614273071289e+00	2.791030645370483398e+00	2.789710283279418945e+00	2.788375377655029297e+00	2.788124084472656250e+00	2.789061784744262695e+00	2.791499853134155273e+00	2.795597314834594727e+00	2.798274278640747070e+00	2.794901371002197266e+00	2.790439367294311523e+00	2.788325309753417969e+00
2.781511306762695312e+00	2.777066230773925781e+00	2.776111602783203125e+00	2.777798891067504883e+00	2.780537843704223633e+00	2.782469987869262695e+00	2.783113956451416016e+00	2.783355712890625000e+00	2.783744573593139648e+00	2.783788442611694336e+00	2.783615827560424805e+00	2.784335374832153320e+00	2.786649465560913086e+00	2.790693521499633789e+00	2.790190458297729492e+00	2.788419246673583984e+00	2.788099050521850586e+00	2.787925720214843750e+00	2.787245273590087891e+00	2.786128997802734375e+00	2.784916639328002930e+00	2.784126758575439453e+00	2.784188747406005859e+00	2.785279989242553711e+00	2.787390708923339844e+00	2.789859056472778320e+00	2.791442394256591797e+00	2.791467905044555664e+00	2.790288448333740234e+00	2.788440465927124023e+00	2.786672830581665039e+00	2.786053180694580078e+00	2.786987781524658203e+00	2.788927316665649414e+00	2.790639162063598633e+00	2.791181564331054688e+00	2.791278839111328125e+00	2.791057586669921875e+00	2.791371107101440430e+00	2.792406320571899414e+00	2.792015075683593750e+00	2.790606498718261719e+00	2.788796663284301758e+00	2.786508798599243164e+00	2.784396409988403320e+00	2.783451080322265625e+00	2.784203767776489258e+00	2.786710262298583984e+00	2.791207075119018555e+00	2.796820163726806641e+00	2.801081657409667969e+00	2.800434112548828125e+00	2.795387983322143555e+00	2.790778875350952148e+00	2.788764476776123047e+00	2.789129734039306641e+00	2.791396856307983398e+00	2.793962478637695312e+00	2.795242786407470703e+00	2.795325517654418945e+00	2.793851852416992188e+00	2.791680574417114258e+00	2.790481567382812500e+00	2.791322231292724609e+00	2.794476270675659180e+00	2.800984621047973633e+00	2.812447309494018555e+00	2.824529170989990234e+00	2.827960014343261719e+00	2.818307399749755859e+00	2.802693367004394531e+00	2.789865255355834961e+00
2.790953636169433594e+00	2.784816026687622070e+00	2.782444238662719727e+00	2.783279657363891602e+00	2.785753250122070312e+00	2.788135766983032227e+00	2.789648532867431641e+00	2.790531158447265625e+00	2.791207075119018555e+00	2.791717052459716797e+00	2.791969299316406250e+00	2.792166948318481445e+00	2.792451381683349609e+00	2.792904853820800781e+00	2.793148517608642578e+00	2.792337894439697266e+00	2.790630340576171875e+00	2.788668632507324219e+00	2.787167310714721680e+00	2.787072658538818359e+00	2.789275646209716797e+00	2.794243812561035156e+00	2.801626443862915039e+00	2.810180425643920898e+00	2.818107128143310547e+00	2.823697328567504883e+00	2.826056241989135742e+00	2.825401067733764648e+00	2.822132349014282227e+00	2.816435813903808594e+00	2.809453725814819336e+00	2.803023576736450195e+00	2.798278331756591797e+00	2.795498371124267578e+00	2.794796228408813477e+00	2.795483112335205078e+00	2.796178817749023438e+00	2.796538829803466797e+00	2.796660184860229492e+00	2.796800613403320312e+00	2.796529293060302734e+00	2.795442104339599609e+00	2.793465137481689453e+00	2.790821790695190430e+00	2.788045406341552734e+00	2.786182641983032227e+00	2.786800146102905273e+00	2.791183233261108398e+00	2.798706769943237305e+00	2.806263923645019531e+00	2.810159444808959961e+00	2.808031320571899414e+00	2.803112745285034180e+00	2.801043987274169922e+00	2.803913593292236328e+00	2.811188697814941406e+00	2.821147441864013672e+00	2.831831455230712891e+00	2.840854167938232422e+00	2.845120429992675781e+00	2.841321468353271484e+00	2.831269979476928711e+00	2.819882631301879883e+00	2.810867786407470703e+00	2.806416749954223633e+00	2.808320522308349609e+00	2.817323923110961914e+00	2.829944849014282227e+00	2.836756467819213867e+00	2.829237699508666992e+00	2.813860177993774414e+00	2.800474405288696289e+00
2.804140567779541016e+00	2.797549962997436523e+00	2.794056415557861328e+00	2.793175458908081055e+00	2.793801784515380859e+00	2.794807910919189453e+00	2.795688629150390625e+00	2.796685695648193359e+00	2.798306941986083984e+00	2.800829410552978516e+00	2.804143667221069336e+00	2.807765722274780273e+00	2.811028242111206055e+00	2.813674926757812500e+00	2.815250158309936523e+00	2.814336538314819336e+00	2.810227155685424805e+00	2.804386377334594727e+00	2.799031496047973633e+00	2.795932292938232422e+00	2.796127319335937500e+00	2.799844980239868164e+00	2.806601762771606445e+00	2.815428018569946289e+00	2.822889804840087891e+00	2.824995279312133789e+00	2.824736595153808594e+00	2.822398424148559570e+00	2.818174362182617188e+00	2.812558889389038086e+00	2.806250572204589844e+00	2.800591230392456055e+00	2.797061443328857422e+00	2.796187400817871094e+00	2.797766447067260742e+00	2.800630569458007812e+00	2.802933216094970703e+00	2.803713321685791016e+00	2.803141117095947266e+00	2.802136421203613281e+00	2.801058769226074219e+00	2.799434661865234375e+00	2.797152996063232422e+00	2.794459104537963867e+00	2.791812181472778320e+00	2.790170907974243164e+00	2.790957450866699219e+00	2.795610666275024414e+00	2.804665565490722656e+00	2.815582275390625000e+00	2.821786642074584961e+00	2.820749521255493164e+00	2.818122148513793945e+00	2.820727109909057617e+00	2.830546617507934570e+00	2.846380710601806641e+00	2.865415573120117188e+00	2.883145809173583984e+00	2.894189357757568359e+00	2.895032167434692383e+00	2.885739326477050781e+00	2.869802474975585938e+00	2.851938009262084961e+00	2.836250543594360352e+00	2.826081991195678711e+00	2.824279069900512695e+00	2.832327604293823242e+00	2.847405433654785156e+00	2.855869293212890625e+00	2.844748973846435547e+00	2.827361583709716797e+00	2.813711881637573242e+00
2.800410509109497070e+00	2.794915914535522461e+00	2.792828798294067383e+00	2.792674779891967773e+00	2.793707609176635742e+00	2.795141696929931641e+00	2.796413183212280273e+00	2.797475099563598633e+00	2.798589229583740234e+00	2.800155162811279297e+00	2.802103519439697266e+00	2.803873777389526367e+00	2.805006265640258789e+00	2.805526256561279297e+00	2.805526494979858398e+00	2.804650068283081055e+00	2.802658557891845703e+00	2.799983739852905273e+00	2.797590732574462891e+00	2.796644926071166992e+00	2.798018693923950195e+00	2.801821470260620117e+00	2.807905673980712891e+00	2.815526723861694336e+00	2.822885751724243164e+00	2.827801227569580078e+00	2.828930377960205078e+00	2.826447010040283203e+00	2.821284770965576172e+00	2.814623355865478516e+00	2.807816982269287109e+00	2.801988124847412109e+00	2.797937393188476562e+00	2.796109676361083984e+00	2.796571969985961914e+00	2.798518896102905273e+00	2.799715280532836914e+00	2.800191879272460938e+00	2.800724267959594727e+00	2.801109790802001953e+00	2.801417589187622070e+00	2.800872325897216797e+00	2.798731565475463867e+00	2.795460224151611328e+00	2.791969060897827148e+00	2.789850711822509766e+00	2.790673255920410156e+00	2.795372247695922852e+00	2.803707122802734375e+00	2.813312768936157227e+00	2.819015264511108398e+00	2.817947626113891602e+00	2.814853191375732422e+00	2.816316366195678711e+00	2.824636697769165039e+00	2.839221000671386719e+00	2.857954740524291992e+00	2.877331018447875977e+00	2.892411947250366211e+00	2.898612499237060547e+00	2.893508672714233398e+00	2.879224061965942383e+00	2.861133813858032227e+00	2.844294548034667969e+00	2.832574844360351562e+00	2.828798294067382812e+00	2.834446430206298828e+00	2.847468852996826172e+00	2.855367660522460938e+00	2.841984510421752930e+00	2.824192285537719727e+00	2.810100078582763672e+00
2.795501470565795898e+00	2.788739681243896484e+00	2.786900281906127930e+00	2.788386344909667969e+00	2.791297435760498047e+00	2.793960332870483398e+00	2.795603990554809570e+00	2.796303749084472656e+00	2.796318769454956055e+00	2.795811176300048828e+00	2.794870615005493164e+00	2.793669700622558594e+00	2.792678594589233398e+00	2.792444705963134766e+00	2.793223142623901367e+00	2.794744729995727539e+00	2.796277999877929688e+00	2.797119379043579102e+00	2.797405481338500977e+00	2.798069715499877930e+00	2.800179481506347656e+00	2.804277420043945312e+00	2.810048341751098633e+00	2.816533327102661133e+00	2.822420835494995117e+00	2.826515913009643555e+00	2.828231096267700195e+00	2.827642679214477539e+00	2.825367927551269531e+00	2.822352886199951172e+00	2.819257259368896484e+00	2.816274166107177734e+00	2.812610864639282227e+00	2.807611703872680664e+00	2.802412748336791992e+00	2.798507690429687500e+00	2.796054601669311523e+00	2.794696331024169922e+00	2.794389724731445312e+00	2.794891357421875000e+00	2.795848369598388672e+00	2.796784162521362305e+00	2.797017335891723633e+00	2.796176910400390625e+00	2.794737339019775391e+00	2.793604135513305664e+00	2.793848037719726562e+00	2.796563863754272461e+00	2.802460432052612305e+00	2.810988903045654297e+00	2.818195819854736328e+00	2.816214323043823242e+00	2.807417631149291992e+00	2.801263093948364258e+00	2.800683259963989258e+00	2.805557250976562500e+00	2.814832687377929688e+00	2.827034473419189453e+00	2.840479612350463867e+00	2.853778123855590820e+00	2.865723609924316406e+00	2.874519348144531250e+00	2.877807855606079102e+00	2.875101089477539062e+00	2.868074417114257812e+00	2.860637664794921875e+00	2.858395576477050781e+00	2.864301681518554688e+00	2.869275569915771484e+00	2.851808786392211914e+00	2.827135086059570312e+00	2.808217048645019531e+00
2.822481155395507812e+00	2.810037612915039062e+00	2.803057432174682617e+00	2.800678730010986328e+00	2.801088571548461914e+00	2.802487134933471680e+00	2.804048776626586914e+00	2.805383205413818359e+00	2.806286334991455078e+00	2.806946039199829102e+00	2.807428598403930664e+00	2.807678699493408203e+00	2.807759523391723633e+00	2.807874917984008789e+00	2.808074712753295898e+00	2.808068752288818359e+00	2.807548999786376953e+00	2.806552171707153320e+00	2.805236816406250000e+00	2.804108858108520508e+00	2.804270029067993164e+00	2.806285858154296875e+00	2.810163736343383789e+00	2.815562248229980469e+00	2.821869134902954102e+00	2.828023195266723633e+00	2.833671569824218750e+00	2.839833259582519531e+00	2.846245288848876953e+00	2.848508596420288086e+00	2.840855360031127930e+00	2.829724788665771484e+00	2.820205211639404297e+00	2.813067197799682617e+00	2.808370351791381836e+00	2.806219339370727539e+00	2.806020021438598633e+00	2.806625604629516602e+00	2.807507276535034180e+00	2.808236598968505859e+00	2.808870792388916016e+00	2.809529066085815430e+00	2.809564590454101562e+00	2.808551549911499023e+00	2.806762695312500000e+00	2.804574728012084961e+00	2.802668809890747070e+00	2.802488088607788086e+00	2.804872989654541016e+00	2.810473203659057617e+00	2.819292783737182617e+00	2.826928377151489258e+00	2.825959444046020508e+00	2.817763566970825195e+00	2.809775590896606445e+00	2.806398868560791016e+00	2.808709383010864258e+00	2.815213918685913086e+00	2.824415445327758789e+00	2.835703134536743164e+00	2.848157405853271484e+00	2.861524820327758789e+00	2.876089572906494141e+00	2.891670942306518555e+00	2.905887365341186523e+00	2.916112184524536133e+00	2.921092987060546875e+00	2.919306278228759766e+00	2.911730289459228516e+00	2.890408515930175781e+00	2.863454341888427734e+00	2.840378522872924805e+00
2.822758436203002930e+00	2.811413288116455078e+00	2.804579257965087891e+00	2.801718235015869141e+00	2.801691770553588867e+00	2.803055286407470703e+00	2.804471492767333984e+00	2.805393695831298828e+00	2.806326866149902344e+00	2.807425498962402344e+00	2.808510065078735352e+00	2.809253454208374023e+00	2.809505939483642578e+00	2.809512138366699219e+00	2.809431076049804688e+00	2.809175252914428711e+00	2.808634519577026367e+00	2.807816267013549805e+00	2.806731224060058594e+00	2.805844545364379883e+00	2.805793285369873047e+00	2.807017564773559570e+00	2.809804439544677734e+00	2.814040660858154297e+00	2.819168090820312500e+00	2.824620008468627930e+00	2.830352783203125000e+00	2.837578296661376953e+00	2.846010923385620117e+00	2.851765394210815430e+00	2.849216222763061523e+00	2.839474916458129883e+00	2.829010725021362305e+00	2.820475816726684570e+00	2.814344644546508789e+00	2.810610294342041016e+00	2.808249950408935547e+00	2.806393384933471680e+00	2.805429220199584961e+00	2.805638313293457031e+00	2.806255817413330078e+00	2.806849479675292969e+00	2.807376861572265625e+00	2.807539463043212891e+00	2.806924343109130859e+00	2.805467605590820312e+00	2.803979635238647461e+00	2.803365945816040039e+00	2.804172277450561523e+00	2.806831836700439453e+00	2.811413764953613281e+00	2.817730903625488281e+00	2.824176549911499023e+00	2.824618816375732422e+00	2.817762136459350586e+00	2.811423778533935547e+00	2.809957981109619141e+00	2.813662528991699219e+00	2.821668386459350586e+00	2.833208322525024414e+00	2.847597599029541016e+00	2.864211320877075195e+00	2.882822990417480469e+00	2.902995586395263672e+00	2.922563791275024414e+00	2.934916257858276367e+00	2.935607910156250000e+00	2.924378156661987305e+00	2.904608249664306641e+00	2.881686449050903320e+00	2.858853578567504883e+00	2.838721513748168945e+00
2.828651905059814453e+00	2.815464496612548828e+00	2.806605577468872070e+00	2.801891326904296875e+00	2.800447463989257812e+00	2.801013708114624023e+00	2.802307367324829102e+00	2.803601503372192383e+00	2.804970741271972656e+00	2.806355237960815430e+00	2.807660102844238281e+00	2.808857202529907227e+00	2.809672594070434570e+00	2.809889793395996094e+00	2.809782028198242188e+00	2.809393644332885742e+00	2.808460712432861328e+00	2.807072639465332031e+00	2.805729389190673828e+00	2.804915666580200195e+00	2.805016279220581055e+00	2.806475400924682617e+00	2.809866666793823242e+00	2.815534591674804688e+00	2.822741985321044922e+00	2.829289913177490234e+00	2.834716320037841797e+00	2.840969800949096680e+00	2.846882343292236328e+00	2.849538326263427734e+00	2.844469308853149414e+00	2.834601640701293945e+00	2.824656248092651367e+00	2.816744327545166016e+00	2.811454772949218750e+00	2.808431625366210938e+00	2.806791067123413086e+00	2.805727005004882812e+00	2.805196523666381836e+00	2.805327177047729492e+00	2.805877685546875000e+00	2.806478738784790039e+00	2.806871891021728516e+00	2.807002544403076172e+00	2.807081222534179688e+00	2.806761264801025391e+00	2.804736614227294922e+00	2.803523302078247070e+00	2.804177045822143555e+00	2.806656122207641602e+00	2.810971021652221680e+00	2.816951990127563477e+00	2.822388172149658203e+00	2.821641445159912109e+00	2.815046072006225586e+00	2.809664487838745117e+00	2.808506727218627930e+00	2.811860561370849609e+00	2.819597721099853516e+00	2.831006288528442383e+00	2.843646049499511719e+00	2.858636379241943359e+00	2.877583026885986328e+00	2.899970293045043945e+00	2.921527862548828125e+00	2.936642885208129883e+00	2.940411806106567383e+00	2.931605577468872070e+00	2.912739038467407227e+00	2.889636039733886719e+00	2.866581439971923828e+00	2.845890522003173828e+00
2.885865688323974609e+00	2.862704277038574219e+00	2.842157363891601562e+00	2.825872182846069336e+00	2.814378976821899414e+00	2.807691097259521484e+00	2.804787158966064453e+00	2.804298877716064453e+00	2.805181503295898438e+00	2.806816816329956055e+00	2.808642625808715820e+00	2.809957981109619141e+00	2.810331344604492188e+00	2.809692859649658203e+00	2.808267831802368164e+00	2.806386470794677734e+00	2.804622173309326172e+00	2.803503751754760742e+00	2.803285837173461914e+00	2.805028438568115234e+00	2.809951782226562500e+00	2.818550109863281250e+00	2.830443620681762695e+00	2.844895601272583008e+00	2.855854272842407227e+00	2.853142499923706055e+00	2.842515707015991211e+00	2.834643363952636719e+00	2.830028057098388672e+00	2.824926137924194336e+00	2.818816661834716797e+00	2.813479423522949219e+00	2.809381961822509766e+00	2.806803226470947266e+00	2.806429386138916016e+00	2.808179140090942383e+00	2.810939788818359375e+00	2.813278675079345703e+00	2.814236640930175781e+00	2.813678503036499023e+00	2.812012910842895508e+00	2.809736251831054688e+00	2.807208299636840820e+00	2.804699182510375977e+00	2.802579879760742188e+00	2.801478862762451172e+00	2.802111864089965820e+00	2.805184602737426758e+00	2.811123371124267578e+00	2.820192575454711914e+00	2.833775997161865234e+00	2.856228590011596680e+00	2.886743783950805664e+00	2.883096456527709961e+00	2.846860170364379883e+00	2.822111845016479492e+00	2.808142662048339844e+00	2.802534341812133789e+00	2.802645921707153320e+00	2.805975675582885742e+00	2.810438156127929688e+00	2.815248489379882812e+00	2.821095705032348633e+00	2.829580307006835938e+00	2.842609167098999023e+00	2.861650228500366211e+00	2.886576652526855469e+00	2.913525104522705078e+00	2.932528734207153320e+00	2.935452222824096680e+00	2.925599575042724609e+00	2.908066511154174805e+00
2.898061513900756836e+00	2.875514745712280273e+00	2.853811740875244141e+00	2.835895776748657227e+00	2.822904825210571289e+00	2.814363241195678711e+00	2.809379577636718750e+00	2.807021856307983398e+00	2.806422948837280273e+00	2.806955099105834961e+00	2.808042287826538086e+00	2.809155464172363281e+00	2.809859991073608398e+00	2.809867382049560547e+00	2.808993101119995117e+00	2.807238340377807617e+00	2.805491209030151367e+00	2.804784536361694336e+00	2.805757761001586914e+00	2.809436082839965820e+00	2.817037582397460938e+00	2.828731060028076172e+00	2.843309640884399414e+00	2.857014656066894531e+00	2.861063480377197266e+00	2.850778579711914062e+00	2.837125301361083984e+00	2.827369689941406250e+00	2.820856571197509766e+00	2.815989732742309570e+00	2.812528133392333984e+00	2.810240983963012695e+00	2.808739423751831055e+00	2.808356761932373047e+00	2.809468269348144531e+00	2.812075614929199219e+00	2.815398693084716797e+00	2.817909002304077148e+00	2.818233489990234375e+00	2.816264629364013672e+00	2.813268899917602539e+00	2.810177564620971680e+00	2.807256460189819336e+00	2.804600954055786133e+00	2.802599191665649414e+00	2.802036762237548828e+00	2.803732872009277344e+00	2.808441400527954102e+00	2.816709280014038086e+00	2.829077482223510742e+00	2.846322536468505859e+00	2.869370460510253906e+00	2.898089170455932617e+00	2.904948949813842773e+00	2.863603830337524414e+00	2.830107688903808594e+00	2.813538551330566406e+00	2.806344747543334961e+00	2.804284334182739258e+00	2.805679798126220703e+00	2.808774709701538086e+00	2.812163352966308594e+00	2.815722227096557617e+00	2.820653438568115234e+00	2.828860759735107422e+00	2.842116117477416992e+00	2.861120223999023438e+00	2.884800672531127930e+00	2.908837318420410156e+00	2.925236225128173828e+00	2.927740573883056641e+00	2.917105674743652344e+00
2.901917695999145508e+00	2.880767345428466797e+00	2.859135627746582031e+00	2.840325593948364258e+00	2.825839042663574219e+00	2.815965652465820312e+00	2.810095310211181641e+00	2.807020425796508789e+00	2.805592536926269531e+00	2.805262565612792969e+00	2.805711746215820312e+00	2.806375980377197266e+00	2.806610822677612305e+00	2.806349277496337891e+00	2.806083440780639648e+00	2.806180000305175781e+00	2.806458950042724609e+00	2.806932687759399414e+00	2.808811664581298828e+00	2.813463449478149414e+00	2.822079896926879883e+00	2.834609270095825195e+00	2.849128961563110352e+00	2.860392332077026367e+00	2.858730554580688477e+00	2.844291687011718750e+00	2.829136133193969727e+00	2.818815231323242188e+00	2.812652826309204102e+00	2.809143781661987305e+00	2.807202816009521484e+00	2.806051969528198242e+00	2.805545330047607422e+00	2.806038618087768555e+00	2.808090209960937500e+00	2.811484098434448242e+00	2.814943075180053711e+00	2.816981554031372070e+00	2.816948413848876953e+00	2.815042257308959961e+00	2.811702966690063477e+00	2.807899713516235352e+00	2.804548025131225586e+00	2.801999807357788086e+00	2.800502061843872070e+00	2.800568342208862305e+00	2.803066730499267578e+00	2.808805465698242188e+00	2.818137168884277344e+00	2.831136226654052734e+00	2.848254203796386719e+00	2.870260477066040039e+00	2.895251274108886719e+00	2.891169786453247070e+00	2.856275796890258789e+00	2.829559564590454102e+00	2.815001010894775391e+00	2.807613611221313477e+00	2.804745674133300781e+00	2.805205106735229492e+00	2.807721853256225586e+00	2.810703992843627930e+00	2.813555955886840820e+00	2.817131757736206055e+00	2.823301792144775391e+00	2.833998680114746094e+00	2.850183486938476562e+00	2.871330738067626953e+00	2.894734859466552734e+00	2.914381265640258789e+00	2.922966957092285156e+00	2.917747497558593750e+00
2.870168924331665039e+00	2.851679563522338867e+00	2.834289312362670898e+00	2.819958209991455078e+00	2.808410882949829102e+00	2.800518989562988281e+00	2.794656038284301758e+00	2.790019989013671875e+00	2.786798715591430664e+00	2.785249233245849609e+00	2.785565137863159180e+00	2.787573337554931641e+00	2.790824174880981445e+00	2.794970750808715820e+00	2.800150632858276367e+00	2.806710481643676758e+00	2.813251018524169922e+00	2.816066741943359375e+00	2.813070297241210938e+00	2.807485818862915039e+00	2.803596019744873047e+00	2.802120685577392578e+00	2.803957462310791016e+00	2.808910369873046875e+00	2.811937093734741211e+00	2.805628776550292969e+00	2.796884298324584961e+00	2.793367147445678711e+00	2.795087099075317383e+00	2.800890922546386719e+00	2.809233188629150391e+00	2.815309047698974609e+00	2.811319828033447266e+00	2.803887605667114258e+00	2.799797534942626953e+00	2.797940015792846680e+00	2.797133207321166992e+00	2.796691656112670898e+00	2.796153783798217773e+00	2.795669794082641602e+00	2.795287609100341797e+00	2.794446229934692383e+00	2.792835712432861328e+00	2.790995836257934570e+00	2.789445877075195312e+00	2.788453340530395508e+00	2.788975715637207031e+00	2.791704177856445312e+00	2.796453952789306641e+00	2.803050518035888672e+00	2.811861276626586914e+00	2.821992158889770508e+00	2.832226753234863281e+00	2.837351560592651367e+00	2.837717294692993164e+00	2.835009336471557617e+00	2.822921514511108398e+00	2.809449672698974609e+00	2.801191329956054688e+00	2.798690557479858398e+00	2.800348043441772461e+00	2.804417133331298828e+00	2.810416698455810547e+00	2.818918943405151367e+00	2.830110549926757812e+00	2.843442440032958984e+00	2.858666419982910156e+00	2.874397754669189453e+00	2.888150215148925781e+00	2.896720170974731445e+00	2.895727396011352539e+00	2.885998249053955078e+00
2.810104846954345703e+00	2.803336620330810547e+00	2.797311782836914062e+00	2.792642116546630859e+00	2.789275884628295898e+00	2.786809921264648438e+00	2.784241914749145508e+00	2.781005859375000000e+00	2.778106451034545898e+00	2.776503324508666992e+00	2.776748895645141602e+00	2.778872013092041016e+00	2.782409191131591797e+00	2.786947250366210938e+00	2.792964458465576172e+00	2.801388978958129883e+00	2.810666084289550781e+00	2.815435886383056641e+00	2.813938379287719727e+00	2.806981086730957031e+00	2.799069166183471680e+00	2.792869329452514648e+00	2.788828849792480469e+00	2.786857843399047852e+00	2.786008358001708984e+00	2.785099029541015625e+00	2.784042835235595703e+00	2.785454034805297852e+00	2.792325973510742188e+00	2.806257963180541992e+00	2.825464010238647461e+00	2.835470438003540039e+00	2.823171854019165039e+00	2.808527946472167969e+00	2.797862529754638672e+00	2.790402650833129883e+00	2.785678863525390625e+00	2.783497333526611328e+00	2.783038854598999023e+00	2.783711433410644531e+00	2.785104274749755859e+00	2.786360025405883789e+00	2.786827325820922852e+00	2.786337375640869141e+00	2.784699440002441406e+00	2.782979488372802734e+00	2.782338380813598633e+00	2.783170223236083984e+00	2.785356283187866211e+00	2.788667678833007812e+00	2.793252468109130859e+00	2.799666881561279297e+00	2.808552026748657227e+00	2.819984436035156250e+00	2.829742193222045898e+00	2.828011989593505859e+00	2.812885522842407227e+00	2.798660516738891602e+00	2.790141582489013672e+00	2.787044048309326172e+00	2.788496971130371094e+00	2.793713808059692383e+00	2.802340745925903320e+00	2.812957286834716797e+00	2.822000980377197266e+00	2.828144311904907227e+00	2.830677509307861328e+00	2.830423593521118164e+00	2.828898668289184570e+00	2.826904773712158203e+00	2.823301315307617188e+00	2.817041873931884766e+00
2.792442321777343750e+00	2.789403200149536133e+00	2.786879777908325195e+00	2.785532951354980469e+00	2.784918069839477539e+00	2.784294843673706055e+00	2.783168554306030273e+00	2.781599521636962891e+00	2.779926061630249023e+00	2.778382778167724609e+00	2.777895927429199219e+00	2.779227733612060547e+00	2.782198667526245117e+00	2.786391735076904297e+00	2.791729211807250977e+00	2.798295736312866211e+00	2.805348157882690430e+00	2.810657978057861328e+00	2.812052249908447266e+00	2.809193611145019531e+00	2.803408861160278320e+00	2.796765327453613281e+00	2.790662050247192383e+00	2.785899400711059570e+00	2.783054828643798828e+00	2.782130241394042969e+00	2.783363819122314453e+00	2.787577629089355469e+00	2.795746564865112305e+00	2.809208393096923828e+00	2.828238725662231445e+00	2.836313486099243164e+00	2.823354005813598633e+00	2.808099508285522461e+00	2.796098947525024414e+00	2.788475751876831055e+00	2.783967494964599609e+00	2.781501293182373047e+00	2.780555009841918945e+00	2.780401229858398438e+00	2.780468463897705078e+00	2.780603885650634766e+00	2.780833005905151367e+00	2.781167984008789062e+00	2.781402111053466797e+00	2.781528472900390625e+00	2.782278776168823242e+00	2.784100055694580078e+00	2.786891222000122070e+00	2.790620088577270508e+00	2.795625925064086914e+00	2.802460432052612305e+00	2.811342716217041016e+00	2.820343017578125000e+00	2.823657512664794922e+00	2.818171501159667969e+00	2.807354927062988281e+00	2.796690940856933594e+00	2.788859128952026367e+00	2.784982204437255859e+00	2.785698652267456055e+00	2.791039705276489258e+00	2.800686597824096680e+00	2.813028335571289062e+00	2.824099063873291016e+00	2.827826738357543945e+00	2.821883201599121094e+00	2.813376188278198242e+00	2.806554317474365234e+00	2.801764965057373047e+00	2.798097133636474609e+00	2.795093774795532227e+00
2.787663221359252930e+00	2.785174608230590820e+00	2.782957792282104492e+00	2.781235933303833008e+00	2.780071258544921875e+00	2.779302835464477539e+00	2.778671741485595703e+00	2.778079986572265625e+00	2.776947498321533203e+00	2.775398492813110352e+00	2.775150775909423828e+00	2.776522397994995117e+00	2.779270410537719727e+00	2.782884359359741211e+00	2.786862134933471680e+00	2.791293144226074219e+00	2.796063661575317383e+00	2.800198554992675781e+00	2.802015066146850586e+00	2.800415039062500000e+00	2.796582937240600586e+00	2.792359113693237305e+00	2.788261651992797852e+00	2.784228801727294922e+00	2.781316995620727539e+00	2.780423164367675781e+00	2.781511783599853516e+00	2.785209655761718750e+00	2.793163299560546875e+00	2.805623769760131836e+00	2.817835569381713867e+00	2.820842266082763672e+00	2.812835931777954102e+00	2.800819635391235352e+00	2.791174411773681641e+00	2.785611629486083984e+00	2.783064365386962891e+00	2.782156229019165039e+00	2.782275438308715820e+00	2.783083438873291016e+00	2.783830404281616211e+00	2.783666849136352539e+00	2.782886743545532227e+00	2.782140493392944336e+00	2.781759977340698242e+00	2.781980991363525391e+00	2.782803773880004883e+00	2.784109354019165039e+00	2.786016225814819336e+00	2.788864135742187500e+00	2.793059110641479492e+00	2.798576354980468750e+00	2.804754495620727539e+00	2.809981346130371094e+00	2.810675382614135742e+00	2.805931329727172852e+00	2.798393726348876953e+00	2.791101932525634766e+00	2.785845518112182617e+00	2.783133745193481445e+00	2.783560752868652344e+00	2.787037134170532227e+00	2.793257236480712891e+00	2.801685333251953125e+00	2.810206890106201172e+00	2.814585924148559570e+00	2.811511039733886719e+00	2.806261301040649414e+00	2.801056146621704102e+00	2.796926021575927734e+00	2.793442249298095703e+00	2.790356159210205078e+00
2.797344207763671875e+00	2.799935102462768555e+00	2.803519964218139648e+00	2.807302951812744141e+00	2.810154914855957031e+00	2.810895204544067383e+00	2.808366060256958008e+00	2.802504777908325195e+00	2.794906616210937500e+00	2.787617444992065430e+00	2.782004594802856445e+00	2.778360843658447266e+00	2.776718378067016602e+00	2.776902914047241211e+00	2.778366088867187500e+00	2.780824184417724609e+00	2.783724308013916016e+00	2.786710023880004883e+00	2.788867950439453125e+00	2.788368701934814453e+00	2.785356044769287109e+00	2.781703472137451172e+00	2.778664588928222656e+00	2.776709556579589844e+00	2.775732040405273438e+00	2.775533676147460938e+00	2.776521444320678711e+00	2.779589176177978516e+00	2.785556793212890625e+00	2.794822931289672852e+00	2.805529117584228516e+00	2.808598041534423828e+00	2.803204298019409180e+00	2.794852018356323242e+00	2.787996053695678711e+00	2.784035682678222656e+00	2.782873392105102539e+00	2.784056663513183594e+00	2.786960124969482422e+00	2.790761947631835938e+00	2.794251918792724609e+00	2.796726942062377930e+00	2.797503948211669922e+00	2.796157598495483398e+00	2.793729782104492188e+00	2.791537046432495117e+00	2.789912223815917969e+00	2.788320541381835938e+00	2.786684751510620117e+00	2.785888671875000000e+00	2.786929368972778320e+00	2.790221214294433594e+00	2.795183897018432617e+00	2.799108982086181641e+00	2.797975778579711914e+00	2.792656421661376953e+00	2.787465333938598633e+00	2.784062862396240234e+00	2.782434225082397461e+00	2.782167911529541016e+00	2.782878398895263672e+00	2.784576654434204102e+00	2.787925958633422852e+00	2.793438911437988281e+00	2.800026655197143555e+00	2.805999994277954102e+00	2.805709600448608398e+00	2.798434257507324219e+00	2.795073986053466797e+00	2.794856309890747070e+00	2.795345306396484375e+00	2.795947074890136719e+00
2.811781167984008789e+00	2.817908048629760742e+00	2.823865413665771484e+00	2.828616857528686523e+00	2.830395936965942383e+00	2.827423334121704102e+00	2.820466995239257812e+00	2.811752557754516602e+00	2.803114175796508789e+00	2.795664787292480469e+00	2.789881944656372070e+00	2.786055326461791992e+00	2.784535408020019531e+00	2.785358905792236328e+00	2.788342952728271484e+00	2.793508291244506836e+00	2.800243377685546875e+00	2.806073427200317383e+00	2.807356119155883789e+00	2.802884578704833984e+00	2.794489622116088867e+00	2.786523103713989258e+00	2.781153202056884766e+00	2.778024673461914062e+00	2.776963233947753906e+00	2.777841329574584961e+00	2.779487133026123047e+00	2.780089616775512695e+00	2.779613494873046875e+00	2.779175043106079102e+00	2.779479980468750000e+00	2.780527830123901367e+00	2.781452894210815430e+00	2.781473159790039062e+00	2.781240224838256836e+00	2.781443595886230469e+00	2.782220363616943359e+00	2.783533096313476562e+00	2.785377740859985352e+00	2.787579774856567383e+00	2.790401220321655273e+00	2.791296720504760742e+00	2.790715456008911133e+00	2.790260791778564453e+00	2.790277957916259766e+00	2.790499210357666016e+00	2.789774417877197266e+00	2.788478374481201172e+00	2.787393093109130859e+00	2.787636518478393555e+00	2.789960384368896484e+00	2.794332742691040039e+00	2.800696134567260742e+00	2.808108806610107422e+00	2.813177824020385742e+00	2.813626050949096680e+00	2.810338020324707031e+00	2.805553197860717773e+00	2.800244331359863281e+00	2.795113563537597656e+00	2.790652751922607422e+00	2.786752939224243164e+00	2.783443450927734375e+00	2.781204700469970703e+00	2.780404329299926758e+00	2.781200647354125977e+00	2.783389568328857422e+00	2.786647558212280273e+00	2.790729045867919922e+00	2.795441389083862305e+00	2.800582647323608398e+00	2.805994987487792969e+00
2.815557003021240234e+00	2.823881387710571289e+00	2.832036495208740234e+00	2.838699579238891602e+00	2.841236591339111328e+00	2.838115692138671875e+00	2.830528020858764648e+00	2.820996761322021484e+00	2.811532974243164062e+00	2.803439140319824219e+00	2.797411918640136719e+00	2.793684959411621094e+00	2.791988611221313477e+00	2.792157411575317383e+00	2.794670820236206055e+00	2.799957752227783203e+00	2.807510614395141602e+00	2.814613103866577148e+00	2.817149400711059570e+00	2.813771724700927734e+00	2.805131435394287109e+00	2.793974637985229492e+00	2.786033153533935547e+00	2.781483411788940430e+00	2.779605388641357422e+00	2.780217885971069336e+00	2.782397985458374023e+00	2.783067464828491211e+00	2.782040357589721680e+00	2.780930042266845703e+00	2.780824184417724609e+00	2.781996965408325195e+00	2.782125234603881836e+00	2.781423330307006836e+00	2.781622409820556641e+00	2.782393932342529297e+00	2.783528566360473633e+00	2.784855365753173828e+00	2.786164760589599609e+00	2.787377595901489258e+00	2.788339138031005859e+00	2.788874864578247070e+00	2.788967132568359375e+00	2.789081335067749023e+00	2.789683103561401367e+00	2.790878772735595703e+00	2.792303800582885742e+00	2.791057586669921875e+00	2.789147853851318359e+00	2.789677619934082031e+00	2.793588161468505859e+00	2.802237510681152344e+00	2.816411495208740234e+00	2.831492424011230469e+00	2.838779211044311523e+00	2.835593223571777344e+00	2.826310634613037109e+00	2.815559148788452148e+00	2.805855512619018555e+00	2.797705173492431641e+00	2.791138172149658203e+00	2.786196470260620117e+00	2.782507658004760742e+00	2.779959917068481445e+00	2.779131174087524414e+00	2.780269145965576172e+00	2.783064842224121094e+00	2.786844730377197266e+00	2.791154623031616211e+00	2.795947074890136719e+00	2.801352977752685547e+00	2.807853937149047852e+00
2.809371709823608398e+00	2.819698333740234375e+00	2.829154253005981445e+00	2.835450410842895508e+00	2.837458372116088867e+00	2.835155725479125977e+00	2.828757047653198242e+00	2.819425582885742188e+00	2.809310913085937500e+00	2.800350904464721680e+00	2.793573856353759766e+00	2.789123535156250000e+00	2.786619663238525391e+00	2.785789728164672852e+00	2.786800622940063477e+00	2.790074825286865234e+00	2.795485258102416992e+00	2.801151275634765625e+00	2.803711891174316406e+00	2.801182031631469727e+00	2.795274734497070312e+00	2.789144515991210938e+00	2.784644842147827148e+00	2.781383991241455078e+00	2.778804302215576172e+00	2.777196407318115234e+00	2.776694297790527344e+00	2.776868104934692383e+00	2.777301311492919922e+00	2.778107404708862305e+00	2.778760910034179688e+00	2.778862953186035156e+00	2.778684139251708984e+00	2.778440952301025391e+00	2.778588771820068359e+00	2.779163122177124023e+00	2.780229091644287109e+00	2.781640052795410156e+00	2.783030748367309570e+00	2.784334421157836914e+00	2.785904407501220703e+00	2.787718772888183594e+00	2.789579868316650391e+00	2.791437625885009766e+00	2.793163061141967773e+00	2.794198989868164062e+00	2.793467998504638672e+00	2.790864706039428711e+00	2.788031101226806641e+00	2.786396026611328125e+00	2.787395715713500977e+00	2.792940616607666016e+00	2.804288864135742188e+00	2.817210435867309570e+00	2.823749780654907227e+00	2.820683002471923828e+00	2.811119794845581055e+00	2.800358057022094727e+00	2.791788339614868164e+00	2.785883665084838867e+00	2.781894922256469727e+00	2.778755187988281250e+00	2.776066541671752930e+00	2.774252414703369141e+00	2.773658990859985352e+00	2.774493694305419922e+00	2.776696443557739258e+00	2.779729366302490234e+00	2.783108234405517578e+00	2.787134170532226562e+00	2.792594671249389648e+00	2.800038814544677734e+00
2.806436061859130859e+00	2.815777301788330078e+00	2.824705123901367188e+00	2.831676959991455078e+00	2.835299491882324219e+00	2.834785938262939453e+00	2.829350709915161133e+00	2.819932460784912109e+00	2.809221982955932617e+00	2.799358129501342773e+00	2.791357994079589844e+00	2.785791397094726562e+00	2.782735109329223633e+00	2.781834602355957031e+00	2.782706260681152344e+00	2.785200834274291992e+00	2.789449214935302734e+00	2.794658899307250977e+00	2.798237085342407227e+00	2.797690868377685547e+00	2.793243646621704102e+00	2.787512302398681641e+00	2.782485008239746094e+00	2.779353857040405273e+00	2.777673244476318359e+00	2.776795148849487305e+00	2.776473999023437500e+00	2.776611089706420898e+00	2.777246236801147461e+00	2.778839588165283203e+00	2.780764102935791016e+00	2.780623912811279297e+00	2.780303001403808594e+00	2.779263973236083984e+00	2.778575181961059570e+00	2.778887033462524414e+00	2.780196666717529297e+00	2.782263755798339844e+00	2.784817934036254883e+00	2.787817955017089844e+00	2.790933609008789062e+00	2.793560981750488281e+00	2.795243501663208008e+00	2.795898914337158203e+00	2.795799255371093750e+00	2.795072078704833984e+00	2.793037652969360352e+00	2.789283275604248047e+00	2.784904718399047852e+00	2.781591653823852539e+00	2.780929088592529297e+00	2.784002780914306641e+00	2.790923595428466797e+00	2.799353122711181641e+00	2.804650068283081055e+00	2.804061412811279297e+00	2.798984289169311523e+00	2.792746782302856445e+00	2.787529945373535156e+00	2.783773660659790039e+00	2.781037807464599609e+00	2.778938055038452148e+00	2.776835680007934570e+00	2.774784088134765625e+00	2.774139165878295898e+00	2.775105237960815430e+00	2.776729345321655273e+00	2.778950452804565430e+00	2.782168388366699219e+00	2.786291122436523438e+00	2.791451692581176758e+00	2.798089981079101562e+00
2.807927608489990234e+00	2.818458557128906250e+00	2.829388856887817383e+00	2.839308500289916992e+00	2.846719026565551758e+00	2.849986791610717773e+00	2.846838474273681641e+00	2.837508678436279297e+00	2.824815988540649414e+00	2.812244892120361328e+00	2.801862955093383789e+00	2.794029951095581055e+00	2.788391113281250000e+00	2.784565448760986328e+00	2.781984567642211914e+00	2.779844999313354492e+00	2.778247117996215820e+00	2.777421236038208008e+00	2.777024030685424805e+00	2.776863574981689453e+00	2.777208328247070312e+00	2.777761936187744141e+00	2.778290033340454102e+00	2.779492855072021484e+00	2.780957698822021484e+00	2.782343149185180664e+00	2.782583951950073242e+00	2.781768083572387695e+00	2.780361652374267578e+00	2.778839111328125000e+00	2.777877569198608398e+00	2.777771472930908203e+00	2.778163194656372070e+00	2.778392314910888672e+00	2.778489112854003906e+00	2.779148578643798828e+00	2.780760765075683594e+00	2.783629179000854492e+00	2.788320064544677734e+00	2.795150518417358398e+00	2.803445577621459961e+00	2.811111688613891602e+00	2.815123558044433594e+00	2.813795804977416992e+00	2.809363365173339844e+00	2.805207967758178711e+00	2.801762580871582031e+00	2.796745538711547852e+00	2.789971351623535156e+00	2.783653020858764648e+00	2.778622627258300781e+00	2.775705337524414062e+00	2.775237560272216797e+00	2.776418209075927734e+00	2.777996301651000977e+00	2.779328823089599609e+00	2.780544519424438477e+00	2.781815290451049805e+00	2.782931089401245117e+00	2.783499479293823242e+00	2.783383846282958984e+00	2.782729387283325195e+00	2.781520366668701172e+00	2.779563665390014648e+00	2.777473688125610352e+00	2.776232481002807617e+00	2.776474237442016602e+00	2.778311729431152344e+00	2.781511783599853516e+00	2.785854339599609375e+00	2.791448354721069336e+00	2.798734664916992188e+00
2.805029869079589844e+00	2.813666105270385742e+00	2.821848630905151367e+00	2.830194711685180664e+00	2.837600708007812500e+00	2.841517686843872070e+00	2.839377403259277344e+00	2.831004619598388672e+00	2.819233417510986328e+00	2.808293342590332031e+00	2.799268245697021484e+00	2.791858434677124023e+00	2.786432504653930664e+00	2.782736539840698242e+00	2.780356407165527344e+00	2.778672456741333008e+00	2.777138471603393555e+00	2.775320053100585938e+00	2.773605823516845703e+00	2.772501707077026367e+00	2.772248983383178711e+00	2.772918701171875000e+00	2.774353981018066406e+00	2.776658296585083008e+00	2.779757738113403320e+00	2.780847072601318359e+00	2.779036998748779297e+00	2.776205301284790039e+00	2.773407459259033203e+00	2.771433830261230469e+00	2.770343780517578125e+00	2.770216464996337891e+00	2.771281480789184570e+00	2.773217201232910156e+00	2.774953603744506836e+00	2.776068925857543945e+00	2.777490615844726562e+00	2.779823303222656250e+00	2.783361434936523438e+00	2.788653850555419922e+00	2.795889616012573242e+00	2.803779840469360352e+00	2.809072017669677734e+00	2.809150695800781250e+00	2.806044340133666992e+00	2.803340911865234375e+00	2.801507949829101562e+00	2.798278808593750000e+00	2.792261600494384766e+00	2.785701274871826172e+00	2.780541896820068359e+00	2.777040004730224609e+00	2.774970769882202148e+00	2.773971080780029297e+00	2.774028778076171875e+00	2.775056362152099609e+00	2.776747941970825195e+00	2.778825044631958008e+00	2.780897617340087891e+00	2.782248497009277344e+00	2.782269954681396484e+00	2.781435489654541016e+00	2.780476570129394531e+00	2.779174089431762695e+00	2.777013301849365234e+00	2.774938583374023438e+00	2.774232625961303711e+00	2.775542259216308594e+00	2.778715848922729492e+00	2.783476352691650391e+00	2.789593935012817383e+00	2.796746015548706055e+00
2.790673017501831055e+00	2.795418977737426758e+00	2.800261497497558594e+00	2.805377960205078125e+00	2.809820890426635742e+00	2.811457633972167969e+00	2.808941602706909180e+00	2.802681446075439453e+00	2.794552564620971680e+00	2.786677360534667969e+00	2.780353307723999023e+00	2.775923728942871094e+00	2.773215293884277344e+00	2.771975517272949219e+00	2.770678281784057617e+00	2.768554687500000000e+00	2.767179727554321289e+00	2.766829490661621094e+00	2.767241001129150391e+00	2.767836570739746094e+00	2.768099784851074219e+00	2.767987251281738281e+00	2.768085002899169922e+00	2.768727779388427734e+00	2.769767522811889648e+00	2.770945549011230469e+00	2.771702527999877930e+00	2.771086454391479492e+00	2.769624471664428711e+00	2.768328666687011719e+00	2.767249107360839844e+00	2.766479015350341797e+00	2.766534090042114258e+00	2.767733573913574219e+00	2.769821882247924805e+00	2.772482633590698242e+00	2.775528192520141602e+00	2.777445793151855469e+00	2.778613805770874023e+00	2.780752658843994141e+00	2.784523725509643555e+00	2.789155006408691406e+00	2.792843818664550781e+00	2.794215679168701172e+00	2.793272495269775391e+00	2.791278362274169922e+00	2.788915634155273438e+00	2.785593509674072266e+00	2.780853271484375000e+00	2.776207685470581055e+00	2.772961616516113281e+00	2.771247386932373047e+00	2.770588874816894531e+00	2.770572662353515625e+00	2.771048545837402344e+00	2.771948337554931641e+00	2.773039817810058594e+00	2.774166345596313477e+00	2.774878740310668945e+00	2.774516105651855469e+00	2.773367881774902344e+00	2.772158622741699219e+00	2.771356105804443359e+00	2.771093606948852539e+00	2.770875453948974609e+00	2.770334005355834961e+00	2.770174741744995117e+00	2.771058320999145508e+00	2.773209571838378906e+00	2.776615381240844727e+00	2.780981063842773438e+00	2.785827875137329102e+00
2.769118785858154297e+00	2.767516851425170898e+00	2.765884399414062500e+00	2.764817953109741211e+00	2.764637947082519531e+00	2.765022993087768555e+00	2.765576601028442383e+00	2.766234874725341797e+00	2.766636371612548828e+00	2.766343593597412109e+00	2.765964746475219727e+00	2.765813827514648438e+00	2.765618324279785156e+00	2.765489816665649414e+00	2.765440940856933594e+00	2.765473365783691406e+00	2.765967607498168945e+00	2.767061471939086914e+00	2.768171310424804688e+00	2.768459081649780273e+00	2.767822027206420898e+00	2.766604661941528320e+00	2.765263795852661133e+00	2.764614343643188477e+00	2.765184879302978516e+00	2.766345024108886719e+00	2.767005681991577148e+00	2.767136812210083008e+00	2.767029285430908203e+00	2.766880512237548828e+00	2.766667842864990234e+00	2.766225337982177734e+00	2.765901565551757812e+00	2.766063213348388672e+00	2.766879320144653320e+00	2.768525362014770508e+00	2.770659446716308594e+00	2.772587537765502930e+00	2.772992610931396484e+00	2.771973371505737305e+00	2.770837545394897461e+00	2.769748926162719727e+00	2.768759012222290039e+00	2.768182754516601562e+00	2.768278598785400391e+00	2.768826246261596680e+00	2.769346952438354492e+00	2.769635915756225586e+00	2.769766569137573242e+00	2.769876241683959961e+00	2.769896030426025391e+00	2.769977331161499023e+00	2.770144224166870117e+00	2.770114898681640625e+00	2.769737243652343750e+00	2.769268035888671875e+00	2.768956899642944336e+00	2.768642902374267578e+00	2.767897844314575195e+00	2.766738891601562500e+00	2.765701055526733398e+00	2.765424251556396484e+00	2.766368150711059570e+00	2.768656015396118164e+00	2.771561384201049805e+00	2.773245096206665039e+00	2.772771835327148438e+00	2.771582126617431641e+00	2.770949840545654297e+00	2.770759344100952148e+00	2.770552158355712891e+00	2.770103216171264648e+00
2.771075487136840820e+00	2.770810127258300781e+00	2.769794225692749023e+00	2.768260002136230469e+00	2.767480373382568359e+00	2.767475605010986328e+00	2.768009662628173828e+00	2.768979787826538086e+00	2.770210742950439453e+00	2.771193981170654297e+00	2.771899700164794922e+00	2.772437572479248047e+00	2.772757291793823242e+00	2.772817611694335938e+00	2.772528886795043945e+00	2.772116899490356445e+00	2.772041797637939453e+00	2.772277832031250000e+00	2.772432088851928711e+00	2.772463083267211914e+00	2.772195577621459961e+00	2.771093845367431641e+00	2.769905805587768555e+00	2.769868373870849609e+00	2.771224975585937500e+00	2.773127794265747070e+00	2.774065732955932617e+00	2.773461580276489258e+00	2.772302865982055664e+00	2.770741939544677734e+00	2.769052267074584961e+00	2.767910718917846680e+00	2.767844438552856445e+00	2.768858194351196289e+00	2.770613193511962891e+00	2.772455692291259766e+00	2.773515701293945312e+00	2.773513078689575195e+00	2.772469282150268555e+00	2.770560503005981445e+00	2.768961906433105469e+00	2.768813371658325195e+00	2.768967151641845703e+00	2.768530130386352539e+00	2.768342971801757812e+00	2.768933057785034180e+00	2.770702123641967773e+00	2.772190093994140625e+00	2.771715164184570312e+00	2.771332502365112305e+00	2.771153211593627930e+00	2.770884513854980469e+00	2.770336151123046875e+00	2.769470930099487305e+00	2.768708705902099609e+00	2.768542766571044922e+00	2.769139528274536133e+00	2.770253896713256836e+00	2.770984649658203125e+00	2.770647048950195312e+00	2.770018100738525391e+00	2.770061016082763672e+00	2.771572113037109375e+00	2.774452209472656250e+00	2.777482986450195312e+00	2.779253721237182617e+00	2.779500484466552734e+00	2.778691291809082031e+00	2.777105331420898438e+00	2.775094270706176758e+00	2.773072957992553711e+00	2.771682977676391602e+00
2.776572465896606445e+00	2.776352882385253906e+00	2.775807857513427734e+00	2.774959087371826172e+00	2.774695396423339844e+00	2.775487661361694336e+00	2.777126312255859375e+00	2.778345108032226562e+00	2.778423309326171875e+00	2.778516769409179688e+00	2.779113054275512695e+00	2.779829263687133789e+00	2.780253410339355469e+00	2.780359745025634766e+00	2.780035495758056641e+00	2.779166221618652344e+00	2.777951478958129883e+00	2.777087211608886719e+00	2.777082204818725586e+00	2.777345895767211914e+00	2.777179479598999023e+00	2.776827573776245117e+00	2.776878356933593750e+00	2.777288198471069336e+00	2.777245998382568359e+00	2.776473283767700195e+00	2.775501966476440430e+00	2.774558305740356445e+00	2.773427009582519531e+00	2.771950244903564453e+00	2.770477771759033203e+00	2.770042657852172852e+00	2.771335124969482422e+00	2.774402618408203125e+00	2.777978658676147461e+00	2.779296875000000000e+00	2.779590606689453125e+00	2.778654575347900391e+00	2.775951385498046875e+00	2.772611379623413086e+00	2.770136833190917969e+00	2.768900156021118164e+00	2.768693923950195312e+00	2.769019126892089844e+00	2.769637107849121094e+00	2.770639181137084961e+00	2.771781444549560547e+00	2.772880792617797852e+00	2.773644685745239258e+00	2.773880481719970703e+00	2.774010419845581055e+00	2.773898601531982422e+00	2.772962093353271484e+00	2.771186351776123047e+00	2.769544124603271484e+00	2.768799543380737305e+00	2.769225835800170898e+00	2.770293235778808594e+00	2.771159410476684570e+00	2.771754741668701172e+00	2.772225856781005859e+00	2.772709131240844727e+00	2.773626327514648438e+00	2.775179386138916016e+00	2.777112722396850586e+00	2.778930425643920898e+00	2.780134677886962891e+00	2.780698060989379883e+00	2.780785322189331055e+00	2.780215740203857422e+00	2.778897047042846680e+00	2.777416229248046875e+00
2.781517982482910156e+00	2.780927658081054688e+00	2.780342817306518555e+00	2.780022621154785156e+00	2.779510021209716797e+00	2.778998613357543945e+00	2.778986454010009766e+00	2.779627084732055664e+00	2.780559062957763672e+00	2.781454324722290039e+00	2.782383918762207031e+00	2.783548831939697266e+00	2.784714221954345703e+00	2.785312652587890625e+00	2.784669876098632812e+00	2.782972335815429688e+00	2.781400203704833984e+00	2.780675172805786133e+00	2.780595541000366211e+00	2.780179977416992188e+00	2.778871536254882812e+00	2.777175664901733398e+00	2.775613307952880859e+00	2.774431705474853516e+00	2.773550987243652344e+00	2.772936820983886719e+00	2.772784948348999023e+00	2.772855758666992188e+00	2.772655725479125977e+00	2.772479772567749023e+00	2.772726535797119141e+00	2.773476600646972656e+00	2.774776458740234375e+00	2.776641845703125000e+00	2.779338121414184570e+00	2.782693386077880859e+00	2.784063100814819336e+00	2.781978130340576172e+00	2.779550790786743164e+00	2.777419805526733398e+00	2.775467157363891602e+00	2.773726224899291992e+00	2.772428274154663086e+00	2.771847248077392578e+00	2.772364616394042969e+00	2.774093389511108398e+00	2.776199102401733398e+00	2.777261018753051758e+00	2.777473211288452148e+00	2.777595996856689453e+00	2.777633190155029297e+00	2.777291536331176758e+00	2.776362895965576172e+00	2.775226831436157227e+00	2.774358749389648438e+00	2.774001359939575195e+00	2.774230003356933594e+00	2.774765491485595703e+00	2.775064945220947266e+00	2.774936914443969727e+00	2.774670839309692383e+00	2.774924993515014648e+00	2.776135683059692383e+00	2.778260707855224609e+00	2.781038522720336914e+00	2.783904075622558594e+00	2.785942316055297852e+00	2.786255836486816406e+00	2.785491228103637695e+00	2.784578323364257812e+00	2.783393383026123047e+00	2.782119035720825195e+00
2.779742717742919922e+00	2.779695987701416016e+00	2.780267953872680664e+00	2.780344963073730469e+00	2.779531717300415039e+00	2.778372764587402344e+00	2.777326822280883789e+00	2.776723861694335938e+00	2.776707649230957031e+00	2.777186632156372070e+00	2.778028726577758789e+00	2.779292583465576172e+00	2.781032562255859375e+00	2.782673358917236328e+00	2.783202648162841797e+00	2.782552242279052734e+00	2.781544923782348633e+00	2.780744314193725586e+00	2.780127763748168945e+00	2.779469728469848633e+00	2.778724908828735352e+00	2.777808904647827148e+00	2.775989532470703125e+00	2.773775100708007812e+00	2.772124052047729492e+00	2.771346807479858398e+00	2.771442413330078125e+00	2.772331237792968750e+00	2.774243831634521484e+00	2.776131868362426758e+00	2.776189088821411133e+00	2.776273250579833984e+00	2.776902437210083008e+00	2.778202533721923828e+00	2.780696868896484375e+00	2.784150123596191406e+00	2.785880088806152344e+00	2.783744096755981445e+00	2.780003786087036133e+00	2.777328491210937500e+00	2.775584459304809570e+00	2.774050474166870117e+00	2.773184776306152344e+00	2.773223876953125000e+00	2.773735761642456055e+00	2.773990154266357422e+00	2.773928165435791016e+00	2.774215459823608398e+00	2.775111913681030273e+00	2.776183605194091797e+00	2.776989698410034180e+00	2.777489900588989258e+00	2.777904033660888672e+00	2.778041839599609375e+00	2.777759790420532227e+00	2.777718067169189453e+00	2.778237581253051758e+00	2.778552055358886719e+00	2.778105497360229492e+00	2.777166604995727539e+00	2.776343345642089844e+00	2.776554107666015625e+00	2.778433084487915039e+00	2.781775712966918945e+00	2.785734176635742188e+00	2.789228439331054688e+00	2.790855884552001953e+00	2.789941549301147461e+00	2.787803173065185547e+00	2.785586833953857422e+00	2.783306121826171875e+00	2.781104803085327148e+00
2.771744251251220703e+00	2.771637439727783203e+00	2.771986961364746094e+00	2.771998405456542969e+00	2.772149324417114258e+00	2.772103786468505859e+00	2.771385908126831055e+00	2.770484447479248047e+00	2.770110607147216797e+00	2.770795822143554688e+00	2.772494554519653320e+00	2.774665594100952148e+00	2.777008295059204102e+00	2.778788328170776367e+00	2.778969764709472656e+00	2.777915239334106445e+00	2.776763439178466797e+00	2.776120185852050781e+00	2.775855541229248047e+00	2.775377750396728516e+00	2.774194955825805664e+00	2.772412061691284180e+00	2.770746469497680664e+00	2.769094705581665039e+00	2.767282009124755859e+00	2.767017841339111328e+00	2.768159627914428711e+00	2.769819259643554688e+00	2.771416187286376953e+00	2.772800207138061523e+00	2.773751974105834961e+00	2.774194002151489258e+00	2.774502992630004883e+00	2.775077819824218750e+00	2.776252269744873047e+00	2.778100967407226562e+00	2.779076814651489258e+00	2.777486085891723633e+00	2.774579286575317383e+00	2.772047519683837891e+00	2.770325183868408203e+00	2.769318580627441406e+00	2.768962383270263672e+00	2.768325090408325195e+00	2.767734050750732422e+00	2.767853260040283203e+00	2.768129110336303711e+00	2.768435716629028320e+00	2.768864393234252930e+00	2.769413232803344727e+00	2.770147800445556641e+00	2.771064996719360352e+00	2.771920204162597656e+00	2.772369146347045898e+00	2.772426128387451172e+00	2.772406578063964844e+00	2.772438287734985352e+00	2.772389888763427734e+00	2.772093772888183594e+00	2.771443367004394531e+00	2.770752429962158203e+00	2.770636796951293945e+00	2.771952390670776367e+00	2.775178909301757812e+00	2.779738903045654297e+00	2.783698797225952148e+00	2.784802913665771484e+00	2.783600091934204102e+00	2.781546115875244141e+00	2.779082059860229492e+00	2.776210546493530273e+00	2.773422002792358398e+00
2.768323898315429688e+00	2.768164157867431641e+00	2.768319606781005859e+00	2.768731832504272461e+00	2.769394636154174805e+00	2.770210027694702148e+00	2.770884037017822266e+00	2.770820379257202148e+00	2.770215988159179688e+00	2.770379066467285156e+00	2.771538496017456055e+00	2.772198200225830078e+00	2.773030996322631836e+00	2.773967027664184570e+00	2.773990154266357422e+00	2.773252725601196289e+00	2.772467374801635742e+00	2.772007703781127930e+00	2.771694898605346680e+00	2.770973920822143555e+00	2.769524097442626953e+00	2.767416715621948242e+00	2.765095710754394531e+00	2.763257265090942383e+00	2.762522697448730469e+00	2.763042688369750977e+00	2.764401912689208984e+00	2.765839815139770508e+00	2.766760587692260742e+00	2.767050027847290039e+00	2.767006874084472656e+00	2.767241716384887695e+00	2.768064022064208984e+00	2.769276857376098633e+00	2.771279811859130859e+00	2.773793935775756836e+00	2.774403572082519531e+00	2.773002386093139648e+00	2.770669460296630859e+00	2.768610477447509766e+00	2.767168283462524414e+00	2.766127586364746094e+00	2.765469074249267578e+00	2.765246868133544922e+00	2.765286684036254883e+00	2.765343189239501953e+00	2.765339851379394531e+00	2.765315055847167969e+00	2.765312671661376953e+00	2.765411853790283203e+00	2.765653371810913086e+00	2.765991926193237305e+00	2.766393899917602539e+00	2.766921997070312500e+00	2.767352104187011719e+00	2.767116785049438477e+00	2.766422033309936523e+00	2.766072750091552734e+00	2.766298294067382812e+00	2.766124725341796875e+00	2.765300750732421875e+00	2.764768362045288086e+00	2.765493392944335938e+00	2.767406702041625977e+00	2.769407272338867188e+00	2.770967721939086914e+00	2.771609306335449219e+00	2.771964073181152344e+00	2.771939754486083984e+00	2.771295309066772461e+00	2.770197868347167969e+00	2.769038438796997070e+00
2.767801523208618164e+00	2.767095804214477539e+00	2.767470359802246094e+00	2.768999099731445312e+00	2.770619869232177734e+00	2.771598577499389648e+00	2.771846771240234375e+00	2.771617412567138672e+00	2.771526098251342773e+00	2.771810531616210938e+00	2.772450447082519531e+00	2.773314952850341797e+00	2.774194478988647461e+00	2.774769783020019531e+00	2.774874448776245117e+00	2.774758577346801758e+00	2.774706125259399414e+00	2.774570941925048828e+00	2.774127483367919922e+00	2.773674011230468750e+00	2.772793769836425781e+00	2.770379066467285156e+00	2.767481088638305664e+00	2.764798641204833984e+00	2.763361454010009766e+00	2.763726949691772461e+00	2.765339136123657227e+00	2.767211914062500000e+00	2.768843173980712891e+00	2.769769906997680664e+00	2.769957780838012695e+00	2.769737720489501953e+00	2.768822669982910156e+00	2.768245458602905273e+00	2.768897771835327148e+00	2.770207166671752930e+00	2.771326541900634766e+00	2.771805047988891602e+00	2.771114826202392578e+00	2.769699335098266602e+00	2.768362522125244141e+00	2.767478466033935547e+00	2.767165899276733398e+00	2.767350196838378906e+00	2.767695665359497070e+00	2.767841815948486328e+00	2.767689228057861328e+00	2.767379760742187500e+00	2.767184495925903320e+00	2.767376899719238281e+00	2.767956495285034180e+00	2.768551588058471680e+00	2.768578529357910156e+00	2.768006086349487305e+00	2.767409324645996094e+00	2.766906738281250000e+00	2.766364336013793945e+00	2.766020536422729492e+00	2.766006469726562500e+00	2.766048669815063477e+00	2.766183137893676758e+00	2.766542911529541016e+00	2.767048120498657227e+00	2.767834186553955078e+00	2.769012451171875000e+00	2.770589828491210938e+00	2.772656440734863281e+00	2.774568557739257812e+00	2.774494409561157227e+00	2.772844314575195312e+00	2.770955562591552734e+00	2.769195556640625000e+00
2.766859054565429688e+00	2.766075134277343750e+00	2.766080856323242188e+00	2.767184257507324219e+00	2.768516063690185547e+00	2.769330739974975586e+00	2.769799709320068359e+00	2.770052909851074219e+00	2.769593954086303711e+00	2.769436120986938477e+00	2.770117282867431641e+00	2.771538257598876953e+00	2.773518562316894531e+00	2.775460958480834961e+00	2.777106285095214844e+00	2.779159545898437500e+00	2.781814336776733398e+00	2.781570911407470703e+00	2.778267145156860352e+00	2.775322198867797852e+00	2.773267269134521484e+00	2.771614789962768555e+00	2.769498586654663086e+00	2.766766548156738281e+00	2.764042139053344727e+00	2.762480735778808594e+00	2.762615203857421875e+00	2.764192581176757812e+00	2.766393423080444336e+00	2.767914772033691406e+00	2.768134593963623047e+00	2.767533779144287109e+00	2.766779184341430664e+00	2.766704797744750977e+00	2.767713069915771484e+00	2.769618034362792969e+00	2.771809339523315430e+00	2.773478984832763672e+00	2.773775815963745117e+00	2.772785186767578125e+00	2.771336793899536133e+00	2.769693613052368164e+00	2.768132925033569336e+00	2.767106771469116211e+00	2.766692876815795898e+00	2.766830682754516602e+00	2.767410755157470703e+00	2.768089294433593750e+00	2.768843173980712891e+00	2.770015239715576172e+00	2.770838499069213867e+00	2.769984245300292969e+00	2.768208503723144531e+00	2.766752481460571289e+00	2.766120195388793945e+00	2.766511917114257812e+00	2.767665624618530273e+00	2.768599510192871094e+00	2.768270254135131836e+00	2.767124652862548828e+00	2.766115427017211914e+00	2.765651702880859375e+00	2.766061305999755859e+00	2.767421722412109375e+00	2.769412040710449219e+00	2.771631240844726562e+00	2.773430347442626953e+00	2.773829460144042969e+00	2.772913694381713867e+00	2.771076202392578125e+00	2.769095420837402344e+00	2.767685890197753906e+00
2.772160530090332031e+00	2.771021842956542969e+00	2.770261764526367188e+00	2.769695997238159180e+00	2.769267559051513672e+00	2.769177913665771484e+00	2.769334554672241211e+00	2.769772768020629883e+00	2.770640850067138672e+00	2.771712541580200195e+00	2.772611141204833984e+00	2.773403644561767578e+00	2.774566888809204102e+00	2.776538610458374023e+00	2.778767347335815430e+00	2.780253171920776367e+00	2.781369209289550781e+00	2.781752586364746094e+00	2.780676603317260742e+00	2.778903961181640625e+00	2.776594400405883789e+00	2.773599624633789062e+00	2.770328283309936523e+00	2.767247915267944336e+00	2.764722824096679688e+00	2.763147115707397461e+00	2.762769460678100586e+00	2.763405084609985352e+00	2.764647483825683594e+00	2.766255378723144531e+00	2.768055438995361328e+00	2.769620656967163086e+00	2.770526170730590820e+00	2.770866394042968750e+00	2.770959377288818359e+00	2.771046638488769531e+00	2.771102190017700195e+00	2.771033525466918945e+00	2.770843029022216797e+00	2.770518064498901367e+00	2.769972324371337891e+00	2.769111633300781250e+00	2.768090724945068359e+00	2.767269372940063477e+00	2.766858577728271484e+00	2.766851425170898438e+00	2.767218828201293945e+00	2.767962455749511719e+00	2.769145727157592773e+00	2.770820379257202148e+00	2.772586584091186523e+00	2.773336410522460938e+00	2.772022962570190430e+00	2.769759178161621094e+00	2.768095254898071289e+00	2.767213106155395508e+00	2.766548395156860352e+00	2.765832424163818359e+00	2.765353679656982422e+00	2.765424966812133789e+00	2.766122102737426758e+00	2.767547607421875000e+00	2.769710540771484375e+00	2.772429704666137695e+00	2.775588750839233398e+00	2.778450727462768555e+00	2.779915094375610352e+00	2.780356407165527344e+00	2.780219554901123047e+00	2.779168605804443359e+00	2.776578664779663086e+00	2.773935794830322266e+00
2.778753519058227539e+00	2.775500774383544922e+00	2.773032903671264648e+00	2.771739959716796875e+00	2.771493196487426758e+00	2.771329164505004883e+00	2.770685672760009766e+00	2.769853591918945312e+00	2.768930673599243164e+00	2.767913103103637695e+00	2.767091989517211914e+00	2.766627311706542969e+00	2.767163753509521484e+00	2.768895626068115234e+00	2.770258665084838867e+00	2.770176649093627930e+00	2.769980192184448242e+00	2.768944740295410156e+00	2.768100976943969727e+00	2.767822504043579102e+00	2.767796277999877930e+00	2.767134189605712891e+00	2.765354871749877930e+00	2.763227701187133789e+00	2.761328697204589844e+00	2.760239601135253906e+00	2.760576725006103516e+00	2.762166261672973633e+00	2.764403343200683594e+00	2.766694784164428711e+00	2.768467903137207031e+00	2.769618988037109375e+00	2.770805597305297852e+00	2.772173643112182617e+00	2.772338628768920898e+00	2.771999359130859375e+00	2.771294832229614258e+00	2.770088195800781250e+00	2.768569469451904297e+00	2.767005205154418945e+00	2.765730619430541992e+00	2.764892578125000000e+00	2.764440774917602539e+00	2.764257907867431641e+00	2.764127731323242188e+00	2.763907432556152344e+00	2.763833284378051758e+00	2.764227151870727539e+00	2.765130758285522461e+00	2.766407489776611328e+00	2.767912626266479492e+00	2.769507169723510742e+00	2.771018266677856445e+00	2.771588563919067383e+00	2.770122289657592773e+00	2.767860412597656250e+00	2.766293764114379883e+00	2.765528202056884766e+00	2.765383005142211914e+00	2.765919446945190430e+00	2.767118453979492188e+00	2.768922805786132812e+00	2.771116733551025391e+00	2.773195743560791016e+00	2.774801731109619141e+00	2.776071071624755859e+00	2.777253150939941406e+00	2.778275251388549805e+00	2.779055595397949219e+00	2.779597520828247070e+00	2.779965639114379883e+00	2.780272960662841797e+00
2.775932073593139648e+00	2.775893449783325195e+00	2.773520469665527344e+00	2.769694328308105469e+00	2.766911506652832031e+00	2.765376806259155273e+00	2.765172719955444336e+00	2.766001701354980469e+00	2.767223596572875977e+00	2.768033266067504883e+00	2.768097877502441406e+00	2.768111944198608398e+00	2.768522500991821289e+00	2.769392967224121094e+00	2.770350217819213867e+00	2.770927667617797852e+00	2.771208047866821289e+00	2.771852016448974609e+00	2.773039102554321289e+00	2.774229288101196289e+00	2.775238513946533203e+00	2.776292324066162109e+00	2.776994705200195312e+00	2.776314973831176758e+00	2.774587154388427734e+00	2.772911310195922852e+00	2.771535873413085938e+00	2.770950078964233398e+00	2.770934820175170898e+00	2.771190881729125977e+00	2.771584510803222656e+00	2.771442413330078125e+00	2.770336627960205078e+00	2.769413709640502930e+00	2.769749402999877930e+00	2.771187782287597656e+00	2.772748231887817383e+00	2.773146390914916992e+00	2.772364616394042969e+00	2.771090030670166016e+00	2.769948720932006836e+00	2.769387245178222656e+00	2.769542455673217773e+00	2.769880056381225586e+00	2.769755363464355469e+00	2.769456386566162109e+00	2.769376993179321289e+00	2.769593715667724609e+00	2.769956111907958984e+00	2.770409345626831055e+00	2.770903587341308594e+00	2.771260023117065430e+00	2.771250486373901367e+00	2.770717859268188477e+00	2.769931554794311523e+00	2.769364356994628906e+00	2.769296169281005859e+00	2.769726991653442383e+00	2.770411014556884766e+00	2.771152973175048828e+00	2.771888494491577148e+00	2.772718667984008789e+00	2.774320602416992188e+00	2.776711225509643555e+00	2.778666734695434570e+00	2.780116319656372070e+00	2.780928850173950195e+00	2.780981063842773438e+00	2.780382394790649414e+00	2.779326677322387695e+00	2.778021812438964844e+00	2.776704072952270508e+00
2.776474952697753906e+00	2.775906324386596680e+00	2.775511026382446289e+00	2.774838447570800781e+00	2.773710727691650391e+00	2.772302150726318359e+00	2.770784854888916016e+00	2.769244670867919922e+00	2.768080472946166992e+00	2.767602443695068359e+00	2.767927408218383789e+00	2.768948078155517578e+00	2.770344734191894531e+00	2.771643877029418945e+00	2.771783113479614258e+00	2.770464420318603516e+00	2.769857883453369141e+00	2.770849704742431641e+00	2.772869825363159180e+00	2.774784564971923828e+00	2.776108026504516602e+00	2.777308702468872070e+00	2.778293132781982422e+00	2.777229309082031250e+00	2.774035930633544922e+00	2.771998882293701172e+00	2.771898031234741211e+00	2.772789716720581055e+00	2.773596286773681641e+00	2.773444175720214844e+00	2.773282766342163086e+00	2.772608995437622070e+00	2.770710468292236328e+00	2.768552064895629883e+00	2.767479658126831055e+00	2.767814397811889648e+00	2.768701791763305664e+00	2.769388675689697266e+00	2.770120143890380859e+00	2.771030902862548828e+00	2.772003173828125000e+00	2.772057294845581055e+00	2.771434307098388672e+00	2.771593332290649414e+00	2.772607564926147461e+00	2.773770570755004883e+00	2.774128913879394531e+00	2.773838043212890625e+00	2.773486614227294922e+00	2.773203849792480469e+00	2.772779226303100586e+00	2.772073030471801758e+00	2.771120548248291016e+00	2.770153999328613281e+00	2.769472122192382812e+00	2.769165277481079102e+00	2.769201993942260742e+00	2.769488811492919922e+00	2.769523620605468750e+00	2.769392013549804688e+00	2.769640922546386719e+00	2.770532369613647461e+00	2.772144794464111328e+00	2.774482727050781250e+00	2.777436733245849609e+00	2.780632734298706055e+00	2.783396244049072266e+00	2.785050630569458008e+00	2.785049915313720703e+00	2.783272743225097656e+00	2.780465841293334961e+00	2.777944326400756836e+00
2.774260520935058594e+00	2.776955127716064453e+00	2.778862953186035156e+00	2.778218507766723633e+00	2.775689601898193359e+00	2.772923469543457031e+00	2.770664453506469727e+00	2.769213676452636719e+00	2.768779754638671875e+00	2.769097805023193359e+00	2.769898653030395508e+00	2.771343708038330078e+00	2.773002624511718750e+00	2.773462533950805664e+00	2.772647857666015625e+00	2.772141695022583008e+00	2.772691965103149414e+00	2.774291753768920898e+00	2.776556968688964844e+00	2.778774738311767578e+00	2.780387878417968750e+00	2.781686305999755859e+00	2.782936096191406250e+00	2.783053398132324219e+00	2.778852462768554688e+00	2.774008512496948242e+00	2.771849393844604492e+00	2.771502494812011719e+00	2.771779298782348633e+00	2.772207260131835938e+00	2.772434949874877930e+00	2.771899700164794922e+00	2.771010160446166992e+00	2.769960880279541016e+00	2.768802404403686523e+00	2.767966747283935547e+00	2.767629861831665039e+00	2.767618179321289062e+00	2.767825603485107422e+00	2.768061161041259766e+00	2.767821311950683594e+00	2.767224788665771484e+00	2.766874551773071289e+00	2.767356395721435547e+00	2.768723011016845703e+00	2.770774364471435547e+00	2.772861480712890625e+00	2.774036169052124023e+00	2.774028778076171875e+00	2.773550987243652344e+00	2.773038148880004883e+00	2.772599458694458008e+00	2.772281408309936523e+00	2.772016286849975586e+00	2.771804094314575195e+00	2.771786451339721680e+00	2.771873235702514648e+00	2.771566152572631836e+00	2.770526885986328125e+00	2.769644260406494141e+00	2.769911766052246094e+00	2.771306276321411133e+00	2.773051023483276367e+00	2.774380922317504883e+00	2.775085687637329102e+00	2.775051593780517578e+00	2.774281263351440430e+00	2.773217439651489258e+00	2.772218465805053711e+00	2.771502494812011719e+00	2.771416187286376953e+00	2.772299051284790039e+00
2.773829698562622070e+00	2.774836778640747070e+00	2.774806022644042969e+00	2.773794412612915039e+00	2.772628307342529297e+00	2.771817445755004883e+00	2.771445274353027344e+00	2.771555185317993164e+00	2.772257804870605469e+00	2.773064613342285156e+00	2.772992372512817383e+00	2.772639036178588867e+00	2.772729635238647461e+00	2.772668123245239258e+00	2.772104024887084961e+00	2.771555662155151367e+00	2.771444320678710938e+00	2.771897554397583008e+00	2.772586584091186523e+00	2.772774934768676758e+00	2.772466659545898438e+00	2.772480487823486328e+00	2.773440837860107422e+00	2.774291038513183594e+00	2.772474050521850586e+00	2.769585371017456055e+00	2.767709016799926758e+00	2.766660213470458984e+00	2.766390323638916016e+00	2.766697168350219727e+00	2.767246007919311523e+00	2.768045186996459961e+00	2.769049167633056641e+00	2.769967555999755859e+00	2.770451307296752930e+00	2.770245075225830078e+00	2.769374608993530273e+00	2.768146991729736328e+00	2.766829252243041992e+00	2.765616178512573242e+00	2.764654636383056641e+00	2.764059782028198242e+00	2.764045000076293945e+00	2.764724969863891602e+00	2.766121625900268555e+00	2.768312215805053711e+00	2.770686864852905273e+00	2.772286891937255859e+00	2.772913217544555664e+00	2.772746324539184570e+00	2.771965503692626953e+00	2.770924568176269531e+00	2.769981861114501953e+00	2.769150495529174805e+00	2.768234729766845703e+00	2.767295360565185547e+00	2.766629219055175781e+00	2.766388416290283203e+00	2.766837358474731445e+00	2.768057584762573242e+00	2.769778013229370117e+00	2.771980762481689453e+00	2.774124383926391602e+00	2.774857759475708008e+00	2.774221181869506836e+00	2.772959947586059570e+00	2.771957159042358398e+00	2.771551132202148438e+00	2.771440267562866211e+00	2.771236658096313477e+00	2.771531820297241211e+00	2.772539615631103516e+00
2.779367923736572266e+00	2.778611421585083008e+00	2.777886390686035156e+00	2.777276277542114258e+00	2.776935100555419922e+00	2.776509523391723633e+00	2.775553226470947266e+00	2.773895025253295898e+00	2.772243261337280273e+00	2.771087408065795898e+00	2.770554542541503906e+00	2.770727396011352539e+00	2.770718097686767578e+00	2.770543813705444336e+00	2.770363330841064453e+00	2.770236492156982422e+00	2.770173072814941406e+00	2.770340442657470703e+00	2.771334409713745117e+00	2.772754669189453125e+00	2.772019386291503906e+00	2.769673824310302734e+00	2.766922235488891602e+00	2.764826059341430664e+00	2.764067888259887695e+00	2.764563560485839844e+00	2.765624523162841797e+00	2.766189575195312500e+00	2.766060352325439453e+00	2.765728712081909180e+00	2.765504360198974609e+00	2.766440391540527344e+00	2.769108533859252930e+00	2.772502660751342773e+00	2.775085449218750000e+00	2.776247739791870117e+00	2.775820970535278320e+00	2.774224042892456055e+00	2.772516250610351562e+00	2.771474123001098633e+00	2.771244764328002930e+00	2.771241426467895508e+00	2.771043062210083008e+00	2.771049261093139648e+00	2.771394252777099609e+00	2.771900415420532227e+00	2.772244691848754883e+00	2.772276639938354492e+00	2.772190093994140625e+00	2.772001266479492188e+00	2.771685600280761719e+00	2.771213293075561523e+00	2.770322799682617188e+00	2.768811464309692383e+00	2.767150402069091797e+00	2.765893936157226562e+00	2.764977693557739258e+00	2.764295101165771484e+00	2.764432191848754883e+00	2.765781402587890625e+00	2.767752170562744141e+00	2.769712448120117188e+00	2.771860837936401367e+00	2.773633956909179688e+00	2.774240493774414062e+00	2.774334192276000977e+00	2.774894952774047852e+00	2.776119709014892578e+00	2.777536869049072266e+00	2.778625726699829102e+00	2.779401063919067383e+00	2.779732465744018555e+00
2.773123264312744141e+00	2.772822141647338867e+00	2.772984743118286133e+00	2.773799657821655273e+00	2.775039434432983398e+00	2.776343822479248047e+00	2.776854991912841797e+00	2.775784254074096680e+00	2.774158239364624023e+00	2.772539854049682617e+00	2.771653652191162109e+00	2.771573066711425781e+00	2.771825313568115234e+00	2.771890640258789062e+00	2.771474361419677734e+00	2.770969867706298828e+00	2.770969390869140625e+00	2.771564960479736328e+00	2.772445678710937500e+00	2.773127079010009766e+00	2.772930622100830078e+00	2.771575450897216797e+00	2.769393682479858398e+00	2.767303228378295898e+00	2.766121864318847656e+00	2.765580654144287109e+00	2.764944553375244141e+00	2.764242887496948242e+00	2.764021635055541992e+00	2.764494180679321289e+00	2.765494108200073242e+00	2.767060518264770508e+00	2.769156455993652344e+00	2.771140813827514648e+00	2.772427558898925781e+00	2.773073911666870117e+00	2.773139953613281250e+00	2.772437095642089844e+00	2.771093368530273438e+00	2.769580125808715820e+00	2.768335342407226562e+00	2.767440557479858398e+00	2.766693115234375000e+00	2.766164064407348633e+00	2.766379833221435547e+00	2.767430305480957031e+00	2.768729448318481445e+00	2.769379138946533203e+00	2.769202947616577148e+00	2.768902778625488281e+00	2.768882751464843750e+00	2.769395589828491211e+00	2.770519733428955078e+00	2.771877050399780273e+00	2.772498369216918945e+00	2.771564960479736328e+00	2.770018339157104492e+00	2.769372701644897461e+00	2.770117998123168945e+00	2.771736145019531250e+00	2.773498773574829102e+00	2.775238037109375000e+00	2.776621341705322266e+00	2.776703834533691406e+00	2.775515079498291016e+00	2.773953676223754883e+00	2.772791862487792969e+00	2.772343873977661133e+00	2.772389888763427734e+00	2.772771120071411133e+00	2.773220777511596680e+00	2.773365974426269531e+00
2.773729562759399414e+00	2.773098707199096680e+00	2.772553920745849609e+00	2.772733211517333984e+00	2.773055076599121094e+00	2.772365331649780273e+00	2.770219802856445312e+00	2.768626689910888672e+00	2.767896175384521484e+00	2.767431259155273438e+00	2.766754388809204102e+00	2.766207218170166016e+00	2.766238451004028320e+00	2.766585111618041992e+00	2.766836404800415039e+00	2.766944646835327148e+00	2.767177104949951172e+00	2.767856597900390625e+00	2.769122362136840820e+00	2.770751476287841797e+00	2.772239446640014648e+00	2.772986650466918945e+00	2.772605419158935547e+00	2.771657466888427734e+00	2.770752668380737305e+00	2.769701480865478516e+00	2.768175125122070312e+00	2.766247510910034180e+00	2.764729976654052734e+00	2.764393568038940430e+00	2.765181064605712891e+00	2.766579866409301758e+00	2.768183946609497070e+00	2.769937992095947266e+00	2.771844387054443359e+00	2.773437500000000000e+00	2.774441242218017578e+00	2.775080204010009766e+00	2.774615526199340820e+00	2.772697210311889648e+00	2.770052433013916016e+00	2.767749547958374023e+00	2.766335964202880859e+00	2.765716075897216797e+00	2.766257047653198242e+00	2.767709255218505859e+00	2.768611192703247070e+00	2.768294334411621094e+00	2.767714738845825195e+00	2.767534255981445312e+00	2.768073797225952148e+00	2.769586563110351562e+00	2.772207975387573242e+00	2.775718688964843750e+00	2.778494834899902344e+00	2.778934717178344727e+00	2.778180599212646484e+00	2.777682542800903320e+00	2.778552055358886719e+00	2.778564214706420898e+00	2.778239488601684570e+00	2.778746128082275391e+00	2.779084682464599609e+00	2.778837442398071289e+00	2.777811765670776367e+00	2.775874376296997070e+00	2.774091005325317383e+00	2.773206949234008789e+00	2.772857904434204102e+00	2.773169040679931641e+00	2.773661136627197266e+00	2.773884534835815430e+00
2.773572921752929688e+00	2.771156311035156250e+00	2.769772529602050781e+00	2.769143342971801758e+00	2.768411874771118164e+00	2.768234252929687500e+00	2.768762826919555664e+00	2.769356727600097656e+00	2.768569231033325195e+00	2.766666889190673828e+00	2.765452861785888672e+00	2.765253305435180664e+00	2.765565633773803711e+00	2.765858411788940430e+00	2.765729665756225586e+00	2.765539884567260742e+00	2.766098976135253906e+00	2.767671823501586914e+00	2.769760847091674805e+00	2.771535634994506836e+00	2.772614717483520508e+00	2.773061037063598633e+00	2.773041009902954102e+00	2.772270917892456055e+00	2.771289110183715820e+00	2.770500421524047852e+00	2.769366264343261719e+00	2.767657756805419922e+00	2.765903234481811523e+00	2.764816999435424805e+00	2.764764070510864258e+00	2.765719890594482422e+00	2.767369508743286133e+00	2.769452810287475586e+00	2.771850109100341797e+00	2.773891448974609375e+00	2.774752616882324219e+00	2.774995565414428711e+00	2.774702548980712891e+00	2.773356199264526367e+00	2.771319866180419922e+00	2.769689083099365234e+00	2.768678426742553711e+00	2.768174648284912109e+00	2.768116950988769531e+00	2.768336057662963867e+00	2.768714904785156250e+00	2.769087314605712891e+00	2.769241094589233398e+00	2.769123792648315430e+00	2.768927097320556641e+00	2.768784761428833008e+00	2.768769502639770508e+00	2.769055604934692383e+00	2.769801139831542969e+00	2.770738601684570312e+00	2.771745681762695312e+00	2.773663997650146484e+00	2.777431249618530273e+00	2.779938936233520508e+00	2.780291557312011719e+00	2.781693220138549805e+00	2.783495426177978516e+00	2.784536838531494141e+00	2.784372329711914062e+00	2.782863140106201172e+00	2.779934167861938477e+00	2.777292013168334961e+00	2.776003360748291016e+00	2.776103973388671875e+00	2.776503801345825195e+00	2.775721073150634766e+00
2.777417659759521484e+00	2.775851488113403320e+00	2.773646116256713867e+00	2.772013187408447266e+00	2.771718263626098633e+00	2.772823572158813477e+00	2.774439334869384766e+00	2.774987697601318359e+00	2.773544788360595703e+00	2.771505594253540039e+00	2.770057678222656250e+00	2.769255638122558594e+00	2.768917798995971680e+00	2.768759727478027344e+00	2.768452167510986328e+00	2.767979383468627930e+00	2.767644166946411133e+00	2.767724514007568359e+00	2.768155097961425781e+00	2.768753528594970703e+00	2.769507884979248047e+00	2.770265817642211914e+00	2.771086931228637695e+00	2.771286249160766602e+00	2.769880056381225586e+00	2.768288850784301758e+00	2.767498493194580078e+00	2.767242670059204102e+00	2.767030954360961914e+00	2.766747951507568359e+00	2.766752481460571289e+00	2.767305374145507812e+00	2.768435716629028320e+00	2.770162343978881836e+00	2.772254228591918945e+00	2.774112939834594727e+00	2.775348424911499023e+00	2.776066064834594727e+00	2.776616811752319336e+00	2.777276992797851562e+00	2.777872800827026367e+00	2.777670145034790039e+00	2.776415109634399414e+00	2.774652242660522461e+00	2.772765874862670898e+00	2.771317243576049805e+00	2.770678281784057617e+00	2.770714759826660156e+00	2.770986795425415039e+00	2.771028518676757812e+00	2.770643234252929688e+00	2.769795894622802734e+00	2.768529891967773438e+00	2.767103433609008789e+00	2.766052961349487305e+00	2.765717029571533203e+00	2.765918254852294922e+00	2.766272306442260742e+00	2.766482830047607422e+00	2.766629934310913086e+00	2.767261505126953125e+00	2.768863677978515625e+00	2.771491289138793945e+00	2.774671077728271484e+00	2.777273416519165039e+00	2.778237819671630859e+00	2.777671337127685547e+00	2.776434659957885742e+00	2.775454998016357422e+00	2.775364160537719727e+00	2.776216745376586914e+00	2.777276039123535156e+00
2.777322292327880859e+00	2.775165081024169922e+00	2.773125648498535156e+00	2.771895170211791992e+00	2.771843433380126953e+00	2.772827625274658203e+00	2.773916006088256836e+00	2.774452924728393555e+00	2.774437427520751953e+00	2.774072408676147461e+00	2.773452281951904297e+00	2.772461414337158203e+00	2.771378040313720703e+00	2.770478963851928711e+00	2.769622564315795898e+00	2.768773078918457031e+00	2.767951250076293945e+00	2.767371892929077148e+00	2.767249584197998047e+00	2.767495632171630859e+00	2.767961740493774414e+00	2.768720865249633789e+00	2.769840717315673828e+00	2.771029710769653320e+00	2.772215127944946289e+00	2.773527622222900391e+00	2.774897813796997070e+00	2.776256084442138672e+00	2.777264833450317383e+00	2.777391910552978516e+00	2.776790857315063477e+00	2.776140689849853516e+00	2.776016473770141602e+00	2.776800632476806641e+00	2.778851032257080078e+00	2.782105207443237305e+00	2.785484552383422852e+00	2.788486242294311523e+00	2.791319847106933594e+00	2.793421268463134766e+00	2.794089317321777344e+00	2.793242454528808594e+00	2.791217803955078125e+00	2.788384437561035156e+00	2.785263299942016602e+00	2.782559633255004883e+00	2.780750989913940430e+00	2.779842615127563477e+00	2.779164075851440430e+00	2.777728796005249023e+00	2.775787353515625000e+00	2.774073362350463867e+00	2.772444725036621094e+00	2.770974636077880859e+00	2.769733905792236328e+00	2.768766641616821289e+00	2.768670797348022461e+00	2.769348144531250000e+00	2.770219326019287109e+00	2.770679712295532227e+00	2.770613431930541992e+00	2.770374774932861328e+00	2.770722150802612305e+00	2.772406816482543945e+00	2.775128364562988281e+00	2.777931213378906250e+00	2.780534982681274414e+00	2.782061100006103516e+00	2.781862497329711914e+00	2.780809402465820312e+00	2.779790401458740234e+00	2.778818130493164062e+00
2.776647090911865234e+00	2.774193763732910156e+00	2.772113561630249023e+00	2.770627975463867188e+00	2.770425081253051758e+00	2.771645307540893555e+00	2.773786544799804688e+00	2.776058435440063477e+00	2.777879238128662109e+00	2.779212951660156250e+00	2.779857158660888672e+00	2.779275894165039062e+00	2.777580261230468750e+00	2.775386095046997070e+00	2.773263454437255859e+00	2.771807670593261719e+00	2.770779609680175781e+00	2.769553899765014648e+00	2.769685983657836914e+00	2.770796537399291992e+00	2.771273374557495117e+00	2.771223068237304688e+00	2.771685600280761719e+00	2.773034572601318359e+00	2.775230884552001953e+00	2.777717590332031250e+00	2.779768228530883789e+00	2.781636238098144531e+00	2.783337593078613281e+00	2.783261775970458984e+00	2.781527996063232422e+00	2.780030727386474609e+00	2.779712677001953125e+00	2.781016826629638672e+00	2.784383296966552734e+00	2.789880275726318359e+00	2.796032905578613281e+00	2.801334619522094727e+00	2.805715322494506836e+00	2.809272289276123047e+00	2.811354398727416992e+00	2.810718297958374023e+00	2.806986570358276367e+00	2.801681995391845703e+00	2.796612739562988281e+00	2.792560100555419922e+00	2.789142847061157227e+00	2.785782814025878906e+00	2.782555103302001953e+00	2.779619455337524414e+00	2.776978254318237305e+00	2.774730682373046875e+00	2.773021697998046875e+00	2.771730899810791016e+00	2.770704030990600586e+00	2.770091772079467773e+00	2.770229578018188477e+00	2.771305322647094727e+00	2.773056507110595703e+00	2.774650573730468750e+00	2.775209188461303711e+00	2.774750947952270508e+00	2.774160146713256836e+00	2.774662494659423828e+00	2.777042388916015625e+00	2.780368328094482422e+00	2.782984733581542969e+00	2.784285306930541992e+00	2.784011125564575195e+00	2.782690048217773438e+00	2.781005382537841797e+00	2.779039382934570312e+00
2.774784803390502930e+00	2.773885965347290039e+00	2.773935556411743164e+00	2.774316310882568359e+00	2.774714469909667969e+00	2.775154829025268555e+00	2.775959968566894531e+00	2.777004718780517578e+00	2.777841329574584961e+00	2.778306007385253906e+00	2.778614521026611328e+00	2.778817176818847656e+00	2.778550386428833008e+00	2.777490854263305664e+00	2.775876522064208984e+00	2.774295091629028320e+00	2.773098468780517578e+00	2.772377729415893555e+00	2.772257566452026367e+00	2.772558927536010742e+00	2.772422313690185547e+00	2.771847486495971680e+00	2.771860837936401367e+00	2.772975683212280273e+00	2.775094270706176758e+00	2.777816534042358398e+00	2.780721902847290039e+00	2.783140420913696289e+00	2.784401178359985352e+00	2.784289121627807617e+00	2.783565521240234375e+00	2.783134460449218750e+00	2.783396720886230469e+00	2.784758567810058594e+00	2.787679910659790039e+00	2.792153835296630859e+00	2.797420740127563477e+00	2.802167177200317383e+00	2.805265188217163086e+00	2.806878089904785156e+00	2.807671070098876953e+00	2.807464599609375000e+00	2.805711030960083008e+00	2.802438259124755859e+00	2.798362731933593750e+00	2.794294357299804688e+00	2.790509462356567383e+00	2.786709070205688477e+00	2.782849311828613281e+00	2.779326915740966797e+00	2.776570796966552734e+00	2.774796247482299805e+00	2.773984193801879883e+00	2.774199962615966797e+00	2.775022983551025391e+00	2.774643421173095703e+00	2.774217605590820312e+00	2.774791955947875977e+00	2.775820016860961914e+00	2.776644468307495117e+00	2.776583194732666016e+00	2.775386333465576172e+00	2.774324417114257812e+00	2.774930715560913086e+00	2.777424335479736328e+00	2.780779838562011719e+00	2.783266067504882812e+00	2.783875226974487305e+00	2.782988071441650391e+00	2.781322002410888672e+00	2.779145002365112305e+00	2.776749610900878906e+00
2.775219917297363281e+00	2.774703979492187500e+00	2.775670051574707031e+00	2.777665138244628906e+00	2.779349088668823242e+00	2.780395269393920898e+00	2.780398845672607422e+00	2.779799222946166992e+00	2.779138565063476562e+00	2.778541803359985352e+00	2.777919054031372070e+00	2.777096509933471680e+00	2.776290178298950195e+00	2.775770425796508789e+00	2.775557279586791992e+00	2.775678873062133789e+00	2.776364088058471680e+00	2.777647018432617188e+00	2.778559923171997070e+00	2.777515172958374023e+00	2.776537179946899414e+00	2.776880741119384766e+00	2.777361154556274414e+00	2.778258085250854492e+00	2.779308557510375977e+00	2.780247449874877930e+00	2.781141281127929688e+00	2.781719923019409180e+00	2.781727552413940430e+00	2.781179428100585938e+00	2.780526638031005859e+00	2.780546426773071289e+00	2.781800270080566406e+00	2.784429311752319336e+00	2.788237571716308594e+00	2.792658090591430664e+00	2.797074317932128906e+00	2.801213026046752930e+00	2.804963350296020508e+00	2.808219194412231445e+00	2.811050653457641602e+00	2.812875270843505859e+00	2.812382459640502930e+00	2.809188365936279297e+00	2.804147720336914062e+00	2.798673629760742188e+00	2.793660879135131836e+00	2.789310216903686523e+00	2.785491704940795898e+00	2.782010078430175781e+00	2.779050111770629883e+00	2.777066946029663086e+00	2.776343107223510742e+00	2.776675701141357422e+00	2.777611494064331055e+00	2.775517225265502930e+00	2.772644281387329102e+00	2.772248506546020508e+00	2.774244308471679688e+00	2.776911497116088867e+00	2.776836156845092773e+00	2.775702238082885742e+00	2.775319099426269531e+00	2.776076078414916992e+00	2.778300762176513672e+00	2.781558513641357422e+00	2.784632682800292969e+00	2.786075353622436523e+00	2.785194158554077148e+00	2.782762050628662109e+00	2.779799699783325195e+00	2.777063846588134766e+00
2.780839920043945312e+00	2.779072046279907227e+00	2.778381109237670898e+00	2.778867721557617188e+00	2.780180454254150391e+00	2.781197071075439453e+00	2.781560659408569336e+00	2.781231164932250977e+00	2.780319690704345703e+00	2.778904676437377930e+00	2.777539968490600586e+00	2.777069330215454102e+00	2.777875661849975586e+00	2.779964923858642578e+00	2.783395051956176758e+00	2.788266897201538086e+00	2.794218063354492188e+00	2.799474716186523438e+00	2.800962924957275391e+00	2.797386884689331055e+00	2.791353702545166016e+00	2.786076307296752930e+00	2.783015012741088867e+00	2.782379150390625000e+00	2.783599853515625000e+00	2.785708665847778320e+00	2.786966323852539062e+00	2.786988496780395508e+00	2.786328792572021484e+00	2.785169839859008789e+00	2.784113168716430664e+00	2.784002542495727539e+00	2.785085678100585938e+00	2.787111997604370117e+00	2.790055274963378906e+00	2.793365478515625000e+00	2.796054124832153320e+00	2.798141717910766602e+00	2.800190925598144531e+00	2.802297115325927734e+00	2.804112434387207031e+00	2.804878234863281250e+00	2.803936719894409180e+00	2.801467418670654297e+00	2.798410892486572266e+00	2.795514583587646484e+00	2.792793989181518555e+00	2.790514230728149414e+00	2.789112567901611328e+00	2.788805246353149414e+00	2.790207624435424805e+00	2.793861389160156250e+00	2.798892498016357422e+00	2.802663564682006836e+00	2.803125619888305664e+00	2.799937963485717773e+00	2.794456720352172852e+00	2.789204597473144531e+00	2.785392522811889648e+00	2.782659053802490234e+00	2.780080318450927734e+00	2.777256011962890625e+00	2.774765491485595703e+00	2.773665666580200195e+00	2.774686336517333984e+00	2.777555227279663086e+00	2.781306505203247070e+00	2.784576416015625000e+00	2.786401033401489258e+00	2.786828041076660156e+00	2.785820722579956055e+00	2.783380985260009766e+00
2.784003257751464844e+00	2.782802104949951172e+00	2.783370256423950195e+00	2.785264253616333008e+00	2.786774158477783203e+00	2.785547256469726562e+00	2.783440351486206055e+00	2.782182931900024414e+00	2.781191110610961914e+00	2.780266523361206055e+00	2.779767990112304688e+00	2.780225038528442383e+00	2.782092809677124023e+00	2.785662412643432617e+00	2.790931701660156250e+00	2.797963619232177734e+00	2.806940793991088867e+00	2.815668582916259766e+00	2.818578243255615234e+00	2.813450574874877930e+00	2.805002450942993164e+00	2.797588109970092773e+00	2.791652917861938477e+00	2.788692712783813477e+00	2.787661790847778320e+00	2.787677764892578125e+00	2.788088560104370117e+00	2.787910223007202148e+00	2.786841869354248047e+00	2.785162210464477539e+00	2.783409357070922852e+00	2.782651424407958984e+00	2.783524274826049805e+00	2.785970211029052734e+00	2.789662361145019531e+00	2.793882369995117188e+00	2.796917200088500977e+00	2.798578023910522461e+00	2.800086498260498047e+00	2.801807880401611328e+00	2.803394794464111328e+00	2.804010391235351562e+00	2.803274393081665039e+00	2.801367044448852539e+00	2.798724651336669922e+00	2.795947790145874023e+00	2.793150901794433594e+00	2.790562152862548828e+00	2.789240121841430664e+00	2.789977073669433594e+00	2.793556690216064453e+00	2.800885915756225586e+00	2.811903715133666992e+00	2.823632717132568359e+00	2.829096555709838867e+00	2.823251247406005859e+00	2.811365842819213867e+00	2.800286054611206055e+00	2.792098283767700195e+00	2.786084890365600586e+00	2.781435728073120117e+00	2.777864694595336914e+00	2.775289297103881836e+00	2.774123907089233398e+00	2.774559497833251953e+00	2.776541948318481445e+00	2.779728174209594727e+00	2.783119916915893555e+00	2.785660505294799805e+00	2.787172794342041016e+00	2.788464784622192383e+00	2.786915779113769531e+00
2.783653974533081055e+00	2.781547069549560547e+00	2.779528379440307617e+00	2.777886867523193359e+00	2.776723146438598633e+00	2.776293992996215820e+00	2.776677370071411133e+00	2.777670145034790039e+00	2.778785228729248047e+00	2.779566287994384766e+00	2.780000686645507812e+00	2.780457973480224609e+00	2.781462669372558594e+00	2.783400774002075195e+00	2.786604404449462891e+00	2.791555166244506836e+00	2.798191070556640625e+00	2.804643630981445312e+00	2.806847810745239258e+00	2.802532672882080078e+00	2.795206546783447266e+00	2.789396762847900391e+00	2.785989522933959961e+00	2.784056663513183594e+00	2.782396316528320312e+00	2.780806303024291992e+00	2.779578685760498047e+00	2.779171943664550781e+00	2.779797315597534180e+00	2.781373739242553711e+00	2.783640146255493164e+00	2.784857511520385742e+00	2.784636735916137695e+00	2.785548686981201172e+00	2.788073539733886719e+00	2.791537761688232422e+00	2.795227289199829102e+00	2.798630952835083008e+00	2.801310539245605469e+00	2.802976369857788086e+00	2.803508043289184570e+00	2.802351951599121094e+00	2.799681186676025391e+00	2.796458959579467773e+00	2.793577671051025391e+00	2.791528940200805664e+00	2.790189981460571289e+00	2.789488792419433594e+00	2.789814949035644531e+00	2.791483163833618164e+00	2.794615507125854492e+00	2.799736261367797852e+00	2.807937383651733398e+00	2.817692518234252930e+00	2.822122097015380859e+00	2.816414356231689453e+00	2.804860830307006836e+00	2.794496297836303711e+00	2.787991762161254883e+00	2.783660173416137695e+00	2.779575347900390625e+00	2.775944232940673828e+00	2.772986412048339844e+00	2.771490812301635742e+00	2.771934509277343750e+00	2.773910760879516602e+00	2.776429414749145508e+00	2.778667449951171875e+00	2.780394792556762695e+00	2.781945466995239258e+00	2.783535003662109375e+00	2.784492254257202148e+00
2.781006336212158203e+00	2.779182195663452148e+00	2.777597904205322266e+00	2.776659488677978516e+00	2.776349067687988281e+00	2.776555538177490234e+00	2.777324199676513672e+00	2.778624057769775391e+00	2.779912948608398438e+00	2.780184507369995117e+00	2.779911994934082031e+00	2.779927730560302734e+00	2.780759334564208984e+00	2.782668828964233398e+00	2.785870552062988281e+00	2.790743589401245117e+00	2.796908855438232422e+00	2.802362442016601562e+00	2.803424596786499023e+00	2.798192262649536133e+00	2.789982080459594727e+00	2.782918453216552734e+00	2.778500318527221680e+00	2.776279211044311523e+00	2.775384187698364258e+00	2.775288581848144531e+00	2.775818109512329102e+00	2.776867866516113281e+00	2.778105258941650391e+00	2.779323339462280273e+00	2.780364990234375000e+00	2.781056642532348633e+00	2.781030654907226562e+00	2.780500650405883789e+00	2.780350923538208008e+00	2.781334877014160156e+00	2.783213853836059570e+00	2.785495519638061523e+00	2.787899494171142578e+00	2.790141582489013672e+00	2.791844129562377930e+00	2.792698383331298828e+00	2.792572021484375000e+00	2.791637659072875977e+00	2.790142774581909180e+00	2.788262367248535156e+00	2.786590337753295898e+00	2.785961389541625977e+00	2.786888599395751953e+00	2.789495706558227539e+00	2.793708562850952148e+00	2.800225734710693359e+00	2.809926509857177734e+00	2.820285081863403320e+00	2.824004888534545898e+00	2.817047357559204102e+00	2.804558277130126953e+00	2.793185949325561523e+00	2.784840822219848633e+00	2.778940916061401367e+00	2.774570226669311523e+00	2.771589756011962891e+00	2.770475149154663086e+00	2.771425724029541016e+00	2.773581027984619141e+00	2.775403499603271484e+00	2.777579069137573242e+00	2.779924154281616211e+00	2.781739950180053711e+00	2.782723665237426758e+00	2.782959461212158203e+00	2.782396316528320312e+00
2.774917364120483398e+00	2.772812366485595703e+00	2.771129131317138672e+00	2.770213603973388672e+00	2.769891977310180664e+00	2.770040512084960938e+00	2.770561218261718750e+00	2.771408081054687500e+00	2.772233247756958008e+00	2.771992683410644531e+00	2.771586418151855469e+00	2.771708011627197266e+00	2.772723197937011719e+00	2.775022745132446289e+00	2.778403043746948242e+00	2.783301591873168945e+00	2.790363788604736328e+00	2.797850847244262695e+00	2.801840305328369141e+00	2.799359083175659180e+00	2.792072057723999023e+00	2.784619569778442383e+00	2.779483795166015625e+00	2.776593446731567383e+00	2.775197982788085938e+00	2.774882316589355469e+00	2.775528192520141602e+00	2.776771545410156250e+00	2.777918577194213867e+00	2.778349399566650391e+00	2.777936220169067383e+00	2.776998519897460938e+00	2.776106119155883789e+00	2.775739669799804688e+00	2.776117563247680664e+00	2.777424812316894531e+00	2.779347419738769531e+00	2.781249523162841797e+00	2.782838582992553711e+00	2.784163713455200195e+00	2.785029172897338867e+00	2.785135269165039062e+00	2.784501552581787109e+00	2.783343076705932617e+00	2.781837701797485352e+00	2.780210733413696289e+00	2.779078245162963867e+00	2.779111146926879883e+00	2.780373573303222656e+00	2.782906532287597656e+00	2.787374973297119141e+00	2.794615268707275391e+00	2.804611682891845703e+00	2.814231157302856445e+00	2.816549301147460938e+00	2.808682680130004883e+00	2.797178983688354492e+00	2.787318468093872070e+00	2.780423641204833984e+00	2.775990009307861328e+00	2.773230075836181641e+00	2.771559238433837891e+00	2.770925283432006836e+00	2.771440505981445312e+00	2.771984338760375977e+00	2.772307634353637695e+00	2.773432016372680664e+00	2.774994850158691406e+00	2.776305198669433594e+00	2.776965379714965820e+00	2.776982545852661133e+00	2.776409626007080078e+00
2.779810905456542969e+00	2.777016639709472656e+00	2.775304079055786133e+00	2.774448871612548828e+00	2.774101972579956055e+00	2.773922920227050781e+00	2.773663282394409180e+00	2.773282289505004883e+00	2.773132085800170898e+00	2.773401021957397461e+00	2.774317264556884766e+00	2.775969028472900391e+00	2.778153896331787109e+00	2.780929565429687500e+00	2.784685850143432617e+00	2.789942741394042969e+00	2.796825885772705078e+00	2.803754091262817383e+00	2.806896924972534180e+00	2.802951335906982422e+00	2.794433116912841797e+00	2.785916805267333984e+00	2.779307842254638672e+00	2.774737358093261719e+00	2.772129535675048828e+00	2.771351575851440430e+00	2.771869659423828125e+00	2.772858858108520508e+00	2.773465633392333984e+00	2.773149490356445312e+00	2.772231340408325195e+00	2.771406650543212891e+00	2.771187782287597656e+00	2.771644830703735352e+00	2.772662639617919922e+00	2.774226427078247070e+00	2.775732755661010742e+00	2.776439666748046875e+00	2.776157617568969727e+00	2.775400400161743164e+00	2.774875640869140625e+00	2.774657249450683594e+00	2.773985147476196289e+00	2.772802352905273438e+00	2.771814346313476562e+00	2.771535158157348633e+00	2.772226095199584961e+00	2.773870229721069336e+00	2.776450157165527344e+00	2.779982566833496094e+00	2.784761905670166016e+00	2.791768550872802734e+00	2.801773071289062500e+00	2.812357664108276367e+00	2.816098690032958984e+00	2.809443473815917969e+00	2.799102067947387695e+00	2.789920806884765625e+00	2.783151388168334961e+00	2.778602838516235352e+00	2.775846958160400391e+00	2.774614334106445312e+00	2.773937940597534180e+00	2.773722648620605469e+00	2.774619340896606445e+00	2.776489973068237305e+00	2.778898000717163086e+00	2.781198263168334961e+00	2.782768964767456055e+00	2.783334732055664062e+00	2.782930612564086914e+00	2.781901597976684570e+00
2.777911901473999023e+00	2.776531696319580078e+00	2.776172637939453125e+00	2.776018619537353516e+00	2.775794506072998047e+00	2.774898767471313477e+00	2.773396492004394531e+00	2.772183418273925781e+00	2.771840095520019531e+00	2.772428274154663086e+00	2.773840427398681641e+00	2.776278018951416016e+00	2.780001640319824219e+00	2.784813165664672852e+00	2.790350675582885742e+00	2.797057867050170898e+00	2.805458545684814453e+00	2.814326763153076172e+00	2.819727420806884766e+00	2.817231655120849609e+00	2.808511734008789062e+00	2.799449920654296875e+00	2.792418956756591797e+00	2.786627054214477539e+00	2.782195329666137695e+00	2.779912233352661133e+00	2.779574632644653320e+00	2.780131340026855469e+00	2.780370235443115234e+00	2.779505252838134766e+00	2.777745246887207031e+00	2.776103258132934570e+00	2.775419235229492188e+00	2.775777816772460938e+00	2.776628732681274414e+00	2.777435779571533203e+00	2.778023004531860352e+00	2.778181791305541992e+00	2.777317047119140625e+00	2.775743007659912109e+00	2.774460315704345703e+00	2.773642539978027344e+00	2.773087501525878906e+00	2.772777080535888672e+00	2.772763490676879883e+00	2.772988080978393555e+00	2.773713111877441406e+00	2.775434255599975586e+00	2.778425216674804688e+00	2.782603025436401367e+00	2.787910699844360352e+00	2.794749736785888672e+00	2.803143739700317383e+00	2.811006546020507812e+00	2.814072608947753906e+00	2.811050891876220703e+00	2.804970264434814453e+00	2.798236608505249023e+00	2.791518449783325195e+00	2.784776210784912109e+00	2.779161930084228516e+00	2.775820732116699219e+00	2.775006771087646484e+00	2.776483535766601562e+00	2.779461860656738281e+00	2.782781124114990234e+00	2.785376310348510742e+00	2.786483764648437500e+00	2.785922527313232422e+00	2.784089088439941406e+00	2.781841278076171875e+00	2.779960870742797852e+00
2.835212230682373047e+00	2.820426225662231445e+00	2.808368444442749023e+00	2.799587965011596680e+00	2.793348312377929688e+00	2.788805723190307617e+00	2.785684108734130859e+00	2.783640623092651367e+00	2.782817363739013672e+00	2.783349752426147461e+00	2.784992456436157227e+00	2.787284135818481445e+00	2.789584636688232422e+00	2.791187763214111328e+00	2.791702985763549805e+00	2.791326045989990234e+00	2.790594100952148438e+00	2.789727210998535156e+00	2.788450241088867188e+00	2.787214756011962891e+00	2.787269830703735352e+00	2.789561748504638672e+00	2.795239448547363281e+00	2.805829048156738281e+00	2.821855545043945312e+00	2.836536884307861328e+00	2.839378833770751953e+00	2.831579923629760742e+00	2.818552732467651367e+00	2.805977106094360352e+00	2.795898437500000000e+00	2.788537979125976562e+00	2.784134864807128906e+00	2.782556056976318359e+00	2.783059120178222656e+00	2.784881353378295898e+00	2.787015438079833984e+00	2.788536071777343750e+00	2.788712263107299805e+00	2.787063598632812500e+00	2.783466577529907227e+00	2.779485464096069336e+00	2.777071237564086914e+00	2.776546239852905273e+00	2.777832984924316406e+00	2.780554771423339844e+00	2.784187793731689453e+00	2.787791728973388672e+00	2.790290594100952148e+00	2.791280984878540039e+00	2.790906190872192383e+00	2.790146589279174805e+00	2.789360046386718750e+00	2.788004636764526367e+00	2.788014888763427734e+00	2.789287805557250977e+00	2.790456295013427734e+00	2.790657758712768555e+00	2.790158271789550781e+00	2.789985895156860352e+00	2.790133953094482422e+00	2.791192770004272461e+00	2.794281959533691406e+00	2.800288915634155273e+00	2.809648275375366211e+00	2.822244644165039062e+00	2.837343931198120117e+00	2.853125810623168945e+00	2.865016698837280273e+00	2.867008686065673828e+00	2.860717773437500000e+00	2.849848508834838867e+00
2.868139982223510742e+00	2.846983194351196289e+00	2.829260349273681641e+00	2.816365718841552734e+00	2.808026075363159180e+00	2.802217483520507812e+00	2.798484086990356445e+00	2.796826124191284180e+00	2.796607971191406250e+00	2.797516345977783203e+00	2.799417734146118164e+00	2.801821947097778320e+00	2.803899288177490234e+00	2.804946422576904297e+00	2.804628372192382812e+00	2.802648782730102539e+00	2.799073934555053711e+00	2.794804096221923828e+00	2.791136026382446289e+00	2.789316654205322266e+00	2.790430545806884766e+00	2.795285224914550781e+00	2.804505109786987305e+00	2.819442987442016602e+00	2.839460611343383789e+00	2.856389760971069336e+00	2.859400510787963867e+00	2.851118326187133789e+00	2.837790012359619141e+00	2.824264287948608398e+00	2.812665462493896484e+00	2.804049968719482422e+00	2.798872470855712891e+00	2.796894073486328125e+00	2.797417879104614258e+00	2.799053192138671875e+00	2.800480842590332031e+00	2.801696062088012695e+00	2.802365064620971680e+00	2.801534652709960938e+00	2.798246860504150391e+00	2.794571161270141602e+00	2.791892528533935547e+00	2.790475606918334961e+00	2.790437459945678711e+00	2.792183637619018555e+00	2.795799970626831055e+00	2.800067901611328125e+00	2.804079055786132812e+00	2.808551311492919922e+00	2.815005064010620117e+00	2.825234889984130859e+00	2.830951929092407227e+00	2.816928148269653320e+00	2.807611942291259766e+00	2.806069850921630859e+00	2.805294036865234375e+00	2.802941799163818359e+00	2.802307128906250000e+00	2.803009986877441406e+00	2.804119586944580078e+00	2.805567741394042969e+00	2.808306217193603516e+00	2.814018011093139648e+00	2.824057579040527344e+00	2.838958024978637695e+00	2.858633279800415039e+00	2.881424903869628906e+00	2.901420116424560547e+00	2.909649133682250977e+00	2.904052019119262695e+00	2.888881921768188477e+00
2.870563745498657227e+00	2.849441528320312500e+00	2.831680536270141602e+00	2.818422794342041016e+00	2.809460878372192383e+00	2.803969144821166992e+00	2.800924062728881836e+00	2.799402713775634766e+00	2.799086809158325195e+00	2.800048351287841797e+00	2.801937103271484375e+00	2.804034948348999023e+00	2.805686950683593750e+00	2.806312799453735352e+00	2.805458784103393555e+00	2.803106546401977539e+00	2.799703598022460938e+00	2.796026706695556641e+00	2.792921304702758789e+00	2.791333436965942383e+00	2.792301893234252930e+00	2.796826839447021484e+00	2.805862903594970703e+00	2.820514678955078125e+00	2.840487957000732422e+00	2.857510805130004883e+00	2.859898567199707031e+00	2.850990772247314453e+00	2.838016271591186523e+00	2.825406074523925781e+00	2.814711332321166992e+00	2.806770563125610352e+00	2.801817178726196289e+00	2.799466371536254883e+00	2.799281358718872070e+00	2.800836086273193359e+00	2.803251743316650391e+00	2.804955244064331055e+00	2.804891824722290039e+00	2.803420782089233398e+00	2.801202535629272461e+00	2.798682212829589844e+00	2.796215772628784180e+00	2.794667005538940430e+00	2.794384956359863281e+00	2.795080661773681641e+00	2.796905279159545898e+00	2.800102233886718750e+00	2.804276227951049805e+00	2.809518098831176758e+00	2.817341566085815430e+00	2.830332517623901367e+00	2.841423749923706055e+00	2.824702262878417969e+00	2.810736894607543945e+00	2.804758310317993164e+00	2.803208827972412109e+00	2.803897619247436523e+00	2.805449247360229492e+00	2.806760549545288086e+00	2.807865858078002930e+00	2.809448480606079102e+00	2.812587738037109375e+00	2.818676233291625977e+00	2.828900098800659180e+00	2.843706369400024414e+00	2.862710237503051758e+00	2.884497404098510742e+00	2.903870344161987305e+00	2.912047624588012695e+00	2.906307935714721680e+00	2.891191482543945312e+00
2.880000829696655273e+00	2.857467651367187500e+00	2.838851690292358398e+00	2.825295448303222656e+00	2.816659212112426758e+00	2.811543464660644531e+00	2.808450460433959961e+00	2.806737422943115234e+00	2.806470394134521484e+00	2.807641983032226562e+00	2.809679746627807617e+00	2.811757087707519531e+00	2.813230276107788086e+00	2.813645124435424805e+00	2.812683105468750000e+00	2.810312271118164062e+00	2.806982755661010742e+00	2.803568840026855469e+00	2.801028013229370117e+00	2.800218343734741211e+00	2.801898241043090820e+00	2.806810617446899414e+00	2.815578699111938477e+00	2.828708887100219727e+00	2.845813751220703125e+00	2.860152482986450195e+00	2.861576080322265625e+00	2.853356838226318359e+00	2.842359542846679688e+00	2.831618070602416992e+00	2.822707653045654297e+00	2.816432952880859375e+00	2.812017202377319336e+00	2.808453321456909180e+00	2.806107521057128906e+00	2.805743455886840820e+00	2.807112216949462891e+00	2.808995723724365234e+00	2.810075044631958008e+00	2.809720039367675781e+00	2.808172941207885742e+00	2.806169033050537109e+00	2.804342985153198242e+00	2.802949428558349609e+00	2.802087783813476562e+00	2.802101612091064453e+00	2.803643941879272461e+00	2.807449102401733398e+00	2.814267635345458984e+00	2.825882911682128906e+00	2.846233844757080078e+00	2.877928972244262695e+00	2.905322551727294922e+00	2.875645637512207031e+00	2.837010383605957031e+00	2.818809747695922852e+00	2.811443328857421875e+00	2.809588909149169922e+00	2.810838937759399414e+00	2.813457727432250977e+00	2.816051959991455078e+00	2.818387985229492188e+00	2.821311950683593750e+00	2.826339006423950195e+00	2.835255384445190430e+00	2.849467754364013672e+00	2.869263887405395508e+00	2.893074989318847656e+00	2.915422439575195312e+00	2.926591634750366211e+00	2.920566797256469727e+00	2.902855157852172852e+00
2.880729675292968750e+00	2.857569456100463867e+00	2.839060306549072266e+00	2.826385021209716797e+00	2.818838357925415039e+00	2.814481735229492188e+00	2.811653375625610352e+00	2.809990882873535156e+00	2.809725046157836914e+00	2.810786724090576172e+00	2.812677383422851562e+00	2.814705133438110352e+00	2.816322803497314453e+00	2.817188262939453125e+00	2.817025899887084961e+00	2.815633058547973633e+00	2.813080549240112305e+00	2.810011386871337891e+00	2.807497501373291016e+00	2.806587934494018555e+00	2.808034181594848633e+00	2.812386035919189453e+00	2.820210218429565430e+00	2.832308530807495117e+00	2.848401069641113281e+00	2.861911535263061523e+00	2.863512516021728516e+00	2.856692790985107422e+00	2.847474098205566406e+00	2.838387250900268555e+00	2.830625295639038086e+00	2.824624061584472656e+00	2.819546461105346680e+00	2.814628839492797852e+00	2.811072826385498047e+00	2.810219526290893555e+00	2.811637401580810547e+00	2.813547849655151367e+00	2.814395427703857422e+00	2.813496112823486328e+00	2.811238527297973633e+00	2.808650732040405273e+00	2.806735754013061523e+00	2.806005477905273438e+00	2.806179285049438477e+00	2.806760549545288086e+00	2.807810783386230469e+00	2.810941696166992188e+00	2.817946672439575195e+00	2.830978631973266602e+00	2.853934764862060547e+00	2.890282869338989258e+00	2.933973789215087891e+00	2.912189722061157227e+00	2.859633922576904297e+00	2.831661701202392578e+00	2.818682432174682617e+00	2.813751459121704102e+00	2.813452720642089844e+00	2.815474510192871094e+00	2.818128585815429688e+00	2.820668935775756836e+00	2.823512792587280273e+00	2.828304290771484375e+00	2.837155580520629883e+00	2.851435661315917969e+00	2.871237277984619141e+00	2.895112514495849609e+00	2.918104171752929688e+00	2.930098533630371094e+00	2.923407793045043945e+00	2.904507398605346680e+00
2.885269641876220703e+00	2.861497402191162109e+00	2.842564344406127930e+00	2.829621076583862305e+00	2.822051286697387695e+00	2.817943811416625977e+00	2.815535545349121094e+00	2.814307451248168945e+00	2.814372062683105469e+00	2.815589427947998047e+00	2.817462682723999023e+00	2.819413423538208008e+00	2.820940971374511719e+00	2.821661710739135742e+00	2.821301698684692383e+00	2.819764137268066406e+00	2.817257165908813477e+00	2.814445018768310547e+00	2.812288761138916016e+00	2.811747789382934570e+00	2.813584566116333008e+00	2.818453550338745117e+00	2.827043771743774414e+00	2.840250015258789062e+00	2.857891798019409180e+00	2.873561143875122070e+00	2.877614736557006836e+00	2.870462894439697266e+00	2.858357429504394531e+00	2.846540451049804688e+00	2.836759090423583984e+00	2.829430818557739258e+00	2.823681116104125977e+00	2.818639755249023438e+00	2.815198898315429688e+00	2.814426422119140625e+00	2.815844297409057617e+00	2.817786931991577148e+00	2.818697214126586914e+00	2.817855596542358398e+00	2.815567016601562500e+00	2.812802076339721680e+00	2.810560703277587891e+00	2.809521675109863281e+00	2.809616088867187500e+00	2.810496330261230469e+00	2.812247991561889648e+00	2.815910100936889648e+00	2.823202371597290039e+00	2.836175680160522461e+00	2.858492374420166016e+00	2.894137859344482422e+00	2.938438892364501953e+00	2.920364618301391602e+00	2.867086887359619141e+00	2.837469100952148438e+00	2.823581695556640625e+00	2.818131923675537109e+00	2.817544937133789062e+00	2.819540977478027344e+00	2.822485923767089844e+00	2.825426101684570312e+00	2.828530788421630859e+00	2.833543777465820312e+00	2.842759609222412109e+00	2.857570886611938477e+00	2.878033161163330078e+00	2.902743101119995117e+00	2.926705360412597656e+00	2.938893795013427734e+00	2.930715799331665039e+00	2.910097837448120117e+00
2.885266304016113281e+00	2.861823081970214844e+00	2.843250274658203125e+00	2.830548763275146484e+00	2.823092222213745117e+00	2.819089174270629883e+00	2.816828966140747070e+00	2.815684080123901367e+00	2.815707445144653320e+00	2.816896438598632812e+00	2.818721532821655273e+00	2.820441961288452148e+00	2.821647644042968750e+00	2.822098970413208008e+00	2.821567296981811523e+00	2.819954633712768555e+00	2.817502737045288086e+00	2.814976692199707031e+00	2.813272953033447266e+00	2.812855243682861328e+00	2.814514160156250000e+00	2.819267034530639648e+00	2.827800273895263672e+00	2.840915679931640625e+00	2.858519792556762695e+00	2.874256610870361328e+00	2.878308773040771484e+00	2.871314287185668945e+00	2.859307527542114258e+00	2.847548007965087891e+00	2.837849378585815430e+00	2.830529928207397461e+00	2.824680566787719727e+00	2.819490909576416016e+00	2.815846443176269531e+00	2.814779520034790039e+00	2.815934896469116211e+00	2.817857980728149414e+00	2.818933963775634766e+00	2.818233966827392578e+00	2.815960407257080078e+00	2.813189506530761719e+00	2.811042785644531250e+00	2.810077428817749023e+00	2.810195207595825195e+00	2.811204671859741211e+00	2.813631772994995117e+00	2.817855119705200195e+00	2.824848651885986328e+00	2.837400197982788086e+00	2.859220504760742188e+00	2.894418954849243164e+00	2.938956260681152344e+00	2.922390460968017578e+00	2.868956804275512695e+00	2.838762760162353516e+00	2.824565649032592773e+00	2.818898677825927734e+00	2.818201065063476562e+00	2.820190429687500000e+00	2.823194980621337891e+00	2.826211929321289062e+00	2.829199552536010742e+00	2.833597660064697266e+00	2.842046737670898438e+00	2.856285810470581055e+00	2.876542091369628906e+00	2.901377677917480469e+00	2.925566196441650391e+00	2.938019990921020508e+00	2.930228233337402344e+00	2.909887075424194336e+00
2.885811090469360352e+00	2.862625122070312500e+00	2.844208002090454102e+00	2.831539630889892578e+00	2.824034690856933594e+00	2.819998025894165039e+00	2.817829132080078125e+00	2.816925287246704102e+00	2.817116975784301758e+00	2.818243265151977539e+00	2.819826364517211914e+00	2.821178913116455078e+00	2.822108030319213867e+00	2.822432041168212891e+00	2.821884393692016602e+00	2.820300102233886719e+00	2.817838668823242188e+00	2.815190315246582031e+00	2.813302755355834961e+00	2.812968492507934570e+00	2.814938545227050781e+00	2.819926500320434570e+00	2.828510761260986328e+00	2.841424226760864258e+00	2.858564376831054688e+00	2.873685598373413086e+00	2.877143383026123047e+00	2.869966030120849609e+00	2.858394861221313477e+00	2.847410917282104492e+00	2.838269948959350586e+00	2.831182241439819336e+00	2.825412988662719727e+00	2.820257663726806641e+00	2.816631078720092773e+00	2.815565586090087891e+00	2.816705942153930664e+00	2.818615913391113281e+00	2.819737434387207031e+00	2.819188117980957031e+00	2.817121505737304688e+00	2.814517498016357422e+00	2.812337875366210938e+00	2.810981988906860352e+00	2.810431718826293945e+00	2.810756206512451172e+00	2.812551736831665039e+00	2.816804885864257812e+00	2.824665546417236328e+00	2.838066816329956055e+00	2.860531091690063477e+00	2.895554542541503906e+00	2.938782215118408203e+00	2.922421932220458984e+00	2.868035554885864258e+00	2.838421344757080078e+00	2.824678182601928711e+00	2.819296121597290039e+00	2.818736553192138672e+00	2.820718765258789062e+00	2.823673963546752930e+00	2.826802015304565430e+00	2.829930543899536133e+00	2.834310293197631836e+00	2.842855930328369141e+00	2.857341051101684570e+00	2.877738475799560547e+00	2.902377605438232422e+00	2.926091909408569336e+00	2.938089132308959961e+00	2.930210590362548828e+00	2.910119056701660156e+00
2.885479688644409180e+00	2.862224102020263672e+00	2.843662261962890625e+00	2.830928325653076172e+00	2.823469877243041992e+00	2.819518804550170898e+00	2.817479133605957031e+00	2.816860675811767578e+00	2.817198991775512695e+00	2.818168878555297852e+00	2.819520711898803711e+00	2.820706129074096680e+00	2.821538448333740234e+00	2.821810245513916016e+00	2.821268796920776367e+00	2.819734334945678711e+00	2.817279100418090820e+00	2.814493894577026367e+00	2.812410593032836914e+00	2.812079429626464844e+00	2.814216852188110352e+00	2.819347381591796875e+00	2.828013420104980469e+00	2.840993404388427734e+00	2.858146905899047852e+00	2.873120546340942383e+00	2.876470804214477539e+00	2.869539499282836914e+00	2.858146429061889648e+00	2.847177267074584961e+00	2.837972164154052734e+00	2.830786228179931641e+00	2.825132846832275391e+00	2.820431470870971680e+00	2.817328453063964844e+00	2.816619157791137695e+00	2.817892074584960938e+00	2.819627523422241211e+00	2.820307254791259766e+00	2.819336414337158203e+00	2.817114114761352539e+00	2.814523458480834961e+00	2.812268018722534180e+00	2.810676336288452148e+00	2.809785604476928711e+00	2.809704780578613281e+00	2.811182975769042969e+00	2.815360784530639648e+00	2.823386669158935547e+00	2.837121486663818359e+00	2.859847307205200195e+00	2.894365072250366211e+00	2.936494827270507812e+00	2.919363021850585938e+00	2.864678382873535156e+00	2.836259841918945312e+00	2.823539257049560547e+00	2.818907499313354492e+00	2.818829774856567383e+00	2.820973873138427734e+00	2.823682069778442383e+00	2.826389551162719727e+00	2.829820394515991211e+00	2.835459232330322266e+00	2.845099687576293945e+00	2.859640598297119141e+00	2.879449367523193359e+00	2.903427600860595703e+00	2.926558732986450195e+00	2.937967061996459961e+00	2.929763555526733398e+00	2.909723520278930664e+00
2.886658191680908203e+00	2.863393783569335938e+00	2.844797849655151367e+00	2.832028627395629883e+00	2.824450969696044922e+00	2.820193767547607422e+00	2.817616462707519531e+00	2.816268682479858398e+00	2.816207647323608398e+00	2.817385911941528320e+00	2.819597244262695312e+00	2.822025299072265625e+00	2.822959661483764648e+00	2.822973012924194336e+00	2.822341442108154297e+00	2.820741653442382812e+00	2.818202733993530273e+00	2.815376996994018555e+00	2.813314199447631836e+00	2.812993049621582031e+00	2.815090894699096680e+00	2.820161342620849609e+00	2.828767776489257812e+00	2.841594696044921875e+00	2.858323335647583008e+00	2.872817277908325195e+00	2.876333236694335938e+00	2.869721889495849609e+00	2.858461856842041016e+00	2.847531080245971680e+00	2.838454246520996094e+00	2.831554889678955078e+00	2.826175689697265625e+00	2.821499586105346680e+00	2.818177938461303711e+00	2.817187547683715820e+00	2.818192005157470703e+00	2.819682598114013672e+00	2.820292234420776367e+00	2.819309473037719727e+00	2.816896677017211914e+00	2.814041137695312500e+00	2.811729669570922852e+00	2.810358762741088867e+00	2.809802532196044922e+00	2.810036659240722656e+00	2.811695337295532227e+00	2.815897703170776367e+00	2.823895931243896484e+00	2.837685823440551758e+00	2.860801219940185547e+00	2.896231174468994141e+00	2.938535451889038086e+00	2.921756505966186523e+00	2.868593215942382812e+00	2.838621854782104492e+00	2.824551343917846680e+00	2.819086790084838867e+00	2.818613052368164062e+00	2.820770740509033203e+00	2.823820829391479492e+00	2.826790094375610352e+00	2.829903841018676758e+00	2.834844827651977539e+00	2.843875169754028320e+00	2.858541965484619141e+00	2.879040718078613281e+00	2.903744697570800781e+00	2.927574396133422852e+00	2.939507961273193359e+00	2.931176900863647461e+00	2.910906553268432617e+00
2.886497974395751953e+00	2.863165855407714844e+00	2.844656944274902344e+00	2.832093000411987305e+00	2.824854373931884766e+00	2.820901393890380859e+00	2.818285703659057617e+00	2.816727161407470703e+00	2.816532135009765625e+00	2.817512512207031250e+00	2.819162845611572266e+00	2.820957660675048828e+00	2.822403907775878906e+00	2.823130369186401367e+00	2.822895050048828125e+00	2.821543931961059570e+00	2.819170236587524414e+00	2.816387653350830078e+00	2.814230680465698242e+00	2.813755750656127930e+00	2.815743684768676758e+00	2.820815563201904297e+00	2.829571008682250977e+00	2.842769145965576172e+00	2.860164403915405273e+00	2.875546455383300781e+00	2.879864454269409180e+00	2.873555660247802734e+00	2.861956357955932617e+00	2.850618839263916016e+00	2.841118812561035156e+00	2.833782672882080078e+00	2.828045129776000977e+00	2.823115348815917969e+00	2.819554328918457031e+00	2.818202257156372070e+00	2.818825721740722656e+00	2.820206165313720703e+00	2.820825576782226562e+00	2.819742202758789062e+00	2.817145824432373047e+00	2.814139127731323242e+00	2.811774969100952148e+00	2.810458183288574219e+00	2.810046434402465820e+00	2.810452461242675781e+00	2.812224149703979492e+00	2.816461563110351562e+00	2.824394702911376953e+00	2.837908267974853516e+00	2.860363721847534180e+00	2.894973516464233398e+00	2.937870740890502930e+00	2.923888683319091797e+00	2.870332956314086914e+00	2.839606046676635742e+00	2.825478315353393555e+00	2.820078611373901367e+00	2.819640398025512695e+00	2.821757078170776367e+00	2.824676036834716797e+00	2.827406883239746094e+00	2.830052852630615234e+00	2.834311246871948242e+00	2.842796325683593750e+00	2.857216358184814453e+00	2.877731323242187500e+00	2.902813196182250977e+00	2.927229404449462891e+00	2.939603090286254883e+00	2.931456327438354492e+00	2.910993337631225586e+00
2.886355400085449219e+00	2.863051414489746094e+00	2.844612598419189453e+00	2.832078933715820312e+00	2.824668169021606445e+00	2.820469617843627930e+00	2.817824840545654297e+00	2.816349983215332031e+00	2.816206216812133789e+00	2.817254066467285156e+00	2.819066524505615234e+00	2.821093559265136719e+00	2.822735786437988281e+00	2.823516130447387695e+00	2.823197126388549805e+00	2.821744203567504883e+00	2.819412469863891602e+00	2.816866159439086914e+00	2.814894199371337891e+00	2.814239740371704102e+00	2.815680503845214844e+00	2.820074558258056641e+00	2.828267574310302734e+00	2.841141939163208008e+00	2.858536720275878906e+00	2.874176025390625000e+00	2.878538608551025391e+00	2.871936798095703125e+00	2.860059022903442383e+00	2.848449707031250000e+00	2.838698387145996094e+00	2.831233501434326172e+00	2.825557470321655273e+00	2.820749282836914062e+00	2.817246913909912109e+00	2.816099643707275391e+00	2.817183256149291992e+00	2.819116353988647461e+00	2.820298433303833008e+00	2.819860696792602539e+00	2.817854166030883789e+00	2.814983844757080078e+00	2.812454938888549805e+00	2.811048984527587891e+00	2.810814380645751953e+00	2.811770439147949219e+00	2.814415454864501953e+00	2.819105148315429688e+00	2.826040267944335938e+00	2.838342666625976562e+00	2.860112667083740234e+00	2.894245147705078125e+00	2.936261653900146484e+00	2.920385599136352539e+00	2.868408441543579102e+00	2.839281797409057617e+00	2.825305461883544922e+00	2.819648742675781250e+00	2.818994998931884766e+00	2.821049451828002930e+00	2.824021339416503906e+00	2.826764106750488281e+00	2.829409122467041016e+00	2.833847522735595703e+00	2.842558860778808594e+00	2.857100248336791992e+00	2.877646446228027344e+00	2.902741193771362305e+00	2.927031278610229492e+00	2.939169406890869141e+00	2.931086540222167969e+00	2.910799503326416016e+00
2.885849714279174805e+00	2.862291574478149414e+00	2.843677520751953125e+00	2.831114768981933594e+00	2.823946952819824219e+00	2.820194959640502930e+00	2.817997932434082031e+00	2.816799163818359375e+00	2.816748619079589844e+00	2.817816972732543945e+00	2.819635152816772461e+00	2.821642160415649414e+00	2.823217630386352539e+00	2.823912858963012695e+00	2.823506832122802734e+00	2.821928977966308594e+00	2.819445133209228516e+00	2.816759347915649414e+00	2.814667224884033203e+00	2.813914775848388672e+00	2.815392971038818359e+00	2.819978237152099609e+00	2.828367471694946289e+00	2.841300010681152344e+00	2.858472108840942383e+00	2.873639345169067383e+00	2.877839326858520508e+00	2.871510505676269531e+00	2.860018014907836914e+00	2.848698854446411133e+00	2.839113712310791016e+00	2.831740617752075195e+00	2.826072931289672852e+00	2.821242570877075195e+00	2.817843198776245117e+00	2.816849708557128906e+00	2.818016290664672852e+00	2.819946289062500000e+00	2.821040153503417969e+00	2.820397138595581055e+00	2.818146228790283203e+00	2.815248012542724609e+00	2.812817096710205078e+00	2.811415672302246094e+00	2.810998916625976562e+00	2.811556339263916016e+00	2.813647985458374023e+00	2.818192720413208008e+00	2.826270341873168945e+00	2.839840412139892578e+00	2.862315654754638672e+00	2.896600246429443359e+00	2.938766717910766602e+00	2.924563407897949219e+00	2.870176553726196289e+00	2.839707851409912109e+00	2.825570821762084961e+00	2.820144891738891602e+00	2.819626092910766602e+00	2.821609258651733398e+00	2.824450492858886719e+00	2.827153205871582031e+00	2.829869747161865234e+00	2.834302902221679688e+00	2.842947006225585938e+00	2.857474565505981445e+00	2.878024101257324219e+00	2.903057575225830078e+00	2.927279233932495117e+00	2.939553260803222656e+00	2.931342840194702148e+00	2.910650014877319336e+00
2.885279178619384766e+00	2.861427545547485352e+00	2.842579603195190430e+00	2.829880714416503906e+00	2.822680711746215820e+00	2.818976163864135742e+00	2.816927194595336914e+00	2.815959930419921875e+00	2.816028833389282227e+00	2.817101955413818359e+00	2.818907260894775391e+00	2.820887804031372070e+00	2.822472810745239258e+00	2.823305130004882812e+00	2.823177099227905273e+00	2.821786642074584961e+00	2.819187164306640625e+00	2.816210031509399414e+00	2.813832759857177734e+00	2.812988042831420898e+00	2.814533710479736328e+00	2.819247961044311523e+00	2.827788591384887695e+00	2.840861082077026367e+00	2.858186006546020508e+00	2.873555183410644531e+00	2.877924442291259766e+00	2.871805191040039062e+00	2.860394716262817383e+00	2.848996162414550781e+00	2.839221954345703125e+00	2.831581592559814453e+00	2.825538396835327148e+00	2.820296525955200195e+00	2.816617250442504883e+00	2.815548896789550781e+00	2.816786766052246094e+00	2.818776130676269531e+00	2.819765090942382812e+00	2.818887948989868164e+00	2.816510677337646484e+00	2.813748121261596680e+00	2.811625480651855469e+00	2.810554027557373047e+00	2.810377836227416992e+00	2.811004877090454102e+00	2.812972545623779297e+00	2.817307233810424805e+00	2.825242042541503906e+00	2.838802814483642578e+00	2.861545324325561523e+00	2.896459579467773438e+00	2.939541816711425781e+00	2.924881935119628906e+00	2.868960857391357422e+00	2.838489294052124023e+00	2.824557781219482422e+00	2.819096803665161133e+00	2.818520307540893555e+00	2.820520401000976562e+00	2.823348999023437500e+00	2.825984239578247070e+00	2.828661203384399414e+00	2.833218574523925781e+00	2.842067956924438477e+00	2.856722593307495117e+00	2.877351045608520508e+00	2.902547597885131836e+00	2.927077293395996094e+00	2.939604520797729492e+00	2.931339263916015625e+00	2.910395622253417969e+00
2.885183811187744141e+00	2.861520767211914062e+00	2.842643499374389648e+00	2.829638004302978516e+00	2.822025299072265625e+00	2.818037271499633789e+00	2.815987825393676758e+00	2.815104722976684570e+00	2.815171241760253906e+00	2.816251039505004883e+00	2.817991018295288086e+00	2.819793224334716797e+00	2.821188449859619141e+00	2.821931600570678711e+00	2.821786403656005859e+00	2.820370912551879883e+00	2.817828416824340820e+00	2.815007209777832031e+00	2.812760114669799805e+00	2.811986923217773438e+00	2.813672542572021484e+00	2.818584203720092773e+00	2.827227830886840820e+00	2.840234279632568359e+00	2.857476472854614258e+00	2.872910976409912109e+00	2.877467632293701172e+00	2.871480226516723633e+00	2.860038518905639648e+00	2.848553657531738281e+00	2.838575839996337891e+00	2.830537319183349609e+00	2.824121236801147461e+00	2.818799734115600586e+00	2.815264940261840820e+00	2.814290523529052734e+00	2.815412998199462891e+00	2.817167758941650391e+00	2.817988634109497070e+00	2.817120313644409180e+00	2.814902305603027344e+00	2.812340974807739258e+00	2.810363531112670898e+00	2.809353351593017578e+00	2.809175729751586914e+00	2.809770107269287109e+00	2.811845302581787109e+00	2.816581487655639648e+00	2.825002193450927734e+00	2.838710784912109375e+00	2.861059188842773438e+00	2.895159006118774414e+00	2.936266422271728516e+00	2.917824745178222656e+00	2.863407135009765625e+00	2.835208415985107422e+00	2.822551965713500977e+00	2.817672491073608398e+00	2.817204475402832031e+00	2.819046497344970703e+00	2.821621894836425781e+00	2.824120044708251953e+00	2.827016353607177734e+00	2.832170248031616211e+00	2.841713190078735352e+00	2.856869459152221680e+00	2.877728462219238281e+00	2.902906894683837891e+00	2.927142620086669922e+00	2.939107179641723633e+00	2.930692195892333984e+00	2.910018444061279297e+00
2.884821414947509766e+00	2.861762285232543945e+00	2.843297481536865234e+00	2.830399513244628906e+00	2.822264909744262695e+00	2.817532300949096680e+00	2.815012693405151367e+00	2.814005851745605469e+00	2.814339160919189453e+00	2.815824031829833984e+00	2.817845344543457031e+00	2.819593667984008789e+00	2.820686817169189453e+00	2.820975303649902344e+00	2.820300817489624023e+00	2.818560361862182617e+00	2.816075801849365234e+00	2.813725233078002930e+00	2.812393426895141602e+00	2.812453746795654297e+00	2.814411640167236328e+00	2.818969726562500000e+00	2.827050685882568359e+00	2.839853286743164062e+00	2.857308864593505859e+00	2.873137474060058594e+00	2.877929687500000000e+00	2.872159004211425781e+00	2.860759019851684570e+00	2.848902702331542969e+00	2.838191032409667969e+00	2.829410314559936523e+00	2.822680950164794922e+00	2.817718267440795898e+00	2.814985275268554688e+00	2.814714670181274414e+00	2.816135168075561523e+00	2.817928552627563477e+00	2.818598270416259766e+00	2.817494869232177734e+00	2.815175294876098633e+00	2.812635898590087891e+00	2.810626029968261719e+00	2.809380292892456055e+00	2.808868885040283203e+00	2.809277772903442383e+00	2.811297416687011719e+00	2.815801858901977539e+00	2.823623657226562500e+00	2.836431980133056641e+00	2.857651472091674805e+00	2.890434980392456055e+00	2.930194616317749023e+00	2.909968376159667969e+00	2.858243703842163086e+00	2.832827806472778320e+00	2.821534633636474609e+00	2.817370414733886719e+00	2.817332029342651367e+00	2.819327354431152344e+00	2.821747541427612305e+00	2.823897361755371094e+00	2.826415777206420898e+00	2.831210851669311523e+00	2.840367078781127930e+00	2.855068445205688477e+00	2.875537872314453125e+00	2.900475740432739258e+00	2.924392700195312500e+00	2.936170578002929688e+00	2.928440332412719727e+00	2.908785104751586914e+00
2.886104822158813477e+00	2.862344026565551758e+00	2.843626499176025391e+00	2.831113815307617188e+00	2.824097871780395508e+00	2.820487976074218750e+00	2.818451642990112305e+00	2.817549943923950195e+00	2.817728042602539062e+00	2.818584442138671875e+00	2.819935083389282227e+00	2.821515083312988281e+00	2.822799205780029297e+00	2.823330163955688477e+00	2.822825193405151367e+00	2.821162700653076172e+00	2.818525552749633789e+00	2.815602779388427734e+00	2.813422918319702148e+00	2.812994003295898438e+00	2.815066576004028320e+00	2.820233345031738281e+00	2.829083681106567383e+00	2.842406034469604492e+00	2.859997034072875977e+00	2.875429153442382812e+00	2.879473447799682617e+00	2.872914314270019531e+00	2.861055135726928711e+00	2.849199056625366211e+00	2.839323043823242188e+00	2.831827640533447266e+00	2.825893163681030273e+00	2.820683479309082031e+00	2.817019701004028320e+00	2.816001176834106445e+00	2.817372798919677734e+00	2.819645166397094727e+00	2.821029424667358398e+00	2.820400476455688477e+00	2.817910194396972656e+00	2.814786911010742188e+00	2.812291145324707031e+00	2.811005592346191406e+00	2.810847282409667969e+00	2.811650276184082031e+00	2.813796997070312500e+00	2.818207263946533203e+00	2.826026439666748047e+00	2.839173793792724609e+00	2.861280202865600586e+00	2.896089553833007812e+00	2.940553903579711914e+00	2.932996749877929688e+00	2.877196788787841797e+00	2.842460870742797852e+00	2.826246261596679688e+00	2.819897174835205078e+00	2.819020986557006836e+00	2.821025609970092773e+00	2.824107170104980469e+00	2.827155351638793945e+00	2.830134391784667969e+00	2.834585428237915039e+00	2.842864513397216797e+00	2.856974124908447266e+00	2.877550363540649414e+00	2.903155803680419922e+00	2.928068399429321289e+00	2.940489768981933594e+00	2.932063341140747070e+00	2.911124229431152344e+00
2.880672931671142578e+00	2.857365369796752930e+00	2.839004755020141602e+00	2.826792955398559570e+00	2.819908142089843750e+00	2.816079139709472656e+00	2.813418626785278320e+00	2.811643600463867188e+00	2.811099529266357422e+00	2.811833143234252930e+00	2.813522338867187500e+00	2.815587520599365234e+00	2.817360401153564453e+00	2.818307876586914062e+00	2.818097352981567383e+00	2.816571474075317383e+00	2.813882112503051758e+00	2.810670614242553711e+00	2.807922124862670898e+00	2.806689500808715820e+00	2.807872533798217773e+00	2.812229394912719727e+00	2.820534229278564453e+00	2.833694696426391602e+00	2.851212739944458008e+00	2.866354942321777344e+00	2.869705915451049805e+00	2.862044095993041992e+00	2.850278615951538086e+00	2.839377880096435547e+00	2.830764293670654297e+00	2.824552297592163086e+00	2.819552898406982422e+00	2.814916849136352539e+00	2.811681747436523438e+00	2.811022520065307617e+00	2.812604665756225586e+00	2.814922809600830078e+00	2.816322565078735352e+00	2.815673828125000000e+00	2.813016414642333984e+00	2.809791564941406250e+00	2.807301282882690430e+00	2.805944681167602539e+00	2.805504322052001953e+00	2.805793046951293945e+00	2.807223796844482422e+00	2.810663223266601562e+00	2.817052841186523438e+00	2.828212976455688477e+00	2.848307609558105469e+00	2.883274555206298828e+00	2.932326316833496094e+00	2.929669380187988281e+00	2.872906446456909180e+00	2.837768316268920898e+00	2.821574926376342773e+00	2.815273284912109375e+00	2.814301252365112305e+00	2.816143035888671875e+00	2.819092273712158203e+00	2.822157859802246094e+00	2.825358390808105469e+00	2.830235958099365234e+00	2.839090347290039062e+00	2.853472232818603516e+00	2.873663663864135742e+00	2.898262023925781250e+00	2.922107458114624023e+00	2.934138059616088867e+00	2.925744056701660156e+00	2.905125379562377930e+00
2.879342555999755859e+00	2.856502056121826172e+00	2.838386297225952148e+00	2.825720310211181641e+00	2.818059921264648438e+00	2.813623189926147461e+00	2.810631990432739258e+00	2.808702707290649414e+00	2.808115243911743164e+00	2.808905839920043945e+00	2.810719966888427734e+00	2.812936305999755859e+00	2.814854621887207031e+00	2.815901279449462891e+00	2.815690755844116211e+00	2.814041376113891602e+00	2.811133384704589844e+00	2.807679653167724609e+00	2.804745912551879883e+00	2.803452253341674805e+00	2.804728746414184570e+00	2.809288024902343750e+00	2.817749261856079102e+00	2.830910682678222656e+00	2.848440647125244141e+00	2.863630533218383789e+00	2.866876602172851562e+00	2.859028100967407227e+00	2.847157001495361328e+00	2.836216211318969727e+00	2.827629566192626953e+00	2.821552515029907227e+00	2.816815853118896484e+00	2.812532424926757812e+00	2.809603691101074219e+00	2.809082269668579102e+00	2.810606956481933594e+00	2.812743902206420898e+00	2.814012765884399414e+00	2.813411235809326172e+00	2.810698032379150391e+00	2.807272672653198242e+00	2.804623603820800781e+00	2.803205966949462891e+00	2.802772045135498047e+00	2.803147077560424805e+00	2.804772138595581055e+00	2.808175802230834961e+00	2.814166784286499023e+00	2.825084686279296875e+00	2.845500230789184570e+00	2.881880998611450195e+00	2.933739185333251953e+00	2.924854755401611328e+00	2.864683151245117188e+00	2.830669164657592773e+00	2.816517353057861328e+00	2.812508821487426758e+00	2.813467264175415039e+00	2.815143346786499023e+00	2.817277669906616211e+00	2.819716453552246094e+00	2.822453498840332031e+00	2.827106475830078125e+00	2.836062192916870117e+00	2.850833177566528320e+00	2.871468305587768555e+00	2.896346807479858398e+00	2.920358419418334961e+00	2.932594537734985352e+00	2.924192905426025391e+00	2.903558731079101562e+00
2.869831085205078125e+00	2.847291469573974609e+00	2.828595638275146484e+00	2.814545869827270508e+00	2.805235385894775391e+00	2.799915790557861328e+00	2.797058820724487305e+00	2.795580387115478516e+00	2.795436620712280273e+00	2.796600103378295898e+00	2.798714876174926758e+00	2.801249265670776367e+00	2.803535938262939453e+00	2.804942846298217773e+00	2.805077552795410156e+00	2.803824663162231445e+00	2.801248550415039062e+00	2.797798156738281250e+00	2.794300794601440430e+00	2.791969299316406250e+00	2.792088985443115234e+00	2.795751571655273438e+00	2.804168462753295898e+00	2.818468570709228516e+00	2.837727308273315430e+00	2.854239702224731445e+00	2.858275890350341797e+00	2.851924896240234375e+00	2.839605569839477539e+00	2.825428009033203125e+00	2.814678192138671875e+00	2.807426929473876953e+00	2.802886724472045898e+00	2.800014019012451172e+00	2.798816680908203125e+00	2.799326419830322266e+00	2.800784587860107422e+00	2.801910161972045898e+00	2.801672220230102539e+00	2.799953222274780273e+00	2.797280550003051758e+00	2.794470071792602539e+00	2.792423725128173828e+00	2.791794061660766602e+00	2.793483495712280273e+00	2.797771692276000977e+00	2.796928405761718750e+00	2.799015998840332031e+00	2.804293632507324219e+00	2.812470912933349609e+00	2.827034711837768555e+00	2.848182916641235352e+00	2.853865623474121094e+00	2.840685129165649414e+00	2.820726156234741211e+00	2.807871103286743164e+00	2.801995038986206055e+00	2.800546884536743164e+00	2.801768541336059570e+00	2.803816795349121094e+00	2.805575370788574219e+00	2.807579040527343750e+00	2.810923576354980469e+00	2.817081212997436523e+00	2.827600002288818359e+00	2.843307256698608398e+00	2.863646268844604492e+00	2.886342287063598633e+00	2.906437397003173828e+00	2.916422843933105469e+00	2.910422801971435547e+00	2.892684221267700195e+00
2.805016756057739258e+00	2.796744346618652344e+00	2.788025379180908203e+00	2.780784368515014648e+00	2.775325298309326172e+00	2.771847248077392578e+00	2.770508527755737305e+00	2.770423173904418945e+00	2.770566463470458984e+00	2.771224260330200195e+00	2.772336244583129883e+00	2.773659944534301758e+00	2.775130271911621094e+00	2.776554822921752930e+00	2.777927637100219727e+00	2.779478788375854492e+00	2.781239509582519531e+00	2.782428741455078125e+00	2.781499862670898438e+00	2.778084516525268555e+00	2.773971796035766602e+00	2.771269083023071289e+00	2.771066427230834961e+00	2.772849082946777344e+00	2.775381088256835938e+00	2.777919530868530273e+00	2.779756546020507812e+00	2.780789852142333984e+00	2.780427932739257812e+00	2.778419733047485352e+00	2.776343822479248047e+00	2.774474620819091797e+00	2.773104190826416016e+00	2.772736787796020508e+00	2.773315668106079102e+00	2.774248838424682617e+00	2.774883270263671875e+00	2.774996280670166016e+00	2.775007247924804688e+00	2.775413513183593750e+00	2.775999784469604492e+00	2.775952577590942383e+00	2.775110006332397461e+00	2.774444341659545898e+00	2.774896383285522461e+00	2.776916742324829102e+00	2.778928041458129883e+00	2.779554367065429688e+00	2.780142784118652344e+00	2.780545949935913086e+00	2.780541896820068359e+00	2.780553579330444336e+00	2.780751705169677734e+00	2.781214714050292969e+00	2.781850814819335938e+00	2.782428503036499023e+00	2.782928705215454102e+00	2.783668041229248047e+00	2.784749507904052734e+00	2.784998655319213867e+00	2.783411502838134766e+00	2.781775236129760742e+00	2.781946420669555664e+00	2.784278154373168945e+00	2.788287401199340820e+00	2.794143438339233398e+00	2.801748275756835938e+00	2.809672832489013672e+00	2.815630912780761719e+00	2.817383527755737305e+00	2.815077543258666992e+00	2.810855388641357422e+00
2.836643457412719727e+00	2.820281744003295898e+00	2.806786537170410156e+00	2.796983718872070312e+00	2.790280580520629883e+00	2.785986423492431641e+00	2.783081293106079102e+00	2.781119823455810547e+00	2.780310869216918945e+00	2.780410051345825195e+00	2.781651735305786133e+00	2.783976078033447266e+00	2.786978006362915039e+00	2.790353536605834961e+00	2.793950557708740234e+00	2.797525167465209961e+00	2.800338506698608398e+00	2.801030397415161133e+00	2.798652172088623047e+00	2.793234348297119141e+00	2.787099361419677734e+00	2.782859086990356445e+00	2.781458616256713867e+00	2.783105134963989258e+00	2.787207603454589844e+00	2.791659116744995117e+00	2.794409990310668945e+00	2.795219659805297852e+00	2.794457197189331055e+00	2.792113065719604492e+00	2.788421869277954102e+00	2.784374237060546875e+00	2.780812025070190430e+00	2.778632640838623047e+00	2.778550148010253906e+00	2.780514955520629883e+00	2.783542871475219727e+00	2.786337375640869141e+00	2.788157701492309570e+00	2.788972139358520508e+00	2.788854837417602539e+00	2.787758350372314453e+00	2.786009550094604492e+00	2.784376144409179688e+00	2.783306598663330078e+00	2.782966613769531250e+00	2.783499002456665039e+00	2.784957408905029297e+00	2.786940097808837891e+00	2.789217233657836914e+00	2.792591094970703125e+00	2.797953605651855469e+00	2.805605649948120117e+00	2.814267396926879883e+00	2.816561222076416016e+00	2.812364101409912109e+00	2.806727647781372070e+00	2.802004337310791016e+00	2.799311161041259766e+00	2.797898292541503906e+00	2.796207189559936523e+00	2.796294450759887695e+00	2.799463748931884766e+00	2.806911468505859375e+00	2.819261074066162109e+00	2.836455345153808594e+00	2.856595993041992188e+00	2.874186277389526367e+00	2.883089780807495117e+00	2.880958080291748047e+00	2.869719982147216797e+00	2.853822708129882812e+00
2.853145599365234375e+00	2.834547519683837891e+00	2.820957183837890625e+00	2.812468528747558594e+00	2.807842493057250977e+00	2.805274009704589844e+00	2.803632974624633789e+00	2.803079843521118164e+00	2.804127454757690430e+00	2.806269407272338867e+00	2.808430194854736328e+00	2.810415267944335938e+00	2.811985492706298828e+00	2.812937498092651367e+00	2.813080549240112305e+00	2.812051534652709961e+00	2.809833765029907227e+00	2.807177543640136719e+00	2.804537057876586914e+00	2.801892995834350586e+00	2.799904346466064453e+00	2.800199985504150391e+00	2.804379224777221680e+00	2.813476800918579102e+00	2.827081918716430664e+00	2.840623378753662109e+00	2.846851587295532227e+00	2.848035573959350586e+00	2.849588394165039062e+00	2.847413539886474609e+00	2.837691068649291992e+00	2.825501680374145508e+00	2.815278768539428711e+00	2.807611465454101562e+00	2.802944898605346680e+00	2.801697254180908203e+00	2.803392171859741211e+00	2.806666851043701172e+00	2.809970140457153320e+00	2.812933921813964844e+00	2.814761877059936523e+00	2.812880516052246094e+00	2.809696435928344727e+00	2.807709693908691406e+00	2.806232452392578125e+00	2.804664611816406250e+00	2.803329467773437500e+00	2.803176403045654297e+00	2.804843425750732422e+00	2.808429718017578125e+00	2.814550161361694336e+00	2.825614690780639648e+00	2.842894077301025391e+00	2.850660562515258789e+00	2.834805727005004883e+00	2.818243265151977539e+00	2.811040401458740234e+00	2.811188459396362305e+00	2.813348770141601562e+00	2.812389850616455078e+00	2.813528537750244141e+00	2.817481994628906250e+00	2.824888944625854492e+00	2.837376117706298828e+00	2.856057167053222656e+00	2.880264759063720703e+00	2.906914710998535156e+00	2.927070140838623047e+00	2.930100440979003906e+00	2.917772531509399414e+00	2.897781133651733398e+00	2.875125885009765625e+00
2.847859859466552734e+00	2.830770015716552734e+00	2.819275856018066406e+00	2.812928676605224609e+00	2.810250759124755859e+00	2.809478282928466797e+00	2.809570789337158203e+00	2.810340881347656250e+00	2.811909675598144531e+00	2.814054965972900391e+00	2.816216945648193359e+00	2.818143606185913086e+00	2.819644451141357422e+00	2.820523500442504883e+00	2.820487499237060547e+00	2.819270610809326172e+00	2.816828250885009766e+00	2.813548564910888672e+00	2.809902429580688477e+00	2.806472778320312500e+00	2.804364204406738281e+00	2.804764270782470703e+00	2.808692216873168945e+00	2.817136764526367188e+00	2.830424070358276367e+00	2.845088005065917969e+00	2.854161262512207031e+00	2.859023809432983398e+00	2.865949869155883789e+00	2.869343280792236328e+00	2.858086824417114258e+00	2.841638326644897461e+00	2.828330993652343750e+00	2.818285703659057617e+00	2.811184883117675781e+00	2.807302474975585938e+00	2.806529760360717773e+00	2.808114528656005859e+00	2.810863256454467773e+00	2.813642263412475586e+00	2.815614700317382812e+00	2.816499948501586914e+00	2.816560745239257812e+00	2.816048860549926758e+00	2.814866542816162109e+00	2.812809228897094727e+00	2.810410022735595703e+00	2.809009075164794922e+00	2.809614181518554688e+00	2.812475204467773438e+00	2.818130731582641602e+00	2.827856063842773438e+00	2.841255426406860352e+00	2.847652673721313477e+00	2.834471225738525391e+00	2.819286584854125977e+00	2.811826705932617188e+00	2.810515165328979492e+00	2.812645196914672852e+00	2.816485643386840820e+00	2.821726799011230469e+00	2.829116344451904297e+00	2.839977502822875977e+00	2.856068849563598633e+00	2.878310918807983398e+00	2.904658794403076172e+00	2.928201913833618164e+00	2.938962697982788086e+00	2.932606220245361328e+00	2.915004730224609375e+00	2.892791986465454102e+00	2.869478702545166016e+00
2.843943595886230469e+00	2.827875137329101562e+00	2.817177772521972656e+00	2.811256647109985352e+00	2.808596134185791016e+00	2.807577610015869141e+00	2.807421207427978516e+00	2.808157920837402344e+00	2.809975624084472656e+00	2.812165260314941406e+00	2.814126491546630859e+00	2.816408395767211914e+00	2.818604946136474609e+00	2.820110321044921875e+00	2.820623397827148438e+00	2.819702863693237305e+00	2.817262172698974609e+00	2.813648700714111328e+00	2.809535503387451172e+00	2.805814266204833984e+00	2.803391456604003906e+00	2.803102970123291016e+00	2.805669307708740234e+00	2.812110424041748047e+00	2.823079824447631836e+00	2.836604356765747070e+00	2.847520112991333008e+00	2.854572057723999023e+00	2.862073659896850586e+00	2.867327451705932617e+00	2.858519554138183594e+00	2.842473030090332031e+00	2.828902006149291992e+00	2.818367958068847656e+00	2.810663223266601562e+00	2.806216478347778320e+00	2.804751634597778320e+00	2.805415868759155273e+00	2.807492733001708984e+00	2.809910058975219727e+00	2.811954259872436523e+00	2.813458442687988281e+00	2.814484596252441406e+00	2.814765214920043945e+00	2.813732385635375977e+00	2.811739683151245117e+00	2.809417247772216797e+00	2.807721138000488281e+00	2.807769060134887695e+00	2.810261487960815430e+00	2.815796613693237305e+00	2.825242519378662109e+00	2.837612152099609375e+00	2.842994213104248047e+00	2.831839084625244141e+00	2.817738771438598633e+00	2.810488224029541016e+00	2.809070825576782227e+00	2.811012029647827148e+00	2.814675331115722656e+00	2.820048093795776367e+00	2.828172206878662109e+00	2.840504407882690430e+00	2.858163118362426758e+00	2.880854368209838867e+00	2.906543254852294922e+00	2.928345918655395508e+00	2.936877965927124023e+00	2.928865432739257812e+00	2.910417556762695312e+00	2.887682437896728516e+00	2.864588975906372070e+00
2.859472751617431641e+00	2.856745481491088867e+00	2.853862047195434570e+00	2.849380016326904297e+00	2.841977834701538086e+00	2.831583499908447266e+00	2.819638490676879883e+00	2.808125495910644531e+00	2.798985958099365234e+00	2.793101787567138672e+00	2.789719581604003906e+00	2.788295269012451172e+00	2.788193225860595703e+00	2.788962364196777344e+00	2.790840148925781250e+00	2.794519424438476562e+00	2.800253868103027344e+00	2.806998968124389648e+00	2.813154935836791992e+00	2.815079689025878906e+00	2.809660196304321289e+00	2.800443172454833984e+00	2.792530059814453125e+00	2.787631988525390625e+00	2.785945653915405273e+00	2.787395000457763672e+00	2.791438579559326172e+00	2.796755790710449219e+00	2.802142858505249023e+00	2.806365966796875000e+00	2.807765245437622070e+00	2.806140899658203125e+00	2.802772283554077148e+00	2.799108743667602539e+00	2.796112298965454102e+00	2.794103860855102539e+00	2.793497562408447266e+00	2.794757843017578125e+00	2.797569990158081055e+00	2.801095008850097656e+00	2.804699897766113281e+00	2.808674812316894531e+00	2.814152240753173828e+00	2.822212696075439453e+00	2.833510398864746094e+00	2.851961374282836914e+00	2.883675336837768555e+00	2.861860275268554688e+00	2.840996980667114258e+00	2.821667194366455078e+00	2.809527397155761719e+00	2.803372144699096680e+00	2.801197767257690430e+00	2.801867961883544922e+00	2.803231716156005859e+00	2.803398370742797852e+00	2.801160335540771484e+00	2.798716068267822266e+00	2.797642946243286133e+00	2.797978639602661133e+00	2.799970626831054688e+00	2.804014444351196289e+00	2.810419321060180664e+00	2.819156646728515625e+00	2.829256296157836914e+00	2.839828491210937500e+00	2.849965810775756836e+00	2.857793331146240234e+00	2.862637519836425781e+00	2.864741325378417969e+00	2.864424467086791992e+00	2.862334966659545898e+00
2.871663331985473633e+00	2.882524251937866211e+00	2.888616561889648438e+00	2.888535499572753906e+00	2.881690979003906250e+00	2.868568181991577148e+00	2.851577281951904297e+00	2.833849191665649414e+00	2.818427562713623047e+00	2.807288408279418945e+00	2.800548315048217773e+00	2.797043561935424805e+00	2.795313835144042969e+00	2.794557809829711914e+00	2.794786214828491211e+00	2.796163320541381836e+00	2.799094915390014648e+00	2.805025339126586914e+00	2.814490079879760742e+00	2.821328163146972656e+00	2.819255828857421875e+00	2.812308311462402344e+00	2.805968761444091797e+00	2.801383495330810547e+00	2.798000812530517578e+00	2.795805454254150391e+00	2.795258998870849609e+00	2.796185016632080078e+00	2.797785043716430664e+00	2.799571990966796875e+00	2.801394939422607422e+00	2.803038358688354492e+00	2.804177045822143555e+00	2.804672479629516602e+00	2.804854393005371094e+00	2.804852247238159180e+00	2.805151939392089844e+00	2.806264877319335938e+00	2.808161020278930664e+00	2.810370922088623047e+00	2.813015699386596680e+00	2.817088603973388672e+00	2.823868036270141602e+00	2.833852291107177734e+00	2.845416307449340820e+00	2.858012914657592773e+00	2.879025936126708984e+00	2.874321460723876953e+00	2.855717420578002930e+00	2.834786176681518555e+00	2.818192005157470703e+00	2.808091878890991211e+00	2.802883625030517578e+00	2.801505327224731445e+00	2.802592515945434570e+00	2.804841279983520508e+00	2.807582139968872070e+00	2.809006690979003906e+00	2.809212684631347656e+00	2.808833360671997070e+00	2.807973623275756836e+00	2.806689739227294922e+00	2.805231332778930664e+00	2.804200887680053711e+00	2.804384469985961914e+00	2.806399583816528320e+00	2.810427904129028320e+00	2.816480398178100586e+00	2.824508905410766602e+00	2.834312915802001953e+00	2.845766067504882812e+00	2.858606815338134766e+00
2.870996952056884766e+00	2.882196187973022461e+00	2.888533592224121094e+00	2.888713598251342773e+00	2.882117986679077148e+00	2.869118452072143555e+00	2.852369070053100586e+00	2.835497617721557617e+00	2.820544242858886719e+00	2.809173583984375000e+00	2.801839828491210938e+00	2.797655105590820312e+00	2.795306921005249023e+00	2.793827533721923828e+00	2.792881488800048828e+00	2.792767286300659180e+00	2.794767379760742188e+00	2.800827741622924805e+00	2.811013698577880859e+00	2.819092273712158203e+00	2.817396163940429688e+00	2.810577154159545898e+00	2.804595232009887695e+00	2.800658941268920898e+00	2.797955513000488281e+00	2.795935630798339844e+00	2.795066595077514648e+00	2.795573949813842773e+00	2.797320127487182617e+00	2.799973726272583008e+00	2.802759647369384766e+00	2.804831981658935547e+00	2.805594444274902344e+00	2.805263280868530273e+00	2.804676294326782227e+00	2.804216384887695312e+00	2.804236650466918945e+00	2.805360317230224609e+00	2.808086395263671875e+00	2.812159776687622070e+00	2.815551042556762695e+00	2.819599866867065430e+00	2.827255725860595703e+00	2.838866949081420898e+00	2.851387262344360352e+00	2.861093759536743164e+00	2.873958110809326172e+00	2.875670671463012695e+00	2.857336044311523438e+00	2.834974050521850586e+00	2.817569017410278320e+00	2.806966543197631836e+00	2.801293134689331055e+00	2.798703193664550781e+00	2.798395395278930664e+00	2.799841642379760742e+00	2.802789926528930664e+00	2.805904865264892578e+00	2.807436704635620117e+00	2.808237314224243164e+00	2.808316469192504883e+00	2.807697772979736328e+00	2.806792974472045898e+00	2.806443929672241211e+00	2.807608366012573242e+00	2.810273408889770508e+00	2.812465429306030273e+00	2.816379547119140625e+00	2.823043584823608398e+00	2.832294464111328125e+00	2.843965530395507812e+00	2.857409954071044922e+00
2.871509313583374023e+00	2.872303962707519531e+00	2.868134975433349609e+00	2.860087871551513672e+00	2.849515914916992188e+00	2.837769031524658203e+00	2.825984001159667969e+00	2.815144777297973633e+00	2.805746555328369141e+00	2.798299074172973633e+00	2.793426513671875000e+00	2.790825128555297852e+00	2.789772987365722656e+00	2.789435863494873047e+00	2.788636922836303711e+00	2.786884784698486328e+00	2.784521341323852539e+00	2.785198211669921875e+00	2.790818452835083008e+00	2.801785230636596680e+00	2.804344177246093750e+00	2.799914836883544922e+00	2.798267364501953125e+00	2.798777818679809570e+00	2.798844337463378906e+00	2.797390222549438477e+00	2.795870542526245117e+00	2.794988632202148438e+00	2.794328451156616211e+00	2.793417215347290039e+00	2.792362928390502930e+00	2.791918516159057617e+00	2.792790889739990234e+00	2.795427083969116211e+00	2.797887325286865234e+00	2.797790765762329102e+00	2.797642469406127930e+00	2.797575235366821289e+00	2.797396659851074219e+00	2.797318458557128906e+00	2.797495603561401367e+00	2.798151254653930664e+00	2.799567461013793945e+00	2.801818847656250000e+00	2.804784774780273438e+00	2.807985544204711914e+00	2.811086893081665039e+00	2.813166856765747070e+00	2.812143087387084961e+00	2.807615756988525391e+00	2.801908731460571289e+00	2.797151565551757812e+00	2.793299913406372070e+00	2.790181636810302734e+00	2.788171052932739258e+00	2.787553548812866211e+00	2.788250207901000977e+00	2.789739131927490234e+00	2.791297912597656250e+00	2.792509317398071289e+00	2.793277978897094727e+00	2.793702602386474609e+00	2.794427394866943359e+00	2.796574831008911133e+00	2.800734996795654297e+00	2.806471109390258789e+00	2.813529968261718750e+00	2.821942090988159180e+00	2.832076311111450195e+00	2.843767166137695312e+00	2.855681657791137695e+00	2.865574598312377930e+00
2.815807104110717773e+00	2.823870420455932617e+00	2.836236953735351562e+00	2.852931737899780273e+00	2.872682809829711914e+00	2.892169475555419922e+00	2.905406713485717773e+00	2.906482219696044922e+00	2.895603656768798828e+00	2.878278732299804688e+00	2.859764337539672852e+00	2.843269824981689453e+00	2.830248594284057617e+00	2.821029424667358398e+00	2.814678430557250977e+00	2.810122489929199219e+00	2.807033300399780273e+00	2.805349588394165039e+00	2.804865360260009766e+00	2.805027008056640625e+00	2.805176496505737305e+00	2.805326938629150391e+00	2.806144952774047852e+00	2.808286666870117188e+00	2.811956644058227539e+00	2.816715717315673828e+00	2.820864200592041016e+00	2.822107791900634766e+00	2.820432901382446289e+00	2.817165613174438477e+00	2.813407897949218750e+00	2.809960603713989258e+00	2.807673692703247070e+00	2.807466030120849609e+00	2.809783697128295898e+00	2.814241886138916016e+00	2.821119785308837891e+00	2.831841945648193359e+00	2.847141265869140625e+00	2.868424177169799805e+00	2.896696329116821289e+00	2.922383546829223633e+00	2.915825843811035156e+00	2.886745452880859375e+00	2.860981702804565430e+00	2.842144966125488281e+00	2.828100919723510742e+00	2.817055940628051758e+00	2.809184312820434570e+00	2.804770946502685547e+00	2.803452968597412109e+00	2.804505348205566406e+00	2.806955337524414062e+00	2.809608697891235352e+00	2.811857461929321289e+00	2.813972473144531250e+00	2.816039085388183594e+00	2.817148447036743164e+00	2.815973520278930664e+00	2.812713861465454102e+00	2.809241056442260742e+00	2.807069778442382812e+00	2.806717872619628906e+00	2.808009147644042969e+00	2.810053110122680664e+00	2.811362743377685547e+00	2.811119318008422852e+00	2.810125112533569336e+00	2.809347629547119141e+00	2.809089899063110352e+00	2.809524059295654297e+00	2.811372041702270508e+00
2.816841363906860352e+00	2.824325561523437500e+00	2.836473703384399414e+00	2.853335142135620117e+00	2.873676538467407227e+00	2.894110918045043945e+00	2.908427476882934570e+00	2.910340547561645508e+00	2.899692058563232422e+00	2.882057428359985352e+00	2.862932443618774414e+00	2.845857620239257812e+00	2.832672595977783203e+00	2.823530912399291992e+00	2.817375898361206055e+00	2.813056945800781250e+00	2.810091495513916016e+00	2.808417558670043945e+00	2.807975053787231445e+00	2.808308362960815430e+00	2.808658838272094727e+00	2.808800220489501953e+00	2.809448003768920898e+00	2.811402320861816406e+00	2.814712524414062500e+00	2.818659305572509766e+00	2.821866273880004883e+00	2.822878122329711914e+00	2.821406364440917969e+00	2.818266391754150391e+00	2.814603090286254883e+00	2.811401367187500000e+00	2.809425592422485352e+00	2.809322118759155273e+00	2.811679363250732422e+00	2.816875934600830078e+00	2.825315237045288086e+00	2.837332963943481445e+00	2.853449344635009766e+00	2.875586986541748047e+00	2.904239177703857422e+00	2.927976608276367188e+00	2.916678428649902344e+00	2.886448621749877930e+00	2.860751628875732422e+00	2.841814517974853516e+00	2.827875375747680664e+00	2.817758321762084961e+00	2.811060428619384766e+00	2.807547569274902344e+00	2.806642055511474609e+00	2.807461738586425781e+00	2.809427499771118164e+00	2.811939954757690430e+00	2.814485549926757812e+00	2.816895246505737305e+00	2.819142580032348633e+00	2.820505619049072266e+00	2.819656610488891602e+00	2.816545724868774414e+00	2.812654018402099609e+00	2.809861660003662109e+00	2.809017658233642578e+00	2.809913396835327148e+00	2.811669826507568359e+00	2.812942981719970703e+00	2.813015222549438477e+00	2.812385559082031250e+00	2.811747074127197266e+00	2.811407804489135742e+00	2.811630964279174805e+00	2.813064575195312500e+00
2.818282127380371094e+00	2.825664043426513672e+00	2.837878465652465820e+00	2.854975938796997070e+00	2.875448703765869141e+00	2.895649194717407227e+00	2.909295797348022461e+00	2.910339355468750000e+00	2.898974180221557617e+00	2.880836963653564453e+00	2.861361980438232422e+00	2.844067096710205078e+00	2.830797910690307617e+00	2.821674823760986328e+00	2.815614700317382812e+00	2.811554908752441406e+00	2.809065818786621094e+00	2.807842493057250977e+00	2.807653903961181641e+00	2.807908535003662109e+00	2.808067321777343750e+00	2.808161258697509766e+00	2.808691501617431641e+00	2.810204267501831055e+00	2.812878131866455078e+00	2.816392660140991211e+00	2.819614171981811523e+00	2.820993423461914062e+00	2.820010662078857422e+00	2.817351341247558594e+00	2.814038038253784180e+00	2.810964107513427734e+00	2.808862209320068359e+00	2.808410882949829102e+00	2.810405254364013672e+00	2.815687656402587891e+00	2.824723958969116211e+00	2.837355613708496094e+00	2.854331731796264648e+00	2.877191305160522461e+00	2.905471324920654297e+00	2.929238796234130859e+00	2.918797969818115234e+00	2.887572050094604492e+00	2.860656738281250000e+00	2.841117143630981445e+00	2.827286720275878906e+00	2.817737817764282227e+00	2.811733484268188477e+00	2.808604717254638672e+00	2.807471990585327148e+00	2.807684421539306641e+00	2.809041023254394531e+00	2.811188459396362305e+00	2.813731431961059570e+00	2.816416263580322266e+00	2.818855285644531250e+00	2.820064544677734375e+00	2.818592786788940430e+00	2.814851999282836914e+00	2.811065912246704102e+00	2.808802843093872070e+00	2.808279275894165039e+00	2.808994293212890625e+00	2.810231685638427734e+00	2.811115741729736328e+00	2.811250686645507812e+00	2.811129331588745117e+00	2.811347007751464844e+00	2.811972856521606445e+00	2.812893867492675781e+00	2.814572811126708984e+00
2.818345546722412109e+00	2.829262971878051758e+00	2.844296216964721680e+00	2.862155437469482422e+00	2.880011558532714844e+00	2.893299102783203125e+00	2.896944999694824219e+00	2.889261245727539062e+00	2.873874902725219727e+00	2.856088161468505859e+00	2.840046644210815430e+00	2.828197717666625977e+00	2.817457675933837891e+00	2.809540987014770508e+00	2.804852962493896484e+00	2.802296638488769531e+00	2.801198482513427734e+00	2.800949096679687500e+00	2.800850152969360352e+00	2.800552368164062500e+00	2.799662828445434570e+00	2.798401832580566406e+00	2.797722339630126953e+00	2.798295974731445312e+00	2.800030469894409180e+00	2.802572250366210938e+00	2.805489778518676758e+00	2.807717800140380859e+00	2.808490037918090820e+00	2.807803153991699219e+00	2.806064605712890625e+00	2.804065704345703125e+00	2.802571535110473633e+00	2.801571846008300781e+00	2.801098108291625977e+00	2.802375793457031250e+00	2.806643486022949219e+00	2.814298391342163086e+00	2.825307369232177734e+00	2.840262413024902344e+00	2.861040592193603516e+00	2.888620138168334961e+00	2.910438537597656250e+00	2.906816244125366211e+00	2.889015197753906250e+00	2.867473602294921875e+00	2.844890594482421875e+00	2.826926469802856445e+00	2.815400362014770508e+00	2.808166742324829102e+00	2.804192066192626953e+00	2.802623748779296875e+00	2.802342891693115234e+00	2.803148508071899414e+00	2.805195569992065430e+00	2.808271884918212891e+00	2.811728239059448242e+00	2.814267158508300781e+00	2.814254999160766602e+00	2.811783075332641602e+00	2.808573246002197266e+00	2.805897951126098633e+00	2.804484367370605469e+00	2.804197549819946289e+00	2.804460525512695312e+00	2.804991483688354492e+00	2.805893421173095703e+00	2.807036876678466797e+00	2.807731389999389648e+00	2.808179140090942383e+00	2.809091567993164062e+00	2.811891555786132812e+00
2.815053701400756836e+00	2.827381372451782227e+00	2.843058586120605469e+00	2.859853744506835938e+00	2.874283552169799805e+00	2.881974697113037109e+00	2.879521608352661133e+00	2.867755413055419922e+00	2.851397991180419922e+00	2.835132598876953125e+00	2.821598052978515625e+00	2.811728477478027344e+00	2.805186748504638672e+00	2.800745964050292969e+00	2.797399520874023438e+00	2.794808149337768555e+00	2.793043136596679688e+00	2.792925596237182617e+00	2.794151067733764648e+00	2.794318437576293945e+00	2.792453527450561523e+00	2.789756059646606445e+00	2.787802457809448242e+00	2.787442922592163086e+00	2.788651466369628906e+00	2.790938615798950195e+00	2.793679714202880859e+00	2.796051502227783203e+00	2.797306537628173828e+00	2.797336816787719727e+00	2.796580076217651367e+00	2.795262098312377930e+00	2.793865919113159180e+00	2.793041706085205078e+00	2.792653322219848633e+00	2.793377637863159180e+00	2.796328783035278320e+00	2.801954984664916992e+00	2.809993028640747070e+00	2.820322751998901367e+00	2.833876371383666992e+00	2.852162361145019531e+00	2.870084047317504883e+00	2.870601177215576172e+00	2.861057281494140625e+00	2.853587150573730469e+00	2.842083930969238281e+00	2.827007293701171875e+00	2.813290834426879883e+00	2.803739309310913086e+00	2.798906803131103516e+00	2.798013687133789062e+00	2.798557281494140625e+00	2.799322605133056641e+00	2.800557374954223633e+00	2.802976369857788086e+00	2.806203842163085938e+00	2.809002637863159180e+00	2.809858322143554688e+00	2.808396100997924805e+00	2.805440425872802734e+00	2.801782846450805664e+00	2.798349857330322266e+00	2.795875072479248047e+00	2.794514179229736328e+00	2.794183492660522461e+00	2.794874668121337891e+00	2.796521663665771484e+00	2.798781633377075195e+00	2.801003217697143555e+00	2.803091764450073242e+00	2.807104587554931641e+00
2.793460607528686523e+00	2.798309087753295898e+00	2.802980184555053711e+00	2.806612491607666016e+00	2.808900117874145508e+00	2.808937549591064453e+00	2.806355714797973633e+00	2.802088737487792969e+00	2.797710657119750977e+00	2.794616937637329102e+00	2.793711185455322266e+00	2.794967174530029297e+00	2.796416521072387695e+00	2.795400142669677734e+00	2.792508840560913086e+00	2.789756536483764648e+00	2.788157939910888672e+00	2.787910699844360352e+00	2.788257360458374023e+00	2.787950038909912109e+00	2.786276340484619141e+00	2.783526182174682617e+00	2.781538724899291992e+00	2.781035423278808594e+00	2.781047821044921875e+00	2.781227827072143555e+00	2.781750917434692383e+00	2.782327890396118164e+00	2.782408952713012695e+00	2.781635284423828125e+00	2.780108451843261719e+00	2.778491020202636719e+00	2.777678012847900391e+00	2.778228998184204102e+00	2.779971361160278320e+00	2.782393693923950195e+00	2.784516811370849609e+00	2.785611391067504883e+00	2.786436796188354492e+00	2.787976264953613281e+00	2.790338277816772461e+00	2.793233633041381836e+00	2.796204090118408203e+00	2.798685312271118164e+00	2.799777030944824219e+00	2.800031661987304688e+00	2.800828695297241211e+00	2.801614284515380859e+00	2.801987171173095703e+00	2.802324056625366211e+00	2.803741216659545898e+00	2.807121038436889648e+00	2.812243700027465820e+00	2.818419456481933594e+00	2.825097560882568359e+00	2.830786943435668945e+00	2.833997488021850586e+00	2.834797620773315430e+00	2.829695701599121094e+00	2.820144176483154297e+00	2.810543060302734375e+00	2.800732374191284180e+00	2.791666746139526367e+00	2.784864425659179688e+00	2.780894041061401367e+00	2.779222965240478516e+00	2.778948545455932617e+00	2.779615402221679688e+00	2.781226634979248047e+00	2.783435583114624023e+00	2.785911560058593750e+00	2.789185523986816406e+00
2.791670083999633789e+00	2.790291309356689453e+00	2.788530588150024414e+00	2.787363529205322266e+00	2.787422418594360352e+00	2.788236379623413086e+00	2.788662195205688477e+00	2.788550376892089844e+00	2.788733005523681641e+00	2.789894819259643555e+00	2.792433500289916992e+00	2.796203851699829102e+00	2.799293041229248047e+00	2.798539876937866211e+00	2.795661449432373047e+00	2.793464183807373047e+00	2.793041944503784180e+00	2.793749332427978516e+00	2.793814182281494141e+00	2.792788982391357422e+00	2.791537523269653320e+00	2.790991783142089844e+00	2.791468143463134766e+00	2.791923522949218750e+00	2.791425466537475586e+00	2.790284872055053711e+00	2.789102554321289062e+00	2.788210868835449219e+00	2.787672996520996094e+00	2.787362098693847656e+00	2.786817312240600586e+00	2.785888195037841797e+00	2.785156488418579102e+00	2.785531044006347656e+00	2.787506818771362305e+00	2.790451526641845703e+00	2.792637586593627930e+00	2.792443990707397461e+00	2.790117502212524414e+00	2.787481307983398438e+00	2.785844802856445312e+00	2.785437345504760742e+00	2.786108493804931641e+00	2.787974119186401367e+00	2.791374921798706055e+00	2.796797037124633789e+00	2.804324626922607422e+00	2.812900066375732422e+00	2.820807695388793945e+00	2.827611207962036133e+00	2.834744453430175781e+00	2.842352628707885742e+00	2.848250627517700195e+00	2.850788354873657227e+00	2.849833488464355469e+00	2.845487833023071289e+00	2.838529586791992188e+00	2.831189632415771484e+00	2.824150562286376953e+00	2.815844058990478516e+00	2.806820154190063477e+00	2.798368215560913086e+00	2.791417598724365234e+00	2.786762952804565430e+00	2.784435272216796875e+00	2.783838987350463867e+00	2.784280776977539062e+00	2.785408496856689453e+00	2.787251949310302734e+00	2.789584159851074219e+00	2.791397333145141602e+00	2.792070865631103516e+00
2.792227983474731445e+00	2.789354562759399414e+00	2.785900831222534180e+00	2.782886028289794922e+00	2.781301736831665039e+00	2.781288862228393555e+00	2.782424688339233398e+00	2.784174680709838867e+00	2.786144733428955078e+00	2.788367033004760742e+00	2.791392803192138672e+00	2.795669078826904297e+00	2.800115346908569336e+00	2.799457550048828125e+00	2.796760320663452148e+00	2.795392274856567383e+00	2.794975519180297852e+00	2.794543266296386719e+00	2.793565273284912109e+00	2.792124986648559570e+00	2.790554046630859375e+00	2.789416074752807617e+00	2.789466857910156250e+00	2.790658712387084961e+00	2.791895151138305664e+00	2.792194366455078125e+00	2.791505098342895508e+00	2.790784835815429688e+00	2.790495395660400391e+00	2.790545225143432617e+00	2.790533781051635742e+00	2.789658546447753906e+00	2.787834882736206055e+00	2.786605596542358398e+00	2.786907672882080078e+00	2.788452625274658203e+00	2.789574623107910156e+00	2.788684606552124023e+00	2.786311626434326172e+00	2.783964633941650391e+00	2.782208681106567383e+00	2.781260251998901367e+00	2.781427621841430664e+00	2.782944917678833008e+00	2.786110877990722656e+00	2.791321039199829102e+00	2.798656225204467773e+00	2.807359933853149414e+00	2.815969705581665039e+00	2.823955297470092773e+00	2.831916809082031250e+00	2.839274883270263672e+00	2.844257831573486328e+00	2.845793724060058594e+00	2.844245672225952148e+00	2.840806007385253906e+00	2.836195468902587891e+00	2.831094980239868164e+00	2.825582504272460938e+00	2.817427396774291992e+00	2.807454109191894531e+00	2.798503160476684570e+00	2.791849851608276367e+00	2.788371324539184570e+00	2.787897586822509766e+00	2.788691520690917969e+00	2.789185523986816406e+00	2.789404630661010742e+00	2.789919853210449219e+00	2.791175365447998047e+00	2.792992115020751953e+00	2.793731212615966797e+00
2.793097496032714844e+00	2.791427135467529297e+00	2.787675619125366211e+00	2.784239292144775391e+00	2.782654285430908203e+00	2.782543659210205078e+00	2.783382177352905273e+00	2.784843206405639648e+00	2.786510229110717773e+00	2.788260936737060547e+00	2.790538072586059570e+00	2.793735504150390625e+00	2.797466516494750977e+00	2.798249483108520508e+00	2.797741651535034180e+00	2.797882080078125000e+00	2.798269033432006836e+00	2.797708988189697266e+00	2.795485496520996094e+00	2.792524814605712891e+00	2.789925098419189453e+00	2.788231611251831055e+00	2.787647008895874023e+00	2.787744045257568359e+00	2.787842512130737305e+00	2.787717819213867188e+00	2.787698745727539062e+00	2.788228034973144531e+00	2.789232730865478516e+00	2.789962768554687500e+00	2.789750337600708008e+00	2.788851737976074219e+00	2.787642478942871094e+00	2.785797595977783203e+00	2.785057783126831055e+00	2.785675764083862305e+00	2.786265611648559570e+00	2.786155700683593750e+00	2.785294294357299805e+00	2.783301115036010742e+00	2.781190156936645508e+00	2.780054330825805664e+00	2.780104398727416992e+00	2.781362533569335938e+00	2.784022331237792969e+00	2.788250446319580078e+00	2.794070720672607422e+00	2.800869703292846680e+00	2.807484149932861328e+00	2.813553094863891602e+00	2.819819927215576172e+00	2.826705217361450195e+00	2.833830118179321289e+00	2.840729475021362305e+00	2.845684051513671875e+00	2.846131563186645508e+00	2.842625617980957031e+00	2.836808443069458008e+00	2.829319000244140625e+00	2.820098876953125000e+00	2.810618877410888672e+00	2.802334070205688477e+00	2.795372962951660156e+00	2.790199995040893555e+00	2.787614822387695312e+00	2.787329435348510742e+00	2.788626432418823242e+00	2.790561199188232422e+00	2.792482852935791016e+00	2.793697595596313477e+00	2.794119119644165039e+00	2.793825387954711914e+00
2.786247730255126953e+00	2.786395311355590820e+00	2.786303281784057617e+00	2.784815073013305664e+00	2.783444643020629883e+00	2.782708644866943359e+00	2.782399177551269531e+00	2.782660007476806641e+00	2.783838510513305664e+00	2.786267995834350586e+00	2.789908885955810547e+00	2.794028520584106445e+00	2.796815872192382812e+00	2.796392440795898438e+00	2.795299053192138672e+00	2.796080112457275391e+00	2.797900915145874023e+00	2.797890186309814453e+00	2.795561790466308594e+00	2.792726039886474609e+00	2.790111064910888672e+00	2.787971258163452148e+00	2.785439014434814453e+00	2.784088134765625000e+00	2.784076690673828125e+00	2.784734725952148438e+00	2.785960674285888672e+00	2.787772417068481445e+00	2.789789915084838867e+00	2.790812492370605469e+00	2.790199279785156250e+00	2.788978099822998047e+00	2.788354635238647461e+00	2.788385629653930664e+00	2.788465976715087891e+00	2.788318157196044922e+00	2.786890983581542969e+00	2.784327030181884766e+00	2.781865835189819336e+00	2.780112504959106445e+00	2.778999328613281250e+00	2.778565883636474609e+00	2.779054880142211914e+00	2.780728101730346680e+00	2.783831834793090820e+00	2.788439035415649414e+00	2.794291496276855469e+00	2.800739526748657227e+00	2.806880950927734375e+00	2.812399864196777344e+00	2.817963123321533203e+00	2.824030637741088867e+00	2.830233097076416016e+00	2.836201906204223633e+00	2.840837955474853516e+00	2.841133356094360352e+00	2.837259054183959961e+00	2.831595182418823242e+00	2.826093196868896484e+00	2.821521520614624023e+00	2.814251422882080078e+00	2.804677486419677734e+00	2.796387910842895508e+00	2.790051937103271484e+00	2.786422252655029297e+00	2.785851478576660156e+00	2.787461042404174805e+00	2.789252042770385742e+00	2.789527416229248047e+00	2.788554906845092773e+00	2.787366390228271484e+00	2.786524057388305664e+00
2.781434297561645508e+00	2.781973123550415039e+00	2.781868457794189453e+00	2.781543970108032227e+00	2.781612634658813477e+00	2.781715393066406250e+00	2.781383275985717773e+00	2.780883789062500000e+00	2.781088352203369141e+00	2.782730579376220703e+00	2.785931825637817383e+00	2.789896726608276367e+00	2.792365312576293945e+00	2.792405366897583008e+00	2.792095422744750977e+00	2.792658805847167969e+00	2.793334007263183594e+00	2.792893171310424805e+00	2.790422201156616211e+00	2.787671089172363281e+00	2.785709142684936523e+00	2.784897089004516602e+00	2.785164356231689453e+00	2.785660266876220703e+00	2.785590887069702148e+00	2.785051584243774414e+00	2.784458875656127930e+00	2.784361362457275391e+00	2.784999608993530273e+00	2.785619735717773438e+00	2.785320758819580078e+00	2.784205675125122070e+00	2.783534049987792969e+00	2.784514427185058594e+00	2.786892414093017578e+00	2.788708448410034180e+00	2.788404464721679688e+00	2.786689519882202148e+00	2.785075426101684570e+00	2.784682512283325195e+00	2.785402297973632812e+00	2.785003900527954102e+00	2.784499645233154297e+00	2.784423589706420898e+00	2.785804510116577148e+00	2.789061307907104492e+00	2.794101715087890625e+00	2.800394535064697266e+00	2.806353092193603516e+00	2.811048269271850586e+00	2.815338373184204102e+00	2.820066928863525391e+00	2.825370311737060547e+00	2.830797910690307617e+00	2.835471868515014648e+00	2.837930440902709961e+00	2.836119413375854492e+00	2.829379081726074219e+00	2.820416450500488281e+00	2.812316894531250000e+00	2.805883407592773438e+00	2.800876140594482422e+00	2.796008110046386719e+00	2.790557384490966797e+00	2.786262035369873047e+00	2.784504890441894531e+00	2.784654378890991211e+00	2.784800052642822266e+00	2.783726453781127930e+00	2.781995296478271484e+00	2.780833244323730469e+00	2.780790090560913086e+00
2.780038118362426758e+00	2.780990600585937500e+00	2.781868696212768555e+00	2.782733201980590820e+00	2.783584356307983398e+00	2.784157752990722656e+00	2.784683942794799805e+00	2.785932064056396484e+00	2.787863731384277344e+00	2.788838386535644531e+00	2.789007663726806641e+00	2.790728330612182617e+00	2.792399883270263672e+00	2.792274475097656250e+00	2.792217254638671875e+00	2.793235778808593750e+00	2.794425725936889648e+00	2.794375181198120117e+00	2.792504787445068359e+00	2.789516210556030273e+00	2.786629676818847656e+00	2.784760475158691406e+00	2.783968210220336914e+00	2.783089876174926758e+00	2.781797647476196289e+00	2.780704975128173828e+00	2.780168771743774414e+00	2.780245780944824219e+00	2.780627727508544922e+00	2.780874729156494141e+00	2.780921459197998047e+00	2.780957221984863281e+00	2.781019926071166992e+00	2.781313896179199219e+00	2.782442569732666016e+00	2.783950805664062500e+00	2.784924983978271484e+00	2.785383701324462891e+00	2.786567449569702148e+00	2.787918090820312500e+00	2.787532329559326172e+00	2.787346601486206055e+00	2.787701129913330078e+00	2.788461685180664062e+00	2.789825439453125000e+00	2.792209386825561523e+00	2.796025991439819336e+00	2.800894737243652344e+00	2.805464744567871094e+00	2.808780670166015625e+00	2.811280488967895508e+00	2.814214468002319336e+00	2.818342924118041992e+00	2.823585510253906250e+00	2.829258203506469727e+00	2.834257602691650391e+00	2.835772752761840820e+00	2.830449104309082031e+00	2.820954799652099609e+00	2.811742782592773438e+00	2.804537296295166016e+00	2.799415349960327148e+00	2.795398473739624023e+00	2.791602134704589844e+00	2.788100004196166992e+00	2.785918712615966797e+00	2.785009622573852539e+00	2.783890247344970703e+00	2.781830310821533203e+00	2.779905080795288086e+00	2.779050111770629883e+00	2.779256105422973633e+00
2.783666610717773438e+00	2.783808469772338867e+00	2.783366918563842773e+00	2.782674789428710938e+00	2.782186269760131836e+00	2.782222747802734375e+00	2.783037900924682617e+00	2.784657716751098633e+00	2.786734342575073242e+00	2.788830757141113281e+00	2.791637659072875977e+00	2.796290636062622070e+00	2.799057960510253906e+00	2.796550750732421875e+00	2.795455694198608398e+00	2.796648979187011719e+00	2.798353433609008789e+00	2.798203706741333008e+00	2.795703649520874023e+00	2.792087554931640625e+00	2.788332939147949219e+00	2.785025358200073242e+00	2.782585620880126953e+00	2.780863046646118164e+00	2.779610872268676758e+00	2.778756141662597656e+00	2.778327465057373047e+00	2.778559207916259766e+00	2.779392004013061523e+00	2.780204772949218750e+00	2.780373334884643555e+00	2.779842376708984375e+00	2.779239892959594727e+00	2.779377937316894531e+00	2.780645847320556641e+00	2.782542467117309570e+00	2.783968448638916016e+00	2.784329891204833984e+00	2.783869028091430664e+00	2.783195257186889648e+00	2.782633543014526367e+00	2.782336473464965820e+00	2.782562255859375000e+00	2.783616065979003906e+00	2.785689592361450195e+00	2.788957834243774414e+00	2.793553352355957031e+00	2.799009561538696289e+00	2.803856611251831055e+00	2.807109117507934570e+00	2.809972286224365234e+00	2.814422845840454102e+00	2.820962190628051758e+00	2.828486204147338867e+00	2.835846424102783203e+00	2.843701839447021484e+00	2.848054409027099609e+00	2.834281682968139648e+00	2.822328805923461914e+00	2.812550067901611328e+00	2.804461956024169922e+00	2.798226833343505859e+00	2.793548345565795898e+00	2.790477991104125977e+00	2.788636684417724609e+00	2.787189245223999023e+00	2.785793781280517578e+00	2.784429788589477539e+00	2.783091068267822266e+00	2.782195568084716797e+00	2.782263755798339844e+00	2.783013343811035156e+00
2.784254550933837891e+00	2.783654451370239258e+00	2.782296419143676758e+00	2.780818223953247070e+00	2.779877901077270508e+00	2.779766798019409180e+00	2.780653238296508789e+00	2.782528400421142578e+00	2.785532474517822266e+00	2.788866281509399414e+00	2.792149543762207031e+00	2.795324563980102539e+00	2.797743082046508789e+00	2.797808170318603516e+00	2.796808242797851562e+00	2.796806573867797852e+00	2.797393560409545898e+00	2.796892404556274414e+00	2.794512748718261719e+00	2.790898799896240234e+00	2.787092924118041992e+00	2.783913373947143555e+00	2.781487703323364258e+00	2.779707431793212891e+00	2.778594255447387695e+00	2.777767658233642578e+00	2.777352333068847656e+00	2.777625083923339844e+00	2.778673887252807617e+00	2.780230760574340820e+00	2.781541824340820312e+00	2.781687736511230469e+00	2.780808925628662109e+00	2.780314445495605469e+00	2.781091213226318359e+00	2.782441139221191406e+00	2.782977342605590820e+00	2.782223224639892578e+00	2.780695438385009766e+00	2.779272794723510742e+00	2.778723478317260742e+00	2.779058933258056641e+00	2.779958248138427734e+00	2.781320571899414062e+00	2.783344268798828125e+00	2.786579370498657227e+00	2.791085481643676758e+00	2.796003341674804688e+00	2.800211668014526367e+00	2.803499460220336914e+00	2.806835412979125977e+00	2.811377525329589844e+00	2.817792892456054688e+00	2.825507879257202148e+00	2.830875635147094727e+00	2.831424951553344727e+00	2.828002214431762695e+00	2.822354555130004883e+00	2.816825389862060547e+00	2.812258005142211914e+00	2.808302640914916992e+00	2.804711341857910156e+00	2.801250457763671875e+00	2.797627925872802734e+00	2.794437646865844727e+00	2.792583227157592773e+00	2.790995597839355469e+00	2.789213180541992188e+00	2.787383794784545898e+00	2.785896778106689453e+00	2.785042524337768555e+00	2.784601688385009766e+00
2.795281887054443359e+00	2.790740728378295898e+00	2.788620471954345703e+00	2.787778854370117188e+00	2.787343025207519531e+00	2.787418365478515625e+00	2.788136959075927734e+00	2.789149045944213867e+00	2.790242910385131836e+00	2.791705131530761719e+00	2.793558597564697266e+00	2.794739723205566406e+00	2.794846057891845703e+00	2.795178413391113281e+00	2.796580553054809570e+00	2.798690557479858398e+00	2.800033092498779297e+00	2.799085378646850586e+00	2.795983552932739258e+00	2.792477369308471680e+00	2.790202379226684570e+00	2.789777994155883789e+00	2.790807247161865234e+00	2.792219877243041992e+00	2.793098449707031250e+00	2.792832136154174805e+00	2.792025327682495117e+00	2.791788816452026367e+00	2.792248010635375977e+00	2.792588949203491211e+00	2.792188644409179688e+00	2.791282892227172852e+00	2.790286779403686523e+00	2.789385080337524414e+00	2.789228439331054688e+00	2.789657831192016602e+00	2.789628267288208008e+00	2.788819789886474609e+00	2.787955522537231445e+00	2.787756443023681641e+00	2.788068294525146484e+00	2.788363933563232422e+00	2.788523912429809570e+00	2.788930654525756836e+00	2.790191411972045898e+00	2.792988777160644531e+00	2.797673463821411133e+00	2.804194450378417969e+00	2.812218189239501953e+00	2.821081876754760742e+00	2.827963352203369141e+00	2.829417943954467773e+00	2.827957391738891602e+00	2.826881408691406250e+00	2.826326847076416016e+00	2.824790954589843750e+00	2.821534633636474609e+00	2.817466735839843750e+00	2.814068794250488281e+00	2.811931133270263672e+00	2.810073137283325195e+00	2.806772708892822266e+00	2.802660703659057617e+00	2.800234556198120117e+00	2.801143884658813477e+00	2.805383443832397461e+00	2.811017513275146484e+00	2.816803455352783203e+00	2.822562217712402344e+00	2.824933767318725586e+00	2.815730571746826172e+00	2.803485870361328125e+00
2.797326803207397461e+00	2.791225910186767578e+00	2.789198398590087891e+00	2.790005922317504883e+00	2.791969537734985352e+00	2.793565273284912109e+00	2.794347047805786133e+00	2.794502496719360352e+00	2.794508218765258789e+00	2.794723987579345703e+00	2.795091152191162109e+00	2.795325756072998047e+00	2.795387983322143555e+00	2.795721054077148438e+00	2.796897411346435547e+00	2.798671007156372070e+00	2.799515008926391602e+00	2.797993183135986328e+00	2.794363975524902344e+00	2.790554046630859375e+00	2.788614988327026367e+00	2.789814233779907227e+00	2.793945312500000000e+00	2.798550605773925781e+00	2.802166461944580078e+00	2.803404331207275391e+00	2.802469253540039062e+00	2.801007986068725586e+00	2.799629449844360352e+00	2.798076868057250977e+00	2.796039342880249023e+00	2.793524026870727539e+00	2.791071414947509766e+00	2.789359331130981445e+00	2.788831472396850586e+00	2.789649248123168945e+00	2.790970563888549805e+00	2.791518688201904297e+00	2.791502714157104492e+00	2.791831970214843750e+00	2.792959213256835938e+00	2.794278144836425781e+00	2.793956518173217773e+00	2.792584419250488281e+00	2.792049646377563477e+00	2.793509006500244141e+00	2.797502994537353516e+00	2.804152011871337891e+00	2.813282489776611328e+00	2.823337316513061523e+00	2.830004930496215820e+00	2.829488277435302734e+00	2.824820041656494141e+00	2.820678472518920898e+00	2.817681074142456055e+00	2.814614295959472656e+00	2.811107397079467773e+00	2.807499647140502930e+00	2.803991317749023438e+00	2.800435543060302734e+00	2.796421051025390625e+00	2.791930198669433594e+00	2.788331747055053711e+00	2.787851572036743164e+00	2.792009353637695312e+00	2.801004648208618164e+00	2.813240051269531250e+00	2.826038122177124023e+00	2.835801601409912109e+00	2.835834503173828125e+00	2.823541879653930664e+00	2.808274984359741211e+00
2.794619083404541016e+00	2.787678003311157227e+00	2.784809589385986328e+00	2.784937143325805664e+00	2.786710739135742188e+00	2.788709163665771484e+00	2.789960384368896484e+00	2.790306568145751953e+00	2.790199041366577148e+00	2.790066957473754883e+00	2.790031671524047852e+00	2.790017604827880859e+00	2.790031433105468750e+00	2.790402889251708984e+00	2.791588306427001953e+00	2.793661594390869141e+00	2.796132564544677734e+00	2.798252820968627930e+00	2.799403667449951172e+00	2.799612045288085938e+00	2.800227403640747070e+00	2.803069353103637695e+00	2.808713197708129883e+00	2.816199541091918945e+00	2.823466062545776367e+00	2.827845573425292969e+00	2.829581499099731445e+00	2.830437898635864258e+00	2.830315589904785156e+00	2.828294992446899414e+00	2.823482036590576172e+00	2.816118001937866211e+00	2.808258056640625000e+00	2.802048444747924805e+00	2.798437595367431641e+00	2.797073841094970703e+00	2.796098709106445312e+00	2.794335842132568359e+00	2.792628288269042969e+00	2.791538476943969727e+00	2.790856599807739258e+00	2.790101289749145508e+00	2.788846015930175781e+00	2.787131071090698242e+00	2.785673856735229492e+00	2.785752296447753906e+00	2.788632154464721680e+00	2.794890165328979492e+00	2.804099559783935547e+00	2.813422203063964844e+00	2.818056583404541016e+00	2.816016674041748047e+00	2.810597419738769531e+00	2.805851221084594727e+00	2.803048610687255859e+00	2.801556587219238281e+00	2.801141738891601562e+00	2.801724433898925781e+00	2.802322626113891602e+00	2.801602840423583984e+00	2.798549652099609375e+00	2.793518543243408203e+00	2.788803815841674805e+00	2.786821126937866211e+00	2.789175748825073242e+00	2.796685218811035156e+00	2.808812141418457031e+00	2.822507619857788086e+00	2.832243204116821289e+00	2.832060813903808594e+00	2.820869207382202148e+00	2.806185722351074219e+00
2.794754028320312500e+00	2.788968324661254883e+00	2.786276817321777344e+00	2.786184072494506836e+00	2.787641525268554688e+00	2.789407968521118164e+00	2.790512323379516602e+00	2.790604114532470703e+00	2.790017843246459961e+00	2.789338350296020508e+00	2.788990736007690430e+00	2.789033412933349609e+00	2.789192438125610352e+00	2.789649009704589844e+00	2.790960788726806641e+00	2.793069124221801758e+00	2.795583248138427734e+00	2.797868728637695312e+00	2.799271106719970703e+00	2.799868583679199219e+00	2.800847053527832031e+00	2.803862094879150391e+00	2.809549331665039062e+00	2.816638469696044922e+00	2.822756052017211914e+00	2.826523065567016602e+00	2.828804969787597656e+00	2.830975055694580078e+00	2.832818031311035156e+00	2.831915616989135742e+00	2.827873706817626953e+00	2.820957422256469727e+00	2.812492609024047852e+00	2.805094718933105469e+00	2.800275802612304688e+00	2.797841787338256836e+00	2.796028852462768555e+00	2.793917655944824219e+00	2.792165994644165039e+00	2.791060686111450195e+00	2.790421485900878906e+00	2.789772272109985352e+00	2.788689613342285156e+00	2.787447452545166016e+00	2.786783933639526367e+00	2.787800788879394531e+00	2.791626691818237305e+00	2.798818588256835938e+00	2.808712959289550781e+00	2.818210601806640625e+00	2.822438001632690430e+00	2.820067405700683594e+00	2.814558744430541992e+00	2.809785366058349609e+00	2.806924581527709961e+00	2.805456161499023438e+00	2.804765462875366211e+00	2.804636001586914062e+00	2.804584741592407227e+00	2.803557872772216797e+00	2.800695657730102539e+00	2.795897483825683594e+00	2.790353059768676758e+00	2.787504434585571289e+00	2.789595127105712891e+00	2.797184705734252930e+00	2.809159755706787109e+00	2.822964429855346680e+00	2.831355810165405273e+00	2.827425718307495117e+00	2.815722942352294922e+00	2.803818225860595703e+00
2.793101310729980469e+00	2.788592815399169922e+00	2.786440134048461914e+00	2.784378290176391602e+00	2.782735586166381836e+00	2.782392501831054688e+00	2.782657384872436523e+00	2.783166408538818359e+00	2.784109592437744141e+00	2.785757303237915039e+00	2.787923812866210938e+00	2.790021896362304688e+00	2.791624546051025391e+00	2.792797565460205078e+00	2.794212341308593750e+00	2.796563863754272461e+00	2.799781799316406250e+00	2.802903413772583008e+00	2.804558277130126953e+00	2.803874731063842773e+00	2.802125215530395508e+00	2.801940441131591797e+00	2.803069591522216797e+00	2.804392099380493164e+00	2.805977344512939453e+00	2.806732892990112305e+00	2.806669235229492188e+00	2.806535482406616211e+00	2.806401729583740234e+00	2.805644512176513672e+00	2.804046630859375000e+00	2.801972150802612305e+00	2.799666166305541992e+00	2.797627687454223633e+00	2.796397686004638672e+00	2.795617818832397461e+00	2.793811798095703125e+00	2.790486097335815430e+00	2.787159681320190430e+00	2.784883499145507812e+00	2.783667325973510742e+00	2.782778024673461914e+00	2.781886816024780273e+00	2.781856298446655273e+00	2.783416986465454102e+00	2.787163496017456055e+00	2.793410301208496094e+00	2.802008867263793945e+00	2.812224149703979492e+00	2.822452068328857422e+00	2.829599857330322266e+00	2.831004619598388672e+00	2.829768180847167969e+00	2.828147172927856445e+00	2.825093030929565430e+00	2.820560216903686523e+00	2.815792322158813477e+00	2.811952829360961914e+00	2.809334278106689453e+00	2.807103157043457031e+00	2.803572654724121094e+00	2.798279762268066406e+00	2.793206214904785156e+00	2.790796756744384766e+00	2.792508125305175781e+00	2.798490762710571289e+00	2.808309316635131836e+00	2.820018291473388672e+00	2.827462911605834961e+00	2.823376417160034180e+00	2.811783075332641602e+00	2.800765991210937500e+00
2.789850950241088867e+00	2.785593271255493164e+00	2.784162998199462891e+00	2.783028364181518555e+00	2.781834602355957031e+00	2.781359910964965820e+00	2.781426906585693359e+00	2.781872034072875977e+00	2.782878637313842773e+00	2.784437656402587891e+00	2.786150455474853516e+00	2.787665367126464844e+00	2.788578987121582031e+00	2.789001941680908203e+00	2.790111064910888672e+00	2.792502641677856445e+00	2.795469522476196289e+00	2.798581600189208984e+00	2.801560878753662109e+00	2.803527355194091797e+00	2.804930686950683594e+00	2.807164192199707031e+00	2.810989141464233398e+00	2.815719842910766602e+00	2.819944143295288086e+00	2.822571039199829102e+00	2.824544668197631836e+00	2.825951576232910156e+00	2.826181411743164062e+00	2.824845075607299805e+00	2.822157144546508789e+00	2.818298816680908203e+00	2.813420295715332031e+00	2.807729721069335938e+00	2.802630901336669922e+00	2.799224138259887695e+00	2.796473979949951172e+00	2.793332338333129883e+00	2.790784835815429688e+00	2.789511680603027344e+00	2.788931846618652344e+00	2.787891626358032227e+00	2.786621570587158203e+00	2.785725355148315430e+00	2.785612821578979492e+00	2.787087917327880859e+00	2.790962696075439453e+00	2.797523498535156250e+00	2.806515455245971680e+00	2.816836833953857422e+00	2.825571298599243164e+00	2.828866958618164062e+00	2.826600313186645508e+00	2.821977376937866211e+00	2.816830873489379883e+00	2.812329769134521484e+00	2.808920621871948242e+00	2.806406974792480469e+00	2.804443597793579102e+00	2.802030324935913086e+00	2.797329902648925781e+00	2.792305231094360352e+00	2.789185285568237305e+00	2.789305925369262695e+00	2.793507814407348633e+00	2.801515579223632812e+00	2.812054395675659180e+00	2.823935270309448242e+00	2.831819772720336914e+00	2.825743913650512695e+00	2.810691833496093750e+00	2.798116922378540039e+00
2.789621353149414062e+00	2.785578966140747070e+00	2.785796403884887695e+00	2.783051490783691406e+00	2.779356002807617188e+00	2.778390884399414062e+00	2.778765678405761719e+00	2.780012845993041992e+00	2.782104492187500000e+00	2.784822463989257812e+00	2.787344455718994141e+00	2.788517475128173828e+00	2.788506746292114258e+00	2.788324356079101562e+00	2.788879632949829102e+00	2.790557622909545898e+00	2.792459964752197266e+00	2.794240474700927734e+00	2.796956062316894531e+00	2.800434827804565430e+00	2.803980112075805664e+00	2.806585788726806641e+00	2.809443473815917969e+00	2.813710689544677734e+00	2.818333864212036133e+00	2.822733640670776367e+00	2.826765060424804688e+00	2.829684495925903320e+00	2.830437421798706055e+00	2.828511476516723633e+00	2.824507236480712891e+00	2.818676233291625977e+00	2.812196493148803711e+00	2.806246757507324219e+00	2.801815748214721680e+00	2.799336910247802734e+00	2.797378540039062500e+00	2.794463157653808594e+00	2.791212558746337891e+00	2.788468837738037109e+00	2.786372423171997070e+00	2.784583330154418945e+00	2.782860517501831055e+00	2.781721115112304688e+00	2.781771421432495117e+00	2.783438920974731445e+00	2.786608457565307617e+00	2.791328668594360352e+00	2.798128604888916016e+00	2.806478023529052734e+00	2.813862085342407227e+00	2.816745758056640625e+00	2.814976215362548828e+00	2.811153411865234375e+00	2.807015895843505859e+00	2.803590297698974609e+00	2.801446676254272461e+00	2.800409317016601562e+00	2.799830436706542969e+00	2.798620700836181641e+00	2.796313524246215820e+00	2.793820381164550781e+00	2.792171955108642578e+00	2.792321920394897461e+00	2.794345378875732422e+00	2.798722743988037109e+00	2.806210517883300781e+00	2.815496921539306641e+00	2.822730541229248047e+00	2.819459199905395508e+00	2.806607723236083984e+00	2.796621322631835938e+00
2.785624504089355469e+00	2.782153606414794922e+00	2.779968976974487305e+00	2.778371810913085938e+00	2.776936769485473633e+00	2.775930643081665039e+00	2.775864362716674805e+00	2.777365684509277344e+00	2.780295848846435547e+00	2.784012079238891602e+00	2.786793708801269531e+00	2.785972595214843750e+00	2.785553932189941406e+00	2.786864519119262695e+00	2.789649486541748047e+00	2.793383121490478516e+00	2.797424316406250000e+00	2.800944089889526367e+00	2.803020000457763672e+00	2.802903890609741211e+00	2.801261901855468750e+00	2.799897670745849609e+00	2.800366640090942383e+00	2.802383422851562500e+00	2.804478883743286133e+00	2.806003808975219727e+00	2.807326078414916992e+00	2.808493614196777344e+00	2.809001207351684570e+00	2.808132410049438477e+00	2.805447816848754883e+00	2.801122188568115234e+00	2.796339511871337891e+00	2.792473554611206055e+00	2.790266036987304688e+00	2.789595365524291992e+00	2.789551019668579102e+00	2.789365768432617188e+00	2.788753271102905273e+00	2.787199974060058594e+00	2.784268856048583984e+00	2.781343936920166016e+00	2.779545783996582031e+00	2.778989076614379883e+00	2.779584646224975586e+00	2.781231403350830078e+00	2.784229040145874023e+00	2.789083719253540039e+00	2.795298576354980469e+00	2.802192687988281250e+00	2.807894468307495117e+00	2.810302019119262695e+00	2.809561967849731445e+00	2.808382034301757812e+00	2.807420492172241211e+00	2.806000709533691406e+00	2.804393291473388672e+00	2.802595376968383789e+00	2.799690246582031250e+00	2.796492338180541992e+00	2.793649196624755859e+00	2.791789293289184570e+00	2.792587041854858398e+00	2.793104171752929688e+00	2.793286800384521484e+00	2.798008680343627930e+00	2.806072950363159180e+00	2.814305543899536133e+00	2.817580699920654297e+00	2.810764789581298828e+00	2.798969030380249023e+00	2.790757894515991211e+00
2.779315710067749023e+00	2.779460430145263672e+00	2.778816461563110352e+00	2.777175664901733398e+00	2.776314735412597656e+00	2.775575876235961914e+00	2.774501323699951172e+00	2.773725509643554688e+00	2.773514747619628906e+00	2.773830890655517578e+00	2.774866104125976562e+00	2.777065515518188477e+00	2.780340909957885742e+00	2.784093379974365234e+00	2.787599325180053711e+00	2.790752410888671875e+00	2.793992757797241211e+00	2.797111749649047852e+00	2.798347473144531250e+00	2.795769691467285156e+00	2.790778636932373047e+00	2.785857915878295898e+00	2.783370733261108398e+00	2.781970739364624023e+00	2.780947923660278320e+00	2.780461788177490234e+00	2.780044794082641602e+00	2.779798984527587891e+00	2.779675960540771484e+00	2.779048681259155273e+00	2.777601480484008789e+00	2.776045322418212891e+00	2.775461673736572266e+00	2.776463270187377930e+00	2.778880119323730469e+00	2.781956911087036133e+00	2.784548997879028320e+00	2.785582542419433594e+00	2.783939361572265625e+00	2.779773712158203125e+00	2.775467157363891602e+00	2.773200988769531250e+00	2.772695302963256836e+00	2.773540258407592773e+00	2.775575160980224609e+00	2.778774738311767578e+00	2.783035516738891602e+00	2.787441253662109375e+00	2.790762662887573242e+00	2.794284582138061523e+00	2.798095703125000000e+00	2.801072597503662109e+00	2.805063724517822266e+00	2.809824943542480469e+00	2.813649415969848633e+00	2.815361261367797852e+00	2.815524578094482422e+00	2.814947128295898438e+00	2.811336040496826172e+00	2.804126977920532227e+00	2.796339273452758789e+00	2.789148807525634766e+00	2.782971620559692383e+00	2.778650999069213867e+00	2.776551485061645508e+00	2.776454210281372070e+00	2.777454853057861328e+00	2.778689622879028320e+00	2.779274225234985352e+00	2.778987646102905273e+00	2.778804540634155273e+00	2.779050588607788086e+00
2.788292169570922852e+00	2.788997173309326172e+00	2.789829730987548828e+00	2.786781311035156250e+00	2.782814502716064453e+00	2.780170917510986328e+00	2.778672456741333008e+00	2.777962207794189453e+00	2.777977705001831055e+00	2.778928041458129883e+00	2.780776977539062500e+00	2.783257007598876953e+00	2.786821126937866211e+00	2.791880369186401367e+00	2.798703670501708984e+00	2.807439804077148438e+00	2.817104339599609375e+00	2.826264142990112305e+00	2.829962968826293945e+00	2.823385715484619141e+00	2.811534643173217773e+00	2.800614595413208008e+00	2.792725086212158203e+00	2.788222789764404297e+00	2.786286830902099609e+00	2.785488843917846680e+00	2.785356283187866211e+00	2.785767078399658203e+00	2.786524534225463867e+00	2.786981821060180664e+00	2.786664724349975586e+00	2.785895824432373047e+00	2.783503770828247070e+00	2.780831336975097656e+00	2.781013965606689453e+00	2.783371210098266602e+00	2.785485029220581055e+00	2.785667657852172852e+00	2.784633874893188477e+00	2.782809495925903320e+00	2.780003309249877930e+00	2.777359247207641602e+00	2.775737762451171875e+00	2.775582075119018555e+00	2.777024984359741211e+00	2.780148983001708984e+00	2.784691095352172852e+00	2.789439439773559570e+00	2.793848752975463867e+00	2.799484014511108398e+00	2.807323932647705078e+00	2.818051099777221680e+00	2.832176685333251953e+00	2.847261190414428711e+00	2.855656147003173828e+00	2.852318048477172852e+00	2.842717885971069336e+00	2.832832813262939453e+00	2.823015451431274414e+00	2.812510013580322266e+00	2.802588462829589844e+00	2.793176174163818359e+00	2.784990072250366211e+00	2.779736042022705078e+00	2.777739048004150391e+00	2.778476715087890625e+00	2.780641794204711914e+00	2.782875061035156250e+00	2.784497261047363281e+00	2.785515308380126953e+00	2.786411285400390625e+00	2.787453174591064453e+00
2.787142992019653320e+00	2.785960674285888672e+00	2.784024953842163086e+00	2.781879186630249023e+00	2.780052423477172852e+00	2.778866291046142578e+00	2.778513431549072266e+00	2.779006719589233398e+00	2.780029296875000000e+00	2.781069755554199219e+00	2.782203435897827148e+00	2.784024477005004883e+00	2.786988496780395508e+00	2.791634798049926758e+00	2.798245906829833984e+00	2.806927919387817383e+00	2.817123174667358398e+00	2.826403856277465820e+00	2.829532146453857422e+00	2.822533369064331055e+00	2.809967041015625000e+00	2.798928976058959961e+00	2.792239427566528320e+00	2.789311647415161133e+00	2.788007736206054688e+00	2.787006616592407227e+00	2.786566495895385742e+00	2.786872148513793945e+00	2.787324905395507812e+00	2.786865234375000000e+00	2.785382986068725586e+00	2.783598661422729492e+00	2.782081604003906250e+00	2.781387090682983398e+00	2.782229423522949219e+00	2.783936500549316406e+00	2.785030364990234375e+00	2.784880161285400391e+00	2.783977508544921875e+00	2.782835245132446289e+00	2.781529188156127930e+00	2.780464887619018555e+00	2.780560731887817383e+00	2.780996799468994141e+00	2.781391859054565430e+00	2.783283233642578125e+00	2.786828994750976562e+00	2.791305065155029297e+00	2.796301126480102539e+00	2.802199363708496094e+00	2.809907674789428711e+00	2.820994377136230469e+00	2.836675405502319336e+00	2.852954149246215820e+00	2.859589815139770508e+00	2.853206634521484375e+00	2.839991092681884766e+00	2.826698064804077148e+00	2.815667152404785156e+00	2.805348634719848633e+00	2.796047210693359375e+00	2.788776397705078125e+00	2.784024000167846680e+00	2.781213998794555664e+00	2.779882669448852539e+00	2.780522346496582031e+00	2.782570600509643555e+00	2.784584283828735352e+00	2.785601377487182617e+00	2.786068439483642578e+00	2.786695003509521484e+00	2.787285327911376953e+00
2.787649154663085938e+00	2.786283969879150391e+00	2.784401416778564453e+00	2.782521963119506836e+00	2.781039714813232422e+00	2.780064344406127930e+00	2.779550075531005859e+00	2.779381275177001953e+00	2.779303073883056641e+00	2.779597282409667969e+00	2.780980587005615234e+00	2.783727407455444336e+00	2.787393569946289062e+00	2.791310310363769531e+00	2.796139240264892578e+00	2.802827119827270508e+00	2.811060667037963867e+00	2.818303823471069336e+00	2.820125102996826172e+00	2.814278125762939453e+00	2.804890632629394531e+00	2.797013998031616211e+00	2.792330503463745117e+00	2.790404319763183594e+00	2.789860963821411133e+00	2.788146734237670898e+00	2.785876035690307617e+00	2.785175561904907227e+00	2.785955905914306641e+00	2.786678552627563477e+00	2.786299705505371094e+00	2.785078525543212891e+00	2.783821821212768555e+00	2.783676147460937500e+00	2.785034418106079102e+00	2.786841630935668945e+00	2.786837100982666016e+00	2.784705162048339844e+00	2.782331943511962891e+00	2.780261516571044922e+00	2.778655290603637695e+00	2.777834653854370117e+00	2.777333498001098633e+00	2.776465415954589844e+00	2.776773452758789062e+00	2.778748750686645508e+00	2.782141447067260742e+00	2.786785125732421875e+00	2.792279720306396484e+00	2.798308849334716797e+00	2.805061101913452148e+00	2.813992261886596680e+00	2.827201128005981445e+00	2.843191146850585938e+00	2.851575136184692383e+00	2.844515085220336914e+00	2.831192493438720703e+00	2.818495750427246094e+00	2.808019638061523438e+00	2.799717903137207031e+00	2.793093681335449219e+00	2.787757396697998047e+00	2.783736467361450195e+00	2.781387090682983398e+00	2.780998468399047852e+00	2.782455921173095703e+00	2.784964561462402344e+00	2.787274122238159180e+00	2.788527488708496094e+00	2.788979530334472656e+00	2.788847684860229492e+00	2.788388729095458984e+00
2.789052248001098633e+00	2.788316011428833008e+00	2.786959648132324219e+00	2.785645723342895508e+00	2.784770488739013672e+00	2.784493923187255859e+00	2.784950971603393555e+00	2.785027742385864258e+00	2.784125804901123047e+00	2.783872127532958984e+00	2.785264492034912109e+00	2.787954092025756836e+00	2.791186094284057617e+00	2.794474124908447266e+00	2.798673868179321289e+00	2.804873704910278320e+00	2.812986612319946289e+00	2.820168733596801758e+00	2.821243524551391602e+00	2.814313888549804688e+00	2.804026603698730469e+00	2.795333623886108398e+00	2.789979696273803711e+00	2.787330865859985352e+00	2.785554170608520508e+00	2.784149169921875000e+00	2.783608675003051758e+00	2.783852815628051758e+00	2.783931732177734375e+00	2.783031702041625977e+00	2.781979560852050781e+00	2.781488656997680664e+00	2.781545400619506836e+00	2.782580375671386719e+00	2.784686088562011719e+00	2.786739587783813477e+00	2.787523746490478516e+00	2.786764621734619141e+00	2.784900665283203125e+00	2.782804727554321289e+00	2.780892133712768555e+00	2.779033899307250977e+00	2.777491331100463867e+00	2.776873111724853516e+00	2.777613401412963867e+00	2.779802560806274414e+00	2.783272504806518555e+00	2.787507534027099609e+00	2.791783571243286133e+00	2.796133995056152344e+00	2.801586151123046875e+00	2.809338092803955078e+00	2.820264816284179688e+00	2.832871913909912109e+00	2.840214967727661133e+00	2.835819721221923828e+00	2.824717998504638672e+00	2.813962936401367188e+00	2.805546045303344727e+00	2.798911571502685547e+00	2.793405055999755859e+00	2.788793087005615234e+00	2.785021543502807617e+00	2.782278060913085938e+00	2.781349658966064453e+00	2.782268285751342773e+00	2.784481525421142578e+00	2.787251234054565430e+00	2.789276361465454102e+00	2.789660930633544922e+00	2.789271593093872070e+00	2.789114713668823242e+00
2.792861461639404297e+00	2.791865348815917969e+00	2.790366888046264648e+00	2.788898229598999023e+00	2.787903308868408203e+00	2.787335872650146484e+00	2.786951065063476562e+00	2.786915063858032227e+00	2.786988735198974609e+00	2.786626100540161133e+00	2.787040233612060547e+00	2.788909912109375000e+00	2.791563987731933594e+00	2.794687747955322266e+00	2.798904418945312500e+00	2.805230379104614258e+00	2.813826799392700195e+00	2.821880817413330078e+00	2.823800325393676758e+00	2.817046880722045898e+00	2.806200265884399414e+00	2.796580553054809570e+00	2.790122032165527344e+00	2.786570787429809570e+00	2.784661531448364258e+00	2.783399343490600586e+00	2.782745599746704102e+00	2.782350540161132812e+00	2.781647920608520508e+00	2.780552387237548828e+00	2.779355049133300781e+00	2.778536319732666016e+00	2.778532266616821289e+00	2.779455423355102539e+00	2.781059265136718750e+00	2.782480239868164062e+00	2.782965898513793945e+00	2.782387733459472656e+00	2.781231164932250977e+00	2.780159473419189453e+00	2.779451131820678711e+00	2.778855562210083008e+00	2.778106451034545898e+00	2.777550220489501953e+00	2.777840375900268555e+00	2.779550790786743164e+00	2.782806158065795898e+00	2.787043333053588867e+00	2.791566610336303711e+00	2.796241521835327148e+00	2.801709890365600586e+00	2.809026241302490234e+00	2.818921566009521484e+00	2.830070734024047852e+00	2.837185859680175781e+00	2.834110736846923828e+00	2.823318481445312500e+00	2.812263250350952148e+00	2.803396224975585938e+00	2.795999765396118164e+00	2.790040969848632812e+00	2.786121606826782227e+00	2.784456729888916016e+00	2.783559560775756836e+00	2.782958030700683594e+00	2.783586978912353516e+00	2.784988880157470703e+00	2.786855697631835938e+00	2.789027690887451172e+00	2.791071414947509766e+00	2.792438030242919922e+00	2.793054342269897461e+00
2.785668373107910156e+00	2.785567998886108398e+00	2.785190582275390625e+00	2.784360170364379883e+00	2.783093690872192383e+00	2.781692028045654297e+00	2.780278921127319336e+00	2.779222011566162109e+00	2.778948068618774414e+00	2.779744863510131836e+00	2.782099008560180664e+00	2.786243915557861328e+00	2.791412115097045898e+00	2.796068668365478516e+00	2.799469232559204102e+00	2.803328752517700195e+00	2.809056043624877930e+00	2.814500093460083008e+00	2.815450906753540039e+00	2.810582160949707031e+00	2.802362918853759766e+00	2.793939590454101562e+00	2.787181377410888672e+00	2.782553911209106445e+00	2.779689550399780273e+00	2.778596639633178711e+00	2.779210567474365234e+00	2.780500650405883789e+00	2.781122446060180664e+00	2.780800342559814453e+00	2.779613971710205078e+00	2.778526544570922852e+00	2.778496026992797852e+00	2.779665231704711914e+00	2.781456708908081055e+00	2.783178567886352539e+00	2.783962488174438477e+00	2.783443689346313477e+00	2.782428741455078125e+00	2.780932426452636719e+00	2.778296947479248047e+00	2.775273799896240234e+00	2.773297309875488281e+00	2.773017644882202148e+00	2.774323940277099609e+00	2.777170419692993164e+00	2.781253099441528320e+00	2.785704612731933594e+00	2.789666175842285156e+00	2.793191432952880859e+00	2.797239780426025391e+00	2.802850961685180664e+00	2.810653448104858398e+00	2.820198535919189453e+00	2.828148603439331055e+00	2.828472375869750977e+00	2.820068359375000000e+00	2.808699846267700195e+00	2.799184083938598633e+00	2.791917800903320312e+00	2.786090612411499023e+00	2.781626701354980469e+00	2.779057741165161133e+00	2.778597354888916016e+00	2.779824972152709961e+00	2.781951189041137695e+00	2.784197807312011719e+00	2.786062002182006836e+00	2.787079095840454102e+00	2.787003517150878906e+00	2.786303043365478516e+00	2.785777091979980469e+00
2.784461259841918945e+00	2.784150600433349609e+00	2.783325672149658203e+00	2.781683444976806641e+00	2.779354572296142578e+00	2.777323722839355469e+00	2.776026010513305664e+00	2.775067806243896484e+00	2.774476289749145508e+00	2.774871110916137695e+00	2.776381731033325195e+00	2.778822660446166992e+00	2.782198905944824219e+00	2.785838842391967773e+00	2.789169788360595703e+00	2.792840003967285156e+00	2.797234296798706055e+00	2.801569700241088867e+00	2.803838491439819336e+00	2.801872730255126953e+00	2.796573877334594727e+00	2.790417432785034180e+00	2.785189867019653320e+00	2.781690597534179688e+00	2.779548883438110352e+00	2.778177499771118164e+00	2.777751207351684570e+00	2.778055906295776367e+00	2.778524160385131836e+00	2.779002428054809570e+00	2.779531955718994141e+00	2.780281543731689453e+00	2.781244039535522461e+00	2.781755447387695312e+00	2.782104015350341797e+00	2.782617330551147461e+00	2.782815933227539062e+00	2.782718658447265625e+00	2.782938718795776367e+00	2.781964302062988281e+00	2.779136896133422852e+00	2.776239156723022461e+00	2.774279117584228516e+00	2.773767232894897461e+00	2.774961948394775391e+00	2.777699470520019531e+00	2.781304836273193359e+00	2.784940242767333984e+00	2.788043498992919922e+00	2.790755033493041992e+00	2.793640851974487305e+00	2.797016143798828125e+00	2.800526142120361328e+00	2.803184509277343750e+00	2.803899526596069336e+00	2.803151130676269531e+00	2.802498817443847656e+00	2.801247358322143555e+00	2.797736167907714844e+00	2.791807174682617188e+00	2.786673307418823242e+00	2.783137559890747070e+00	2.781431913375854492e+00	2.781412601470947266e+00	2.782575845718383789e+00	2.784193754196166992e+00	2.785615921020507812e+00	2.786410570144653320e+00	2.786427736282348633e+00	2.785871267318725586e+00	2.785198688507080078e+00	2.784713983535766602e+00
2.785102605819702148e+00	2.783871173858642578e+00	2.782058954238891602e+00	2.780062437057495117e+00	2.778040647506713867e+00	2.776560306549072266e+00	2.776191473007202148e+00	2.776916027069091797e+00	2.778300762176513672e+00	2.780021667480468750e+00	2.781751155853271484e+00	2.784204959869384766e+00	2.788093805313110352e+00	2.792668819427490234e+00	2.797465324401855469e+00	2.804047822952270508e+00	2.812516689300537109e+00	2.820525646209716797e+00	2.823669433593750000e+00	2.819185018539428711e+00	2.809752225875854492e+00	2.799716234207153320e+00	2.791793584823608398e+00	2.787290573120117188e+00	2.785507202148437500e+00	2.785045146942138672e+00	2.785151004791259766e+00	2.785342931747436523e+00	2.785159349441528320e+00	2.784626960754394531e+00	2.784153223037719727e+00	2.783888101577758789e+00	2.784160614013671875e+00	2.785175800323486328e+00	2.786832809448242188e+00	2.787985801696777344e+00	2.788434982299804688e+00	2.788487434387207031e+00	2.787214756011962891e+00	2.784531116485595703e+00	2.782036066055297852e+00	2.780453920364379883e+00	2.780218124389648438e+00	2.781376123428344727e+00	2.781277894973754883e+00	2.781905889511108398e+00	2.784431219100952148e+00	2.788030862808227539e+00	2.792221069335937500e+00	2.797158002853393555e+00	2.803335428237915039e+00	2.811154842376708984e+00	2.820332288742065430e+00	2.829311370849609375e+00	2.834425926208496094e+00	2.832346677780151367e+00	2.825967073440551758e+00	2.819350719451904297e+00	2.812291145324707031e+00	2.805002689361572266e+00	2.798538208007812500e+00	2.793285608291625977e+00	2.788748741149902344e+00	2.784680128097534180e+00	2.782939434051513672e+00	2.783233404159545898e+00	2.784337759017944336e+00	2.785285949707031250e+00	2.785700082778930664e+00	2.785754919052124023e+00	2.785735845565795898e+00	2.785625696182250977e+00
2.788526773452758789e+00	2.786541461944580078e+00	2.784003734588623047e+00	2.781688928604125977e+00	2.779824972152709961e+00	2.778454303741455078e+00	2.777621507644653320e+00	2.777300834655761719e+00	2.777456283569335938e+00	2.778143405914306641e+00	2.779184818267822266e+00	2.780911684036254883e+00	2.784634351730346680e+00	2.791015625000000000e+00	2.799853086471557617e+00	2.809956550598144531e+00	2.819216728210449219e+00	2.825336933135986328e+00	2.825648784637451172e+00	2.818990230560302734e+00	2.808962821960449219e+00	2.800050497055053711e+00	2.794111251831054688e+00	2.790651559829711914e+00	2.788195133209228516e+00	2.786021709442138672e+00	2.784233093261718750e+00	2.782736301422119141e+00	2.781485557556152344e+00	2.780823707580566406e+00	2.781089305877685547e+00	2.782262325286865234e+00	2.783392906188964844e+00	2.783453702926635742e+00	2.782685995101928711e+00	2.781849622726440430e+00	2.781070709228515625e+00	2.780520200729370117e+00	2.780233144760131836e+00	2.779839992523193359e+00	2.779237031936645508e+00	2.778870105743408203e+00	2.779098033905029297e+00	2.779469251632690430e+00	2.778952121734619141e+00	2.778448343276977539e+00	2.779157638549804688e+00	2.781380653381347656e+00	2.785100221633911133e+00	2.790324449539184570e+00	2.797285318374633789e+00	2.806672096252441406e+00	2.819033861160278320e+00	2.832766771316528320e+00	2.841213226318359375e+00	2.838913917541503906e+00	2.830437421798706055e+00	2.820663213729858398e+00	2.811266899108886719e+00	2.802458286285400391e+00	2.794740200042724609e+00	2.788639783859252930e+00	2.784089326858520508e+00	2.780853033065795898e+00	2.779365062713623047e+00	2.779385089874267578e+00	2.780359745025634766e+00	2.781726360321044922e+00	2.783205032348632812e+00	2.784833192825317383e+00	2.786686182022094727e+00	2.788388729095458984e+00
2.777249574661254883e+00	2.776355981826782227e+00	2.775516033172607422e+00	2.774385213851928711e+00	2.772512674331665039e+00	2.771560668945312500e+00	2.771586894989013672e+00	2.772253513336181641e+00	2.773520231246948242e+00	2.775706052780151367e+00	2.778848409652709961e+00	2.782763957977294922e+00	2.787502050399780273e+00	2.792204856872558594e+00	2.797000885009765625e+00	2.803077459335327148e+00	2.809838533401489258e+00	2.815013885498046875e+00	2.815197467803955078e+00	2.809318065643310547e+00	2.801395416259765625e+00	2.795962810516357422e+00	2.793293952941894531e+00	2.789561033248901367e+00	2.786403656005859375e+00	2.783571243286132812e+00	2.781275749206542969e+00	2.779729843139648438e+00	2.778959035873413086e+00	2.778966188430786133e+00	2.779328346252441406e+00	2.779498338699340820e+00	2.779721736907958984e+00	2.780737638473510742e+00	2.783070325851440430e+00	2.785507678985595703e+00	2.785737991333007812e+00	2.783502817153930664e+00	2.779980182647705078e+00	2.776432514190673828e+00	2.773578643798828125e+00	2.771695852279663086e+00	2.770980596542358398e+00	2.771420478820800781e+00	2.772121191024780273e+00	2.773125648498535156e+00	2.775424242019653320e+00	2.778986930847167969e+00	2.783261537551879883e+00	2.787617921829223633e+00	2.792133808135986328e+00	2.798206090927124023e+00	2.807478904724121094e+00	2.818944692611694336e+00	2.825529098510742188e+00	2.821134328842163086e+00	2.811226129531860352e+00	2.801679134368896484e+00	2.794347763061523438e+00	2.788523435592651367e+00	2.783405065536499023e+00	2.778982639312744141e+00	2.775807619094848633e+00	2.774624347686767578e+00	2.775547981262207031e+00	2.777300357818603516e+00	2.779081583023071289e+00	2.780059099197387695e+00	2.779727220535278320e+00	2.779003858566284180e+00	2.778405666351318359e+00	2.777882099151611328e+00
2.778066635131835938e+00	2.775705337524414062e+00	2.774187088012695312e+00	2.773476600646972656e+00	2.773228645324707031e+00	2.772933006286621094e+00	2.772380113601684570e+00	2.771862268447875977e+00	2.772032022476196289e+00	2.773395538330078125e+00	2.776384830474853516e+00	2.781022310256958008e+00	2.785795688629150391e+00	2.789238929748535156e+00	2.792336940765380859e+00	2.796746492385864258e+00	2.802831649780273438e+00	2.808795213699340820e+00	2.810140132904052734e+00	2.802976608276367188e+00	2.793371677398681641e+00	2.786255598068237305e+00	2.782577276229858398e+00	2.781430721282958984e+00	2.781420230865478516e+00	2.781440973281860352e+00	2.781351327896118164e+00	2.780941247940063477e+00	2.780136823654174805e+00	2.779566049575805664e+00	2.779243707656860352e+00	2.779060125350952148e+00	2.778885841369628906e+00	2.779172658920288086e+00	2.780466794967651367e+00	2.782133340835571289e+00	2.782755374908447266e+00	2.781388521194458008e+00	2.778409481048583984e+00	2.774995088577270508e+00	2.772148132324218750e+00	2.770372152328491211e+00	2.769829034805297852e+00	2.770400047302246094e+00	2.771402359008789062e+00	2.772427558898925781e+00	2.774237394332885742e+00	2.777220726013183594e+00	2.781040430068969727e+00	2.785381793975830078e+00	2.790558338165283203e+00	2.797280788421630859e+00	2.806274414062500000e+00	2.816359281539916992e+00	2.821383237838745117e+00	2.816246509552001953e+00	2.806269407272338867e+00	2.797628879547119141e+00	2.792062997817993164e+00	2.788097381591796875e+00	2.783911228179931641e+00	2.779144763946533203e+00	2.774797916412353516e+00	2.772198677062988281e+00	2.772294044494628906e+00	2.774738788604736328e+00	2.778141736984252930e+00	2.781270265579223633e+00	2.783489465713500977e+00	2.784285306930541992e+00	2.783330202102661133e+00	2.780918598175048828e+00
2.777795791625976562e+00	2.772599935531616211e+00	2.769315004348754883e+00	2.767633676528930664e+00	2.766626358032226562e+00	2.765549421310424805e+00	2.764534950256347656e+00	2.764248847961425781e+00	2.764726161956787109e+00	2.765426635742187500e+00	2.766697645187377930e+00	2.768597364425659180e+00	2.770643711090087891e+00	2.772491216659545898e+00	2.773698091506958008e+00	2.774369001388549805e+00	2.775212764739990234e+00	2.776026487350463867e+00	2.776302576065063477e+00	2.775846958160400391e+00	2.775019645690917969e+00	2.774483442306518555e+00	2.774830102920532227e+00	2.776333093643188477e+00	2.778457403182983398e+00	2.779743671417236328e+00	2.779304265975952148e+00	2.778355360031127930e+00	2.777724266052246094e+00	2.777175188064575195e+00	2.776300430297851562e+00	2.775035858154296875e+00	2.773976087570190430e+00	2.773749828338623047e+00	2.774309873580932617e+00	2.774900197982788086e+00	2.774787187576293945e+00	2.773744106292724609e+00	2.771867990493774414e+00	2.769616365432739258e+00	2.767727375030517578e+00	2.766730546951293945e+00	2.766821146011352539e+00	2.767937421798706055e+00	2.769689559936523438e+00	2.771629333496093750e+00	2.774294614791870117e+00	2.778407335281372070e+00	2.783797979354858398e+00	2.789203405380249023e+00	2.792917490005493164e+00	2.794162034988403320e+00	2.793547868728637695e+00	2.792107582092285156e+00	2.790413856506347656e+00	2.788272857666015625e+00	2.785788297653198242e+00	2.784147977828979492e+00	2.783702373504638672e+00	2.783500671386718750e+00	2.782831907272338867e+00	2.781173706054687500e+00	2.778800249099731445e+00	2.777735233306884766e+00	2.779025554656982422e+00	2.782129049301147461e+00	2.786864995956420898e+00	2.791814088821411133e+00	2.794389963150024414e+00	2.794661283493041992e+00	2.790924787521362305e+00	2.784386396408081055e+00
2.775553703308105469e+00	2.771052837371826172e+00	2.769479036331176758e+00	2.769742727279663086e+00	2.770818948745727539e+00	2.771925926208496094e+00	2.772814989089965820e+00	2.773696899414062500e+00	2.774781465530395508e+00	2.776330947875976562e+00	2.778513431549072266e+00	2.780110597610473633e+00	2.780722379684448242e+00	2.781522750854492188e+00	2.782336711883544922e+00	2.782936811447143555e+00	2.783658266067504883e+00	2.784447193145751953e+00	2.784362077713012695e+00	2.782940387725830078e+00	2.782168149948120117e+00	2.783413648605346680e+00	2.786763906478881836e+00	2.792071342468261719e+00	2.799095392227172852e+00	2.806552648544311523e+00	2.812449932098388672e+00	2.816777944564819336e+00	2.820003747940063477e+00	2.821457862854003906e+00	2.819092512130737305e+00	2.812036037445068359e+00	2.803735017776489258e+00	2.796614646911621094e+00	2.791408777236938477e+00	2.787708520889282227e+00	2.784682512283325195e+00	2.782050609588623047e+00	2.779627561569213867e+00	2.777326107025146484e+00	2.775420188903808594e+00	2.774209499359130859e+00	2.773846149444580078e+00	2.774195909500122070e+00	2.774851560592651367e+00	2.775729417800903320e+00	2.777270078659057617e+00	2.779770612716674805e+00	2.783420801162719727e+00	2.787410974502563477e+00	2.789552450180053711e+00	2.789100885391235352e+00	2.787875175476074219e+00	2.787086963653564453e+00	2.786983013153076172e+00	2.786910295486450195e+00	2.786736249923706055e+00	2.786679744720458984e+00	2.786443710327148438e+00	2.785550117492675781e+00	2.783830404281616211e+00	2.781577825546264648e+00	2.780051469802856445e+00	2.780276536941528320e+00	2.782744169235229492e+00	2.787519693374633789e+00	2.793688535690307617e+00	2.800209760665893555e+00	2.805109977722167969e+00	2.803709745407104492e+00	2.795717477798461914e+00	2.784035682678222656e+00
2.781767368316650391e+00	2.776806354522705078e+00	2.774237871170043945e+00	2.773580312728881836e+00	2.773940324783325195e+00	2.774617195129394531e+00	2.775549173355102539e+00	2.776825666427612305e+00	2.778489112854003906e+00	2.780848741531372070e+00	2.784182310104370117e+00	2.787155866622924805e+00	2.788145303726196289e+00	2.787110090255737305e+00	2.785771369934082031e+00	2.785031318664550781e+00	2.784766674041748047e+00	2.784670829772949219e+00	2.784467697143554688e+00	2.783945560455322266e+00	2.783787965774536133e+00	2.785446882247924805e+00	2.789530277252197266e+00	2.795523405075073242e+00	2.802094936370849609e+00	2.808306217193603516e+00	2.814071416854858398e+00	2.818872690200805664e+00	2.821684837341308594e+00	2.822239160537719727e+00	2.819815874099731445e+00	2.813136816024780273e+00	2.804309844970703125e+00	2.796293258666992188e+00	2.790407657623291016e+00	2.786510229110717773e+00	2.783879280090332031e+00	2.782033920288085938e+00	2.780669689178466797e+00	2.779569864273071289e+00	2.778586387634277344e+00	2.776996612548828125e+00	2.774704694747924805e+00	2.773313760757446289e+00	2.773360252380371094e+00	2.774707317352294922e+00	2.777137756347656250e+00	2.780556917190551758e+00	2.784907817840576172e+00	2.789278507232666016e+00	2.791835308074951172e+00	2.792407274246215820e+00	2.790526151657104492e+00	2.788454055786132812e+00	2.787921190261840820e+00	2.788107395172119141e+00	2.788199186325073242e+00	2.787847518920898438e+00	2.786970853805541992e+00	2.785732269287109375e+00	2.784006595611572266e+00	2.782031536102294922e+00	2.780891180038452148e+00	2.781608819961547852e+00	2.784543037414550781e+00	2.789314508438110352e+00	2.795111894607543945e+00	2.801237106323242188e+00	2.806732416152954102e+00	2.806842327117919922e+00	2.799307346343994141e+00	2.789467096328735352e+00
2.782810688018798828e+00	2.775618791580200195e+00	2.771755933761596680e+00	2.770563840866088867e+00	2.771623611450195312e+00	2.774318933486938477e+00	2.777620553970336914e+00	2.780011415481567383e+00	2.780634164810180664e+00	2.781230688095092773e+00	2.782557725906372070e+00	2.784188508987426758e+00	2.785147190093994141e+00	2.785118341445922852e+00	2.784851789474487305e+00	2.784405946731567383e+00	2.783426761627197266e+00	2.781770944595336914e+00	2.779951810836791992e+00	2.778916597366333008e+00	2.779450416564941406e+00	2.781985998153686523e+00	2.786656141281127930e+00	2.793096542358398438e+00	2.800475835800170898e+00	2.807899713516235352e+00	2.814763784408569336e+00	2.819633007049560547e+00	2.820997238159179688e+00	2.819679021835327148e+00	2.815310239791870117e+00	2.806897401809692383e+00	2.797955751419067383e+00	2.790660619735717773e+00	2.785841464996337891e+00	2.783217191696166992e+00	2.781709671020507812e+00	2.780315399169921875e+00	2.778847694396972656e+00	2.777615308761596680e+00	2.776956319808959961e+00	2.776241302490234375e+00	2.774688005447387695e+00	2.773077249526977539e+00	2.772360563278198242e+00	2.773206472396850586e+00	2.775843858718872070e+00	2.780507326126098633e+00	2.787446260452270508e+00	2.795209884643554688e+00	2.799391746520996094e+00	2.795840740203857422e+00	2.790937662124633789e+00	2.788712263107299805e+00	2.788213491439819336e+00	2.787963867187500000e+00	2.787873744964599609e+00	2.787977457046508789e+00	2.788001537322998047e+00	2.787604331970214844e+00	2.786325693130493164e+00	2.784548521041870117e+00	2.783450603485107422e+00	2.784001588821411133e+00	2.787188291549682617e+00	2.792838811874389648e+00	2.800491094589233398e+00	2.812239646911621094e+00	2.832842350006103516e+00	2.829668283462524414e+00	2.810465335845947266e+00	2.794019937515258789e+00
2.782295227050781250e+00	2.776493310928344727e+00	2.773754358291625977e+00	2.773477792739868164e+00	2.774731636047363281e+00	2.776320457458496094e+00	2.777398824691772461e+00	2.777815341949462891e+00	2.777757883071899414e+00	2.777507543563842773e+00	2.777095317840576172e+00	2.776675224304199219e+00	2.776582241058349609e+00	2.776753664016723633e+00	2.776985883712768555e+00	2.777198314666748047e+00	2.776812553405761719e+00	2.775659799575805664e+00	2.774455547332763672e+00	2.774056911468505859e+00	2.775067806243896484e+00	2.777929306030273438e+00	2.782424688339233398e+00	2.787424325942993164e+00	2.791813611984252930e+00	2.795448303222656250e+00	2.798321247100830078e+00	2.800157070159912109e+00	2.800682544708251953e+00	2.799604892730712891e+00	2.796867609024047852e+00	2.793225288391113281e+00	2.789751768112182617e+00	2.786944150924682617e+00	2.784739732742309570e+00	2.782579898834228516e+00	2.780592441558837891e+00	2.779183387756347656e+00	2.778024673461914062e+00	2.777099847793579102e+00	2.777026414871215820e+00	2.777459383010864258e+00	2.777467250823974609e+00	2.776785373687744141e+00	2.776117086410522461e+00	2.776496410369873047e+00	2.778540372848510742e+00	2.782511472702026367e+00	2.788740634918212891e+00	2.796141624450683594e+00	2.799663782119750977e+00	2.795697450637817383e+00	2.788603067398071289e+00	2.782809257507324219e+00	2.779618978500366211e+00	2.778567314147949219e+00	2.778897047042846680e+00	2.779959678649902344e+00	2.780988931655883789e+00	2.781095027923583984e+00	2.779947996139526367e+00	2.778159379959106445e+00	2.776708364486694336e+00	2.776993036270141602e+00	2.780362129211425781e+00	2.787042856216430664e+00	2.797644376754760742e+00	2.813287258148193359e+00	2.826892614364624023e+00	2.822620391845703125e+00	2.805621385574340820e+00	2.791475534439086914e+00
2.781099081039428711e+00	2.777222394943237305e+00	2.777000665664672852e+00	2.778132915496826172e+00	2.780099630355834961e+00	2.782527208328247070e+00	2.784591436386108398e+00	2.785596847534179688e+00	2.785614013671875000e+00	2.785240650177001953e+00	2.784861803054809570e+00	2.784258842468261719e+00	2.782227516174316406e+00	2.780084133148193359e+00	2.779136657714843750e+00	2.779073476791381836e+00	2.779029607772827148e+00	2.778445720672607422e+00	2.777870416641235352e+00	2.778419017791748047e+00	2.781081438064575195e+00	2.786283016204833984e+00	2.793149232864379883e+00	2.800766944885253906e+00	2.807330131530761719e+00	2.812185049057006836e+00	2.816081523895263672e+00	2.818427801132202148e+00	2.818875312805175781e+00	2.817490339279174805e+00	2.814058542251586914e+00	2.808763504028320312e+00	2.802732467651367188e+00	2.797089815139770508e+00	2.792855978012084961e+00	2.790214300155639648e+00	2.787759542465209961e+00	2.786141872406005859e+00	2.785501003265380859e+00	2.785372734069824219e+00	2.785515785217285156e+00	2.785600423812866211e+00	2.784979820251464844e+00	2.783227443695068359e+00	2.781097888946533203e+00	2.779912710189819336e+00	2.780583143234252930e+00	2.783654451370239258e+00	2.789453029632568359e+00	2.796898841857910156e+00	2.800896644592285156e+00	2.797642946243286133e+00	2.791132450103759766e+00	2.786527156829833984e+00	2.784236192703247070e+00	2.783380985260009766e+00	2.783170938491821289e+00	2.783180713653564453e+00	2.783059358596801758e+00	2.782196760177612305e+00	2.780319690704345703e+00	2.778164148330688477e+00	2.777206182479858398e+00	2.778682470321655273e+00	2.783082962036132812e+00	2.791334152221679688e+00	2.804603338241577148e+00	2.820881128311157227e+00	2.831897735595703125e+00	2.825420379638671875e+00	2.806070566177368164e+00	2.790288209915161133e+00
2.782007932662963867e+00	2.777903795242309570e+00	2.776691436767578125e+00	2.778622865676879883e+00	2.781321048736572266e+00	2.782927274703979492e+00	2.783288002014160156e+00	2.782524824142456055e+00	2.781683206558227539e+00	2.781464815139770508e+00	2.781828165054321289e+00	2.782191991806030273e+00	2.781621217727661133e+00	2.780164003372192383e+00	2.778684139251708984e+00	2.777760982513427734e+00	2.777532339096069336e+00	2.777765512466430664e+00	2.778241634368896484e+00	2.779298543930053711e+00	2.781769514083862305e+00	2.785994291305541992e+00	2.790840625762939453e+00	2.796059608459472656e+00	2.801623106002807617e+00	2.806524515151977539e+00	2.809995889663696289e+00	2.811723470687866211e+00	2.812067985534667969e+00	2.810999870300292969e+00	2.808105707168579102e+00	2.803423166275024414e+00	2.797656536102294922e+00	2.791711807250976562e+00	2.786674022674560547e+00	2.783395767211914062e+00	2.781711816787719727e+00	2.780815839767456055e+00	2.780086278915405273e+00	2.779418230056762695e+00	2.778953075408935547e+00	2.778793811798095703e+00	2.778795242309570312e+00	2.778650045394897461e+00	2.778466224670410156e+00	2.778957605361938477e+00	2.780599832534790039e+00	2.783460617065429688e+00	2.787209749221801758e+00	2.790300846099853516e+00	2.790842533111572266e+00	2.788730621337890625e+00	2.784846067428588867e+00	2.780997753143310547e+00	2.778757810592651367e+00	2.778242588043212891e+00	2.779014110565185547e+00	2.780290365219116211e+00	2.781120777130126953e+00	2.780661344528198242e+00	2.778469562530517578e+00	2.775299072265625000e+00	2.772974014282226562e+00	2.773149490356445312e+00	2.776950120925903320e+00	2.785295963287353516e+00	2.796856164932250977e+00	2.804914474487304688e+00	2.806861400604248047e+00	2.802123069763183594e+00	2.792876243591308594e+00	2.785877227783203125e+00
2.774074077606201172e+00	2.773021697998046875e+00	2.771852493286132812e+00	2.771246910095214844e+00	2.770739793777465820e+00	2.769619941711425781e+00	2.768364429473876953e+00	2.768032312393188477e+00	2.769100904464721680e+00	2.771373987197875977e+00	2.774116992950439453e+00	2.776436090469360352e+00	2.777854919433593750e+00	2.778839826583862305e+00	2.780152559280395508e+00	2.782092809677124023e+00	2.784458875656127930e+00	2.786111354827880859e+00	2.785821437835693359e+00	2.783901929855346680e+00	2.781659364700317383e+00	2.780096054077148438e+00	2.779234647750854492e+00	2.778470516204833984e+00	2.776855230331420898e+00	2.774566173553466797e+00	2.773301362991333008e+00	2.773049354553222656e+00	2.772334575653076172e+00	2.772147655487060547e+00	2.772302627563476562e+00	2.772534847259521484e+00	2.772402286529541016e+00	2.771660804748535156e+00	2.771202325820922852e+00	2.771462440490722656e+00	2.771823406219482422e+00	2.771754026412963867e+00	2.770964622497558594e+00	2.769516706466674805e+00	2.768146753311157227e+00	2.767336368560791016e+00	2.767304420471191406e+00	2.768644809722900391e+00	2.770939826965332031e+00	2.772069692611694336e+00	2.773163080215454102e+00	2.775206565856933594e+00	2.777475118637084961e+00	2.779352664947509766e+00	2.780458927154541016e+00	2.780691862106323242e+00	2.780447483062744141e+00	2.780192852020263672e+00	2.779959678649902344e+00	2.779810190200805664e+00	2.780063152313232422e+00	2.780533313751220703e+00	2.780873298645019531e+00	2.779898166656494141e+00	2.777859449386596680e+00	2.776046037673950195e+00	2.774752855300903320e+00	2.774268627166748047e+00	2.774917364120483398e+00	2.776504755020141602e+00	2.778074026107788086e+00	2.778556585311889648e+00	2.777457475662231445e+00	2.775765657424926758e+00	2.774565219879150391e+00	2.774272680282592773e+00
2.778715848922729492e+00	2.776355743408203125e+00	2.772946119308471680e+00	2.769796848297119141e+00	2.767703056335449219e+00	2.766594171524047852e+00	2.766331672668457031e+00	2.766732931137084961e+00	2.767738342285156250e+00	2.769543170928955078e+00	2.772540092468261719e+00	2.776499509811401367e+00	2.780277729034423828e+00	2.783195972442626953e+00	2.785568237304687500e+00	2.788170814514160156e+00	2.791138648986816406e+00	2.792742252349853516e+00	2.791243314743041992e+00	2.786866426467895508e+00	2.781689882278442383e+00	2.777575492858886719e+00	2.775100469589233398e+00	2.773767232894897461e+00	2.772998809814453125e+00	2.772897958755493164e+00	2.773297548294067383e+00	2.773739337921142578e+00	2.773693799972534180e+00	2.773128509521484375e+00	2.772424221038818359e+00	2.772091150283813477e+00	2.772337436676025391e+00	2.772826910018920898e+00	2.773417234420776367e+00	2.774165630340576172e+00	2.774106502532958984e+00	2.772309303283691406e+00	2.769901990890502930e+00	2.768035888671875000e+00	2.767113924026489258e+00	2.767066001892089844e+00	2.767401218414306641e+00	2.767580509185791016e+00	2.767241477966308594e+00	2.766877889633178711e+00	2.767449855804443359e+00	2.769082784652709961e+00	2.771362304687500000e+00	2.773951053619384766e+00	2.776770591735839844e+00	2.779653310775756836e+00	2.782023191452026367e+00	2.783562898635864258e+00	2.784175872802734375e+00	2.783529281616210938e+00	2.781887531280517578e+00	2.780152082443237305e+00	2.778718233108520508e+00	2.777126073837280273e+00	2.775207757949829102e+00	2.773084163665771484e+00	2.771304607391357422e+00	2.770571708679199219e+00	2.771296739578247070e+00	2.773503541946411133e+00	2.776537895202636719e+00	2.779434204101562500e+00	2.780982971191406250e+00	2.781026124954223633e+00	2.780649662017822266e+00	2.779984712600708008e+00
2.781956195831298828e+00	2.778800010681152344e+00	2.776143789291381836e+00	2.774048805236816406e+00	2.772483825683593750e+00	2.771930694580078125e+00	2.772438287734985352e+00	2.773360729217529297e+00	2.773884057998657227e+00	2.773852348327636719e+00	2.774390459060668945e+00	2.776168584823608398e+00	2.779442310333251953e+00	2.783147096633911133e+00	2.786231756210327148e+00	2.789958000183105469e+00	2.795183181762695312e+00	2.800277709960937500e+00	2.801362514495849609e+00	2.796338319778442383e+00	2.788089513778686523e+00	2.780756950378417969e+00	2.776292800903320312e+00	2.774788141250610352e+00	2.774995565414428711e+00	2.775811195373535156e+00	2.776657581329345703e+00	2.776722431182861328e+00	2.775858640670776367e+00	2.774627447128295898e+00	2.773799180984497070e+00	2.773972511291503906e+00	2.775399446487426758e+00	2.777795076370239258e+00	2.780073881149291992e+00	2.780603885650634766e+00	2.778992414474487305e+00	2.776272535324096680e+00	2.774013042449951172e+00	2.772822618484497070e+00	2.772416591644287109e+00	2.772337913513183594e+00	2.772125482559204102e+00	2.771609544754028320e+00	2.771341800689697266e+00	2.772066116333007812e+00	2.773833751678466797e+00	2.776153326034545898e+00	2.778797864913940430e+00	2.781201839447021484e+00	2.782854795455932617e+00	2.785580873489379883e+00	2.789289236068725586e+00	2.792454719543457031e+00	2.793445825576782227e+00	2.791795015335083008e+00	2.788292407989501953e+00	2.784505367279052734e+00	2.781727075576782227e+00	2.779968500137329102e+00	2.778306007385253906e+00	2.776700735092163086e+00	2.775933980941772461e+00	2.776133060455322266e+00	2.776756048202514648e+00	2.777942895889282227e+00	2.779874086380004883e+00	2.781991481781005859e+00	2.783515214920043945e+00	2.784355401992797852e+00	2.784918308258056641e+00	2.784573078155517578e+00
2.788683652877807617e+00	2.786691904067993164e+00	2.785011768341064453e+00	2.783443212509155273e+00	2.781930208206176758e+00	2.780974864959716797e+00	2.780601501464843750e+00	2.780385255813598633e+00	2.779844760894775391e+00	2.779162168502807617e+00	2.779101848602294922e+00	2.780385494232177734e+00	2.783796072006225586e+00	2.789452075958251953e+00	2.796992778778076172e+00	2.806487321853637695e+00	2.817291975021362305e+00	2.826372385025024414e+00	2.828916788101196289e+00	2.821789503097534180e+00	2.808160305023193359e+00	2.794734001159667969e+00	2.785117387771606445e+00	2.779510736465454102e+00	2.777490615844726562e+00	2.778366327285766602e+00	2.780718326568603516e+00	2.782728433609008789e+00	2.783443927764892578e+00	2.783083200454711914e+00	2.782469749450683594e+00	2.782367706298828125e+00	2.782964944839477539e+00	2.783921718597412109e+00	2.784583091735839844e+00	2.784321546554565430e+00	2.783212423324584961e+00	2.782064437866210938e+00	2.781394004821777344e+00	2.781250238418579102e+00	2.781422853469848633e+00	2.781484603881835938e+00	2.780747413635253906e+00	2.779751300811767578e+00	2.779153347015380859e+00	2.779186487197875977e+00	2.780008077621459961e+00	2.781773567199707031e+00	2.784567832946777344e+00	2.788895606994628906e+00	2.795845508575439453e+00	2.806683301925659180e+00	2.821856260299682617e+00	2.837426662445068359e+00	2.843643188476562500e+00	2.838312625885009766e+00	2.827701568603515625e+00	2.816095352172851562e+00	2.804862737655639648e+00	2.794873714447021484e+00	2.787312746047973633e+00	2.782424926757812500e+00	2.779843091964721680e+00	2.778921604156494141e+00	2.779248952865600586e+00	2.781152486801147461e+00	2.784596681594848633e+00	2.788751602172851562e+00	2.792015790939331055e+00	2.792816162109375000e+00	2.792131662368774414e+00	2.790659666061401367e+00
2.783531427383422852e+00	2.782338857650756836e+00	2.782171487808227539e+00	2.782569885253906250e+00	2.782660722732543945e+00	2.782155275344848633e+00	2.781083822250366211e+00	2.779862642288208008e+00	2.778918027877807617e+00	2.778477668762207031e+00	2.778748512268066406e+00	2.780040979385375977e+00	2.782965421676635742e+00	2.788134336471557617e+00	2.795898675918579102e+00	2.805613994598388672e+00	2.816066980361938477e+00	2.824903249740600586e+00	2.827203750610351562e+00	2.820640325546264648e+00	2.808382272720336914e+00	2.795761108398437500e+00	2.786030054092407227e+00	2.780114889144897461e+00	2.777922391891479492e+00	2.778539419174194336e+00	2.780385255813598633e+00	2.782000064849853516e+00	2.782754182815551758e+00	2.782862663269042969e+00	2.782981395721435547e+00	2.783476829528808594e+00	2.783801794052124023e+00	2.783768653869628906e+00	2.783269643783569336e+00	2.783118724822998047e+00	2.783152818679809570e+00	2.782880544662475586e+00	2.782370090484619141e+00	2.781771421432495117e+00	2.780891418457031250e+00	2.779707193374633789e+00	2.778531312942504883e+00	2.777696609497070312e+00	2.777444601058959961e+00	2.777860164642333984e+00	2.779236555099487305e+00	2.781896591186523438e+00	2.785129070281982422e+00	2.789325475692749023e+00	2.796416521072387695e+00	2.807744503021240234e+00	2.823864936828613281e+00	2.841428279876708984e+00	2.850429773330688477e+00	2.844401836395263672e+00	2.830764770507812500e+00	2.817978143692016602e+00	2.806983947753906250e+00	2.797339677810668945e+00	2.789318561553955078e+00	2.783312797546386719e+00	2.779442071914672852e+00	2.777633190155029297e+00	2.777589321136474609e+00	2.778985023498535156e+00	2.781420230865478516e+00	2.784113645553588867e+00	2.786194324493408203e+00	2.787156820297241211e+00	2.786814212799072266e+00	2.785334825515747070e+00
2.799157142639160156e+00	2.805351257324218750e+00	2.813491106033325195e+00	2.824132680892944336e+00	2.836009502410888672e+00	2.845516681671142578e+00	2.848647117614746094e+00	2.843932390213012695e+00	2.833462715148925781e+00	2.821074962615966797e+00	2.809665918350219727e+00	2.800574064254760742e+00	2.794624567031860352e+00	2.792268991470336914e+00	2.793547391891479492e+00	2.798249959945678711e+00	2.805542945861816406e+00	2.812783956527709961e+00	2.815244674682617188e+00	2.810206890106201172e+00	2.800519704818725586e+00	2.790922403335571289e+00	2.783811330795288086e+00	2.779701471328735352e+00	2.778439283370971680e+00	2.779161214828491211e+00	2.780469894409179688e+00	2.781613826751708984e+00	2.782276868820190430e+00	2.782222986221313477e+00	2.781691789627075195e+00	2.781101942062377930e+00	2.780906677246093750e+00	2.781488656997680664e+00	2.782860279083251953e+00	2.784597396850585938e+00	2.786945581436157227e+00	2.790729522705078125e+00	2.796309709548950195e+00	2.803408861160278320e+00	2.810827493667602539e+00	2.816411256790161133e+00	2.818680286407470703e+00	2.816955804824829102e+00	2.810342311859130859e+00	2.801296234130859375e+00	2.793701648712158203e+00	2.789025306701660156e+00	2.787326335906982422e+00	2.788633584976196289e+00	2.793535709381103516e+00	2.803267717361450195e+00	2.818981409072875977e+00	2.837797164916992188e+00	2.847040176391601562e+00	2.837720870971679688e+00	2.820605039596557617e+00	2.805663585662841797e+00	2.794994354248046875e+00	2.787998914718627930e+00	2.783710718154907227e+00	2.781362056732177734e+00	2.780107498168945312e+00	2.779390811920166016e+00	2.779323101043701172e+00	2.780099630355834961e+00	2.781649589538574219e+00	2.783738613128662109e+00	2.786170959472656250e+00	2.788713455200195312e+00	2.791393518447875977e+00	2.794689178466796875e+00
2.820675373077392578e+00	2.831692218780517578e+00	2.845538377761840820e+00	2.863551616668701172e+00	2.882721662521362305e+00	2.895621776580810547e+00	2.895360469818115234e+00	2.882847547531127930e+00	2.864853143692016602e+00	2.846431255340576172e+00	2.830174207687377930e+00	2.817311048507690430e+00	2.808339595794677734e+00	2.803197383880615234e+00	2.801455497741699219e+00	2.802632808685302734e+00	2.806221961975097656e+00	2.810746669769287109e+00	2.813194990158081055e+00	2.811248779296875000e+00	2.806214332580566406e+00	2.800753831863403320e+00	2.795835494995117188e+00	2.791747808456420898e+00	2.789789676666259766e+00	2.790176153182983398e+00	2.792207479476928711e+00	2.794824600219726562e+00	2.796737670898437500e+00	2.797335147857666016e+00	2.796788692474365234e+00	2.795381784439086914e+00	2.793826580047607422e+00	2.793109655380249023e+00	2.793836832046508789e+00	2.796290874481201172e+00	2.800618886947631836e+00	2.806794404983520508e+00	2.814624071121215820e+00	2.823743343353271484e+00	2.833808898925781250e+00	2.844453334808349609e+00	2.855159044265747070e+00	2.860436439514160156e+00	2.849254369735717773e+00	2.829687118530273438e+00	2.813548088073730469e+00	2.802954673767089844e+00	2.797252655029296875e+00	2.795648336410522461e+00	2.797791719436645508e+00	2.804210901260375977e+00	2.815545558929443359e+00	2.829493522644042969e+00	2.837391376495361328e+00	2.834400892257690430e+00	2.825684070587158203e+00	2.815792083740234375e+00	2.806646108627319336e+00	2.799314260482788086e+00	2.794349670410156250e+00	2.791540861129760742e+00	2.790331840515136719e+00	2.790186882019042969e+00	2.790645599365234375e+00	2.791417598724365234e+00	2.792617082595825195e+00	2.794668912887573242e+00	2.797590970993041992e+00	2.800999402999877930e+00	2.805253744125366211e+00	2.811591386795043945e+00
2.823301315307617188e+00	2.836757183074951172e+00	2.854473114013671875e+00	2.876192569732666016e+00	2.898755550384521484e+00	2.914624691009521484e+00	2.915141582489013672e+00	2.899924039840698242e+00	2.878034591674804688e+00	2.856349706649780273e+00	2.837758541107177734e+00	2.823361396789550781e+00	2.813499689102172852e+00	2.807505607604980469e+00	2.803937911987304688e+00	2.802172660827636719e+00	2.801957368850708008e+00	2.802332401275634766e+00	2.802233695983886719e+00	2.801597595214843750e+00	2.801004409790039062e+00	2.800179243087768555e+00	2.798001289367675781e+00	2.795379877090454102e+00	2.794331789016723633e+00	2.795349359512329102e+00	2.797689437866210938e+00	2.799870252609252930e+00	2.800927639007568359e+00	2.800721406936645508e+00	2.799582481384277344e+00	2.798131704330444336e+00	2.797033071517944336e+00	2.796805143356323242e+00	2.797523260116577148e+00	2.799449205398559570e+00	2.803554058074951172e+00	2.810147285461425781e+00	2.819094657897949219e+00	2.830203533172607422e+00	2.843012571334838867e+00	2.856616735458374023e+00	2.869070529937744141e+00	2.873780965805053711e+00	2.860991716384887695e+00	2.839313268661499023e+00	2.821175575256347656e+00	2.808764934539794922e+00	2.801106929779052734e+00	2.797197580337524414e+00	2.796314477920532227e+00	2.798022985458374023e+00	2.801960945129394531e+00	2.807536602020263672e+00	2.813673496246337891e+00	2.817708969116210938e+00	2.817305088043212891e+00	2.813230276107788086e+00	2.807804346084594727e+00	2.803069353103637695e+00	2.799848556518554688e+00	2.797704935073852539e+00	2.796186923980712891e+00	2.795349597930908203e+00	2.794809103012084961e+00	2.794582128524780273e+00	2.795293807983398438e+00	2.797385931015014648e+00	2.800582408905029297e+00	2.804270267486572266e+00	2.808326005935668945e+00	2.814079523086547852e+00
2.831955671310424805e+00	2.845075130462646484e+00	2.863041639328002930e+00	2.885208129882812500e+00	2.909245252609252930e+00	2.927375078201293945e+00	2.928197622299194336e+00	2.911616802215576172e+00	2.888207912445068359e+00	2.865519762039184570e+00	2.846316576004028320e+00	2.831574916839599609e+00	2.821695327758789062e+00	2.815865278244018555e+00	2.812350749969482422e+00	2.810064077377319336e+00	2.809092044830322266e+00	2.809222936630249023e+00	2.809935092926025391e+00	2.810635089874267578e+00	2.810441732406616211e+00	2.808534622192382812e+00	2.805725097656250000e+00	2.803644657135009766e+00	2.803436040878295898e+00	2.805352687835693359e+00	2.808779954910278320e+00	2.812243223190307617e+00	2.814022541046142578e+00	2.813599586486816406e+00	2.811844587326049805e+00	2.809747695922851562e+00	2.807990789413452148e+00	2.806783914566040039e+00	2.806439638137817383e+00	2.807795047760009766e+00	2.811628818511962891e+00	2.818213462829589844e+00	2.827439308166503906e+00	2.839215278625488281e+00	2.853271007537841797e+00	2.868216991424560547e+00	2.880778312683105469e+00	2.884259939193725586e+00	2.871023416519165039e+00	2.849687576293945312e+00	2.831946849822998047e+00	2.819750308990478516e+00	2.811879396438598633e+00	2.807142734527587891e+00	2.805123329162597656e+00	2.805689096450805664e+00	2.808398008346557617e+00	2.812541961669921875e+00	2.817340612411499023e+00	2.821605205535888672e+00	2.823295354843139648e+00	2.820822954177856445e+00	2.815510272979736328e+00	2.810246944427490234e+00	2.806831836700439453e+00	2.805524587631225586e+00	2.805761098861694336e+00	2.806600093841552734e+00	2.806900024414062500e+00	2.806559324264526367e+00	2.806693315505981445e+00	2.808204412460327148e+00	2.811062097549438477e+00	2.814467906951904297e+00	2.818125247955322266e+00	2.823318719863891602e+00
2.833854913711547852e+00	2.846333265304565430e+00	2.864476919174194336e+00	2.887778043746948242e+00	2.913331508636474609e+00	2.932640552520751953e+00	2.933650970458984375e+00	2.916260004043579102e+00	2.891705036163330078e+00	2.868026256561279297e+00	2.848524332046508789e+00	2.834189653396606445e+00	2.824717521667480469e+00	2.818746566772460938e+00	2.814550876617431641e+00	2.811223983764648438e+00	2.809187650680541992e+00	2.809168338775634766e+00	2.811230659484863281e+00	2.813990592956542969e+00	2.814686775207519531e+00	2.812385320663452148e+00	2.808840513229370117e+00	2.806307792663574219e+00	2.806218147277832031e+00	2.808910846710205078e+00	2.813513040542602539e+00	2.817743778228759766e+00	2.819304704666137695e+00	2.818086385726928711e+00	2.815537214279174805e+00	2.812890291213989258e+00	2.810703754425048828e+00	2.809307098388671875e+00	2.809200525283813477e+00	2.811169385910034180e+00	2.815751552581787109e+00	2.822916984558105469e+00	2.832326173782348633e+00	2.843865633010864258e+00	2.857170820236206055e+00	2.871156930923461914e+00	2.882983207702636719e+00	2.886343002319335938e+00	2.873821496963500977e+00	2.853483200073242188e+00	2.836740970611572266e+00	2.825335979461669922e+00	2.817799329757690430e+00	2.812946796417236328e+00	2.810407876968383789e+00	2.810171842575073242e+00	2.812165737152099609e+00	2.816109418869018555e+00	2.821344852447509766e+00	2.826386213302612305e+00	2.828823328018188477e+00	2.826905250549316406e+00	2.821830511093139648e+00	2.816040039062500000e+00	2.811498641967773438e+00	2.809355735778808594e+00	2.809242010116577148e+00	2.809819221496582031e+00	2.809793472290039062e+00	2.809182167053222656e+00	2.809189081192016602e+00	2.810821771621704102e+00	2.814134359359741211e+00	2.818154335021972656e+00	2.821960449218750000e+00	2.826392889022827148e+00
2.835634946823120117e+00	2.847852945327758789e+00	2.865922451019287109e+00	2.889365673065185547e+00	2.915243387222290039e+00	2.934957504272460938e+00	2.936170578002929688e+00	2.918750762939453125e+00	2.894122838973999023e+00	2.870398521423339844e+00	2.850976467132568359e+00	2.836787700653076172e+00	2.827270269393920898e+00	2.821030139923095703e+00	2.816507101058959961e+00	2.812839269638061523e+00	2.810520887374877930e+00	2.810533046722412109e+00	2.813050508499145508e+00	2.816513776779174805e+00	2.817766427993774414e+00	2.815494060516357422e+00	2.811820268630981445e+00	2.809248447418212891e+00	2.809229135513305664e+00	2.812007427215576172e+00	2.816568136215209961e+00	2.820633172988891602e+00	2.822006940841674805e+00	2.820614814758300781e+00	2.817860126495361328e+00	2.814960002899169922e+00	2.812631607055664062e+00	2.811321258544921875e+00	2.811492919921875000e+00	2.813689231872558594e+00	2.818286180496215820e+00	2.825291633605957031e+00	2.834490299224853516e+00	2.845790863037109375e+00	2.858985662460327148e+00	2.872959136962890625e+00	2.884711980819702148e+00	2.887884378433227539e+00	2.875410079956054688e+00	2.855450153350830078e+00	2.839025497436523438e+00	2.827750682830810547e+00	2.820235967636108398e+00	2.815332651138305664e+00	2.812697649002075195e+00	2.812417745590209961e+00	2.814386606216430664e+00	2.818178176879882812e+00	2.823058128356933594e+00	2.827694177627563477e+00	2.829872608184814453e+00	2.827774763107299805e+00	2.822475671768188477e+00	2.817027807235717773e+00	2.813393831253051758e+00	2.811927556991577148e+00	2.812151670455932617e+00	2.812868118286132812e+00	2.812756061553955078e+00	2.811847925186157227e+00	2.811567306518554688e+00	2.813121795654296875e+00	2.816499471664428711e+00	2.820566892623901367e+00	2.824301242828369141e+00	2.828498125076293945e+00
2.835549354553222656e+00	2.847572803497314453e+00	2.865347385406494141e+00	2.888536930084228516e+00	2.914424419403076172e+00	2.934664249420166016e+00	2.936619758605957031e+00	2.919500589370727539e+00	2.894840717315673828e+00	2.871074914932250977e+00	2.852016687393188477e+00	2.838752508163452148e+00	2.829546451568603516e+00	2.822792053222656250e+00	2.817410230636596680e+00	2.813092947006225586e+00	2.810356855392456055e+00	2.810142517089843750e+00	2.812750816345214844e+00	2.816698312759399414e+00	2.818346023559570312e+00	2.816229343414306641e+00	2.812578201293945312e+00	2.809865951538085938e+00	2.809625387191772461e+00	2.812237024307250977e+00	2.816726922988891602e+00	2.820733785629272461e+00	2.821983337402343750e+00	2.820388555526733398e+00	2.817445039749145508e+00	2.814501523971557617e+00	2.812285661697387695e+00	2.811171770095825195e+00	2.811546325683593750e+00	2.813890695571899414e+00	2.818580150604248047e+00	2.825678586959838867e+00	2.835072755813598633e+00	2.846807718276977539e+00	2.860743045806884766e+00	2.875606536865234375e+00	2.888129234313964844e+00	2.891374111175537109e+00	2.877269744873046875e+00	2.856035232543945312e+00	2.839254617691040039e+00	2.827982425689697266e+00	2.820396423339843750e+00	2.815289258956909180e+00	2.812584161758422852e+00	2.812342166900634766e+00	2.814343214035034180e+00	2.818137645721435547e+00	2.823029041290283203e+00	2.827650547027587891e+00	2.829734802246093750e+00	2.827532768249511719e+00	2.822199344635009766e+00	2.816719055175781250e+00	2.812956094741821289e+00	2.811482906341552734e+00	2.811916351318359375e+00	2.812835216522216797e+00	2.812789201736450195e+00	2.811873674392700195e+00	2.811563730239868164e+00	2.813064098358154297e+00	2.816377162933349609e+00	2.820432186126708984e+00	2.824223518371582031e+00	2.828467130661010742e+00
2.834430456161499023e+00	2.846381425857543945e+00	2.863993644714355469e+00	2.886993885040283203e+00	2.912904024124145508e+00	2.933548927307128906e+00	2.936170816421508789e+00	2.919622898101806641e+00	2.895123243331909180e+00	2.871117591857910156e+00	2.851537704467773438e+00	2.837387084960937500e+00	2.827355384826660156e+00	2.820999860763549805e+00	2.816645145416259766e+00	2.812851190567016602e+00	2.810017108917236328e+00	2.809358596801757812e+00	2.811333417892456055e+00	2.814764976501464844e+00	2.816593170166015625e+00	2.814990043640136719e+00	2.811686277389526367e+00	2.809244394302368164e+00	2.809228420257568359e+00	2.812062740325927734e+00	2.816939353942871094e+00	2.821525573730468750e+00	2.822845458984375000e+00	2.820641279220581055e+00	2.817209720611572266e+00	2.814076900482177734e+00	2.811992168426513672e+00	2.811349630355834961e+00	2.812062740325927734e+00	2.814074039459228516e+00	2.818376779556274414e+00	2.825276613235473633e+00	2.834614038467407227e+00	2.846390485763549805e+00	2.860404968261718750e+00	2.875384569168090820e+00	2.888117074966430664e+00	2.891514778137207031e+00	2.877391338348388672e+00	2.856351137161254883e+00	2.839433193206787109e+00	2.827594757080078125e+00	2.819573640823364258e+00	2.814438581466674805e+00	2.811875581741333008e+00	2.811723709106445312e+00	2.813731908798217773e+00	2.817481756210327148e+00	2.822306156158447266e+00	2.826887130737304688e+00	2.829005479812622070e+00	2.826906919479370117e+00	2.821644306182861328e+00	2.816036462783813477e+00	2.812159061431884766e+00	2.810785293579101562e+00	2.811408042907714844e+00	2.812495946884155273e+00	2.812549352645874023e+00	2.811648368835449219e+00	2.811244010925292969e+00	2.812558650970458984e+00	2.815640449523925781e+00	2.819500923156738281e+00	2.823186397552490234e+00	2.827384710311889648e+00
2.833181619644165039e+00	2.845171928405761719e+00	2.863035202026367188e+00	2.886475324630737305e+00	2.912808656692504883e+00	2.933657169342041016e+00	2.936621904373168945e+00	2.920148849487304688e+00	2.895044803619384766e+00	2.870497703552246094e+00	2.850333690643310547e+00	2.835675001144409180e+00	2.826093196868896484e+00	2.820083618164062500e+00	2.815735578536987305e+00	2.811977386474609375e+00	2.809326171875000000e+00	2.808874607086181641e+00	2.811068296432495117e+00	2.814631700515747070e+00	2.816328763961791992e+00	2.814671993255615234e+00	2.811422586441040039e+00	2.808960199356079102e+00	2.808857202529907227e+00	2.811527967453002930e+00	2.816053152084350586e+00	2.820091247558593750e+00	2.821346759796142578e+00	2.819711685180664062e+00	2.816718578338623047e+00	2.813755035400390625e+00	2.811549425125122070e+00	2.810447692871093750e+00	2.810788869857788086e+00	2.813035011291503906e+00	2.817600011825561523e+00	2.824598550796508789e+00	2.833970785140991211e+00	2.845802783966064453e+00	2.859933853149414062e+00	2.874990224838256836e+00	2.887689113616943359e+00	2.890950918197631836e+00	2.876595020294189453e+00	2.855147838592529297e+00	2.838073968887329102e+00	2.826405763626098633e+00	2.818588495254516602e+00	2.813612461090087891e+00	2.811178207397460938e+00	2.811148166656494141e+00	2.813291788101196289e+00	2.817198991775512695e+00	2.822126388549804688e+00	2.826655149459838867e+00	2.828622341156005859e+00	2.826340198516845703e+00	2.820841789245605469e+00	2.815057992935180664e+00	2.811162948608398438e+00	2.809774398803710938e+00	2.810296535491943359e+00	2.811339855194091797e+00	2.811581850051879883e+00	2.810943603515625000e+00	2.810669660568237305e+00	2.812012910842895508e+00	2.815070390701293945e+00	2.818815231323242188e+00	2.822298765182495117e+00	2.826280832290649414e+00
2.833704471588134766e+00	2.845273971557617188e+00	2.862960577011108398e+00	2.886582374572753906e+00	2.913555145263671875e+00	2.935623168945312500e+00	2.939288854598999023e+00	2.922136783599853516e+00	2.896610975265502930e+00	2.871717929840087891e+00	2.851217269897460938e+00	2.836335659027099609e+00	2.826828956604003906e+00	2.821153879165649414e+00	2.817220687866210938e+00	2.813809871673583984e+00	2.811191797256469727e+00	2.810426235198974609e+00	2.812194108963012695e+00	2.815434932708740234e+00	2.817130088806152344e+00	2.815631151199340820e+00	2.812582969665527344e+00	2.810385227203369141e+00	2.810472965240478516e+00	2.813214302062988281e+00	2.817743778228759766e+00	2.821644067764282227e+00	2.822684526443481445e+00	2.820955038070678711e+00	2.818028211593627930e+00	2.815234422683715820e+00	2.813173294067382812e+00	2.811939477920532227e+00	2.811921358108520508e+00	2.813942432403564453e+00	2.818497657775878906e+00	2.825623035430908203e+00	2.835201263427734375e+00	2.847281694412231445e+00	2.861561298370361328e+00	2.876462697982788086e+00	2.888649940490722656e+00	2.890970945358276367e+00	2.876098394393920898e+00	2.855082988739013672e+00	2.838535308837890625e+00	2.827201604843139648e+00	2.819577932357788086e+00	2.814744234085083008e+00	2.812450408935546875e+00	2.812583923339843750e+00	2.814898252487182617e+00	2.818816661834716797e+00	2.823435783386230469e+00	2.827655076980590820e+00	2.829540967941284180e+00	2.827278137207031250e+00	2.821828842163085938e+00	2.816189765930175781e+00	2.812488079071044922e+00	2.811210870742797852e+00	2.811753749847412109e+00	2.812773704528808594e+00	2.812896728515625000e+00	2.812093257904052734e+00	2.811738252639770508e+00	2.813112020492553711e+00	2.816264629364013672e+00	2.820073127746582031e+00	2.823498010635375977e+00	2.827219486236572266e+00
2.832509517669677734e+00	2.843632459640502930e+00	2.860825777053833008e+00	2.884083986282348633e+00	2.910908460617065430e+00	2.932892084121704102e+00	2.936527967453002930e+00	2.919943809509277344e+00	2.894984960556030273e+00	2.870642662048339844e+00	2.850725173950195312e+00	2.836413621902465820e+00	2.827335357666015625e+00	2.821609497070312500e+00	2.817115545272827148e+00	2.813102006912231445e+00	2.810278892517089844e+00	2.809701919555664062e+00	2.811658620834350586e+00	2.814875841140747070e+00	2.816509962081909180e+00	2.815081834793090820e+00	2.812219619750976562e+00	2.810306072235107422e+00	2.810709238052368164e+00	2.813559293746948242e+00	2.817926406860351562e+00	2.821609973907470703e+00	2.822504281997680664e+00	2.820692539215087891e+00	2.817656040191650391e+00	2.814638376235961914e+00	2.812314033508300781e+00	2.811079978942871094e+00	2.811357498168945312e+00	2.813647985458374023e+00	2.818356990814208984e+00	2.825614690780639648e+00	2.835385084152221680e+00	2.847720384597778320e+00	2.862226486206054688e+00	2.877197504043579102e+00	2.889304876327514648e+00	2.891366720199584961e+00	2.876189470291137695e+00	2.855010747909545898e+00	2.838420629501342773e+00	2.827054738998413086e+00	2.819345712661743164e+00	2.814421415328979492e+00	2.812062978744506836e+00	2.812114715576171875e+00	2.814255952835083008e+00	2.817940950393676758e+00	2.822482109069824219e+00	2.826791048049926758e+00	2.828815221786499023e+00	2.826759099960327148e+00	2.821582794189453125e+00	2.816146373748779297e+00	2.812512397766113281e+00	2.811157464981079102e+00	2.811574935913085938e+00	2.812632799148559570e+00	2.813054084777832031e+00	2.812801599502563477e+00	2.812689304351806641e+00	2.813475370407104492e+00	2.815983772277832031e+00	2.819463729858398438e+00	2.822746515274047852e+00	2.826315402984619141e+00
2.834462404251098633e+00	2.846213340759277344e+00	2.863674640655517578e+00	2.886569261550903320e+00	2.912482976913452148e+00	2.933463335037231445e+00	2.936537742614746094e+00	2.919987201690673828e+00	2.895213127136230469e+00	2.870888233184814453e+00	2.850783109664916992e+00	2.836215496063232422e+00	2.827011585235595703e+00	2.821418046951293945e+00	2.816962718963623047e+00	2.812866210937500000e+00	2.809870481491088867e+00	2.808967828750610352e+00	2.810493469238281250e+00	2.813327312469482422e+00	2.814870834350585938e+00	2.813623905181884766e+00	2.810999393463134766e+00	2.809240341186523438e+00	2.809653043746948242e+00	2.812439680099487305e+00	2.816773414611816406e+00	2.820511579513549805e+00	2.821593999862670898e+00	2.820083618164062500e+00	2.817419528961181641e+00	2.814749956130981445e+00	2.812497138977050781e+00	2.811100244522094727e+00	2.811260938644409180e+00	2.813557147979736328e+00	2.818355798721313477e+00	2.825693607330322266e+00	2.835437059402465820e+00	2.847605705261230469e+00	2.861875295639038086e+00	2.876655340194702148e+00	2.888695240020751953e+00	2.890925168991088867e+00	2.875988245010375977e+00	2.854939937591552734e+00	2.838469743728637695e+00	2.827154874801635742e+00	2.819355249404907227e+00	2.814227342605590820e+00	2.811666011810302734e+00	2.811641454696655273e+00	2.813913106918334961e+00	2.817891359329223633e+00	2.822603225708007812e+00	2.826812744140625000e+00	2.828639507293701172e+00	2.826415777206420898e+00	2.821158647537231445e+00	2.815776586532592773e+00	2.812179803848266602e+00	2.810785293579101562e+00	2.811166763305664062e+00	2.812167167663574219e+00	2.812451601028442383e+00	2.811909437179565430e+00	2.811776638031005859e+00	2.813135623931884766e+00	2.816097497940063477e+00	2.819845676422119141e+00	2.823477506637573242e+00	2.827588796615600586e+00
2.834686994552612305e+00	2.846382379531860352e+00	2.863976478576660156e+00	2.887022972106933594e+00	2.913014411926269531e+00	2.934099435806274414e+00	2.937162637710571289e+00	2.920396327972412109e+00	2.895458221435546875e+00	2.871093988418579102e+00	2.851002454757690430e+00	2.836375236511230469e+00	2.826912164688110352e+00	2.820961236953735352e+00	2.816510438919067383e+00	2.812641143798828125e+00	2.809926748275756836e+00	2.809439420700073242e+00	2.811502695083618164e+00	2.814789295196533203e+00	2.816367149353027344e+00	2.814768075942993164e+00	2.811660766601562500e+00	2.809461116790771484e+00	2.809713363647460938e+00	2.812735319137573242e+00	2.817372560501098633e+00	2.821209669113159180e+00	2.822171926498413086e+00	2.820368289947509766e+00	2.817337751388549805e+00	2.814374446868896484e+00	2.812181949615478516e+00	2.811160087585449219e+00	2.811678886413574219e+00	2.814166784286499023e+00	2.818999290466308594e+00	2.826360225677490234e+00	2.836212396621704102e+00	2.848154544830322266e+00	2.861927747726440430e+00	2.876358032226562500e+00	2.888018608093261719e+00	2.889583349227905273e+00	2.874571084976196289e+00	2.854180812835693359e+00	2.838306903839111328e+00	2.827467203140258789e+00	2.820019721984863281e+00	2.815064430236816406e+00	2.812536001205444336e+00	2.812434673309326172e+00	2.814511537551879883e+00	2.818263530731201172e+00	2.822995424270629883e+00	2.827462911605834961e+00	2.829499959945678711e+00	2.827350139617919922e+00	2.821964025497436523e+00	2.816414356231689453e+00	2.812901735305786133e+00	2.811635255813598633e+00	2.812112331390380859e+00	2.813021659851074219e+00	2.812898874282836914e+00	2.811801671981811523e+00	2.811291456222534180e+00	2.812674760818481445e+00	2.815994501113891602e+00	2.820142030715942383e+00	2.823968887329101562e+00	2.828003883361816406e+00
2.834390640258789062e+00	2.846018552780151367e+00	2.863710880279541016e+00	2.887130975723266602e+00	2.913698196411132812e+00	2.935295104980468750e+00	2.938506364822387695e+00	2.921388387680053711e+00	2.895869493484497070e+00	2.871080398559570312e+00	2.850785732269287109e+00	2.836059570312500000e+00	2.826611995697021484e+00	2.820876598358154297e+00	2.816744089126586914e+00	2.813112974166870117e+00	2.810464620590209961e+00	2.809895038604736328e+00	2.811883926391601562e+00	2.815276861190795898e+00	2.817075252532958984e+00	2.815669059753417969e+00	2.812679529190063477e+00	2.810344934463500977e+00	2.810181379318237305e+00	2.812826395034790039e+00	2.817457914352416992e+00	2.821628332138061523e+00	2.822962999343872070e+00	2.821247816085815430e+00	2.817991495132446289e+00	2.814768791198730469e+00	2.812433719635009766e+00	2.811403512954711914e+00	2.812029838562011719e+00	2.814692020416259766e+00	2.819676876068115234e+00	2.826981306076049805e+00	2.836312055587768555e+00	2.847978115081787109e+00	2.862124443054199219e+00	2.876949071884155273e+00	2.888776540756225586e+00	2.890390396118164062e+00	2.875338077545166016e+00	2.854626417160034180e+00	2.838409423828125000e+00	2.827390193939208984e+00	2.819926977157592773e+00	2.815097093582153320e+00	2.812735557556152344e+00	2.812751531600952148e+00	2.814908027648925781e+00	2.818799972534179688e+00	2.823727846145629883e+00	2.828271865844726562e+00	2.830116033554077148e+00	2.827546119689941406e+00	2.821849107742309570e+00	2.816282749176025391e+00	2.813107967376708984e+00	2.812615394592285156e+00	2.813429594039916992e+00	2.814055442810058594e+00	2.813629150390625000e+00	2.812302112579345703e+00	2.811562776565551758e+00	2.812736988067626953e+00	2.815936565399169922e+00	2.820072889328002930e+00	2.823888063430786133e+00	2.827829122543334961e+00
2.832144975662231445e+00	2.843543529510498047e+00	2.861101150512695312e+00	2.884510993957519531e+00	2.911261081695556641e+00	2.933331251144409180e+00	2.937194108963012695e+00	2.920498132705688477e+00	2.895140409469604492e+00	2.870387554168701172e+00	2.850129127502441406e+00	2.835525751113891602e+00	2.826221942901611328e+00	2.820631742477416992e+00	2.816761970520019531e+00	2.813416719436645508e+00	2.810942411422729492e+00	2.810323953628540039e+00	2.811935901641845703e+00	2.814823627471923828e+00	2.816419839859008789e+00	2.814993619918823242e+00	2.811931610107421875e+00	2.809679031372070312e+00	2.809858798980712891e+00	2.812830924987792969e+00	2.817535877227783203e+00	2.821648836135864258e+00	2.822831630706787109e+00	2.820825815200805664e+00	2.817434787750244141e+00	2.814304828643798828e+00	2.812164306640625000e+00	2.811201095581054688e+00	2.811619043350219727e+00	2.813975334167480469e+00	2.818773746490478516e+00	2.826167583465576172e+00	2.836283683776855469e+00	2.849180221557617188e+00	2.863661050796508789e+00	2.878269433975219727e+00	2.889797687530517578e+00	2.891045331954956055e+00	2.875510215759277344e+00	2.854157924652099609e+00	2.837375879287719727e+00	2.826046466827392578e+00	2.818636655807495117e+00	2.814061403274536133e+00	2.811923265457153320e+00	2.812053680419921875e+00	2.814210176467895508e+00	2.818086385726928711e+00	2.823164701461791992e+00	2.828122854232788086e+00	2.830725669860839844e+00	2.829028844833374023e+00	2.822925329208374023e+00	2.816286563873291016e+00	2.812134742736816406e+00	2.810907840728759766e+00	2.811763048171997070e+00	2.812963247299194336e+00	2.812860488891601562e+00	2.811589002609252930e+00	2.810789346694946289e+00	2.811846256256103516e+00	2.814890146255493164e+00	2.818801641464233398e+00	2.822297811508178711e+00	2.825888156890869141e+00
2.830105066299438477e+00	2.841447591781616211e+00	2.858936786651611328e+00	2.882469415664672852e+00	2.909539937973022461e+00	2.932059764862060547e+00	2.936803102493286133e+00	2.921064376831054688e+00	2.896239280700683594e+00	2.871522665023803711e+00	2.850797653198242188e+00	2.835381031036376953e+00	2.825295925140380859e+00	2.819341421127319336e+00	2.815659999847412109e+00	2.813154220581054688e+00	2.811870098114013672e+00	2.810400009155273438e+00	2.810040712356567383e+00	2.811585903167724609e+00	2.812947034835815430e+00	2.812223672866821289e+00	2.810067892074584961e+00	2.808525562286376953e+00	2.808994054794311523e+00	2.811660289764404297e+00	2.815652608871459961e+00	2.819122076034545898e+00	2.820234537124633789e+00	2.818895101547241211e+00	2.816440105438232422e+00	2.814123153686523438e+00	2.812459707260131836e+00	2.811090707778930664e+00	2.810817003250122070e+00	2.812933444976806641e+00	2.817807197570800781e+00	2.825520992279052734e+00	2.835869312286376953e+00	2.848068714141845703e+00	2.862248897552490234e+00	2.876977205276489258e+00	2.888768434524536133e+00	2.890322446823120117e+00	2.874628543853759766e+00	2.852894306182861328e+00	2.835769653320312500e+00	2.824244260787963867e+00	2.816888093948364258e+00	2.812533617019653320e+00	2.810561180114746094e+00	2.810687303543090820e+00	2.812743425369262695e+00	2.816556215286254883e+00	2.821662187576293945e+00	2.826757669448852539e+00	2.829510211944580078e+00	2.827690124511718750e+00	2.821475744247436523e+00	2.814950704574584961e+00	2.810760736465454102e+00	2.809327125549316406e+00	2.809955358505249023e+00	2.811243295669555664e+00	2.811766624450683594e+00	2.811391592025756836e+00	2.810997962951660156e+00	2.811277151107788086e+00	2.813277959823608398e+00	2.816541910171508789e+00	2.819931507110595703e+00	2.823724031448364258e+00
2.832246780395507812e+00	2.843433856964111328e+00	2.860939741134643555e+00	2.884807825088500977e+00	2.912487030029296875e+00	2.935487270355224609e+00	2.939986944198608398e+00	2.923666477203369141e+00	2.898404359817504883e+00	2.873510360717773438e+00	2.852921485900878906e+00	2.837879657745361328e+00	2.828134775161743164e+00	2.822149991989135742e+00	2.817869186401367188e+00	2.814146995544433594e+00	2.811467409133911133e+00	2.810979127883911133e+00	2.813152074813842773e+00	2.816651821136474609e+00	2.818166255950927734e+00	2.816100358963012695e+00	2.812523365020751953e+00	2.810055971145629883e+00	2.810197114944458008e+00	2.813183069229125977e+00	2.817864894866943359e+00	2.821727991104125977e+00	2.822640657424926758e+00	2.820819854736328125e+00	2.817823171615600586e+00	2.814892530441284180e+00	2.812685012817382812e+00	2.811601400375366211e+00	2.812095642089843750e+00	2.814689159393310547e+00	2.819751739501953125e+00	2.827352762222290039e+00	2.837401866912841797e+00	2.849804878234863281e+00	2.864238977432250977e+00	2.879135608673095703e+00	2.890920639038085938e+00	2.892508506774902344e+00	2.877202272415161133e+00	2.856210470199584961e+00	2.839712619781494141e+00	2.828332424163818359e+00	2.820511102676391602e+00	2.815356254577636719e+00	2.812696218490600586e+00	2.812438011169433594e+00	2.814372301101684570e+00	2.818178892135620117e+00	2.823262929916381836e+00	2.828253030776977539e+00	2.830831289291381836e+00	2.829223871231079102e+00	2.824066400527954102e+00	2.817447185516357422e+00	2.812729835510253906e+00	2.811158657073974609e+00	2.811981439590454102e+00	2.813561916351318359e+00	2.814207315444946289e+00	2.813728570938110352e+00	2.812918424606323242e+00	2.813076257705688477e+00	2.815335273742675781e+00	2.818836450576782227e+00	2.822324752807617188e+00	2.826041460037231445e+00
2.828937053680419922e+00	2.840308904647827148e+00	2.857694149017333984e+00	2.881204843521118164e+00	2.908465147018432617e+00	2.931216478347778320e+00	2.935840606689453125e+00	2.919859409332275391e+00	2.894603967666625977e+00	2.869403839111328125e+00	2.848411560058593750e+00	2.832912445068359375e+00	2.822666883468627930e+00	2.816206455230712891e+00	2.811612129211425781e+00	2.807864427566528320e+00	2.805463314056396484e+00	2.805449485778808594e+00	2.808135986328125000e+00	2.811976671218872070e+00	2.813477039337158203e+00	2.811202287673950195e+00	2.807522296905517578e+00	2.805111885070800781e+00	2.805358409881591797e+00	2.808413743972778320e+00	2.813088417053222656e+00	2.816818237304687500e+00	2.817514419555664062e+00	2.815562725067138672e+00	2.812568664550781250e+00	2.809667587280273438e+00	2.807456970214843750e+00	2.806344509124755859e+00	2.806811332702636719e+00	2.809432744979858398e+00	2.814649581909179688e+00	2.822577714920043945e+00	2.833118915557861328e+00	2.846245050430297852e+00	2.861631870269775391e+00	2.877457618713378906e+00	2.889683723449707031e+00	2.890651464462280273e+00	2.874243497848510742e+00	2.852761745452880859e+00	2.836096286773681641e+00	2.824524402618408203e+00	2.816337347030639648e+00	2.810733556747436523e+00	2.807695865631103516e+00	2.807174205780029297e+00	2.808887720108032227e+00	2.812424421310424805e+00	2.817190647125244141e+00	2.821944236755371094e+00	2.824409723281860352e+00	2.822558403015136719e+00	2.817214965820312500e+00	2.811398983001708984e+00	2.807489871978759766e+00	2.806286096572875977e+00	2.807265758514404297e+00	2.808909416198730469e+00	2.809421300888061523e+00	2.808321475982666016e+00	2.807061910629272461e+00	2.807450532913208008e+00	2.809992790222167969e+00	2.813875913619995117e+00	2.817918539047241211e+00	2.822254419326782227e+00
2.822946071624755859e+00	2.834533929824829102e+00	2.851818561553955078e+00	2.874793291091918945e+00	2.901486635208129883e+00	2.923926591873168945e+00	2.928609609603881836e+00	2.913050651550292969e+00	2.888586521148681641e+00	2.864433526992797852e+00	2.844497680664062500e+00	2.829848527908325195e+00	2.820060253143310547e+00	2.813510656356811523e+00	2.808375835418701172e+00	2.804062604904174805e+00	2.801425457000732422e+00	2.801541566848754883e+00	2.804727554321289062e+00	2.809375762939453125e+00	2.811114311218261719e+00	2.808438777923583984e+00	2.804325103759765625e+00	2.801492929458618164e+00	2.801288127899169922e+00	2.803932189941406250e+00	2.808376312255859375e+00	2.812137365341186523e+00	2.813035249710083008e+00	2.811275243759155273e+00	2.808399438858032227e+00	2.805608272552490234e+00	2.803532361984252930e+00	2.802570581436157227e+00	2.803210735321044922e+00	2.806030750274658203e+00	2.811423063278198242e+00	2.819429397583007812e+00	2.830019474029541016e+00	2.843361139297485352e+00	2.859137058258056641e+00	2.875365257263183594e+00	2.887934923171997070e+00	2.889047861099243164e+00	2.872313022613525391e+00	2.850157976150512695e+00	2.832781076431274414e+00	2.820623397827148438e+00	2.812077760696411133e+00	2.806248664855957031e+00	2.802951335906982422e+00	2.802096128463745117e+00	2.803449392318725586e+00	2.806639909744262695e+00	2.811143636703491211e+00	2.815852403640747070e+00	2.818580627441406250e+00	2.817245721817016602e+00	2.812518358230590820e+00	2.807302474975585938e+00	2.803821563720703125e+00	2.802733898162841797e+00	2.803564310073852539e+00	2.804921388626098633e+00	2.805128335952758789e+00	2.803916931152343750e+00	2.802730798721313477e+00	2.802988529205322266e+00	2.805069684982299805e+00	2.808362483978271484e+00	2.811961889266967773e+00	2.816141843795776367e+00
2.816026210784912109e+00	2.828434467315673828e+00	2.845925569534301758e+00	2.868150949478149414e+00	2.892992019653320312e+00	2.913357734680175781e+00	2.918288230895996094e+00	2.905712127685546875e+00	2.883825778961181641e+00	2.860847234725952148e+00	2.841064929962158203e+00	2.825791835784912109e+00	2.814754009246826172e+00	2.806781291961669922e+00	2.800520896911621094e+00	2.795442342758178711e+00	2.792107820510864258e+00	2.791058301925659180e+00	2.792194366455078125e+00	2.794536590576171875e+00	2.796089172363281250e+00	2.795401096343994141e+00	2.793298959732055664e+00	2.791696071624755859e+00	2.791877746582031250e+00	2.793892860412597656e+00	2.796833515167236328e+00	2.799276113510131836e+00	2.799861431121826172e+00	2.798538684844970703e+00	2.796302318572998047e+00	2.794137477874755859e+00	2.792651891708374023e+00	2.792204380035400391e+00	2.793245792388916016e+00	2.796240568161010742e+00	2.801441669464111328e+00	2.809032917022705078e+00	2.819454431533813477e+00	2.833308458328247070e+00	2.850275516510009766e+00	2.867877244949340820e+00	2.881481170654296875e+00	2.882937669754028320e+00	2.865426301956176758e+00	2.841899871826171875e+00	2.823275804519653320e+00	2.810380220413208008e+00	2.801709413528442383e+00	2.796156883239746094e+00	2.793178558349609375e+00	2.792390584945678711e+00	2.793411016464233398e+00	2.795782566070556641e+00	2.798919200897216797e+00	2.801915168762207031e+00	2.803360462188720703e+00	2.802125215530395508e+00	2.798831701278686523e+00	2.795392036437988281e+00	2.793214082717895508e+00	2.792640447616577148e+00	2.793299913406372070e+00	2.794313669204711914e+00	2.794614791870117188e+00	2.793942213058471680e+00	2.793389081954956055e+00	2.794010877609252930e+00	2.796032905578613281e+00	2.799120187759399414e+00	2.802957296371459961e+00	2.808067083358764648e+00
2.799816370010375977e+00	2.807347297668457031e+00	2.817504882812500000e+00	2.830601453781127930e+00	2.846511363983154297e+00	2.863737583160400391e+00	2.878001928329467773e+00	2.883110046386718750e+00	2.876861810684204102e+00	2.863557338714599609e+00	2.847230672836303711e+00	2.830902814865112305e+00	2.816599607467651367e+00	2.805056810379028320e+00	2.796267747879028320e+00	2.789665937423706055e+00	2.784572362899780273e+00	2.780785083770751953e+00	2.778702974319458008e+00	2.778785228729248047e+00	2.780891656875610352e+00	2.782921314239501953e+00	2.784190177917480469e+00	2.786624431610107422e+00	2.789451122283935547e+00	2.790624380111694336e+00	2.789727926254272461e+00	2.788209676742553711e+00	2.786563873291015625e+00	2.784685611724853516e+00	2.783011436462402344e+00	2.782003879547119141e+00	2.782156467437744141e+00	2.784158706665039062e+00	2.788192033767700195e+00	2.793095111846923828e+00	2.797658443450927734e+00	2.802869081497192383e+00	2.810635089874267578e+00	2.821742296218872070e+00	2.834707021713256836e+00	2.842960357666015625e+00	2.839433431625366211e+00	2.826586961746215820e+00	2.813068866729736328e+00	2.802658081054687500e+00	2.795453786849975586e+00	2.790726423263549805e+00	2.787553071975708008e+00	2.785327434539794922e+00	2.783835411071777344e+00	2.782833814620971680e+00	2.782197237014770508e+00	2.782029151916503906e+00	2.782383203506469727e+00	2.783112287521362305e+00	2.783808469772338867e+00	2.783959150314331055e+00	2.783791303634643555e+00	2.783553838729858398e+00	2.783050298690795898e+00	2.782335758209228516e+00	2.782024621963500977e+00	2.782977819442749023e+00	2.784551143646240234e+00	2.784930467605590820e+00	2.784668207168579102e+00	2.784345388412475586e+00	2.784811496734619141e+00	2.786398410797119141e+00	2.789391040802001953e+00	2.793940782546997070e+00
2.814257860183715820e+00	2.820256471633911133e+00	2.830341815948486328e+00	2.845748901367187500e+00	2.865947723388671875e+00	2.888444900512695312e+00	2.907945394515991211e+00	2.916691303253173828e+00	2.910933732986450195e+00	2.895087957382202148e+00	2.875350713729858398e+00	2.856056213378906250e+00	2.840014696121215820e+00	2.828474283218383789e+00	2.820992708206176758e+00	2.815854310989379883e+00	2.811737537384033203e+00	2.808595657348632812e+00	2.806835651397705078e+00	2.806553363800048828e+00	2.807370662689208984e+00	2.808831453323364258e+00	2.810528755187988281e+00	2.812119960784912109e+00	2.814107179641723633e+00	2.816650152206420898e+00	2.818507432937622070e+00	2.818874359130859375e+00	2.817525386810302734e+00	2.814818620681762695e+00	2.811717987060546875e+00	2.809178113937377930e+00	2.807986021041870117e+00	2.808819055557250977e+00	2.812373399734497070e+00	2.819223403930664062e+00	2.829924106597900391e+00	2.845054864883422852e+00	2.864600419998168945e+00	2.886574506759643555e+00	2.904851436614990234e+00	2.908729553222656250e+00	2.890387296676635742e+00	2.865397214889526367e+00	2.844987869262695312e+00	2.829946279525756836e+00	2.818936586380004883e+00	2.811261177062988281e+00	2.806813001632690430e+00	2.805326938629150391e+00	2.805985450744628906e+00	2.807622909545898438e+00	2.809466123580932617e+00	2.811266183853149414e+00	2.813015460968017578e+00	2.814693212509155273e+00	2.815912485122680664e+00	2.815716981887817383e+00	2.813341856002807617e+00	2.809606075286865234e+00	2.806442260742187500e+00	2.805121660232543945e+00	2.805922746658325195e+00	2.808513641357421875e+00	2.811843872070312500e+00	2.814116239547729492e+00	2.814284086227416992e+00	2.812614440917968750e+00	2.810410499572753906e+00	2.809184551239013672e+00	2.809254169464111328e+00	2.810787439346313477e+00
2.812902927398681641e+00	2.819053411483764648e+00	2.829490661621093750e+00	2.844971895217895508e+00	2.865010261535644531e+00	2.887517213821411133e+00	2.907296180725097656e+00	2.916113615036010742e+00	2.910114288330078125e+00	2.894198656082153320e+00	2.874795675277709961e+00	2.856151580810546875e+00	2.840840339660644531e+00	2.829799652099609375e+00	2.822371482849121094e+00	2.817144632339477539e+00	2.813128471374511719e+00	2.809752941131591797e+00	2.807688474655151367e+00	2.807276248931884766e+00	2.807743072509765625e+00	2.808538198471069336e+00	2.809811830520629883e+00	2.811777591705322266e+00	2.814167737960815430e+00	2.816665410995483398e+00	2.818653821945190430e+00	2.819250583648681641e+00	2.817954540252685547e+00	2.815134286880493164e+00	2.811907052993774414e+00	2.809464931488037109e+00	2.808690547943115234e+00	2.809871196746826172e+00	2.812939167022705078e+00	2.818766117095947266e+00	2.828510761260986328e+00	2.842998743057250977e+00	2.862349271774291992e+00	2.884514570236206055e+00	2.903613805770874023e+00	2.908407926559448242e+00	2.890582561492919922e+00	2.865804433822631836e+00	2.845432281494140625e+00	2.830395221710205078e+00	2.819457292556762695e+00	2.811841964721679688e+00	2.807275056838989258e+00	2.805424213409423828e+00	2.805595397949218750e+00	2.807034730911254883e+00	2.809131145477294922e+00	2.811302185058593750e+00	2.813126087188720703e+00	2.814408779144287109e+00	2.815075874328613281e+00	2.814648866653442383e+00	2.812539100646972656e+00	2.809388160705566406e+00	2.806796550750732422e+00	2.805883407592773438e+00	2.806895017623901367e+00	2.809309005737304688e+00	2.811880588531494141e+00	2.813109636306762695e+00	2.812468767166137695e+00	2.810868024826049805e+00	2.809180736541748047e+00	2.808286190032958984e+00	2.808439731597900391e+00	2.809765338897705078e+00
2.789324522018432617e+00	2.795227289199829102e+00	2.805198669433593750e+00	2.819600105285644531e+00	2.837594032287597656e+00	2.856686830520629883e+00	2.871701478958129883e+00	2.877051830291748047e+00	2.871782779693603516e+00	2.857693195343017578e+00	2.841111898422241211e+00	2.825708389282226562e+00	2.812865018844604492e+00	2.803159952163696289e+00	2.795825958251953125e+00	2.789542675018310547e+00	2.784587383270263672e+00	2.781456470489501953e+00	2.779845237731933594e+00	2.779289960861206055e+00	2.779361486434936523e+00	2.779945611953735352e+00	2.781190156936645508e+00	2.783183336257934570e+00	2.785737276077270508e+00	2.788400650024414062e+00	2.790444374084472656e+00	2.791053295135498047e+00	2.789899587631225586e+00	2.787348031997680664e+00	2.784339904785156250e+00	2.782100439071655273e+00	2.781477451324462891e+00	2.782920122146606445e+00	2.787260293960571289e+00	2.792384147644042969e+00	2.798192024230957031e+00	2.806607961654663086e+00	2.816869735717773438e+00	2.828779458999633789e+00	2.841090202331542969e+00	2.848666906356811523e+00	2.844325065612792969e+00	2.830309867858886719e+00	2.815607547760009766e+00	2.804020643234252930e+00	2.795889139175415039e+00	2.790537834167480469e+00	2.787056684494018555e+00	2.784968376159667969e+00	2.784003496170043945e+00	2.783882856369018555e+00	2.784290552139282227e+00	2.785079479217529297e+00	2.786230087280273438e+00	2.787429809570312500e+00	2.788153886795043945e+00	2.788145542144775391e+00	2.787161588668823242e+00	2.785802841186523438e+00	2.784732103347778320e+00	2.784146785736083984e+00	2.784458160400390625e+00	2.784456968307495117e+00	2.784345865249633789e+00	2.784157991409301758e+00	2.783747911453247070e+00	2.783444404602050781e+00	2.783336639404296875e+00	2.783660173416137695e+00	2.784623146057128906e+00	2.786278724670410156e+00
2.813328742980957031e+00	2.814040899276733398e+00	2.814232587814331055e+00	2.814564943313598633e+00	2.815672397613525391e+00	2.818218946456909180e+00	2.823403596878051758e+00	2.832572460174560547e+00	2.846261739730834961e+00	2.863576173782348633e+00	2.881898641586303711e+00	2.896854639053344727e+00	2.903471946716308594e+00	2.899571895599365234e+00	2.886930465698242188e+00	2.869271755218505859e+00	2.851603031158447266e+00	2.837647914886474609e+00	2.828665018081665039e+00	2.823796749114990234e+00	2.821070194244384766e+00	2.818947315216064453e+00	2.817054748535156250e+00	2.815364360809326172e+00	2.813741207122802734e+00	2.812564134597778320e+00	2.812583208084106445e+00	2.814733743667602539e+00	2.820704460144042969e+00	2.831864595413208008e+00	2.848676204681396484e+00	2.873071670532226562e+00	2.895265817642211914e+00	2.892044067382812500e+00	2.880956172943115234e+00	2.867732048034667969e+00	2.854130506515502930e+00	2.839625835418701172e+00	2.827106475830078125e+00	2.818495273590087891e+00	2.813420772552490234e+00	2.810742616653442383e+00	2.809752464294433594e+00	2.810332536697387695e+00	2.812503576278686523e+00	2.816027879714965820e+00	2.820282220840454102e+00	2.823889732360839844e+00	2.824975967407226562e+00	2.822941780090332031e+00	2.818956136703491211e+00	2.814840555191040039e+00	2.811731576919555664e+00	2.809891462326049805e+00	2.809093952178955078e+00	2.809342145919799805e+00	2.811283111572265625e+00	2.815942525863647461e+00	2.823772192001342773e+00	2.833870887756347656e+00	2.845240592956542969e+00	2.859345197677612305e+00	2.879206180572509766e+00	2.899175405502319336e+00	2.898991584777832031e+00	2.871603012084960938e+00	2.846427679061889648e+00	2.828933477401733398e+00	2.818476915359497070e+00	2.813309669494628906e+00	2.811733961105346680e+00	2.812208890914916992e+00
2.813570261001586914e+00	2.815588951110839844e+00	2.817136526107788086e+00	2.818423509597778320e+00	2.819233655929565430e+00	2.820717811584472656e+00	2.824565887451171875e+00	2.832231760025024414e+00	2.844444513320922852e+00	2.860522031784057617e+00	2.878154516220092773e+00	2.893326520919799805e+00	2.901224613189697266e+00	2.899268627166748047e+00	2.888419866561889648e+00	2.871458292007446289e+00	2.853498458862304688e+00	2.839014768600463867e+00	2.829525709152221680e+00	2.824591636657714844e+00	2.822432994842529297e+00	2.820898532867431641e+00	2.819066286087036133e+00	2.817033529281616211e+00	2.815131902694702148e+00	2.813770294189453125e+00	2.814158678054809570e+00	2.817944288253784180e+00	2.826076269149780273e+00	2.837903261184692383e+00	2.855475664138793945e+00	2.888827800750732422e+00	2.931182146072387695e+00	2.902525186538696289e+00	2.881027221679687500e+00	2.865914106369018555e+00	2.851121902465820312e+00	2.835931777954101562e+00	2.824007272720336914e+00	2.816469669342041016e+00	2.812084197998046875e+00	2.809831619262695312e+00	2.809477806091308594e+00	2.810922622680664062e+00	2.814153194427490234e+00	2.818964004516601562e+00	2.824292659759521484e+00	2.827869176864624023e+00	2.827763795852661133e+00	2.824181079864501953e+00	2.818833827972412109e+00	2.813640356063842773e+00	2.809896945953369141e+00	2.808005809783935547e+00	2.807867288589477539e+00	2.809490203857421875e+00	2.813268661499023438e+00	2.819872379302978516e+00	2.829243659973144531e+00	2.840057134628295898e+00	2.851760864257812500e+00	2.865799427032470703e+00	2.884273529052734375e+00	2.900987625122070312e+00	2.892343759536743164e+00	2.864212512969970703e+00	2.840530633926391602e+00	2.825023174285888672e+00	2.815864801406860352e+00	2.811296701431274414e+00	2.810124158859252930e+00	2.811321496963500977e+00
2.813618659973144531e+00	2.815129756927490234e+00	2.816075086593627930e+00	2.817072629928588867e+00	2.818344354629516602e+00	2.820212364196777344e+00	2.824089050292968750e+00	2.831774711608886719e+00	2.844073295593261719e+00	2.860254049301147461e+00	2.878047227859497070e+00	2.893535375595092773e+00	2.901781082153320312e+00	2.900071620941162109e+00	2.889488697052001953e+00	2.872660160064697266e+00	2.854577302932739258e+00	2.839893341064453125e+00	2.829938888549804688e+00	2.824314594268798828e+00	2.821536302566528320e+00	2.819615364074707031e+00	2.817941427230834961e+00	2.816624164581298828e+00	2.815403938293457031e+00	2.814452409744262695e+00	2.814889907836914062e+00	2.818607807159423828e+00	2.826483488082885742e+00	2.837988615036010742e+00	2.855817079544067383e+00	2.888551235198974609e+00	2.932395935058593750e+00	2.905579090118408203e+00	2.881860017776489258e+00	2.866034507751464844e+00	2.851088047027587891e+00	2.835942268371582031e+00	2.823960065841674805e+00	2.816201210021972656e+00	2.811805725097656250e+00	2.809853315353393555e+00	2.809845685958862305e+00	2.811576128005981445e+00	2.814927577972412109e+00	2.819465637207031250e+00	2.823918819427490234e+00	2.826746225357055664e+00	2.826692581176757812e+00	2.823419332504272461e+00	2.818425178527832031e+00	2.813619613647460938e+00	2.810125827789306641e+00	2.808259487152099609e+00	2.807974338531494141e+00	2.809407234191894531e+00	2.813126564025878906e+00	2.819865226745605469e+00	2.829465150833129883e+00	2.840487480163574219e+00	2.852348327636718750e+00	2.866551399230957031e+00	2.885422945022583008e+00	2.902279615402221680e+00	2.892230033874511719e+00	2.863740921020507812e+00	2.840333700180053711e+00	2.824977874755859375e+00	2.815915822982788086e+00	2.811499834060668945e+00	2.810442209243774414e+00	2.811630487442016602e+00
2.797060012817382812e+00	2.800937175750732422e+00	2.806775331497192383e+00	2.814516305923461914e+00	2.823213577270507812e+00	2.831245183944702148e+00	2.837353229522705078e+00	2.841878890991210938e+00	2.846044540405273438e+00	2.850188732147216797e+00	2.853940963745117188e+00	2.856568098068237305e+00	2.856841802597045898e+00	2.853659391403198242e+00	2.847171306610107422e+00	2.838522672653198242e+00	2.828953266143798828e+00	2.819143772125244141e+00	2.809360504150390625e+00	2.801335573196411133e+00	2.795933008193969727e+00	2.792677402496337891e+00	2.791279792785644531e+00	2.791686058044433594e+00	2.793218851089477539e+00	2.794872760772705078e+00	2.796762704849243164e+00	2.799361467361450195e+00	2.802251100540161133e+00	2.804574251174926758e+00	2.806205511093139648e+00	2.807308673858642578e+00	2.808207035064697266e+00	2.808258771896362305e+00	2.807246923446655273e+00	2.807832717895507812e+00	2.807654619216918945e+00	2.805576562881469727e+00	2.803662776947021484e+00	2.803453207015991211e+00	2.804897785186767578e+00	2.807293891906738281e+00	2.809979677200317383e+00	2.812693834304809570e+00	2.815228223800659180e+00	2.816334009170532227e+00	2.814063072204589844e+00	2.809095382690429688e+00	2.803874731063842773e+00	2.798956632614135742e+00	2.794452190399169922e+00	2.790817975997924805e+00	2.788636445999145508e+00	2.788378715515136719e+00	2.790291309356689453e+00	2.794387102127075195e+00	2.800343990325927734e+00	2.807230472564697266e+00	2.812896490097045898e+00	2.815549612045288086e+00	2.815559387207031250e+00	2.812991619110107422e+00	2.808980464935302734e+00	2.805150270462036133e+00	2.801181554794311523e+00	2.798226356506347656e+00	2.796983957290649414e+00	2.796774625778198242e+00	2.796399354934692383e+00	2.795447826385498047e+00	2.794642925262451172e+00	2.795001983642578125e+00
2.813530921936035156e+00	2.809428930282592773e+00	2.807091474533081055e+00	2.806469678878784180e+00	2.806784868240356445e+00	2.806862115859985352e+00	2.806183099746704102e+00	2.805433273315429688e+00	2.805051565170288086e+00	2.806273937225341797e+00	2.809789180755615234e+00	2.815082311630249023e+00	2.821993350982666016e+00	2.831389188766479492e+00	2.843958139419555664e+00	2.859165906906127930e+00	2.876760482788085938e+00	2.894040822982788086e+00	2.905790805816650391e+00	2.906912565231323242e+00	2.896875143051147461e+00	2.880062103271484375e+00	2.861846923828125000e+00	2.845689296722412109e+00	2.833188533782958984e+00	2.824776411056518555e+00	2.819604158401489258e+00	2.816379547119140625e+00	2.814116239547729492e+00	2.812277078628540039e+00	2.811113119125366211e+00	2.811181306838989258e+00	2.812134027481079102e+00	2.813370704650878906e+00	2.814852237701416016e+00	2.816563367843627930e+00	2.818274736404418945e+00	2.819571971893310547e+00	2.819606542587280273e+00	2.817868232727050781e+00	2.814835548400878906e+00	2.811469554901123047e+00	2.808522701263427734e+00	2.806437492370605469e+00	2.805578947067260742e+00	2.806315898895263672e+00	2.808816194534301758e+00	2.813374757766723633e+00	2.820668697357177734e+00	2.831347942352294922e+00	2.846446752548217773e+00	2.866806268692016602e+00	2.885155677795410156e+00	2.886681079864501953e+00	2.873770236968994141e+00	2.856903553009033203e+00	2.842836856842041016e+00	2.832752943038940430e+00	2.825533628463745117e+00	2.819911003112792969e+00	2.815509080886840820e+00	2.812569856643676758e+00	2.811327219009399414e+00	2.811843872070312500e+00	2.813970088958740234e+00	2.817260742187500000e+00	2.821009874343872070e+00	2.824391603469848633e+00	2.826448678970336914e+00	2.826292991638183594e+00	2.823485374450683594e+00	2.818695306777954102e+00
2.812020540237426758e+00	2.807641029357910156e+00	2.805142641067504883e+00	2.804639816284179688e+00	2.805241584777832031e+00	2.805292129516601562e+00	2.803948879241943359e+00	2.802121639251708984e+00	2.801308631896972656e+00	2.802673101425170898e+00	2.806431531906127930e+00	2.812093019485473633e+00	2.819329738616943359e+00	2.828630924224853516e+00	2.840719699859619141e+00	2.855940103530883789e+00	2.873852729797363281e+00	2.891611576080322266e+00	2.904037475585937500e+00	2.905863285064697266e+00	2.896415472030639648e+00	2.880008697509765625e+00	2.861802339553833008e+00	2.845322608947753906e+00	2.832483291625976562e+00	2.823778867721557617e+00	2.818358421325683594e+00	2.814850091934204102e+00	2.812125205993652344e+00	2.809825181961059570e+00	2.808404684066772461e+00	2.808213710784912109e+00	2.808988094329833984e+00	2.810446500778198242e+00	2.812572240829467773e+00	2.815064191818237305e+00	2.817141771316528320e+00	2.818097829818725586e+00	2.817536592483520508e+00	2.815398693084716797e+00	2.812294483184814453e+00	2.809058904647827148e+00	2.806272268295288086e+00	2.804269790649414062e+00	2.803341388702392578e+00	2.803960800170898438e+00	2.806802511215209961e+00	2.812379598617553711e+00	2.820635080337524414e+00	2.831431627273559570e+00	2.845923900604248047e+00	2.865082263946533203e+00	2.881787538528442383e+00	2.882984638214111328e+00	2.870805501937866211e+00	2.854671239852905273e+00	2.840828657150268555e+00	2.830443382263183594e+00	2.822740077972412109e+00	2.816837787628173828e+00	2.812435388565063477e+00	2.809664487838745117e+00	2.808641433715820312e+00	2.809412956237792969e+00	2.811800003051757812e+00	2.815297842025756836e+00	2.819267511367797852e+00	2.822880744934082031e+00	2.825091123580932617e+00	2.825002670288085938e+00	2.822221755981445312e+00	2.817383289337158203e+00
2.803700208663940430e+00	2.799510240554809570e+00	2.797633886337280273e+00	2.797926425933837891e+00	2.800355195999145508e+00	2.803617000579833984e+00	2.804112195968627930e+00	2.799655437469482422e+00	2.796049833297729492e+00	2.796065092086791992e+00	2.799395322799682617e+00	2.805299758911132812e+00	2.813181877136230469e+00	2.822916030883789062e+00	2.834481000900268555e+00	2.847687005996704102e+00	2.861947298049926758e+00	2.875815629959106445e+00	2.886566162109375000e+00	2.890122890472412109e+00	2.884531497955322266e+00	2.872791767120361328e+00	2.859008789062500000e+00	2.845133066177368164e+00	2.831984519958496094e+00	2.820702552795410156e+00	2.812410831451416016e+00	2.807411432266235352e+00	2.804842948913574219e+00	2.803278446197509766e+00	2.802034378051757812e+00	2.801511526107788086e+00	2.802211999893188477e+00	2.804038286209106445e+00	2.806267023086547852e+00	2.807279825210571289e+00	2.806221723556518555e+00	2.804294586181640625e+00	2.802524328231811523e+00	2.800902843475341797e+00	2.799196481704711914e+00	2.797499418258666992e+00	2.796030998229980469e+00	2.795024633407592773e+00	2.795061111450195312e+00	2.797105789184570312e+00	2.802026510238647461e+00	2.809902191162109375e+00	2.819169521331787109e+00	2.827192783355712891e+00	2.832883358001708984e+00	2.836632966995239258e+00	2.839793682098388672e+00	2.841342926025390625e+00	2.837252140045166016e+00	2.828256368637084961e+00	2.819351434707641602e+00	2.812451362609863281e+00	2.808067083358764648e+00	2.806411981582641602e+00	2.806908130645751953e+00	2.807932138442993164e+00	2.808010578155517578e+00	2.807639598846435547e+00	2.808437824249267578e+00	2.811526298522949219e+00	2.816719770431518555e+00	2.822449207305908203e+00	2.826195240020751953e+00	2.824938058853149414e+00	2.818386793136596680e+00	2.810307264328002930e+00
2.812076568603515625e+00	2.808907985687255859e+00	2.805894136428833008e+00	2.803393602371215820e+00	2.802109956741333008e+00	2.801519632339477539e+00	2.800150394439697266e+00	2.798134565353393555e+00	2.796517133712768555e+00	2.795840024948120117e+00	2.796118021011352539e+00	2.796946048736572266e+00	2.797957897186279297e+00	2.799264669418334961e+00	2.801458120346069336e+00	2.805302143096923828e+00	2.811446905136108398e+00	2.820539712905883789e+00	2.833281040191650391e+00	2.849624395370483398e+00	2.868166685104370117e+00	2.886258363723754883e+00	2.900198936462402344e+00	2.905910730361938477e+00	2.900341510772705078e+00	2.884591341018676758e+00	2.864282608032226562e+00	2.844810247421264648e+00	2.828667402267456055e+00	2.816510200500488281e+00	2.808407545089721680e+00	2.804014205932617188e+00	2.802538633346557617e+00	2.802985668182373047e+00	2.804109334945678711e+00	2.804694175720214844e+00	2.804172992706298828e+00	2.802912235260009766e+00	2.801671981811523438e+00	2.800798654556274414e+00	2.800128459930419922e+00	2.799530744552612305e+00	2.799028396606445312e+00	2.798831939697265625e+00	2.800067186355590820e+00	2.804656267166137695e+00	2.814094781875610352e+00	2.827465534210205078e+00	2.838187694549560547e+00	2.841199874877929688e+00	2.839842319488525391e+00	2.834995746612548828e+00	2.826259374618530273e+00	2.814269065856933594e+00	2.804710388183593750e+00	2.800150394439697266e+00	2.799604892730712891e+00	2.802019357681274414e+00	2.806286334991455078e+00	2.810814857482910156e+00	2.813924312591552734e+00	2.814726829528808594e+00	2.813359022140502930e+00	2.810770988464355469e+00	2.808928966522216797e+00	2.809989213943481445e+00	2.815170764923095703e+00	2.823498725891113281e+00	2.830672264099121094e+00	2.830811262130737305e+00	2.823884963989257812e+00	2.816647291183471680e+00
2.806458234786987305e+00	2.805971145629882812e+00	2.807132720947265625e+00	2.809999227523803711e+00	2.814120054244995117e+00	2.816363096237182617e+00	2.813585042953491211e+00	2.807518005371093750e+00	2.801962375640869141e+00	2.798286437988281250e+00	2.796437501907348633e+00	2.795919895172119141e+00	2.796318054199218750e+00	2.797605514526367188e+00	2.800180673599243164e+00	2.804650545120239258e+00	2.811685800552368164e+00	2.822050333023071289e+00	2.836422920227050781e+00	2.854564428329467773e+00	2.874759912490844727e+00	2.893394231796264648e+00	2.905426740646362305e+00	2.907056570053100586e+00	2.897526741027832031e+00	2.880196332931518555e+00	2.860715389251708984e+00	2.843305349349975586e+00	2.829457044601440430e+00	2.818918943405151367e+00	2.811480998992919922e+00	2.807009458541870117e+00	2.805024147033691406e+00	2.804562807083129883e+00	2.804540634155273438e+00	2.804154396057128906e+00	2.803134202957153320e+00	2.801794290542602539e+00	2.800663709640502930e+00	2.800038099288940430e+00	2.799969911575317383e+00	2.800413370132446289e+00	2.801156997680664062e+00	2.802248001098632812e+00	2.804659128189086914e+00	2.810028076171875000e+00	2.819872856140136719e+00	2.833642005920410156e+00	2.844700813293457031e+00	2.846201658248901367e+00	2.842351675033569336e+00	2.835490703582763672e+00	2.826023340225219727e+00	2.815981626510620117e+00	2.807427883148193359e+00	2.801580190658569336e+00	2.799057722091674805e+00	2.799864530563354492e+00	2.803195953369140625e+00	2.807780265808105469e+00	2.812088966369628906e+00	2.814620256423950195e+00	2.814786195755004883e+00	2.813304185867309570e+00	2.811733961105346680e+00	2.811806917190551758e+00	2.814865589141845703e+00	2.820305585861206055e+00	2.824173927307128906e+00	2.822254657745361328e+00	2.815745115280151367e+00	2.809631824493408203e+00
2.801868915557861328e+00	2.804692983627319336e+00	2.809746742248535156e+00	2.817655563354492188e+00	2.828182458877563477e+00	2.837548255920410156e+00	2.835782289505004883e+00	2.824989318847656250e+00	2.810944795608520508e+00	2.801031351089477539e+00	2.796009778976440430e+00	2.794176578521728516e+00	2.794359445571899414e+00	2.795899868011474609e+00	2.798514127731323242e+00	2.802551984786987305e+00	2.809055328369140625e+00	2.819028139114379883e+00	2.833245277404785156e+00	2.851574659347534180e+00	2.872419118881225586e+00	2.892567157745361328e+00	2.906595945358276367e+00	2.909629821777343750e+00	2.900625467300415039e+00	2.882520437240600586e+00	2.862110614776611328e+00	2.844410419464111328e+00	2.831183195114135742e+00	2.821613073348999023e+00	2.814553499221801758e+00	2.809481143951416016e+00	2.805958986282348633e+00	2.803745031356811523e+00	2.802556276321411133e+00	2.801811695098876953e+00	2.801019668579101562e+00	2.800195932388305664e+00	2.799682140350341797e+00	2.799650192260742188e+00	2.800111293792724609e+00	2.800986528396606445e+00	2.802109241485595703e+00	2.803813219070434570e+00	2.806855201721191406e+00	2.811971426010131836e+00	2.819811105728149414e+00	2.829869508743286133e+00	2.837271451950073242e+00	2.836889743804931641e+00	2.832013845443725586e+00	2.825687170028686523e+00	2.818266630172729492e+00	2.810784101486206055e+00	2.804617881774902344e+00	2.800740242004394531e+00	2.799567222595214844e+00	2.800873041152954102e+00	2.804101943969726562e+00	2.808420896530151367e+00	2.812486171722412109e+00	2.814851999282836914e+00	2.814754009246826172e+00	2.812800168991088867e+00	2.810378313064575195e+00	2.809098958969116211e+00	2.809812784194946289e+00	2.811682462692260742e+00	2.811939239501953125e+00	2.808734416961669922e+00	2.804213523864746094e+00	2.801567554473876953e+00
2.807546138763427734e+00	2.813206672668457031e+00	2.821452856063842773e+00	2.833645582199096680e+00	2.849257230758666992e+00	2.860529184341430664e+00	2.855461359024047852e+00	2.837954044342041016e+00	2.821329593658447266e+00	2.809529781341552734e+00	2.802291870117187500e+00	2.799053430557250977e+00	2.798585653305053711e+00	2.799795389175415039e+00	2.801955461502075195e+00	2.805571317672729492e+00	2.811440706253051758e+00	2.820382118225097656e+00	2.833183288574218750e+00	2.849888801574707031e+00	2.869159221649169922e+00	2.888094663619995117e+00	2.902172565460205078e+00	2.905881881713867188e+00	2.896861553192138672e+00	2.879316568374633789e+00	2.859846115112304688e+00	2.843116044998168945e+00	2.831024646759033203e+00	2.823101520538330078e+00	2.817963600158691406e+00	2.814156770706176758e+00	2.810806751251220703e+00	2.808503150939941406e+00	2.807192087173461914e+00	2.806169509887695312e+00	2.804991960525512695e+00	2.803828001022338867e+00	2.803144216537475586e+00	2.803134918212890625e+00	2.804025650024414062e+00	2.806155920028686523e+00	2.809487342834472656e+00	2.813875436782836914e+00	2.819157838821411133e+00	2.825639486312866211e+00	2.834765672683715820e+00	2.846364259719848633e+00	2.853267669677734375e+00	2.847968101501464844e+00	2.837021350860595703e+00	2.826433658599853516e+00	2.817372322082519531e+00	2.810179948806762695e+00	2.805214881896972656e+00	2.802433967590332031e+00	2.801573753356933594e+00	2.802634716033935547e+00	2.805645704269409180e+00	2.810085296630859375e+00	2.814669847488403320e+00	2.817972898483276367e+00	2.819300413131713867e+00	2.818696498870849609e+00	2.816374778747558594e+00	2.813410758972167969e+00	2.811084032058715820e+00	2.809261322021484375e+00	2.807281494140625000e+00	2.805100202560424805e+00	2.803734779357910156e+00	2.804343938827514648e+00
2.815123319625854492e+00	2.822225332260131836e+00	2.831034898757934570e+00	2.843644618988037109e+00	2.859306812286376953e+00	2.870333433151245117e+00	2.867283582687377930e+00	2.845771312713623047e+00	2.825289249420166016e+00	2.812623023986816406e+00	2.805662631988525391e+00	2.802553653717041016e+00	2.801932096481323242e+00	2.802892923355102539e+00	2.805285930633544922e+00	2.809265851974487305e+00	2.815066099166870117e+00	2.823302745819091797e+00	2.834729909896850586e+00	2.849650382995605469e+00	2.867619991302490234e+00	2.886363506317138672e+00	2.901235103607177734e+00	2.906583070755004883e+00	2.899448156356811523e+00	2.883004903793334961e+00	2.863546848297119141e+00	2.845908403396606445e+00	2.832635164260864258e+00	2.824377298355102539e+00	2.819709300994873047e+00	2.816496372222900391e+00	2.813846349716186523e+00	2.811932563781738281e+00	2.810743331909179688e+00	2.809828042984008789e+00	2.808869361877441406e+00	2.808011531829833984e+00	2.807573556900024414e+00	2.807748794555664062e+00	2.808714866638183594e+00	2.810837745666503906e+00	2.814429283142089844e+00	2.819819927215576172e+00	2.827101469039916992e+00	2.836292266845703125e+00	2.848401784896850586e+00	2.863108634948730469e+00	2.870404720306396484e+00	2.859777927398681641e+00	2.842377901077270508e+00	2.827690124511718750e+00	2.817294836044311523e+00	2.810926437377929688e+00	2.807612180709838867e+00	2.806146621704101562e+00	2.805971860885620117e+00	2.807381391525268555e+00	2.810531616210937500e+00	2.814907550811767578e+00	2.819325208663940430e+00	2.822332143783569336e+00	2.822661876678466797e+00	2.820025682449340820e+00	2.815722942352294922e+00	2.811407089233398438e+00	2.807961463928222656e+00	2.805578470230102539e+00	2.804299831390380859e+00	2.804290771484375000e+00	2.805892467498779297e+00	2.809489965438842773e+00
2.797915935516357422e+00	2.799095392227172852e+00	2.801270008087158203e+00	2.805810928344726562e+00	2.811936855316162109e+00	2.815938711166381836e+00	2.815533638000488281e+00	2.809134006500244141e+00	2.801116228103637695e+00	2.795539140701293945e+00	2.792479276657104492e+00	2.791358709335327148e+00	2.791916608810424805e+00	2.794033765792846680e+00	2.797873020172119141e+00	2.803785562515258789e+00	2.811897277832031250e+00	2.821922302246093750e+00	2.833271980285644531e+00	2.846225738525390625e+00	2.861531496047973633e+00	2.878294467926025391e+00	2.892895460128784180e+00	2.899448156356811523e+00	2.893249034881591797e+00	2.877438306808471680e+00	2.858593940734863281e+00	2.840944766998291016e+00	2.825957298278808594e+00	2.814014911651611328e+00	2.805154561996459961e+00	2.799085855484008789e+00	2.795354843139648438e+00	2.793539285659790039e+00	2.793263673782348633e+00	2.793812274932861328e+00	2.794256210327148438e+00	2.794075489044189453e+00	2.793496370315551758e+00	2.793019771575927734e+00	2.792868375778198242e+00	2.792905569076538086e+00	2.793104410171508789e+00	2.793663978576660156e+00	2.794850587844848633e+00	2.797095298767089844e+00	2.800707101821899414e+00	2.804796218872070312e+00	2.807920217514038086e+00	2.808754682540893555e+00	2.807654857635498047e+00	2.806122779846191406e+00	2.803535699844360352e+00	2.801485776901245117e+00	2.801083326339721680e+00	2.801371097564697266e+00	2.802064895629882812e+00	2.803649425506591797e+00	2.805750370025634766e+00	2.807194471359252930e+00	2.807799100875854492e+00	2.807521343231201172e+00	2.805896043777465820e+00	2.803049087524414062e+00	2.799909591674804688e+00	2.797379732131958008e+00	2.795957088470458984e+00	2.795730590820312500e+00	2.796808481216430664e+00	2.798012018203735352e+00	2.796769857406616211e+00	2.796907901763916016e+00
2.788536071777343750e+00	2.787407636642456055e+00	2.786965847015380859e+00	2.787348985671997070e+00	2.788262844085693359e+00	2.789153575897216797e+00	2.788611412048339844e+00	2.786790370941162109e+00	2.785134553909301758e+00	2.784625053405761719e+00	2.785068511962890625e+00	2.786702632904052734e+00	2.790370702743530273e+00	2.796112298965454102e+00	2.803754091262817383e+00	2.813505649566650391e+00	2.825604677200317383e+00	2.838815927505493164e+00	2.849830389022827148e+00	2.855839490890502930e+00	2.858365535736083984e+00	2.861373901367187500e+00	2.866906881332397461e+00	2.872329950332641602e+00	2.871843338012695312e+00	2.861631393432617188e+00	2.845937728881835938e+00	2.830749034881591797e+00	2.817628622055053711e+00	2.806578874588012695e+00	2.797887325286865234e+00	2.791884183883666992e+00	2.788592100143432617e+00	2.787581920623779297e+00	2.787998199462890625e+00	2.788666725158691406e+00	2.788619279861450195e+00	2.787705421447753906e+00	2.786404848098754883e+00	2.785202264785766602e+00	2.784407854080200195e+00	2.784101963043212891e+00	2.784296512603759766e+00	2.785054683685302734e+00	2.785758495330810547e+00	2.786038637161254883e+00	2.787098169326782227e+00	2.789299011230468750e+00	2.792559146881103516e+00	2.797321557998657227e+00	2.804724454879760742e+00	2.814982652664184570e+00	2.825429201126098633e+00	2.831104755401611328e+00	2.829966306686401367e+00	2.824427843093872070e+00	2.818482637405395508e+00	2.813681125640869141e+00	2.809124231338500977e+00	2.804133415222167969e+00	2.799562454223632812e+00	2.796196460723876953e+00	2.794275045394897461e+00	2.793338298797607422e+00	2.793094396591186523e+00	2.793514966964721680e+00	2.794014692306518555e+00	2.794319391250610352e+00	2.794262170791625977e+00	2.793474435806274414e+00	2.791908264160156250e+00	2.790097236633300781e+00
2.783894062042236328e+00	2.784082651138305664e+00	2.785476446151733398e+00	2.786725282669067383e+00	2.787103652954101562e+00	2.786769628524780273e+00	2.785021781921386719e+00	2.782275915145874023e+00	2.779701471328735352e+00	2.778195858001708984e+00	2.778454303741455078e+00	2.780893087387084961e+00	2.785242557525634766e+00	2.790652990341186523e+00	2.796704769134521484e+00	2.804162740707397461e+00	2.813570499420166016e+00	2.823889732360839844e+00	2.832356929779052734e+00	2.836409091949462891e+00	2.836180686950683594e+00	2.834516525268554688e+00	2.833447694778442383e+00	2.830884933471679688e+00	2.823944807052612305e+00	2.815244197845458984e+00	2.807994365692138672e+00	2.802689552307128906e+00	2.798282623291015625e+00	2.793507814407348633e+00	2.788687944412231445e+00	2.784635066986083984e+00	2.781847953796386719e+00	2.780659675598144531e+00	2.780841112136840820e+00	2.781549215316772461e+00	2.781965494155883789e+00	2.781780481338500977e+00	2.781005859375000000e+00	2.779754400253295898e+00	2.778498411178588867e+00	2.777730464935302734e+00	2.777654170989990234e+00	2.778163433074951172e+00	2.779335737228393555e+00	2.781438827514648438e+00	2.783889770507812500e+00	2.786292552947998047e+00	2.789245367050170898e+00	2.793725967407226562e+00	2.800746440887451172e+00	2.810991764068603516e+00	2.822869300842285156e+00	2.830953598022460938e+00	2.830297946929931641e+00	2.822735786437988281e+00	2.813985824584960938e+00	2.806731939315795898e+00	2.800274610519409180e+00	2.794097661972045898e+00	2.789026021957397461e+00	2.785336732864379883e+00	2.783002138137817383e+00	2.782193899154663086e+00	2.782890558242797852e+00	2.784516334533691406e+00	2.786278724670410156e+00	2.787814140319824219e+00	2.788710355758666992e+00	2.788357734680175781e+00	2.786844015121459961e+00	2.785033464431762695e+00
2.782096147537231445e+00	2.781905651092529297e+00	2.782086133956909180e+00	2.782369852066040039e+00	2.782201290130615234e+00	2.780750036239624023e+00	2.778379678726196289e+00	2.776555538177490234e+00	2.775765895843505859e+00	2.775705814361572266e+00	2.776239395141601562e+00	2.777649402618408203e+00	2.780087471008300781e+00	2.783439874649047852e+00	2.787767171859741211e+00	2.793627738952636719e+00	2.801396608352661133e+00	2.809326887130737305e+00	2.813936471939086914e+00	2.813345909118652344e+00	2.809142112731933594e+00	2.804352521896362305e+00	2.800246238708496094e+00	2.796365737915039062e+00	2.792217969894409180e+00	2.787824153900146484e+00	2.784080028533935547e+00	2.781596183776855469e+00	2.780013561248779297e+00	2.778781414031982422e+00	2.777580976486206055e+00	2.776620864868164062e+00	2.776353597640991211e+00	2.777261495590209961e+00	2.779383420944213867e+00	2.782042980194091797e+00	2.784177064895629883e+00	2.785048484802246094e+00	2.783313512802124023e+00	2.779168367385864258e+00	2.775073528289794922e+00	2.772243976593017578e+00	2.771093368530273438e+00	2.771693468093872070e+00	2.773880243301391602e+00	2.777233362197875977e+00	2.781257390975952148e+00	2.785852193832397461e+00	2.790889024734497070e+00	2.795905590057373047e+00	2.801038026809692383e+00	2.808285951614379883e+00	2.817869424819946289e+00	2.824774980545043945e+00	2.823733329772949219e+00	2.815076828002929688e+00	2.804778099060058594e+00	2.796556711196899414e+00	2.790384054183959961e+00	2.787012338638305664e+00	2.784567594528198242e+00	2.780759811401367188e+00	2.778090715408325195e+00	2.777179479598999023e+00	2.777911424636840820e+00	2.779717445373535156e+00	2.781700849533081055e+00	2.783447027206420898e+00	2.784747123718261719e+00	2.784983873367309570e+00	2.784110307693481445e+00	2.782880783081054688e+00
2.782257318496704102e+00	2.781077623367309570e+00	2.779752492904663086e+00	2.778393030166625977e+00	2.777402877807617188e+00	2.776714563369750977e+00	2.775896310806274414e+00	2.774737119674682617e+00	2.773645877838134766e+00	2.772839546203613281e+00	2.772556066513061523e+00	2.773383855819702148e+00	2.775839567184448242e+00	2.780097484588623047e+00	2.786233901977539062e+00	2.794368505477905273e+00	2.803955554962158203e+00	2.812598228454589844e+00	2.816984415054321289e+00	2.816118955612182617e+00	2.812242031097412109e+00	2.808323383331298828e+00	2.805386304855346680e+00	2.802015542984008789e+00	2.796823024749755859e+00	2.790779590606689453e+00	2.785543680191040039e+00	2.782033205032348633e+00	2.780307531356811523e+00	2.779535293579101562e+00	2.778674364089965820e+00	2.777605772018432617e+00	2.776944160461425781e+00	2.777107238769531250e+00	2.777984857559204102e+00	2.779128789901733398e+00	2.780092477798461914e+00	2.780699014663696289e+00	2.780686616897583008e+00	2.779503107070922852e+00	2.777387619018554688e+00	2.775307893753051758e+00	2.773978233337402344e+00	2.773682594299316406e+00	2.774276971817016602e+00	2.775843381881713867e+00	2.779091835021972656e+00	2.784154176712036133e+00	2.789964675903320312e+00	2.795728921890258789e+00	2.800225496292114258e+00	2.806289672851562500e+00	2.815958738327026367e+00	2.823949337005615234e+00	2.823753118515014648e+00	2.815933465957641602e+00	2.805942773818969727e+00	2.796303033828735352e+00	2.788343667984008789e+00	2.783431768417358398e+00	2.780614614486694336e+00	2.778690099716186523e+00	2.777522325515747070e+00	2.777734994888305664e+00	2.780298948287963867e+00	2.783921003341674805e+00	2.783636331558227539e+00	2.783564329147338867e+00	2.784429073333740234e+00	2.785102128982543945e+00	2.784699440002441406e+00	2.783490419387817383e+00
2.783386468887329102e+00	2.783337831497192383e+00	2.781724452972412109e+00	2.779475450515747070e+00	2.777781724929809570e+00	2.776556730270385742e+00	2.774740219116210938e+00	2.773129940032958984e+00	2.772516250610351562e+00	2.772595167160034180e+00	2.773099422454833984e+00	2.774295330047607422e+00	2.776825666427612305e+00	2.781188488006591797e+00	2.787861108779907227e+00	2.797177314758300781e+00	2.808463811874389648e+00	2.819061279296875000e+00	2.825126171112060547e+00	2.825167417526245117e+00	2.821643114089965820e+00	2.817127227783203125e+00	2.812479972839355469e+00	2.807677984237670898e+00	2.802451610565185547e+00	2.797145366668701172e+00	2.792631149291992188e+00	2.789353370666503906e+00	2.787203788757324219e+00	2.785543680191040039e+00	2.782952785491943359e+00	2.779785871505737305e+00	2.777548074722290039e+00	2.776654005050659180e+00	2.776764392852783203e+00	2.777225017547607422e+00	2.777577161788940430e+00	2.777564287185668945e+00	2.777137994766235352e+00	2.776755332946777344e+00	2.776715517044067383e+00	2.776849269866943359e+00	2.776553153991699219e+00	2.775512218475341797e+00	2.774375677108764648e+00	2.774352312088012695e+00	2.776599407196044922e+00	2.781460762023925781e+00	2.787954092025756836e+00	2.794543266296386719e+00	2.801343441009521484e+00	2.809321880340576172e+00	2.818391084671020508e+00	2.825613737106323242e+00	2.825042247772216797e+00	2.817153930664062500e+00	2.807743549346923828e+00	2.799867630004882812e+00	2.794034242630004883e+00	2.789817333221435547e+00	2.786616086959838867e+00	2.783796787261962891e+00	2.780863046646118164e+00	2.779185295104980469e+00	2.779992103576660156e+00	2.783736228942871094e+00	2.784930706024169922e+00	2.784086704254150391e+00	2.784001350402832031e+00	2.783971309661865234e+00	2.783654451370239258e+00	2.783294200897216797e+00
2.780412673950195312e+00	2.779870986938476562e+00	2.778974771499633789e+00	2.777506351470947266e+00	2.775860548019409180e+00	2.774155378341674805e+00	2.772327899932861328e+00	2.771303653717041016e+00	2.771755933761596680e+00	2.773503541946411133e+00	2.774321794509887695e+00	2.775646209716796875e+00	2.778703212738037109e+00	2.783177614212036133e+00	2.789245128631591797e+00	2.797607660293579102e+00	2.807935237884521484e+00	2.817270278930664062e+00	2.821923494338989258e+00	2.821312427520751953e+00	2.817486763000488281e+00	2.812480211257934570e+00	2.807201623916625977e+00	2.801964282989501953e+00	2.797039985656738281e+00	2.793067216873168945e+00	2.790879964828491211e+00	2.789276123046875000e+00	2.786523580551147461e+00	2.783191919326782227e+00	2.779824018478393555e+00	2.777326107025146484e+00	2.776526927947998047e+00	2.777421236038208008e+00	2.778921604156494141e+00	2.779469490051269531e+00	2.778542280197143555e+00	2.776823759078979492e+00	2.775077104568481445e+00	2.773865938186645508e+00	2.773771762847900391e+00	2.774654626846313477e+00	2.775239706039428711e+00	2.775202035903930664e+00	2.775379180908203125e+00	2.776612997055053711e+00	2.778737783432006836e+00	2.781715869903564453e+00	2.785974979400634766e+00	2.791290998458862305e+00	2.798294305801391602e+00	2.807124853134155273e+00	2.814814329147338867e+00	2.817604541778564453e+00	2.814935445785522461e+00	2.808978557586669922e+00	2.801487922668457031e+00	2.794536590576171875e+00	2.789463996887207031e+00	2.785980701446533203e+00	2.783329010009765625e+00	2.781409740447998047e+00	2.780029535293579102e+00	2.778452396392822266e+00	2.776130199432373047e+00	2.775330781936645508e+00	2.776593208312988281e+00	2.778814792633056641e+00	2.780890464782714844e+00	2.782184123992919922e+00	2.782145023345947266e+00	2.781188964843750000e+00
2.779542207717895508e+00	2.778876781463623047e+00	2.777856111526489258e+00	2.776544570922851562e+00	2.775813341140747070e+00	2.775345802307128906e+00	2.774317502975463867e+00	2.773391962051391602e+00	2.772971630096435547e+00	2.772915840148925781e+00	2.773311614990234375e+00	2.774562358856201172e+00	2.777032375335693359e+00	2.780813217163085938e+00	2.785964488983154297e+00	2.792757749557495117e+00	2.801106929779052734e+00	2.809184312820434570e+00	2.813785552978515625e+00	2.813269376754760742e+00	2.809534788131713867e+00	2.805542469024658203e+00	2.801713705062866211e+00	2.797570466995239258e+00	2.793798446655273438e+00	2.791014432907104492e+00	2.788827419281005859e+00	2.786302089691162109e+00	2.783100128173828125e+00	2.779824733734130859e+00	2.777091979980468750e+00	2.775465488433837891e+00	2.775331497192382812e+00	2.776436090469360352e+00	2.777883768081665039e+00	2.778535842895507812e+00	2.777451038360595703e+00	2.775514602661132812e+00	2.774295568466186523e+00	2.774166584014892578e+00	2.774723052978515625e+00	2.775357961654663086e+00	2.775666713714599609e+00	2.775555372238159180e+00	2.775393962860107422e+00	2.775974750518798828e+00	2.777918100357055664e+00	2.781300306320190430e+00	2.785702228546142578e+00	2.790614604949951172e+00	2.795960664749145508e+00	2.801289081573486328e+00	2.805129289627075195e+00	2.806575536727905273e+00	2.804952383041381836e+00	2.800658464431762695e+00	2.796509742736816406e+00	2.793815851211547852e+00	2.791847705841064453e+00	2.789123773574829102e+00	2.785572528839111328e+00	2.782237529754638672e+00	2.779457807540893555e+00	2.777252674102783203e+00	2.776116132736206055e+00	2.776457309722900391e+00	2.777797937393188477e+00	2.779454708099365234e+00	2.781077146530151367e+00	2.781958103179931641e+00	2.781497478485107422e+00	2.780380725860595703e+00
2.782641649246215820e+00	2.781944751739501953e+00	2.781483888626098633e+00	2.781422376632690430e+00	2.781419038772583008e+00	2.780718564987182617e+00	2.779387712478637695e+00	2.778163909912109375e+00	2.777105569839477539e+00	2.776266098022460938e+00	2.775958776473999023e+00	2.776418209075927734e+00	2.777942657470703125e+00	2.781140089035034180e+00	2.786621093750000000e+00	2.794775962829589844e+00	2.805223941802978516e+00	2.815439939498901367e+00	2.821002960205078125e+00	2.818983316421508789e+00	2.810579538345336914e+00	2.799919843673706055e+00	2.791040897369384766e+00	2.785878181457519531e+00	2.783911705017089844e+00	2.784123182296752930e+00	2.785494565963745117e+00	2.785933494567871094e+00	2.784572601318359375e+00	2.782406568527221680e+00	2.780328273773193359e+00	2.778941154479980469e+00	2.778749704360961914e+00	2.779637336730957031e+00	2.780791521072387695e+00	2.781390428543090820e+00	2.781036376953125000e+00	2.780024290084838867e+00	2.779083013534545898e+00	2.778638124465942383e+00	2.778793096542358398e+00	2.779648780822753906e+00	2.780922889709472656e+00	2.781952619552612305e+00	2.781536817550659180e+00	2.779856443405151367e+00	2.779232025146484375e+00	2.780473709106445312e+00	2.783425092697143555e+00	2.788006305694580078e+00	2.795259237289428711e+00	2.806056976318359375e+00	2.817691326141357422e+00	2.824171543121337891e+00	2.822482347488403320e+00	2.815089941024780273e+00	2.806398153305053711e+00	2.799339056015014648e+00	2.793917655944824219e+00	2.788877010345458984e+00	2.784114360809326172e+00	2.779864072799682617e+00	2.776388645172119141e+00	2.774738073348999023e+00	2.775347232818603516e+00	2.777792692184448242e+00	2.780812263488769531e+00	2.782930374145507812e+00	2.783998250961303711e+00	2.784308195114135742e+00	2.783951520919799805e+00	2.783339262008666992e+00
2.779388666152954102e+00	2.778370857238769531e+00	2.777864933013916016e+00	2.778063535690307617e+00	2.778525352478027344e+00	2.778697252273559570e+00	2.778365850448608398e+00	2.778275966644287109e+00	2.779191970825195312e+00	2.778162002563476562e+00	2.776086091995239258e+00	2.775722980499267578e+00	2.776789903640747070e+00	2.779181480407714844e+00	2.783194065093994141e+00	2.789139986038208008e+00	2.796867609024047852e+00	2.804718494415283203e+00	2.809650659561157227e+00	2.809308767318725586e+00	2.803911447525024414e+00	2.795904874801635742e+00	2.788520574569702148e+00	2.783841609954833984e+00	2.781972408294677734e+00	2.781960010528564453e+00	2.782733440399169922e+00	2.783067703247070312e+00	2.782163858413696289e+00	2.780468940734863281e+00	2.778743982315063477e+00	2.777457475662231445e+00	2.776851415634155273e+00	2.776977539062500000e+00	2.777558326721191406e+00	2.778157234191894531e+00	2.778321266174316406e+00	2.777783632278442383e+00	2.776727199554443359e+00	2.775625228881835938e+00	2.774859666824340820e+00	2.774520397186279297e+00	2.774631738662719727e+00	2.775333166122436523e+00	2.776412487030029297e+00	2.777056694030761719e+00	2.777405023574829102e+00	2.778668165206909180e+00	2.781708478927612305e+00	2.786989927291870117e+00	2.795204401016235352e+00	2.806648492813110352e+00	2.818538188934326172e+00	2.824509143829345703e+00	2.821215391159057617e+00	2.811821937561035156e+00	2.801647186279296875e+00	2.794341802597045898e+00	2.789770841598510742e+00	2.785928249359130859e+00	2.782122373580932617e+00	2.778735876083374023e+00	2.776863098144531250e+00	2.778167247772216797e+00	2.779025316238403320e+00	2.778947830200195312e+00	2.780338764190673828e+00	2.781775712966918945e+00	2.782150268554687500e+00	2.781784534454345703e+00	2.781118154525756836e+00	2.780345678329467773e+00
2.780297756195068359e+00	2.778651475906372070e+00	2.776577234268188477e+00	2.775063991546630859e+00	2.775089025497436523e+00	2.776103973388671875e+00	2.775829076766967773e+00	2.775218248367309570e+00	2.774447679519653320e+00	2.773286104202270508e+00	2.772378444671630859e+00	2.771388292312622070e+00	2.771174430847167969e+00	2.772908449172973633e+00	2.776731491088867188e+00	2.782468318939208984e+00	2.789513587951660156e+00	2.796346664428710938e+00	2.800586700439453125e+00	2.799978256225585938e+00	2.794945001602172852e+00	2.788191795349121094e+00	2.782147645950317383e+00	2.778418302536010742e+00	2.777156114578247070e+00	2.777410745620727539e+00	2.778287649154663086e+00	2.778966188430786133e+00	2.778731822967529297e+00	2.776956319808959961e+00	2.774430274963378906e+00	2.772316455841064453e+00	2.771101951599121094e+00	2.770990610122680664e+00	2.771925210952758789e+00	2.773432493209838867e+00	2.774562597274780273e+00	2.774426221847534180e+00	2.773241043090820312e+00	2.771718740463256836e+00	2.770411491394042969e+00	2.769716024398803711e+00	2.770105123519897461e+00	2.772241830825805664e+00	2.774547100067138672e+00	2.775059461593627930e+00	2.775790214538574219e+00	2.777405977249145508e+00	2.780341386795043945e+00	2.785038471221923828e+00	2.792149543762207031e+00	2.802049160003662109e+00	2.812591075897216797e+00	2.817966699600219727e+00	2.814862489700317383e+00	2.805230617523193359e+00	2.794204235076904297e+00	2.785293579101562500e+00	2.779286623001098633e+00	2.775559663772583008e+00	2.773358583450317383e+00	2.772422552108764648e+00	2.772536754608154297e+00	2.773097276687622070e+00	2.773192644119262695e+00	2.773538589477539062e+00	2.775068044662475586e+00	2.777467489242553711e+00	2.779876232147216797e+00	2.781536340713500977e+00	2.781950950622558594e+00	2.781365156173706055e+00
2.778434038162231445e+00	2.775229454040527344e+00	2.772776842117309570e+00	2.771379470825195312e+00	2.771378993988037109e+00	2.772404909133911133e+00	2.773626565933227539e+00	2.773955821990966797e+00	2.772047519683837891e+00	2.769661188125610352e+00	2.768457651138305664e+00	2.769020080566406250e+00	2.771122217178344727e+00	2.774519443511962891e+00	2.778916358947753906e+00	2.783800363540649414e+00	2.789018869400024414e+00	2.793977975845336914e+00	2.797221660614013672e+00	2.797186613082885742e+00	2.793527841567993164e+00	2.787813186645507812e+00	2.781872987747192383e+00	2.777225732803344727e+00	2.774520874023437500e+00	2.773376703262329102e+00	2.773284673690795898e+00	2.773952007293701172e+00	2.775259017944335938e+00	2.776301860809326172e+00	2.776248455047607422e+00	2.775824069976806641e+00	2.774995088577270508e+00	2.773955583572387695e+00	2.773362874984741211e+00	2.773352622985839844e+00	2.773511171340942383e+00	2.773058652877807617e+00	2.771622657775878906e+00	2.769416332244873047e+00	2.767195463180541992e+00	2.765763998031616211e+00	2.765583515167236328e+00	2.766597986221313477e+00	2.768021106719970703e+00	2.769186019897460938e+00	2.770642518997192383e+00	2.773093461990356445e+00	2.776629686355590820e+00	2.781286239624023438e+00	2.787444591522216797e+00	2.795310497283935547e+00	2.803146123886108398e+00	2.806321382522583008e+00	2.802818775177001953e+00	2.795174360275268555e+00	2.786982059478759766e+00	2.780700445175170898e+00	2.776713848114013672e+00	2.774223327636718750e+00	2.772656679153442383e+00	2.771973848342895508e+00	2.771963596343994141e+00	2.772236347198486328e+00	2.772648096084594727e+00	2.773460149765014648e+00	2.775114297866821289e+00	2.777502059936523438e+00	2.779730081558227539e+00	2.781148672103881836e+00	2.781715154647827148e+00	2.780959606170654297e+00
2.769743204116821289e+00	2.770194768905639648e+00	2.770535707473754883e+00	2.772040367126464844e+00	2.774488210678100586e+00	2.776618480682373047e+00	2.776456832885742188e+00	2.774388551712036133e+00	2.772975921630859375e+00	2.772163152694702148e+00	2.772183179855346680e+00	2.773029327392578125e+00	2.774173498153686523e+00	2.775071144104003906e+00	2.775567054748535156e+00	2.775550603866577148e+00	2.774961948394775391e+00	2.774532556533813477e+00	2.774581670761108398e+00	2.775213479995727539e+00	2.776534318923950195e+00	2.777573347091674805e+00	2.776536464691162109e+00	2.774351119995117188e+00	2.773023366928100586e+00	2.772838592529296875e+00	2.772861480712890625e+00	2.773386240005493164e+00	2.774722576141357422e+00	2.775578975677490234e+00	2.775017023086547852e+00	2.773692846298217773e+00	2.772268056869506836e+00	2.771124362945556641e+00	2.770406007766723633e+00	2.770080089569091797e+00	2.769935131072998047e+00	2.769605875015258789e+00	2.768744230270385742e+00	2.767372608184814453e+00	2.766021490097045898e+00	2.765240669250488281e+00	2.765148878097534180e+00	2.765476703643798828e+00	2.766016006469726562e+00	2.766631126403808594e+00	2.767423868179321289e+00	2.768516302108764648e+00	2.769669532775878906e+00	2.770936012268066406e+00	2.772245883941650391e+00	2.773076534271240234e+00	2.773041725158691406e+00	2.772421598434448242e+00	2.771720409393310547e+00	2.770945787429809570e+00	2.770178794860839844e+00	2.769694566726684570e+00	2.769577980041503906e+00	2.769699573516845703e+00	2.769764661788940430e+00	2.769690990447998047e+00	2.769541978836059570e+00	2.769442319869995117e+00	2.769783020019531250e+00	2.770734786987304688e+00	2.771959066390991211e+00	2.772949934005737305e+00	2.773217678070068359e+00	2.772645235061645508e+00	2.771511793136596680e+00	2.770280838012695312e+00
2.769695997238159180e+00	2.769606113433837891e+00	2.769477844238281250e+00	2.768679857254028320e+00	2.768242120742797852e+00	2.768902301788330078e+00	2.770823955535888672e+00	2.773452043533325195e+00	2.775153398513793945e+00	2.775706768035888672e+00	2.775790691375732422e+00	2.775571107864379883e+00	2.774976730346679688e+00	2.774151325225830078e+00	2.773269653320312500e+00	2.772758960723876953e+00	2.773146390914916992e+00	2.774292945861816406e+00	2.775687694549560547e+00	2.776939392089843750e+00	2.777907609939575195e+00	2.777640819549560547e+00	2.775197029113769531e+00	2.772694826126098633e+00	2.771571159362792969e+00	2.771723747253417969e+00	2.772321939468383789e+00	2.772619247436523438e+00	2.772369623184204102e+00	2.771647453308105469e+00	2.770716905593872070e+00	2.769868373870849609e+00	2.769357442855834961e+00	2.769629240036010742e+00	2.770711660385131836e+00	2.771692037582397461e+00	2.771924972534179688e+00	2.771208286285400391e+00	2.769838094711303711e+00	2.768342256546020508e+00	2.766772985458374023e+00	2.765507221221923828e+00	2.765106678009033203e+00	2.765385866165161133e+00	2.765821933746337891e+00	2.766356229782104492e+00	2.767106294631958008e+00	2.767824649810791016e+00	2.768454074859619141e+00	2.769234418869018555e+00	2.770006656646728516e+00	2.770123958587646484e+00	2.769581317901611328e+00	2.768882513046264648e+00	2.768264293670654297e+00	2.767863273620605469e+00	2.767901659011840820e+00	2.768485546112060547e+00	2.769575834274291992e+00	2.771001338958740234e+00	2.772369146347045898e+00	2.773404598236083984e+00	2.774086952209472656e+00	2.774039983749389648e+00	2.773285150527954102e+00	2.772735834121704102e+00	2.772938489913940430e+00	2.773279905319213867e+00	2.772947788238525391e+00	2.772043228149414062e+00	2.771067619323730469e+00	2.770253181457519531e+00
2.766302347183227539e+00	2.767325401306152344e+00	2.768454551696777344e+00	2.768496513366699219e+00	2.767210483551025391e+00	2.765352249145507812e+00	2.764727115631103516e+00	2.765694141387939453e+00	2.767757654190063477e+00	2.770075798034667969e+00	2.770408868789672852e+00	2.769820451736450195e+00	2.769794225692749023e+00	2.770095348358154297e+00	2.770646095275878906e+00	2.771651983261108398e+00	2.773254156112670898e+00	2.775115728378295898e+00	2.776709794998168945e+00	2.777868270874023438e+00	2.778581619262695312e+00	2.778804063796997070e+00	2.778126955032348633e+00	2.776257991790771484e+00	2.774197578430175781e+00	2.772562980651855469e+00	2.771504878997802734e+00	2.770879030227661133e+00	2.770570516586303711e+00	2.770795583724975586e+00	2.771286725997924805e+00	2.771236896514892578e+00	2.770930051803588867e+00	2.770886182785034180e+00	2.771319866180419922e+00	2.771935939788818359e+00	2.771941184997558594e+00	2.770435571670532227e+00	2.768464803695678711e+00	2.766929149627685547e+00	2.765518426895141602e+00	2.764420747756958008e+00	2.764179706573486328e+00	2.764930009841918945e+00	2.766245603561401367e+00	2.767494916915893555e+00	2.768725156784057617e+00	2.770197153091430664e+00	2.771425247192382812e+00	2.771748065948486328e+00	2.771406412124633789e+00	2.771070718765258789e+00	2.770967006683349609e+00	2.770919084548950195e+00	2.770591497421264648e+00	2.769962549209594727e+00	2.769324779510498047e+00	2.768959760665893555e+00	2.769006490707397461e+00	2.769473791122436523e+00	2.770319700241088867e+00	2.771593332290649414e+00	2.773606777191162109e+00	2.775439739227294922e+00	2.775202989578247070e+00	2.774238109588623047e+00	2.772770881652832031e+00	2.771459579467773438e+00	2.770014762878417969e+00	2.768340349197387695e+00	2.766859769821166992e+00	2.766113042831420898e+00
2.765560388565063477e+00	2.765794277191162109e+00	2.766260147094726562e+00	2.766403675079345703e+00	2.765974760055541992e+00	2.764993667602539062e+00	2.763986349105834961e+00	2.763401269912719727e+00	2.763279199600219727e+00	2.763536691665649414e+00	2.764229059219360352e+00	2.765458345413208008e+00	2.766976118087768555e+00	2.767802000045776367e+00	2.767867088317871094e+00	2.768059253692626953e+00	2.768930912017822266e+00	2.770983457565307617e+00	2.774187564849853516e+00	2.776163339614868164e+00	2.775817871093750000e+00	2.775276184082031250e+00	2.774594545364379883e+00	2.773817300796508789e+00	2.773359060287475586e+00	2.773618936538696289e+00	2.774726152420043945e+00	2.775321722030639648e+00	2.774004220962524414e+00	2.772195100784301758e+00	2.770746707916259766e+00	2.769935369491577148e+00	2.769772529602050781e+00	2.769834756851196289e+00	2.770086765289306641e+00	2.770578622817993164e+00	2.770731687545776367e+00	2.770072460174560547e+00	2.769043684005737305e+00	2.768129348754882812e+00	2.766951799392700195e+00	2.765826940536499023e+00	2.765596389770507812e+00	2.766699790954589844e+00	2.769014835357666016e+00	2.771058320999145508e+00	2.771169424057006836e+00	2.771055221557617188e+00	2.771560192108154297e+00	2.772212982177734375e+00	2.772647142410278320e+00	2.772694587707519531e+00	2.772329092025756836e+00	2.771557092666625977e+00	2.770474195480346680e+00	2.769700288772583008e+00	2.769484996795654297e+00	2.769275188446044922e+00	2.768582820892333984e+00	2.767764329910278320e+00	2.767155170440673828e+00	2.766634702682495117e+00	2.766185522079467773e+00	2.766318559646606445e+00	2.767338037490844727e+00	2.768824577331542969e+00	2.769994497299194336e+00	2.770609617233276367e+00	2.770479202270507812e+00	2.769263982772827148e+00	2.767486810684204102e+00	2.766095638275146484e+00
2.766599178314208984e+00	2.767274379730224609e+00	2.767616271972656250e+00	2.767214775085449219e+00	2.765925407409667969e+00	2.764243841171264648e+00	2.762827873229980469e+00	2.761888742446899414e+00	2.761484622955322266e+00	2.761579513549804688e+00	2.762063503265380859e+00	2.762892246246337891e+00	2.764029264450073242e+00	2.765058755874633789e+00	2.765611648559570312e+00	2.766147375106811523e+00	2.767282247543334961e+00	2.769300699234008789e+00	2.771853685379028320e+00	2.772929906845092773e+00	2.773340702056884766e+00	2.774099349975585938e+00	2.774487257003784180e+00	2.774161100387573242e+00	2.773292779922485352e+00	2.772382259368896484e+00	2.771890163421630859e+00	2.771781444549560547e+00	2.771469593048095703e+00	2.770788669586181641e+00	2.770262956619262695e+00	2.769579172134399414e+00	2.768360853195190430e+00	2.767110109329223633e+00	2.766811609268188477e+00	2.767943620681762695e+00	2.769325494766235352e+00	2.769420146942138672e+00	2.768508434295654297e+00	2.767338991165161133e+00	2.766149044036865234e+00	2.764819860458374023e+00	2.764049530029296875e+00	2.764355182647705078e+00	2.765599012374877930e+00	2.767102003097534180e+00	2.768204212188720703e+00	2.768885850906372070e+00	2.769356250762939453e+00	2.769670486450195312e+00	2.769731521606445312e+00	2.769470930099487305e+00	2.768982172012329102e+00	2.768401622772216797e+00	2.768102169036865234e+00	2.768391847610473633e+00	2.769166946411132812e+00	2.770265579223632812e+00	2.771214723587036133e+00	2.771395206451416016e+00	2.770588874816894531e+00	2.768852472305297852e+00	2.767014026641845703e+00	2.766265869140625000e+00	2.766941070556640625e+00	2.768069982528686523e+00	2.768173456192016602e+00	2.767407655715942383e+00	2.766504764556884766e+00	2.765846014022827148e+00	2.765652179718017578e+00	2.765962839126586914e+00
2.777473688125610352e+00	2.772362709045410156e+00	2.770473003387451172e+00	2.770658969879150391e+00	2.771596670150756836e+00	2.772377252578735352e+00	2.772937774658203125e+00	2.773424148559570312e+00	2.773972511291503906e+00	2.774760723114013672e+00	2.775641918182373047e+00	2.776606082916259766e+00	2.778005599975585938e+00	2.780201673507690430e+00	2.783179759979248047e+00	2.786302089691162109e+00	2.787968158721923828e+00	2.786639213562011719e+00	2.782978534698486328e+00	2.779087781906127930e+00	2.776173591613769531e+00	2.774740219116210938e+00	2.774927854537963867e+00	2.776244163513183594e+00	2.777919292449951172e+00	2.779731035232543945e+00	2.780923366546630859e+00	2.781121015548706055e+00	2.780578374862670898e+00	2.779555082321166992e+00	2.778424501419067383e+00	2.777969121932983398e+00	2.778657436370849609e+00	2.778278112411499023e+00	2.776296138763427734e+00	2.775366544723510742e+00	2.775689840316772461e+00	2.776688337326049805e+00	2.777842283248901367e+00	2.778764486312866211e+00	2.778941869735717773e+00	2.778095245361328125e+00	2.776701927185058594e+00	2.775256872177124023e+00	2.773661851882934570e+00	2.772701025009155273e+00	2.773307800292968750e+00	2.775836944580078125e+00	2.781019687652587891e+00	2.788060903549194336e+00	2.793495178222656250e+00	2.793868303298950195e+00	2.789578437805175781e+00	2.783939361572265625e+00	2.779118299484252930e+00	2.776377201080322266e+00	2.776389360427856445e+00	2.778427124023437500e+00	2.780546426773071289e+00	2.780663251876831055e+00	2.778479099273681641e+00	2.775640487670898438e+00	2.773985862731933594e+00	2.775047302246093750e+00	2.780459880828857422e+00	2.792365074157714844e+00	2.813013553619384766e+00	2.836249351501464844e+00	2.836666584014892578e+00	2.819369316101074219e+00	2.800647020339965820e+00	2.786662817001342773e+00
2.787235975265502930e+00	2.782819032669067383e+00	2.782594203948974609e+00	2.784423828125000000e+00	2.786626577377319336e+00	2.788445472717285156e+00	2.789523363113403320e+00	2.790086269378662109e+00	2.790550947189331055e+00	2.791200399398803711e+00	2.792117357254028320e+00	2.793303251266479492e+00	2.794717788696289062e+00	2.796303987503051758e+00	2.798221826553344727e+00	2.800276994705200195e+00	2.801285028457641602e+00	2.800122261047363281e+00	2.797144889831542969e+00	2.793573379516601562e+00	2.790652275085449219e+00	2.789327621459960938e+00	2.789825916290283203e+00	2.791442394256591797e+00	2.793576002120971680e+00	2.795658826828002930e+00	2.796703815460205078e+00	2.796065092086791992e+00	2.793987512588500977e+00	2.790937900543212891e+00	2.788460493087768555e+00	2.787563323974609375e+00	2.788024187088012695e+00	2.788421630859375000e+00	2.787841081619262695e+00	2.787052631378173828e+00	2.786784648895263672e+00	2.787365674972534180e+00	2.788875102996826172e+00	2.791095495223999023e+00	2.793365955352783203e+00	2.794703245162963867e+00	2.794539928436279297e+00	2.793165683746337891e+00	2.791097640991210938e+00	2.789109468460083008e+00	2.788404703140258789e+00	2.789771318435668945e+00	2.794663667678833008e+00	2.802812814712524414e+00	2.809424400329589844e+00	2.809076786041259766e+00	2.802341699600219727e+00	2.794591188430786133e+00	2.789071083068847656e+00	2.786330699920654297e+00	2.786243200302124023e+00	2.788042783737182617e+00	2.790169000625610352e+00	2.790826559066772461e+00	2.789321184158325195e+00	2.786760091781616211e+00	2.784970521926879883e+00	2.785621166229248047e+00	2.790357828140258789e+00	2.801553487777709961e+00	2.822993993759155273e+00	2.851413011550903320e+00	2.855644941329956055e+00	2.838519096374511719e+00	2.814544677734375000e+00	2.797345876693725586e+00
2.791450977325439453e+00	2.789018630981445312e+00	2.791000604629516602e+00	2.794754505157470703e+00	2.798366546630859375e+00	2.801135063171386719e+00	2.802533626556396484e+00	2.802621841430664062e+00	2.801907300949096680e+00	2.800969839096069336e+00	2.800156116485595703e+00	2.799567222595214844e+00	2.799241542816162109e+00	2.799247741699218750e+00	2.799640417098999023e+00	2.800318241119384766e+00	2.800738334655761719e+00	2.800422191619873047e+00	2.799528360366821289e+00	2.798615932464599609e+00	2.798413038253784180e+00	2.800075292587280273e+00	2.803896188735961914e+00	2.808726787567138672e+00	2.814333915710449219e+00	2.820146322250366211e+00	2.824746131896972656e+00	2.826788663864135742e+00	2.825622320175170898e+00	2.821774959564208984e+00	2.816740512847900391e+00	2.811952352523803711e+00	2.808197975158691406e+00	2.805481195449829102e+00	2.803058862686157227e+00	2.800492525100708008e+00	2.798265457153320312e+00	2.797129154205322266e+00	2.797565460205078125e+00	2.799432516098022461e+00	2.802064180374145508e+00	2.804391622543334961e+00	2.804749250411987305e+00	2.802171945571899414e+00	2.797920227050781250e+00	2.794016361236572266e+00	2.792106389999389648e+00	2.793262958526611328e+00	2.798034191131591797e+00	2.806072235107421875e+00	2.814010381698608398e+00	2.815238952636718750e+00	2.807087659835815430e+00	2.798101663589477539e+00	2.792979955673217773e+00	2.791895627975463867e+00	2.793807506561279297e+00	2.797091245651245117e+00	2.799518823623657227e+00	2.799242973327636719e+00	2.796263456344604492e+00	2.791977167129516602e+00	2.788569688796997070e+00	2.788339138031005859e+00	2.793278455734252930e+00	2.805471658706665039e+00	2.827241897583007812e+00	2.856957912445068359e+00	2.867529153823852539e+00	2.844288587570190430e+00	2.817481756210327148e+00	2.800331115722656250e+00
2.792564153671264648e+00	2.789150953292846680e+00	2.789814710617065430e+00	2.792820215225219727e+00	2.796382427215576172e+00	2.798846960067749023e+00	2.799676179885864258e+00	2.799252510070800781e+00	2.798182010650634766e+00	2.796937704086303711e+00	2.795680761337280273e+00	2.794391870498657227e+00	2.793244361877441406e+00	2.792645931243896484e+00	2.792880296707153320e+00	2.793751716613769531e+00	2.794477462768554688e+00	2.794280767440795898e+00	2.793646097183227539e+00	2.793674468994140625e+00	2.794996023178100586e+00	2.797915458679199219e+00	2.802654504776000977e+00	2.809215545654296875e+00	2.816932916641235352e+00	2.824554681777954102e+00	2.830484867095947266e+00	2.833028316497802734e+00	2.831637620925903320e+00	2.827436923980712891e+00	2.822025299072265625e+00	2.816646337509155273e+00	2.812095403671264648e+00	2.808475255966186523e+00	2.805248260498046875e+00	2.802294969558715820e+00	2.799861669540405273e+00	2.798354148864746094e+00	2.798232078552246094e+00	2.799631357192993164e+00	2.801980972290039062e+00	2.803827285766601562e+00	2.803634881973266602e+00	2.800987005233764648e+00	2.796666383743286133e+00	2.792334079742431641e+00	2.789896726608276367e+00	2.790970087051391602e+00	2.796449661254882812e+00	2.805885076522827148e+00	2.814547777175903320e+00	2.814774513244628906e+00	2.806580066680908203e+00	2.797541379928588867e+00	2.792564630508422852e+00	2.791944503784179688e+00	2.794479370117187500e+00	2.798247337341308594e+00	2.801151275634765625e+00	2.801753520965576172e+00	2.799662828445434570e+00	2.795779943466186523e+00	2.792205572128295898e+00	2.791426420211791992e+00	2.795701742172241211e+00	2.807386875152587891e+00	2.828782796859741211e+00	2.856683254241943359e+00	2.866971492767333984e+00	2.844625234603881836e+00	2.819567203521728516e+00	2.802150964736938477e+00
2.790311098098754883e+00	2.786359548568725586e+00	2.786407232284545898e+00	2.788941860198974609e+00	2.792585849761962891e+00	2.795631647109985352e+00	2.797007322311401367e+00	2.796810626983642578e+00	2.795745372772216797e+00	2.794397592544555664e+00	2.793023109436035156e+00	2.791752099990844727e+00	2.790784358978271484e+00	2.790348052978515625e+00	2.790425062179565430e+00	2.790623426437377930e+00	2.790426492691040039e+00	2.789583206176757812e+00	2.788543462753295898e+00	2.788236856460571289e+00	2.789531946182250977e+00	2.792937994003295898e+00	2.798399686813354492e+00	2.805372714996337891e+00	2.813087463378906250e+00	2.820594310760498047e+00	2.826410531997680664e+00	2.828720331192016602e+00	2.826955080032348633e+00	2.822525501251220703e+00	2.817092657089233398e+00	2.811681032180786133e+00	2.806910276412963867e+00	2.803101778030395508e+00	2.800258874893188477e+00	2.798098564147949219e+00	2.796376228332519531e+00	2.795419692993164062e+00	2.795718908309936523e+00	2.797155857086181641e+00	2.798963546752929688e+00	2.800209045410156250e+00	2.800115346908569336e+00	2.798217296600341797e+00	2.794782161712646484e+00	2.791156768798828125e+00	2.789453744888305664e+00	2.791633129119873047e+00	2.798856258392333984e+00	2.808494329452514648e+00	2.814371824264526367e+00	2.813416004180908203e+00	2.805307149887084961e+00	2.796535968780517578e+00	2.791425228118896484e+00	2.790514230728149414e+00	2.792943716049194336e+00	2.797063589096069336e+00	2.800374507904052734e+00	2.800775766372680664e+00	2.798064947128295898e+00	2.793606519699096680e+00	2.789975166320800781e+00	2.789804697036743164e+00	2.795068979263305664e+00	2.807440519332885742e+00	2.827652931213378906e+00	2.851863384246826172e+00	2.859928846359252930e+00	2.837552070617675781e+00	2.815966129302978516e+00	2.800044536590576172e+00
2.766038417816162109e+00	2.766074419021606445e+00	2.766623497009277344e+00	2.767486333847045898e+00	2.768326044082641602e+00	2.768758773803710938e+00	2.768673658370971680e+00	2.768357992172241211e+00	2.768050193786621094e+00	2.767637491226196289e+00	2.766948699951171875e+00	2.766341924667358398e+00	2.766211509704589844e+00	2.766415596008300781e+00	2.766840457916259766e+00	2.767503023147583008e+00	2.768078565597534180e+00	2.768505096435546875e+00	2.768596887588500977e+00	2.768536567687988281e+00	2.768586158752441406e+00	2.768654823303222656e+00	2.768898248672485352e+00	2.769525766372680664e+00	2.769967794418334961e+00	2.769613504409790039e+00	2.768831729888916016e+00	2.767916440963745117e+00	2.766859531402587891e+00	2.765543222427368164e+00	2.764336347579956055e+00	2.763866424560546875e+00	2.764387845993041992e+00	2.765749692916870117e+00	2.767443418502807617e+00	2.768786191940307617e+00	2.769425392150878906e+00	2.769262790679931641e+00	2.768526077270507812e+00	2.767583847045898438e+00	2.766636848449707031e+00	2.765808343887329102e+00	2.765407562255859375e+00	2.765587091445922852e+00	2.766221046447753906e+00	2.767479896545410156e+00	2.769483804702758789e+00	2.771217346191406250e+00	2.771658182144165039e+00	2.771499156951904297e+00	2.771230936050415039e+00	2.771038532257080078e+00	2.771054744720458984e+00	2.771310806274414062e+00	2.771404027938842773e+00	2.771012306213378906e+00	2.770539283752441406e+00	2.770425319671630859e+00	2.770663738250732422e+00	2.770800828933715820e+00	2.770527362823486328e+00	2.770123243331909180e+00	2.770040750503540039e+00	2.770385265350341797e+00	2.771037578582763672e+00	2.772257566452026367e+00	2.772912979125976562e+00	2.771910667419433594e+00	2.770179986953735352e+00	2.768410921096801758e+00	2.767148017883300781e+00	2.766420841217041016e+00
2.766537904739379883e+00	2.767035484313964844e+00	2.767512083053588867e+00	2.767875671386718750e+00	2.768132448196411133e+00	2.768235445022583008e+00	2.768510103225708008e+00	2.769276142120361328e+00	2.770471334457397461e+00	2.771384954452514648e+00	2.770975589752197266e+00	2.769691944122314453e+00	2.768631458282470703e+00	2.768250465393066406e+00	2.768431663513183594e+00	2.769225597381591797e+00	2.770970106124877930e+00	2.771620988845825195e+00	2.769891023635864258e+00	2.768356561660766602e+00	2.767440795898437500e+00	2.767112731933593750e+00	2.767333507537841797e+00	2.767547845840454102e+00	2.767551898956298828e+00	2.767415523529052734e+00	2.766598463058471680e+00	2.765432119369506836e+00	2.764336824417114258e+00	2.763690710067749023e+00	2.763445138931274414e+00	2.763643264770507812e+00	2.764631032943725586e+00	2.766388177871704102e+00	2.768438100814819336e+00	2.770349740982055664e+00	2.771254301071166992e+00	2.770918607711791992e+00	2.770111322402954102e+00	2.769133806228637695e+00	2.767892599105834961e+00	2.766406059265136719e+00	2.764669418334960938e+00	2.763016700744628906e+00	2.762285232543945312e+00	2.762738704681396484e+00	2.763977527618408203e+00	2.765457153320312500e+00	2.766564846038818359e+00	2.766954183578491211e+00	2.767021417617797852e+00	2.766925573348999023e+00	2.766616821289062500e+00	2.766531944274902344e+00	2.767032146453857422e+00	2.768043279647827148e+00	2.769308090209960938e+00	2.770458936691284180e+00	2.771385908126831055e+00	2.771911621093750000e+00	2.771539926528930664e+00	2.770598649978637695e+00	2.769921064376831055e+00	2.768956422805786133e+00	2.768233776092529297e+00	2.768471717834472656e+00	2.769901514053344727e+00	2.770433664321899414e+00	2.768911838531494141e+00	2.767293453216552734e+00	2.766443967819213867e+00	2.766283273696899414e+00
2.768681287765502930e+00	2.768004179000854492e+00	2.767764806747436523e+00	2.767884969711303711e+00	2.768181085586547852e+00	2.768501281738281250e+00	2.768799781799316406e+00	2.768947362899780273e+00	2.768795728683471680e+00	2.768502235412597656e+00	2.768378496170043945e+00	2.768581867218017578e+00	2.769104719161987305e+00	2.769748449325561523e+00	2.770174026489257812e+00	2.770247697830200195e+00	2.770002365112304688e+00	2.769502639770507812e+00	2.768971681594848633e+00	2.768567562103271484e+00	2.768135786056518555e+00	2.767468690872192383e+00	2.766823768615722656e+00	2.766633749008178711e+00	2.766959190368652344e+00	2.767468214035034180e+00	2.767820596694946289e+00	2.768127202987670898e+00	2.768219470977783203e+00	2.767094850540161133e+00	2.765562772750854492e+00	2.764543056488037109e+00	2.764350891113281250e+00	2.765340089797973633e+00	2.767438173294067383e+00	2.769846916198730469e+00	2.771400213241577148e+00	2.771656513214111328e+00	2.770538091659545898e+00	2.769159793853759766e+00	2.768199205398559570e+00	2.767267942428588867e+00	2.765874624252319336e+00	2.764447927474975586e+00	2.764020681381225586e+00	2.764829635620117188e+00	2.766525268554687500e+00	2.768872261047363281e+00	2.771454811096191406e+00	2.773343563079833984e+00	2.773641586303710938e+00	2.772392034530639648e+00	2.770407676696777344e+00	2.768788099288940430e+00	2.768172025680541992e+00	2.768502712249755859e+00	2.769626855850219727e+00	2.771430730819702148e+00	2.773413181304931641e+00	2.774181842803955078e+00	2.772411346435546875e+00	2.769539117813110352e+00	2.767436981201171875e+00	2.766464948654174805e+00	2.766688585281372070e+00	2.768227577209472656e+00	2.770706892013549805e+00	2.772771358489990234e+00	2.773585319519042969e+00	2.773236989974975586e+00	2.771842479705810547e+00	2.769990921020507812e+00
2.768660068511962891e+00	2.766932010650634766e+00	2.765506267547607422e+00	2.764431476593017578e+00	2.764363288879394531e+00	2.765177011489868164e+00	2.766160488128662109e+00	2.766710519790649414e+00	2.766927719116210938e+00	2.767238378524780273e+00	2.767713069915771484e+00	2.768235445022583008e+00	2.769152641296386719e+00	2.770346879959106445e+00	2.770946264266967773e+00	2.770396232604980469e+00	2.768900632858276367e+00	2.767172098159790039e+00	2.766218900680541992e+00	2.766511678695678711e+00	2.767678976058959961e+00	2.768763542175292969e+00	2.769172191619873047e+00	2.769321441650390625e+00	2.769655704498291016e+00	2.770408391952514648e+00	2.771615266799926758e+00	2.772879600524902344e+00	2.773788213729858398e+00	2.774061203002929688e+00	2.773091316223144531e+00	2.771133184432983398e+00	2.769199132919311523e+00	2.767951965332031250e+00	2.767677307128906250e+00	2.768126249313354492e+00	2.769185543060302734e+00	2.770603179931640625e+00	2.770347833633422852e+00	2.769109249114990234e+00	2.768642187118530273e+00	2.768654584884643555e+00	2.768264770507812500e+00	2.767475366592407227e+00	2.766706705093383789e+00	2.766179323196411133e+00	2.766396522521972656e+00	2.767679929733276367e+00	2.769787073135375977e+00	2.772047996520996094e+00	2.773816347122192383e+00	2.774162054061889648e+00	2.772622346878051758e+00	2.771039009094238281e+00	2.770322084426879883e+00	2.770545244216918945e+00	2.771493196487426758e+00	2.772537469863891602e+00	2.772753477096557617e+00	2.772057294845581055e+00	2.770846843719482422e+00	2.769466876983642578e+00	2.768557548522949219e+00	2.768666744232177734e+00	2.769752264022827148e+00	2.770970106124877930e+00	2.772093772888183594e+00	2.773372650146484375e+00	2.774553060531616211e+00	2.775195121765136719e+00	2.773904561996459961e+00	2.771033287048339844e+00
2.768113374710083008e+00	2.766159296035766602e+00	2.764832496643066406e+00	2.764641046524047852e+00	2.765604734420776367e+00	2.767217874526977539e+00	2.768944740295410156e+00	2.770492076873779297e+00	2.771359682083129883e+00	2.771027326583862305e+00	2.770751237869262695e+00	2.770781517028808594e+00	2.771178245544433594e+00	2.771871566772460938e+00	2.771352052688598633e+00	2.769290208816528320e+00	2.767128467559814453e+00	2.765755891799926758e+00	2.765433788299560547e+00	2.766054391860961914e+00	2.767310619354248047e+00	2.768993854522705078e+00	2.771151781082153320e+00	2.773670196533203125e+00	2.776258468627929688e+00	2.778651237487792969e+00	2.780218362808227539e+00	2.779913902282714844e+00	2.777722358703613281e+00	2.775112390518188477e+00	2.773165941238403320e+00	2.771212100982666016e+00	2.768889188766479492e+00	2.767027139663696289e+00	2.766105413436889648e+00	2.766355037689208984e+00	2.767396211624145508e+00	2.768447399139404297e+00	2.769254684448242188e+00	2.770337581634521484e+00	2.772009611129760742e+00	2.773728609085083008e+00	2.773825168609619141e+00	2.772438764572143555e+00	2.771674633026123047e+00	2.770800113677978516e+00	2.769525051116943359e+00	2.769234418869018555e+00	2.769783020019531250e+00	2.770505666732788086e+00	2.771066427230834961e+00	2.771225929260253906e+00	2.770476818084716797e+00	2.769333839416503906e+00	2.768650054931640625e+00	2.768866062164306641e+00	2.769954442977905273e+00	2.771167278289794922e+00	2.772085189819335938e+00	2.772355079650878906e+00	2.771679878234863281e+00	2.770674228668212891e+00	2.770128726959228516e+00	2.770306825637817383e+00	2.770970821380615234e+00	2.771613121032714844e+00	2.772015333175659180e+00	2.772131681442260742e+00	2.772127866744995117e+00	2.772071123123168945e+00	2.771445035934448242e+00	2.770031452178955078e+00
2.770621538162231445e+00	2.769188165664672852e+00	2.768250942230224609e+00	2.767821073532104492e+00	2.767983436584472656e+00	2.768770694732666016e+00	2.770190715789794922e+00	2.771992206573486328e+00	2.772376298904418945e+00	2.771470785140991211e+00	2.771368980407714844e+00	2.772364139556884766e+00	2.774254322052001953e+00	2.776191949844360352e+00	2.776638507843017578e+00	2.775542736053466797e+00	2.773895263671875000e+00	2.772453069686889648e+00	2.771583557128906250e+00	2.771091699600219727e+00	2.770688056945800781e+00	2.770351648330688477e+00	2.770223140716552734e+00	2.770471572875976562e+00	2.771166324615478516e+00	2.771982431411743164e+00	2.772336959838867188e+00	2.772027015686035156e+00	2.771524190902709961e+00	2.771641731262207031e+00	2.772528886795043945e+00	2.773021221160888672e+00	2.772716045379638672e+00	2.772404909133911133e+00	2.772693395614624023e+00	2.773427009582519531e+00	2.773965835571289062e+00	2.774036407470703125e+00	2.773915290832519531e+00	2.773868560791015625e+00	2.773891925811767578e+00	2.773616313934326172e+00	2.772778749465942383e+00	2.771297216415405273e+00	2.770052909851074219e+00	2.769739866256713867e+00	2.769953727722167969e+00	2.770490169525146484e+00	2.771203756332397461e+00	2.771924495697021484e+00	2.772484302520751953e+00	2.772781133651733398e+00	2.772627115249633789e+00	2.771707296371459961e+00	2.770515680313110352e+00	2.769884824752807617e+00	2.770194768905639648e+00	2.771409034729003906e+00	2.773858547210693359e+00	2.777316093444824219e+00	2.777766227722167969e+00	2.774379730224609375e+00	2.772084236145019531e+00	2.771366834640502930e+00	2.771673440933227539e+00	2.772614240646362305e+00	2.773649215698242188e+00	2.774485588073730469e+00	2.774978637695312500e+00	2.774916648864746094e+00	2.774128913879394531e+00	2.772481918334960938e+00
2.773614168167114258e+00	2.772904634475708008e+00	2.772507429122924805e+00	2.772868156433105469e+00	2.773480892181396484e+00	2.773341894149780273e+00	2.772974729537963867e+00	2.772699832916259766e+00	2.772336006164550781e+00	2.772299766540527344e+00	2.772894382476806641e+00	2.774114608764648438e+00	2.775820255279541016e+00	2.777638435363769531e+00	2.779192447662353516e+00	2.780432462692260742e+00	2.781576395034790039e+00	2.782610177993774414e+00	2.782675266265869141e+00	2.781019449234008789e+00	2.778426885604858398e+00	2.775937795639038086e+00	2.774105072021484375e+00	2.772920608520507812e+00	2.772196292877197266e+00	2.771772623062133789e+00	2.771124601364135742e+00	2.770092964172363281e+00	2.769002676010131836e+00	2.768417358398437500e+00	2.768699884414672852e+00	2.769829273223876953e+00	2.771490812301635742e+00	2.773303985595703125e+00	2.774952888488769531e+00	2.775948286056518555e+00	2.775973558425903320e+00	2.775294542312622070e+00	2.774431467056274414e+00	2.773758411407470703e+00	2.773035049438476562e+00	2.771704435348510742e+00	2.769933223724365234e+00	2.768635988235473633e+00	2.768537521362304688e+00	2.769473075866699219e+00	2.770794630050659180e+00	2.772134542465209961e+00	2.773140668869018555e+00	2.773546695709228516e+00	2.773385524749755859e+00	2.772784948348999023e+00	2.772064924240112305e+00	2.771543979644775391e+00	2.771336078643798828e+00	2.771518230438232422e+00	2.772053718566894531e+00	2.772949218750000000e+00	2.773703098297119141e+00	2.773330211639404297e+00	2.772492647171020508e+00	2.771613121032714844e+00	2.771196126937866211e+00	2.771690368652343750e+00	2.772844314575195312e+00	2.774168252944946289e+00	2.775397300720214844e+00	2.776348590850830078e+00	2.776803255081176758e+00	2.776657581329345703e+00	2.775858402252197266e+00	2.774665117263793945e+00
2.775361061096191406e+00	2.774768352508544922e+00	2.775047540664672852e+00	2.775633335113525391e+00	2.775985240936279297e+00	2.775915622711181641e+00	2.775517463684082031e+00	2.775283813476562500e+00	2.775684833526611328e+00	2.776499032974243164e+00	2.777485609054565430e+00	2.778636217117309570e+00	2.780044794082641602e+00	2.781533718109130859e+00	2.782620429992675781e+00	2.783570051193237305e+00	2.784912109375000000e+00	2.785950899124145508e+00	2.786074638366699219e+00	2.785264015197753906e+00	2.783193111419677734e+00	2.780403375625610352e+00	2.777880668640136719e+00	2.775924682617187500e+00	2.774414300918579102e+00	2.773459911346435547e+00	2.772851467132568359e+00	2.771840810775756836e+00	2.770424127578735352e+00	2.769442796707153320e+00	2.769614696502685547e+00	2.771089315414428711e+00	2.773388385772705078e+00	2.775894165039062500e+00	2.778107404708862305e+00	2.779445886611938477e+00	2.779682159423828125e+00	2.778759479522705078e+00	2.776846408843994141e+00	2.774528026580810547e+00	2.772484540939331055e+00	2.770817756652832031e+00	2.769148111343383789e+00	2.768291711807250977e+00	2.768778324127197266e+00	2.770560741424560547e+00	2.773190021514892578e+00	2.776084423065185547e+00	2.779204368591308594e+00	2.782181739807128906e+00	2.779821395874023438e+00	2.776341438293457031e+00	2.773989439010620117e+00	2.772820711135864258e+00	2.772656917572021484e+00	2.772951126098632812e+00	2.773590564727783203e+00	2.774200439453125000e+00	2.774076223373413086e+00	2.773472785949707031e+00	2.773200035095214844e+00	2.773960590362548828e+00	2.776032924652099609e+00	2.778880834579467773e+00	2.780987262725830078e+00	2.781260013580322266e+00	2.780598640441894531e+00	2.780003547668457031e+00	2.779809236526489258e+00	2.779523372650146484e+00	2.778403759002685547e+00	2.776768684387207031e+00
2.777099370956420898e+00	2.776061773300170898e+00	2.775582790374755859e+00	2.774941205978393555e+00	2.774178981781005859e+00	2.773947238922119141e+00	2.774031162261962891e+00	2.774317741394042969e+00	2.775020837783813477e+00	2.776058435440063477e+00	2.776929855346679688e+00	2.778042793273925781e+00	2.779714584350585938e+00	2.781315326690673828e+00	2.782480239868164062e+00	2.783628702163696289e+00	2.784853935241699219e+00	2.785615921020507812e+00	2.785667419433593750e+00	2.785040855407714844e+00	2.783672094345092773e+00	2.782106876373291016e+00	2.780800580978393555e+00	2.779035806655883789e+00	2.777529478073120117e+00	2.776278257369995117e+00	2.774541378021240234e+00	2.772585868835449219e+00	2.771300077438354492e+00	2.771204471588134766e+00	2.772128105163574219e+00	2.773722648620605469e+00	2.775362491607666016e+00	2.776529073715209961e+00	2.777710437774658203e+00	2.779517412185668945e+00	2.781478166580200195e+00	2.782378673553466797e+00	2.781780958175659180e+00	2.779121875762939453e+00	2.775540113449096680e+00	2.772496223449707031e+00	2.770393848419189453e+00	2.769549131393432617e+00	2.770164728164672852e+00	2.772255659103393555e+00	2.775430679321289062e+00	2.778811454772949219e+00	2.780907392501831055e+00	2.781231880187988281e+00	2.780633687973022461e+00	2.779318809509277344e+00	2.777358531951904297e+00	2.775240182876586914e+00	2.773743152618408203e+00	2.773619413375854492e+00	2.774894952774047852e+00	2.775950431823730469e+00	2.775613784790039062e+00	2.774728059768676758e+00	2.773989677429199219e+00	2.774151325225830078e+00	2.775874376296997070e+00	2.778681755065917969e+00	2.781124591827392578e+00	2.782081365585327148e+00	2.781737327575683594e+00	2.780918359756469727e+00	2.780221223831176758e+00	2.779825210571289062e+00	2.779461622238159180e+00	2.778463125228881836e+00
2.773782491683959961e+00	2.771858930587768555e+00	2.770929574966430664e+00	2.770872831344604492e+00	2.770782947540283203e+00	2.770777463912963867e+00	2.770844459533691406e+00	2.770746707916259766e+00	2.770570516586303711e+00	2.770542144775390625e+00	2.770932197570800781e+00	2.772164821624755859e+00	2.774274587631225586e+00	2.776516914367675781e+00	2.778079032897949219e+00	2.778621435165405273e+00	2.778321981430053711e+00	2.778183698654174805e+00	2.778661966323852539e+00	2.779145002365112305e+00	2.779013395309448242e+00	2.778153896331787109e+00	2.776457309722900391e+00	2.774461984634399414e+00	2.773478746414184570e+00	2.773355960845947266e+00	2.772661685943603516e+00	2.771202087402343750e+00	2.769927024841308594e+00	2.769544601440429688e+00	2.770261526107788086e+00	2.771765708923339844e+00	2.773038625717163086e+00	2.773877143859863281e+00	2.774934768676757812e+00	2.775912046432495117e+00	2.776166439056396484e+00	2.775697946548461914e+00	2.774663209915161133e+00	2.772876739501953125e+00	2.770563125610351562e+00	2.768283843994140625e+00	2.766361951828002930e+00	2.765278339385986328e+00	2.765732765197753906e+00	2.767992258071899414e+00	2.771573066711425781e+00	2.775094270706176758e+00	2.777224302291870117e+00	2.778041601181030273e+00	2.778356075286865234e+00	2.777791738510131836e+00	2.776186704635620117e+00	2.774210691452026367e+00	2.772830486297607422e+00	2.772639989852905273e+00	2.773505210876464844e+00	2.774423360824584961e+00	2.774144172668457031e+00	2.773056983947753906e+00	2.772096872329711914e+00	2.771968126296997070e+00	2.773165225982666016e+00	2.775529623031616211e+00	2.778181314468383789e+00	2.780159711837768555e+00	2.780204772949218750e+00	2.779341459274291992e+00	2.778837680816650391e+00	2.778160810470581055e+00	2.777215003967285156e+00	2.775803089141845703e+00
2.769563198089599609e+00	2.768366575241088867e+00	2.768074035644531250e+00	2.768590927124023438e+00	2.769716262817382812e+00	2.771049022674560547e+00	2.772111415863037109e+00	2.772464275360107422e+00	2.771586656570434570e+00	2.770805358886718750e+00	2.770698308944702148e+00	2.771437644958496094e+00	2.773042917251586914e+00	2.774907588958740234e+00	2.776156902313232422e+00	2.776457309722900391e+00	2.776004076004028320e+00	2.775645494461059570e+00	2.775636911392211914e+00	2.775637626647949219e+00	2.775404930114746094e+00	2.774881124496459961e+00	2.773815155029296875e+00	2.771979331970214844e+00	2.770081281661987305e+00	2.768756628036499023e+00	2.768042087554931641e+00	2.767784595489501953e+00	2.767705917358398438e+00	2.767715454101562500e+00	2.768120288848876953e+00	2.769186258316040039e+00	2.770524263381958008e+00	2.771534681320190430e+00	2.772398710250854492e+00	2.773481369018554688e+00	2.774108886718750000e+00	2.773603439331054688e+00	2.772351026535034180e+00	2.770698070526123047e+00	2.768435478210449219e+00	2.766035318374633789e+00	2.764532327651977539e+00	2.764203786849975586e+00	2.764765977859497070e+00	2.766098260879516602e+00	2.768181324005126953e+00	2.770444393157958984e+00	2.772132873535156250e+00	2.773121595382690430e+00	2.773821115493774414e+00	2.773829698562622070e+00	2.772689819335937500e+00	2.771285295486450195e+00	2.770683288574218750e+00	2.771205663681030273e+00	2.772271871566772461e+00	2.772605419158935547e+00	2.771967411041259766e+00	2.771272659301757812e+00	2.770599603652954102e+00	2.769895792007446289e+00	2.769787549972534180e+00	2.770572900772094727e+00	2.771904706954956055e+00	2.773160457611083984e+00	2.773924827575683594e+00	2.774322032928466797e+00	2.774505615234375000e+00	2.774271965026855469e+00	2.773220539093017578e+00	2.771412134170532227e+00
2.771542072296142578e+00	2.769563913345336914e+00	2.768059015274047852e+00	2.767536163330078125e+00	2.768054723739624023e+00	2.769435405731201172e+00	2.771301984786987305e+00	2.771236896514892578e+00	2.768348693847656250e+00	2.766418933868408203e+00	2.765678644180297852e+00	2.765661716461181641e+00	2.766354560852050781e+00	2.767718791961669922e+00	2.769164323806762695e+00	2.770061969757080078e+00	2.770150661468505859e+00	2.769293069839477539e+00	2.768028497695922852e+00	2.766893863677978516e+00	2.766243457794189453e+00	2.766299962997436523e+00	2.766851425170898438e+00	2.767408132553100586e+00	2.767877101898193359e+00	2.768221616744995117e+00	2.768363237380981445e+00	2.768447160720825195e+00	2.768467426300048828e+00	2.768152475357055664e+00	2.767779827117919922e+00	2.768224954605102539e+00	2.769451141357421875e+00	2.770054578781127930e+00	2.770500898361206055e+00	2.771326780319213867e+00	2.772011756896972656e+00	2.772233247756958008e+00	2.771951198577880859e+00	2.771206140518188477e+00	2.769896030426025391e+00	2.768205881118774414e+00	2.766986608505249023e+00	2.766613483428955078e+00	2.767203092575073242e+00	2.768813371658325195e+00	2.770810604095458984e+00	2.772100448608398438e+00	2.772290706634521484e+00	2.771507740020751953e+00	2.770589828491210938e+00	2.769733190536499023e+00	2.768622636795043945e+00	2.767332553863525391e+00	2.766470670700073242e+00	2.766114950180053711e+00	2.766067981719970703e+00	2.766169548034667969e+00	2.766084432601928711e+00	2.765959024429321289e+00	2.765777587890625000e+00	2.765587329864501953e+00	2.765560388565063477e+00	2.766095876693725586e+00	2.767436265945434570e+00	2.769567489624023438e+00	2.771991252899169922e+00	2.774106025695800781e+00	2.775397062301635742e+00	2.775474071502685547e+00	2.774659395217895508e+00	2.773327827453613281e+00
2.772841453552246094e+00	2.771334409713745117e+00	2.769643545150756836e+00	2.768345355987548828e+00	2.767658948898315430e+00	2.767453670501708984e+00	2.767391920089721680e+00	2.767244577407836914e+00	2.767035007476806641e+00	2.766267538070678711e+00	2.766059637069702148e+00	2.767239332199096680e+00	2.769183635711669922e+00	2.770737409591674805e+00	2.771383285522460938e+00	2.771450519561767578e+00	2.770877599716186523e+00	2.770271062850952148e+00	2.770096302032470703e+00	2.770424365997314453e+00	2.771174192428588867e+00	2.772295475006103516e+00	2.773503065109252930e+00	2.774115085601806641e+00	2.773893833160400391e+00	2.773150682449340820e+00	2.771948099136352539e+00	2.770632266998291016e+00	2.769662380218505859e+00	2.769357442855834961e+00	2.769897937774658203e+00	2.771006822586059570e+00	2.771866321563720703e+00	2.771841287612915039e+00	2.771241426467895508e+00	2.770646810531616211e+00	2.770222187042236328e+00	2.769771814346313477e+00	2.768883228302001953e+00	2.767296075820922852e+00	2.765544891357421875e+00	2.764260768890380859e+00	2.763460159301757812e+00	2.763065099716186523e+00	2.763359069824218750e+00	2.764577865600585938e+00	2.766356468200683594e+00	2.767912864685058594e+00	2.768766164779663086e+00	2.769011020660400391e+00	2.769069910049438477e+00	2.769284486770629883e+00	2.769377470016479492e+00	2.768767356872558594e+00	2.767764568328857422e+00	2.766896724700927734e+00	2.766319274902343750e+00	2.765965223312377930e+00	2.765841484069824219e+00	2.766078948974609375e+00	2.766751527786254883e+00	2.767800569534301758e+00	2.769132852554321289e+00	2.770601511001586914e+00	2.771898984909057617e+00	2.772833108901977539e+00	2.773460388183593750e+00	2.774122714996337891e+00	2.774919033050537109e+00	2.775243043899536133e+00	2.774788618087768555e+00	2.773918628692626953e+00
2.769793510437011719e+00	2.768053054809570312e+00	2.767046451568603516e+00	2.766793966293334961e+00	2.766798973083496094e+00	2.766436338424682617e+00	2.765805959701538086e+00	2.765423059463500977e+00	2.765314102172851562e+00	2.765016794204711914e+00	2.764851093292236328e+00	2.765169382095336914e+00	2.765810012817382812e+00	2.766648054122924805e+00	2.767429590225219727e+00	2.767678260803222656e+00	2.767424106597900391e+00	2.767189502716064453e+00	2.767320394515991211e+00	2.767657041549682617e+00	2.767874479293823242e+00	2.767838954925537109e+00	2.767266273498535156e+00	2.766418933868408203e+00	2.765860795974731445e+00	2.765907526016235352e+00	2.766505002975463867e+00	2.767349004745483398e+00	2.768134593963623047e+00	2.768481731414794922e+00	2.768332719802856445e+00	2.768313407897949219e+00	2.768734216690063477e+00	2.769356250762939453e+00	2.769737958908081055e+00	2.769757747650146484e+00	2.769518613815307617e+00	2.769129991531372070e+00	2.768685102462768555e+00	2.768289089202880859e+00	2.767913103103637695e+00	2.767416715621948242e+00	2.766838312149047852e+00	2.766533374786376953e+00	2.766945123672485352e+00	2.768131732940673828e+00	2.769733905792236328e+00	2.771553993225097656e+00	2.773354291915893555e+00	2.774726390838623047e+00	2.774965286254882812e+00	2.773987531661987305e+00	2.772408723831176758e+00	2.771270751953125000e+00	2.770934820175170898e+00	2.771068572998046875e+00	2.771122455596923828e+00	2.770774126052856445e+00	2.769996166229248047e+00	2.769072771072387695e+00	2.768476009368896484e+00	2.768605232238769531e+00	2.769549846649169922e+00	2.771052122116088867e+00	2.772492647171020508e+00	2.773468971252441406e+00	2.774416446685791016e+00	2.775574207305908203e+00	2.776192903518676758e+00	2.775551557540893555e+00	2.773923635482788086e+00	2.771909236907958984e+00
2.767840862274169922e+00	2.767705440521240234e+00	2.767647743225097656e+00	2.767780542373657227e+00	2.768038988113403320e+00	2.767985343933105469e+00	2.767583370208740234e+00	2.767425537109375000e+00	2.767397880554199219e+00	2.767278194427490234e+00	2.767376184463500977e+00	2.767454624176025391e+00	2.767551898956298828e+00	2.768264770507812500e+00	2.769710063934326172e+00	2.771379232406616211e+00	2.772932052612304688e+00	2.774659633636474609e+00	2.776440858840942383e+00	2.777281522750854492e+00	2.776982069015502930e+00	2.776212692260742188e+00	2.774849891662597656e+00	2.773185491561889648e+00	2.771967887878417969e+00	2.771427392959594727e+00	2.770936489105224609e+00	2.769744873046875000e+00	2.768197774887084961e+00	2.767112016677856445e+00	2.766878366470336914e+00	2.767658233642578125e+00	2.769287824630737305e+00	2.770992040634155273e+00	2.771927833557128906e+00	2.771713733673095703e+00	2.770650625228881836e+00	2.769455909729003906e+00	2.768530607223510742e+00	2.767850637435913086e+00	2.767151594161987305e+00	2.766324996948242188e+00	2.765820264816284180e+00	2.765999078750610352e+00	2.766922473907470703e+00	2.768510580062866211e+00	2.770596742630004883e+00	2.772808790206909180e+00	2.774646282196044922e+00	2.775419950485229492e+00	2.774683952331542969e+00	2.772964239120483398e+00	2.771315336227416992e+00	2.770379781723022461e+00	2.770003557205200195e+00	2.769886016845703125e+00	2.769823551177978516e+00	2.769724845886230469e+00	2.769706964492797852e+00	2.769731760025024414e+00	2.769594907760620117e+00	2.769386291503906250e+00	2.769625663757324219e+00	2.770152568817138672e+00	2.770509243011474609e+00	2.770339727401733398e+00	2.769918203353881836e+00	2.769665956497192383e+00	2.769377708435058594e+00	2.768865346908569336e+00	2.768320798873901367e+00	2.768046855926513672e+00
2.769153356552124023e+00	2.768866539001464844e+00	2.767292261123657227e+00	2.765660762786865234e+00	2.764710903167724609e+00	2.764508485794067383e+00	2.764945745468139648e+00	2.765850782394409180e+00	2.766895294189453125e+00	2.767810583114624023e+00	2.768777132034301758e+00	2.769527196884155273e+00	2.769010305404663086e+00	2.767808914184570312e+00	2.767050743103027344e+00	2.767476797103881836e+00	2.769134044647216797e+00	2.771611928939819336e+00	2.774163484573364258e+00	2.776149034500122070e+00	2.777140617370605469e+00	2.776982784271240234e+00	2.775712728500366211e+00	2.773831367492675781e+00	2.772250175476074219e+00	2.771710157394409180e+00	2.770871400833129883e+00	2.769624948501586914e+00	2.769074916839599609e+00	2.768453359603881836e+00	2.767444610595703125e+00	2.766221284866333008e+00	2.765533447265625000e+00	2.765700578689575195e+00	2.766368389129638672e+00	2.766970157623291016e+00	2.767112255096435547e+00	2.766644001007080078e+00	2.765826225280761719e+00	2.765388250350952148e+00	2.765609979629516602e+00	2.766145229339599609e+00	2.767339706420898438e+00	2.768849849700927734e+00	2.769627571105957031e+00	2.770057439804077148e+00	2.770858049392700195e+00	2.771854877471923828e+00	2.772934675216674805e+00	2.773945331573486328e+00	2.774429082870483398e+00	2.773945569992065430e+00	2.772695779800415039e+00	2.771093368530273438e+00	2.769603252410888672e+00	2.768508195877075195e+00	2.767529487609863281e+00	2.766822576522827148e+00	2.766757488250732422e+00	2.767338752746582031e+00	2.768319845199584961e+00	2.769426584243774414e+00	2.770578622817993164e+00	2.771634340286254883e+00	2.771798610687255859e+00	2.770828485488891602e+00	2.769281148910522461e+00	2.767555236816406250e+00	2.766364097595214844e+00	2.766230821609497070e+00	2.767024755477905273e+00	2.768224000930786133e+00
2.770461559295654297e+00	2.768227338790893555e+00	2.765674352645874023e+00	2.764100313186645508e+00	2.763612747192382812e+00	2.764380931854248047e+00	2.766612529754638672e+00	2.769434928894042969e+00	2.771385431289672852e+00	2.772552013397216797e+00	2.773967027664184570e+00	2.775649070739746094e+00	2.777302265167236328e+00	2.779099225997924805e+00	2.781167745590209961e+00	2.783438682556152344e+00	2.785665988922119141e+00	2.787071466445922852e+00	2.787014961242675781e+00	2.785987138748168945e+00	2.784527301788330078e+00	2.782635211944580078e+00	2.780392408370971680e+00	2.778084516525268555e+00	2.775913238525390625e+00	2.773965120315551758e+00	2.772189140319824219e+00	2.770810365676879883e+00	2.770063877105712891e+00	2.769149541854858398e+00	2.767829895019531250e+00	2.766783952713012695e+00	2.766711711883544922e+00	2.767753124237060547e+00	2.769461393356323242e+00	2.771201133728027344e+00	2.772437572479248047e+00	2.772613763809204102e+00	2.771651983261108398e+00	2.770094394683837891e+00	2.768465995788574219e+00	2.767309427261352539e+00	2.766780138015747070e+00	2.766584396362304688e+00	2.766504049301147461e+00	2.766484022140502930e+00	2.766498565673828125e+00	2.766647815704345703e+00	2.766969680786132812e+00	2.767505645751953125e+00	2.768177270889282227e+00	2.768707036972045898e+00	2.768866062164306641e+00	2.768532991409301758e+00	2.768263816833496094e+00	2.768649339675903320e+00	2.769109487533569336e+00	2.769232749938964844e+00	2.769507408142089844e+00	2.770223379135131836e+00	2.771004199981689453e+00	2.771393537521362305e+00	2.772096872329711914e+00	2.773436546325683594e+00	2.774498701095581055e+00	2.774199008941650391e+00	2.773388147354125977e+00	2.772509813308715820e+00	2.771381139755249023e+00	2.770347356796264648e+00	2.770019769668579102e+00	2.770635366439819336e+00
2.806309461593627930e+00	2.806283235549926758e+00	2.800559520721435547e+00	2.794000148773193359e+00	2.788013458251953125e+00	2.782947540283203125e+00	2.779530048370361328e+00	2.778336763381958008e+00	2.779109954833984375e+00	2.780759811401367188e+00	2.782251358032226562e+00	2.783007621765136719e+00	2.782885074615478516e+00	2.782383680343627930e+00	2.782518863677978516e+00	2.784336566925048828e+00	2.788454055786132812e+00	2.794742107391357422e+00	2.803183555603027344e+00	2.814043521881103516e+00	2.827225446701049805e+00	2.842025041580200195e+00	2.856407403945922852e+00	2.866751194000244141e+00	2.869164228439331055e+00	2.862124443054199219e+00	2.848041057586669922e+00	2.831582307815551758e+00	2.816292047500610352e+00	2.803556203842163086e+00	2.793736457824707031e+00	2.786930084228515625e+00	2.783352851867675781e+00	2.782888174057006836e+00	2.784745931625366211e+00	2.787484645843505859e+00	2.789427757263183594e+00	2.789636850357055664e+00	2.788442611694335938e+00	2.786790132522583008e+00	2.785528421401977539e+00	2.785136699676513672e+00	2.785982847213745117e+00	2.788161754608154297e+00	2.791281223297119141e+00	2.795192241668701172e+00	2.799964904785156250e+00	2.804566383361816406e+00	2.806563615798950195e+00	2.803882122039794922e+00	2.797525882720947266e+00	2.790510654449462891e+00	2.784543037414550781e+00	2.780135393142700195e+00	2.777773141860961914e+00	2.777684688568115234e+00	2.779659032821655273e+00	2.783268928527832031e+00	2.787645101547241211e+00	2.791394948959350586e+00	2.793262243270874023e+00	2.792558670043945312e+00	2.789826154708862305e+00	2.786670207977294922e+00	2.784553050994873047e+00	2.784203290939331055e+00	2.785151958465576172e+00	2.785977602005004883e+00	2.786492824554443359e+00	2.788319826126098633e+00	2.793013095855712891e+00	2.800141811370849609e+00
2.818953275680541992e+00	2.821883201599121094e+00	2.822177648544311523e+00	2.819608926773071289e+00	2.812952041625976562e+00	2.804814577102661133e+00	2.797770261764526367e+00	2.793142557144165039e+00	2.791023254394531250e+00	2.790815353393554688e+00	2.791612863540649414e+00	2.792492628097534180e+00	2.792895793914794922e+00	2.792906999588012695e+00	2.792761802673339844e+00	2.793126821517944336e+00	2.795192718505859375e+00	2.799774408340454102e+00	2.807813644409179688e+00	2.820578813552856445e+00	2.838310718536376953e+00	2.859812021255493164e+00	2.882692337036132812e+00	2.902455806732177734e+00	2.910969495773315430e+00	2.903339624404907227e+00	2.884606838226318359e+00	2.862085819244384766e+00	2.840827703475952148e+00	2.823570966720581055e+00	2.811276197433471680e+00	2.803534030914306641e+00	2.799453496932983398e+00	2.798268318176269531e+00	2.799301862716674805e+00	2.801185131072998047e+00	2.802003145217895508e+00	2.800850868225097656e+00	2.798678874969482422e+00	2.796764850616455078e+00	2.796000480651855469e+00	2.796984672546386719e+00	2.799954891204833984e+00	2.804373502731323242e+00	2.809265136718750000e+00	2.814421892166137695e+00	2.819450855255126953e+00	2.822125434875488281e+00	2.821670532226562500e+00	2.817549943923950195e+00	2.810205936431884766e+00	2.802056550979614258e+00	2.795294046401977539e+00	2.791051387786865234e+00	2.789551258087158203e+00	2.790483474731445312e+00	2.793412685394287109e+00	2.797842025756835938e+00	2.802792072296142578e+00	2.806785345077514648e+00	2.808463811874389648e+00	2.807158231735229492e+00	2.803375720977783203e+00	2.798800230026245117e+00	2.795265436172485352e+00	2.793839216232299805e+00	2.794467210769653320e+00	2.796073913574218750e+00	2.797890424728393555e+00	2.800897836685180664e+00	2.806155681610107422e+00	2.813010454177856445e+00
2.827394008636474609e+00	2.834571361541748047e+00	2.840765237808227539e+00	2.841631412506103516e+00	2.832352876663208008e+00	2.818810701370239258e+00	2.807642936706542969e+00	2.800533533096313477e+00	2.797071456909179688e+00	2.796301364898681641e+00	2.797108173370361328e+00	2.798425197601318359e+00	2.799388170242309570e+00	2.799773454666137695e+00	2.799812316894531250e+00	2.799701213836669922e+00	2.800365924835205078e+00	2.803571701049804688e+00	2.811144351959228516e+00	2.824155330657958984e+00	2.842499971389770508e+00	2.865099906921386719e+00	2.889881134033203125e+00	2.912060499191284180e+00	2.921512365341186523e+00	2.913211822509765625e+00	2.893943548202514648e+00	2.870630502700805664e+00	2.848538160324096680e+00	2.830631256103515625e+00	2.817855119705200195e+00	2.810186624526977539e+00	2.806670904159545898e+00	2.805733919143676758e+00	2.805993556976318359e+00	2.806324720382690430e+00	2.805829286575317383e+00	2.804381608963012695e+00	2.802642345428466797e+00	2.801470279693603516e+00	2.801754474639892578e+00	2.804421424865722656e+00	2.810013532638549805e+00	2.818671941757202148e+00	2.827901124954223633e+00	2.831133842468261719e+00	2.831077575683593750e+00	2.830290555953979492e+00	2.827856063842773438e+00	2.822414875030517578e+00	2.814208745956420898e+00	2.805796146392822266e+00	2.799359798431396484e+00	2.795612096786499023e+00	2.794427156448364258e+00	2.795479536056518555e+00	2.798507928848266602e+00	2.803240537643432617e+00	2.808795213699340820e+00	2.813544273376464844e+00	2.815847635269165039e+00	2.814665555953979492e+00	2.810628414154052734e+00	2.805581331253051758e+00	2.801180362701416016e+00	2.798326253890991211e+00	2.797093868255615234e+00	2.797302246093750000e+00	2.799257278442382812e+00	2.803550004959106445e+00	2.810387611389160156e+00	2.818974256515502930e+00
2.835651874542236328e+00	2.847313880920410156e+00	2.863498449325561523e+00	2.876269340515136719e+00	2.868286848068237305e+00	2.846573591232299805e+00	2.827549457550048828e+00	2.815640211105346680e+00	2.809699535369873047e+00	2.807218313217163086e+00	2.806526184082031250e+00	2.806981563568115234e+00	2.807735919952392578e+00	2.808517456054687500e+00	2.809229612350463867e+00	2.809457063674926758e+00	2.809884548187255859e+00	2.812506437301635742e+00	2.819478034973144531e+00	2.832237482070922852e+00	2.850969314575195312e+00	2.874602556228637695e+00	2.900817871093750000e+00	2.924116611480712891e+00	2.933387279510498047e+00	2.923442363739013672e+00	2.902808427810668945e+00	2.878926515579223633e+00	2.856895208358764648e+00	2.839795112609863281e+00	2.828480958938598633e+00	2.821971178054809570e+00	2.818401336669921875e+00	2.816408157348632812e+00	2.815416097640991211e+00	2.814889430999755859e+00	2.813901662826538086e+00	2.812063694000244141e+00	2.810035705566406250e+00	2.808758020401000977e+00	2.809042453765869141e+00	2.811469316482543945e+00	2.816179275512695312e+00	2.823173284530639648e+00	2.831721544265747070e+00	2.839140653610229492e+00	2.842393636703491211e+00	2.841089487075805664e+00	2.836856365203857422e+00	2.830045223236083984e+00	2.821633577346801758e+00	2.813984394073486328e+00	2.808649063110351562e+00	2.806107282638549805e+00	2.805618762969970703e+00	2.806257009506225586e+00	2.807830572128295898e+00	2.810557126998901367e+00	2.814372539520263672e+00	2.818434238433837891e+00	2.821074485778808594e+00	2.821096181869506836e+00	2.818992853164672852e+00	2.816432476043701172e+00	2.813933610916137695e+00	2.810825347900390625e+00	2.808631181716918945e+00	2.807570219039916992e+00	2.808164358139038086e+00	2.811278820037841797e+00	2.817324876785278320e+00	2.825843811035156250e+00
2.839331388473510742e+00	2.852760314941406250e+00	2.871481418609619141e+00	2.887639045715332031e+00	2.882531404495239258e+00	2.860814571380615234e+00	2.839309453964233398e+00	2.823936462402343750e+00	2.814669370651245117e+00	2.810136318206787109e+00	2.808690547943115234e+00	2.808939218521118164e+00	2.809990406036376953e+00	2.811540603637695312e+00	2.813518762588500977e+00	2.815444231033325195e+00	2.816808462142944336e+00	2.819078445434570312e+00	2.825213670730590820e+00	2.837420463562011719e+00	2.856089353561401367e+00	2.880132913589477539e+00	2.906952619552612305e+00	2.930812597274780273e+00	2.939290046691894531e+00	2.926423072814941406e+00	2.902782201766967773e+00	2.877861022949218750e+00	2.856547117233276367e+00	2.840937614440917969e+00	2.831293106079101562e+00	2.826267957687377930e+00	2.823648691177368164e+00	2.821756839752197266e+00	2.820010185241699219e+00	2.818527221679687500e+00	2.817053556442260742e+00	2.815362215042114258e+00	2.813968896865844727e+00	2.813771247863769531e+00	2.815644741058349609e+00	2.820249557495117188e+00	2.827836990356445312e+00	2.837598562240600586e+00	2.846560478210449219e+00	2.851229190826416016e+00	2.850715160369873047e+00	2.846409320831298828e+00	2.840405225753784180e+00	2.832887411117553711e+00	2.824368238449096680e+00	2.817000627517700195e+00	2.812324047088623047e+00	2.810271739959716797e+00	2.809820175170898438e+00	2.810240030288696289e+00	2.811636447906494141e+00	2.814484119415283203e+00	2.818771839141845703e+00	2.823481321334838867e+00	2.826456308364868164e+00	2.825897932052612305e+00	2.822593927383422852e+00	2.818771600723266602e+00	2.815966129302978516e+00	2.814476490020751953e+00	2.813704013824462891e+00	2.813082933425903320e+00	2.813027620315551758e+00	2.814953804016113281e+00	2.820159673690795898e+00	2.828640460968017578e+00
2.844999074935913086e+00	2.860324621200561523e+00	2.881215572357177734e+00	2.898844242095947266e+00	2.894338607788085938e+00	2.870895624160766602e+00	2.846873283386230469e+00	2.830106735229492188e+00	2.819763183593750000e+00	2.813814163208007812e+00	2.811538934707641602e+00	2.811418294906616211e+00	2.812309503555297852e+00	2.813827514648437500e+00	2.815812110900878906e+00	2.817776918411254883e+00	2.819477319717407227e+00	2.822362661361694336e+00	2.829161882400512695e+00	2.841118812561035156e+00	2.858619213104248047e+00	2.881706237792968750e+00	2.907979011535644531e+00	2.931546211242675781e+00	2.940237522125244141e+00	2.927812576293945312e+00	2.904663801193237305e+00	2.880065679550170898e+00	2.858747959136962891e+00	2.843006849288940430e+00	2.833372116088867188e+00	2.828463077545166016e+00	2.825804471969604492e+00	2.823755741119384766e+00	2.822105407714843750e+00	2.820800065994262695e+00	2.819371700286865234e+00	2.817637205123901367e+00	2.816210269927978516e+00	2.816151857376098633e+00	2.818642139434814453e+00	2.824935436248779297e+00	2.836364507675170898e+00	2.853409290313720703e+00	2.869658470153808594e+00	2.870488882064819336e+00	2.862676143646240234e+00	2.854041576385498047e+00	2.845548152923583984e+00	2.836579799652099609e+00	2.827363252639770508e+00	2.819816589355468750e+00	2.815165996551513672e+00	2.813156843185424805e+00	2.812730073928833008e+00	2.813148021697998047e+00	2.814560413360595703e+00	2.817562818527221680e+00	2.822223901748657227e+00	2.827385425567626953e+00	2.830552101135253906e+00	2.829726934432983398e+00	2.826098918914794922e+00	2.822199106216430664e+00	2.818932294845581055e+00	2.816624164581298828e+00	2.815426349639892578e+00	2.814882040023803711e+00	2.815262556076049805e+00	2.817860841751098633e+00	2.823836803436279297e+00	2.833143711090087891e+00
2.846680164337158203e+00	2.861787557601928711e+00	2.882837772369384766e+00	2.901418447494506836e+00	2.897842884063720703e+00	2.874047040939331055e+00	2.849234104156494141e+00	2.831638097763061523e+00	2.820852041244506836e+00	2.815121889114379883e+00	2.812803268432617188e+00	2.812516927719116211e+00	2.813334941864013672e+00	2.814850807189941406e+00	2.816832780838012695e+00	2.818779468536376953e+00	2.820433855056762695e+00	2.823117971420288086e+00	2.829643487930297852e+00	2.842144250869750977e+00	2.860191345214843750e+00	2.883507728576660156e+00	2.910256862640380859e+00	2.934625387191772461e+00	2.944977045059204102e+00	2.934823513031005859e+00	2.912454128265380859e+00	2.886653661727905273e+00	2.863739252090454102e+00	2.846821546554565430e+00	2.836304903030395508e+00	2.830603122711181641e+00	2.827284097671508789e+00	2.824803829193115234e+00	2.822985887527465820e+00	2.821781158447265625e+00	2.820609569549560547e+00	2.819130182266235352e+00	2.817893266677856445e+00	2.817942380905151367e+00	2.820434808731079102e+00	2.826799869537353516e+00	2.838837862014770508e+00	2.857614994049072266e+00	2.875620841979980469e+00	2.874845027923583984e+00	2.864921808242797852e+00	2.855124235153198242e+00	2.846219539642333984e+00	2.837248325347900391e+00	2.828119754791259766e+00	2.820750713348388672e+00	2.816426277160644531e+00	2.814749002456665039e+00	2.814553260803222656e+00	2.815092802047729492e+00	2.816554307937622070e+00	2.819572925567626953e+00	2.824270248413085938e+00	2.829662322998046875e+00	2.833333015441894531e+00	2.832685947418212891e+00	2.828061103820800781e+00	2.822699308395385742e+00	2.818736076354980469e+00	2.816535949707031250e+00	2.815665006637573242e+00	2.815528631210327148e+00	2.816313266754150391e+00	2.819245338439941406e+00	2.825481176376342773e+00	2.834920644760131836e+00
2.847785711288452148e+00	2.863340139389038086e+00	2.885463714599609375e+00	2.905702590942382812e+00	2.902807235717773438e+00	2.877586126327514648e+00	2.851190567016601562e+00	2.832436561584472656e+00	2.821072816848754883e+00	2.815346479415893555e+00	2.813372850418090820e+00	2.813450574874877930e+00	2.814446449279785156e+00	2.815958738327026367e+00	2.817815303802490234e+00	2.819586753845214844e+00	2.821109056472778320e+00	2.823723316192626953e+00	2.830054759979248047e+00	2.842057228088378906e+00	2.860232830047607422e+00	2.884040355682373047e+00	2.910982847213745117e+00	2.935356140136718750e+00	2.945953845977783203e+00	2.936572551727294922e+00	2.915127515792846680e+00	2.889638423919677734e+00	2.866319179534912109e+00	2.848774433135986328e+00	2.837810993194580078e+00	2.831867218017578125e+00	2.828365802764892578e+00	2.825740337371826172e+00	2.823835849761962891e+00	2.822598457336425781e+00	2.821436882019042969e+00	2.819990396499633789e+00	2.818759679794311523e+00	2.818729639053344727e+00	2.821128129959106445e+00	2.827618360519409180e+00	2.840249300003051758e+00	2.860651731491088867e+00	2.881282329559326172e+00	2.879725933074951172e+00	2.867843866348266602e+00	2.857193470001220703e+00	2.847926855087280273e+00	2.838732004165649414e+00	2.829530954360961914e+00	2.822327613830566406e+00	2.818496942520141602e+00	2.817318916320800781e+00	2.816792964935302734e+00	2.816733121871948242e+00	2.817718267440795898e+00	2.820297479629516602e+00	2.824598312377929688e+00	2.829608917236328125e+00	2.832812070846557617e+00	2.831885337829589844e+00	2.827554702758789062e+00	2.822484016418457031e+00	2.818641185760498047e+00	2.816533803939819336e+00	2.815757513046264648e+00	2.815842866897583008e+00	2.817008495330810547e+00	2.820245265960693359e+00	2.826516628265380859e+00	2.835916280746459961e+00
2.848327875137329102e+00	2.864038705825805664e+00	2.886174917221069336e+00	2.906765222549438477e+00	2.903686761856079102e+00	2.877711772918701172e+00	2.851013183593750000e+00	2.832456111907958984e+00	2.821626186370849609e+00	2.816510438919067383e+00	2.814659595489501953e+00	2.814648389816284180e+00	2.815716505050659180e+00	2.817527532577514648e+00	2.819957494735717773e+00	2.822685956954956055e+00	2.825603961944580078e+00	2.829895496368408203e+00	2.838071584701538086e+00	2.852238178253173828e+00	2.872782707214355469e+00	2.898474693298339844e+00	2.926558971405029297e+00	2.952302217483520508e+00	2.966612339019775391e+00	2.962192535400390625e+00	2.939023494720458984e+00	2.907097339630126953e+00	2.877982139587402344e+00	2.856296062469482422e+00	2.842480182647705078e+00	2.834654808044433594e+00	2.830114603042602539e+00	2.827067136764526367e+00	2.825050592422485352e+00	2.823750734329223633e+00	2.822438716888427734e+00	2.820770740509033203e+00	2.819373369216918945e+00	2.819406747817993164e+00	2.822143316268920898e+00	2.829028129577636719e+00	2.841938257217407227e+00	2.862753152847290039e+00	2.884714603424072266e+00	2.882706642150878906e+00	2.868902683258056641e+00	2.857513427734375000e+00	2.848077535629272461e+00	2.839002847671508789e+00	2.829935789108276367e+00	2.822669744491577148e+00	2.818604946136474609e+00	2.817464590072631836e+00	2.817747354507446289e+00	2.818249464035034180e+00	2.819269657135009766e+00	2.821573734283447266e+00	2.825338363647460938e+00	2.829514265060424805e+00	2.831750869750976562e+00	2.830261230468750000e+00	2.825986623764038086e+00	2.820955038070678711e+00	2.817176580429077148e+00	2.815397977828979492e+00	2.814951419830322266e+00	2.815091848373413086e+00	2.816120624542236328e+00	2.819363355636596680e+00	2.826019287109375000e+00	2.836003065109252930e+00
2.849580287933349609e+00	2.866314411163330078e+00	2.889872074127197266e+00	2.910782814025878906e+00	2.906640768051147461e+00	2.880146265029907227e+00	2.853253126144409180e+00	2.834408760070800781e+00	2.823076963424682617e+00	2.817391395568847656e+00	2.815573215484619141e+00	2.816119194030761719e+00	2.817937612533569336e+00	2.820535421371459961e+00	2.823688030242919922e+00	2.826892137527465820e+00	2.829852581024169922e+00	2.833870649337768555e+00	2.841865777969360352e+00	2.856151819229125977e+00	2.877076387405395508e+00	2.903316259384155273e+00	2.932006120681762695e+00	2.958160161972045898e+00	2.972047090530395508e+00	2.967238426208496094e+00	2.944214820861816406e+00	2.911889314651489258e+00	2.882081508636474609e+00	2.860096931457519531e+00	2.846513509750366211e+00	2.839005947113037109e+00	2.834506511688232422e+00	2.831261873245239258e+00	2.828875541687011719e+00	2.827031850814819336e+00	2.825033903121948242e+00	2.822721004486083984e+00	2.820866346359252930e+00	2.820620775222778320e+00	2.823148488998413086e+00	2.829749822616577148e+00	2.842185020446777344e+00	2.862187623977661133e+00	2.883442640304565430e+00	2.883232355117797852e+00	2.870301961898803711e+00	2.859029769897460938e+00	2.849719762802124023e+00	2.840800046920776367e+00	2.831944942474365234e+00	2.824913263320922852e+00	2.820943355560302734e+00	2.819607496261596680e+00	2.819667339324951172e+00	2.820242643356323242e+00	2.821407079696655273e+00	2.823819398880004883e+00	2.827735185623168945e+00	2.832136154174804688e+00	2.834409475326538086e+00	2.832400798797607422e+00	2.827400207519531250e+00	2.822249889373779297e+00	2.818809986114501953e+00	2.817472219467163086e+00	2.817389726638793945e+00	2.817526102066040039e+00	2.818236827850341797e+00	2.821042299270629883e+00	2.827262401580810547e+00	2.836991548538208008e+00
2.849809885025024414e+00	2.866183042526245117e+00	2.889359474182128906e+00	2.909577131271362305e+00	2.904678106307983398e+00	2.878278732299804688e+00	2.851880550384521484e+00	2.833406209945678711e+00	2.822278022766113281e+00	2.816772699356079102e+00	2.815173149108886719e+00	2.815975189208984375e+00	2.818144083023071289e+00	2.821176767349243164e+00	2.824573993682861328e+00	2.827453374862670898e+00	2.829725980758666992e+00	2.833208322525024414e+00	2.840823173522949219e+00	2.854753017425537109e+00	2.875370264053344727e+00	2.901523351669311523e+00	2.930540084838867188e+00	2.957257986068725586e+00	2.971691370010375977e+00	2.968060493469238281e+00	2.946691513061523438e+00	2.914500951766967773e+00	2.884067058563232422e+00	2.861423730850219727e+00	2.847349882125854492e+00	2.839809894561767578e+00	2.835589170455932617e+00	2.832453727722167969e+00	2.829860687255859375e+00	2.827610731124877930e+00	2.825217723846435547e+00	2.822630643844604492e+00	2.820577144622802734e+00	2.820149421691894531e+00	2.822494983673095703e+00	2.828903675079345703e+00	2.841067552566528320e+00	2.860620498657226562e+00	2.881176710128784180e+00	2.882237672805786133e+00	2.870553493499755859e+00	2.859468698501586914e+00	2.850144863128662109e+00	2.841278553009033203e+00	2.832609891891479492e+00	2.825618267059326172e+00	2.821438074111938477e+00	2.819891452789306641e+00	2.819845914840698242e+00	2.820439815521240234e+00	2.821734666824340820e+00	2.824327468872070312e+00	2.828403711318969727e+00	2.832889318466186523e+00	2.835066556930541992e+00	2.832807302474975586e+00	2.827599763870239258e+00	2.822350740432739258e+00	2.818840980529785156e+00	2.817384243011474609e+00	2.817294836044311523e+00	2.817837715148925781e+00	2.819153308868408203e+00	2.822179317474365234e+00	2.828149557113647461e+00	2.837555646896362305e+00
2.849093675613403320e+00	2.865536212921142578e+00	2.888906955718994141e+00	2.909393072128295898e+00	2.904455184936523438e+00	2.877508401870727539e+00	2.850726366043090820e+00	2.832167625427246094e+00	2.821139574050903320e+00	2.815689325332641602e+00	2.813919305801391602e+00	2.814234972000122070e+00	2.815547466278076172e+00	2.817392587661743164e+00	2.819523334503173828e+00	2.821365833282470703e+00	2.822616338729858398e+00	2.824573040008544922e+00	2.829982042312622070e+00	2.841216564178466797e+00	2.859075307846069336e+00	2.882811784744262695e+00	2.909834861755371094e+00	2.934436321258544922e+00	2.944868564605712891e+00	2.935116767883300781e+00	2.913852214813232422e+00	2.889368057250976562e+00	2.867076873779296875e+00	2.850097417831420898e+00	2.839442253112792969e+00	2.833842039108276367e+00	2.830759763717651367e+00	2.828496217727661133e+00	2.826712131500244141e+00	2.825199365615844727e+00	2.823470830917358398e+00	2.821420192718505859e+00	2.819808959960937500e+00	2.819830417633056641e+00	2.822752714157104492e+00	2.829918861389160156e+00	2.842389106750488281e+00	2.861877441406250000e+00	2.882832765579223633e+00	2.883254289627075195e+00	2.870712757110595703e+00	2.859351634979248047e+00	2.850066661834716797e+00	2.840734720230102539e+00	2.831360578536987305e+00	2.823909044265747070e+00	2.819354772567749023e+00	2.817400693893432617e+00	2.817149877548217773e+00	2.817771673202514648e+00	2.819150686264038086e+00	2.821812629699707031e+00	2.826061010360717773e+00	2.830882549285888672e+00	2.833520412445068359e+00	2.831863403320312500e+00	2.827238321304321289e+00	2.822264671325683594e+00	2.818645715713500977e+00	2.816831111907958984e+00	2.816369056701660156e+00	2.816685438156127930e+00	2.817931413650512695e+00	2.821142673492431641e+00	2.827389001846313477e+00	2.836854457855224609e+00
2.849624633789062500e+00	2.866132259368896484e+00	2.889288902282714844e+00	2.909002065658569336e+00	2.903503894805908203e+00	2.877303123474121094e+00	2.851104259490966797e+00	2.832723379135131836e+00	2.821758747100830078e+00	2.816395044326782227e+00	2.814741849899291992e+00	2.815144538879394531e+00	2.816455602645874023e+00	2.818227767944335938e+00	2.820312738418579102e+00	2.822266101837158203e+00	2.823750495910644531e+00	2.825856685638427734e+00	2.831198215484619141e+00	2.842223167419433594e+00	2.859888315200805664e+00	2.883495569229125977e+00	2.910430908203125000e+00	2.934906959533691406e+00	2.945103406906127930e+00	2.934903860092163086e+00	2.913264513015747070e+00	2.888420581817626953e+00	2.865932941436767578e+00	2.848977804183959961e+00	2.838452577590942383e+00	2.833055734634399414e+00	2.830325841903686523e+00	2.828601598739624023e+00	2.827489137649536133e+00	2.826318979263305664e+00	2.824436187744140625e+00	2.822245121002197266e+00	2.820632457733154297e+00	2.820736885070800781e+00	2.823781728744506836e+00	2.831065177917480469e+00	2.843603372573852539e+00	2.863149881362915039e+00	2.882620334625244141e+00	2.881659030914306641e+00	2.870208740234375000e+00	2.859531402587890625e+00	2.850221157073974609e+00	2.840754508972167969e+00	2.831089496612548828e+00	2.823372840881347656e+00	2.818923950195312500e+00	2.817371845245361328e+00	2.817517042160034180e+00	2.818475008010864258e+00	2.820134878158569336e+00	2.822988033294677734e+00	2.827511548995971680e+00	2.832803249359130859e+00	2.835903644561767578e+00	2.834342718124389648e+00	2.829585313796997070e+00	2.824413299560546875e+00	2.820488691329956055e+00	2.818299531936645508e+00	2.817482471466064453e+00	2.817431926727294922e+00	2.818200588226318359e+00	2.821028232574462891e+00	2.827299118041992188e+00	2.837098836898803711e+00
2.849455595016479492e+00	2.865476369857788086e+00	2.888007164001464844e+00	2.907096624374389648e+00	2.902016401290893555e+00	2.876979351043701172e+00	2.851503849029541016e+00	2.833555698394775391e+00	2.822844505310058594e+00	2.817440032958984375e+00	2.815504789352416992e+00	2.815608024597167969e+00	2.816736459732055664e+00	2.818376541137695312e+00	2.820200920104980469e+00	2.821825027465820312e+00	2.823143482208251953e+00	2.825255393981933594e+00	2.830600738525390625e+00	2.841634988784790039e+00	2.859354972839355469e+00	2.883056163787841797e+00	2.910169124603271484e+00	2.935041427612304688e+00	2.945842504501342773e+00	2.935854673385620117e+00	2.913925886154174805e+00	2.888686418533325195e+00	2.865911722183227539e+00	2.848841905593872070e+00	2.838296890258789062e+00	2.832873821258544922e+00	2.830013275146484375e+00	2.828001976013183594e+00	2.826553583145141602e+00	2.825406312942504883e+00	2.823993921279907227e+00	2.822253227233886719e+00	2.820891857147216797e+00	2.820986032485961914e+00	2.823667764663696289e+00	2.830307483673095703e+00	2.842851161956787109e+00	2.862621545791625977e+00	2.881187915802001953e+00	2.880027770996093750e+00	2.869197607040405273e+00	2.858692407608032227e+00	2.849351882934570312e+00	2.840101242065429688e+00	2.830751895904541016e+00	2.823226928710937500e+00	2.818900585174560547e+00	2.817414999008178711e+00	2.817534446716308594e+00	2.818366289138793945e+00	2.820029020309448242e+00	2.823216915130615234e+00	2.828087329864501953e+00	2.833643436431884766e+00	2.836939334869384766e+00	2.835230350494384766e+00	2.830513238906860352e+00	2.825332403182983398e+00	2.820828676223754883e+00	2.818225622177124023e+00	2.817201614379882812e+00	2.817102670669555664e+00	2.818040609359741211e+00	2.821143150329589844e+00	2.827554702758789062e+00	2.837251186370849609e+00
2.849184513092041016e+00	2.865029096603393555e+00	2.887298822402954102e+00	2.906081676483154297e+00	2.900985717773437500e+00	2.876276254653930664e+00	2.851044893264770508e+00	2.833283662796020508e+00	2.822832345962524414e+00	2.817731142044067383e+00	2.815873384475708008e+00	2.815775632858276367e+00	2.816558122634887695e+00	2.817866325378417969e+00	2.819666624069213867e+00	2.821650266647338867e+00	2.823466777801513672e+00	2.825924396514892578e+00	2.831145048141479492e+00	2.841866970062255859e+00	2.859359264373779297e+00	2.882892131805419922e+00	2.909886121749877930e+00	2.934660434722900391e+00	2.945136070251464844e+00	2.934302806854248047e+00	2.911582946777343750e+00	2.885892629623413086e+00	2.863080978393554688e+00	2.846346855163574219e+00	2.836288213729858398e+00	2.831339836120605469e+00	2.828757047653198242e+00	2.826616764068603516e+00	2.824905872344970703e+00	2.823814392089843750e+00	2.822829484939575195e+00	2.821586132049560547e+00	2.820452213287353516e+00	2.820476293563842773e+00	2.823052406311035156e+00	2.829746961593627930e+00	2.842503547668457031e+00	2.862413406372070312e+00	2.880744695663452148e+00	2.879434585571289062e+00	2.868664741516113281e+00	2.858044624328613281e+00	2.848543643951416016e+00	2.839287042617797852e+00	2.830040931701660156e+00	2.822608470916748047e+00	2.818380117416381836e+00	2.817012548446655273e+00	2.817229509353637695e+00	2.818075656890869141e+00	2.819513559341430664e+00	2.822357177734375000e+00	2.826945543289184570e+00	2.832152605056762695e+00	2.835437059402465820e+00	2.834359884262084961e+00	2.829943418502807617e+00	2.824991464614868164e+00	2.820855140686035156e+00	2.818053007125854492e+00	2.816709995269775391e+00	2.816339731216430664e+00	2.817231893539428711e+00	2.820550918579101562e+00	2.827220916748046875e+00	2.837033271789550781e+00
2.847973823547363281e+00	2.864119052886962891e+00	2.886955022811889648e+00	2.906031608581542969e+00	2.900596618652343750e+00	2.875095367431640625e+00	2.848968267440795898e+00	2.830580711364746094e+00	2.819656848907470703e+00	2.814199209213256836e+00	2.812375783920288086e+00	2.812639951705932617e+00	2.813910484313964844e+00	2.815742254257202148e+00	2.817842960357666016e+00	2.819474220275878906e+00	2.820347070693969727e+00	2.822112321853637695e+00	2.827605009078979492e+00	2.838923454284667969e+00	2.856632471084594727e+00	2.879930019378662109e+00	2.906259059906005859e+00	2.929941654205322266e+00	2.939177513122558594e+00	2.927839517593383789e+00	2.905650615692138672e+00	2.881007909774780273e+00	2.859111785888671875e+00	2.842945098876953125e+00	2.833127498626708984e+00	2.828345298767089844e+00	2.826203823089599609e+00	2.824618816375732422e+00	2.823287248611450195e+00	2.822469949722290039e+00	2.821695566177368164e+00	2.820417404174804688e+00	2.818920850753784180e+00	2.818394184112548828e+00	2.820356845855712891e+00	2.826705932617187500e+00	2.839604854583740234e+00	2.860070943832397461e+00	2.878821611404418945e+00	2.877357244491577148e+00	2.866513013839721680e+00	2.855829238891601562e+00	2.846167802810668945e+00	2.836758136749267578e+00	2.827537059783935547e+00	2.820328950881958008e+00	2.816188573837280273e+00	2.814695596694946289e+00	2.814949512481689453e+00	2.815882444381713867e+00	2.817145586013793945e+00	2.819245815277099609e+00	2.822566986083984375e+00	2.826294183731079102e+00	2.828489780426025391e+00	2.827691316604614258e+00	2.824505805969238281e+00	2.820768356323242188e+00	2.817741155624389648e+00	2.815802574157714844e+00	2.814964532852172852e+00	2.815076828002929688e+00	2.815959453582763672e+00	2.818796396255493164e+00	2.825485944747924805e+00	2.835590362548828125e+00
2.849363565444946289e+00	2.865802288055419922e+00	2.889111995697021484e+00	2.908405542373657227e+00	2.902003765106201172e+00	2.875969648361206055e+00	2.850526094436645508e+00	2.832511186599731445e+00	2.821500778198242188e+00	2.815927028656005859e+00	2.814083099365234375e+00	2.814419746398925781e+00	2.815800428390502930e+00	2.817656993865966797e+00	2.819725990295410156e+00	2.821531772613525391e+00	2.822690010070800781e+00	2.824308633804321289e+00	2.829195022583007812e+00	2.839909553527832031e+00	2.857373237609863281e+00	2.880933523178100586e+00	2.908015251159667969e+00	2.932517766952514648e+00	2.941571712493896484e+00	2.928934097290039062e+00	2.905729293823242188e+00	2.881078481674194336e+00	2.859838485717773438e+00	2.844618558883666992e+00	2.835748672485351562e+00	2.831379413604736328e+00	2.828876972198486328e+00	2.826777458190917969e+00	2.825135469436645508e+00	2.824063539505004883e+00	2.823048591613769531e+00	2.821707963943481445e+00	2.820443630218505859e+00	2.820333480834960938e+00	2.822769641876220703e+00	2.829254388809204102e+00	2.841600656509399414e+00	2.861440420150756836e+00	2.881995201110839844e+00	2.880943775177001953e+00	2.869077920913696289e+00	2.858058691024780273e+00	2.848412513732910156e+00	2.839091062545776367e+00	2.830011844635009766e+00	2.822914123535156250e+00	2.818814516067504883e+00	2.817095994949340820e+00	2.816606283187866211e+00	2.816773891448974609e+00	2.817928075790405273e+00	2.820882558822631836e+00	2.826051950454711914e+00	2.832404375076293945e+00	2.836084365844726562e+00	2.833560228347778320e+00	2.827637195587158203e+00	2.822072505950927734e+00	2.818428516387939453e+00	2.816836357116699219e+00	2.816675186157226562e+00	2.817227602005004883e+00	2.818419694900512695e+00	2.821375846862792969e+00	2.827529907226562500e+00	2.837085723876953125e+00
2.839010953903198242e+00	2.850550889968872070e+00	2.865920782089233398e+00	2.878821134567260742e+00	2.874991178512573242e+00	2.855931520462036133e+00	2.836453914642333984e+00	2.822327613830566406e+00	2.813511610031127930e+00	2.809031963348388672e+00	2.807550191879272461e+00	2.807780027389526367e+00	2.808835983276367188e+00	2.810376405715942383e+00	2.812295913696289062e+00	2.814196348190307617e+00	2.815729141235351562e+00	2.817933559417724609e+00	2.823413372039794922e+00	2.834537744522094727e+00	2.852148532867431641e+00	2.875684022903442383e+00	2.902875661849975586e+00	2.927666425704956055e+00	2.936956405639648438e+00	2.924633741378784180e+00	2.901374340057373047e+00	2.876420497894287109e+00	2.854778289794921875e+00	2.838899612426757812e+00	2.829104423522949219e+00	2.823850393295288086e+00	2.820854902267456055e+00	2.818809032440185547e+00	2.817599058151245117e+00	2.817014694213867188e+00	2.816262483596801758e+00	2.814831495285034180e+00	2.813297033309936523e+00	2.812823057174682617e+00	2.814492464065551758e+00	2.819358348846435547e+00	2.828888177871704102e+00	2.845371723175048828e+00	2.864405632019042969e+00	2.863408327102661133e+00	2.852970600128173828e+00	2.845042467117309570e+00	2.838231563568115234e+00	2.830690383911132812e+00	2.822516679763793945e+00	2.815804719924926758e+00	2.811707973480224609e+00	2.809734582901000977e+00	2.808956384658813477e+00	2.809028625488281250e+00	2.810391187667846680e+00	2.813833475112915039e+00	2.819626092910766602e+00	2.826526641845703125e+00	2.830475330352783203e+00	2.827798843383789062e+00	2.821324825286865234e+00	2.815075159072875977e+00	2.810930252075195312e+00	2.809288501739501953e+00	2.809492111206054688e+00	2.810434818267822266e+00	2.811760187149047852e+00	2.814579725265502930e+00	2.820331096649169922e+00	2.828977584838867188e+00
2.833583593368530273e+00	2.842763423919677734e+00	2.855070590972900391e+00	2.865890979766845703e+00	2.862006664276123047e+00	2.845574855804443359e+00	2.828989267349243164e+00	2.817073106765747070e+00	2.809670448303222656e+00	2.805902957916259766e+00	2.804636478424072266e+00	2.804795742034912109e+00	2.805669784545898438e+00	2.807064533233642578e+00	2.808939933776855469e+00	2.810846567153930664e+00	2.812353372573852539e+00	2.814470291137695312e+00	2.819796562194824219e+00	2.830692529678344727e+00	2.848056793212890625e+00	2.871479988098144531e+00	2.898818731307983398e+00	2.924046277999877930e+00	2.934131622314453125e+00	2.922552347183227539e+00	2.899244070053100586e+00	2.873708009719848633e+00	2.851516246795654297e+00	2.835188150405883789e+00	2.825016498565673828e+00	2.819640636444091797e+00	2.816888093948364258e+00	2.815344095230102539e+00	2.814715623855590820e+00	2.814676046371459961e+00	2.814511299133300781e+00	2.813485145568847656e+00	2.811528682708740234e+00	2.810077905654907227e+00	2.810595273971557617e+00	2.814113855361938477e+00	2.821854591369628906e+00	2.835304260253906250e+00	2.851301193237304688e+00	2.853285074234008789e+00	2.845663070678710938e+00	2.839612245559692383e+00	2.834379196166992188e+00	2.827795028686523438e+00	2.819950342178344727e+00	2.813103675842285156e+00	2.808607101440429688e+00	2.806201934814453125e+00	2.805130958557128906e+00	2.805138826370239258e+00	2.806658506393432617e+00	2.810338735580444336e+00	2.816201686859130859e+00	2.822850465774536133e+00	2.826502323150634766e+00	2.823685884475708008e+00	2.816912412643432617e+00	2.810242891311645508e+00	2.805752038955688477e+00	2.803976297378540039e+00	2.804306507110595703e+00	2.805733919143676758e+00	2.807773113250732422e+00	2.811125755310058594e+00	2.816909790039062500e+00	2.824929714202880859e+00
2.822024822235107422e+00	2.827110528945922852e+00	2.832262992858886719e+00	2.835972785949707031e+00	2.830738782882690430e+00	2.818388462066650391e+00	2.807382345199584961e+00	2.799765825271606445e+00	2.795120000839233398e+00	2.793045520782470703e+00	2.792811632156372070e+00	2.793424129486083984e+00	2.794055223464965820e+00	2.794410705566406250e+00	2.794599533081054688e+00	2.794911623001098633e+00	2.796014547348022461e+00	2.799301624298095703e+00	2.806392908096313477e+00	2.818372488021850586e+00	2.835464954376220703e+00	2.857057094573974609e+00	2.881008148193359375e+00	2.902391195297241211e+00	2.912132024765014648e+00	2.903018712997436523e+00	2.881112337112426758e+00	2.856863260269165039e+00	2.835749149322509766e+00	2.819390058517456055e+00	2.807915449142456055e+00	2.801038026809692383e+00	2.798155069351196289e+00	2.798355579376220703e+00	2.800516366958618164e+00	2.803000688552856445e+00	2.804286003112792969e+00	2.803750276565551758e+00	2.801033496856689453e+00	2.798046350479125977e+00	2.797237157821655273e+00	2.799994468688964844e+00	2.807657718658447266e+00	2.821849822998046875e+00	2.839104413986206055e+00	2.842219114303588867e+00	2.835014104843139648e+00	2.829449415206909180e+00	2.825011253356933594e+00	2.819086551666259766e+00	2.811154127120971680e+00	2.803307771682739258e+00	2.797411441802978516e+00	2.793972492218017578e+00	2.792491436004638672e+00	2.792436838150024414e+00	2.793876171112060547e+00	2.796927213668823242e+00	2.801061153411865234e+00	2.805017232894897461e+00	2.807066917419433594e+00	2.805896759033203125e+00	2.801708698272705078e+00	2.796115636825561523e+00	2.791311025619506836e+00	2.788799285888671875e+00	2.788794279098510742e+00	2.790668010711669922e+00	2.794021844863891602e+00	2.799324035644531250e+00	2.806696414947509766e+00	2.814952373504638672e+00
2.779159545898437500e+00	2.778371334075927734e+00	2.775433301925659180e+00	2.772147417068481445e+00	2.770192623138427734e+00	2.769716739654541016e+00	2.770249128341674805e+00	2.771382808685302734e+00	2.772788524627685547e+00	2.774136781692504883e+00	2.775335311889648438e+00	2.776531457901000977e+00	2.777630090713500977e+00	2.778296232223510742e+00	2.778451442718505859e+00	2.778590917587280273e+00	2.779181480407714844e+00	2.780039310455322266e+00	2.781185626983642578e+00	2.782564401626586914e+00	2.783908128738403320e+00	2.785025596618652344e+00	2.785804986953735352e+00	2.785809278488159180e+00	2.784486055374145508e+00	2.782122135162353516e+00	2.779966831207275391e+00	2.778381586074829102e+00	2.776981830596923828e+00	2.775130510330200195e+00	2.773191213607788086e+00	2.772722721099853516e+00	2.774342536926269531e+00	2.777721166610717773e+00	2.781867504119873047e+00	2.785073518753051758e+00	2.785743236541748047e+00	2.783387422561645508e+00	2.778861999511718750e+00	2.774475574493408203e+00	2.771904945373535156e+00	2.771408557891845703e+00	2.772398233413696289e+00	2.773677110671997070e+00	2.775643587112426758e+00	2.778999567031860352e+00	2.783775091171264648e+00	2.789116859436035156e+00	2.793381690979003906e+00	2.794690847396850586e+00	2.791937112808227539e+00	2.786621809005737305e+00	2.781200885772705078e+00	2.777029514312744141e+00	2.774450302124023438e+00	2.773388147354125977e+00	2.773690223693847656e+00	2.775110006332397461e+00	2.776943445205688477e+00	2.778567552566528320e+00	2.780121803283691406e+00	2.781384229660034180e+00	2.781677484512329102e+00	2.780689239501953125e+00	2.778980731964111328e+00	2.777270317077636719e+00	2.775720357894897461e+00	2.774774312973022461e+00	2.774852275848388672e+00	2.775690555572509766e+00	2.776880264282226562e+00	2.778230667114257812e+00
2.767093420028686523e+00	2.765563488006591797e+00	2.763546228408813477e+00	2.762002944946289062e+00	2.761366128921508789e+00	2.761664628982543945e+00	2.762744426727294922e+00	2.764324188232421875e+00	2.766094923019409180e+00	2.767939567565917969e+00	2.769938230514526367e+00	2.771878719329833984e+00	2.773208141326904297e+00	2.773572206497192383e+00	2.773224592208862305e+00	2.772863864898681641e+00	2.773112535476684570e+00	2.774187326431274414e+00	2.775781869888305664e+00	2.777287960052490234e+00	2.778256893157958984e+00	2.778724908828735352e+00	2.779173851013183594e+00	2.780108928680419922e+00	2.781597137451171875e+00	2.783397197723388672e+00	2.785037279129028320e+00	2.783547878265380859e+00	2.779778242111206055e+00	2.776386260986328125e+00	2.773363590240478516e+00	2.771131277084350586e+00	2.770397186279296875e+00	2.771250247955322266e+00	2.773289442062377930e+00	2.775669097900390625e+00	2.776964187622070312e+00	2.776058435440063477e+00	2.773349523544311523e+00	2.770313024520874023e+00	2.768184900283813477e+00	2.767490863800048828e+00	2.768166303634643555e+00	2.770117282867431641e+00	2.773587942123413086e+00	2.776110649108886719e+00	2.774968147277832031e+00	2.774437904357910156e+00	2.774809837341308594e+00	2.775209188461303711e+00	2.775152206420898438e+00	2.774383068084716797e+00	2.772936344146728516e+00	2.771250486373901367e+00	2.769904851913452148e+00	2.769477605819702148e+00	2.770318508148193359e+00	2.772264957427978516e+00	2.774513006210327148e+00	2.775659084320068359e+00	2.774633646011352539e+00	2.772564888000488281e+00	2.770735502243041992e+00	2.769481658935546875e+00	2.768625259399414062e+00	2.767892837524414062e+00	2.767173767089843750e+00	2.766317844390869141e+00	2.765631914138793945e+00	2.765665054321289062e+00	2.766491651535034180e+00	2.767328500747680664e+00
2.772522449493408203e+00	2.771278858184814453e+00	2.769030094146728516e+00	2.767289400100708008e+00	2.766465902328491211e+00	2.766332864761352539e+00	2.766751050949096680e+00	2.767562627792358398e+00	2.768185138702392578e+00	2.768392086029052734e+00	2.768671989440917969e+00	2.769116163253784180e+00	2.769439220428466797e+00	2.769476175308227539e+00	2.769502162933349609e+00	2.769853115081787109e+00	2.770679473876953125e+00	2.772183895111083984e+00	2.774156570434570312e+00	2.775907039642333984e+00	2.777258396148681641e+00	2.778749227523803711e+00	2.780849695205688477e+00	2.783769130706787109e+00	2.787752628326416016e+00	2.792898178100585938e+00	2.797872543334960938e+00	2.800592422485351562e+00	2.800989627838134766e+00	2.800655364990234375e+00	2.799514293670654297e+00	2.797089576721191406e+00	2.793791770935058594e+00	2.790266990661621094e+00	2.786817312240600586e+00	2.783608198165893555e+00	2.780553340911865234e+00	2.777128219604492188e+00	2.773142099380493164e+00	2.769933938980102539e+00	2.769254922866821289e+00	2.771822929382324219e+00	2.778126478195190430e+00	2.787372350692749023e+00	2.790404796600341797e+00	2.785111904144287109e+00	2.781266689300537109e+00	2.779411315917968750e+00	2.778659343719482422e+00	2.778354883193969727e+00	2.777875423431396484e+00	2.776719331741333008e+00	2.775031566619873047e+00	2.773167371749877930e+00	2.771524906158447266e+00	2.770470619201660156e+00	2.770335912704467773e+00	2.771396398544311523e+00	2.773407459259033203e+00	2.774972915649414062e+00	2.774880886077880859e+00	2.774322032928466797e+00	2.774664402008056641e+00	2.775969743728637695e+00	2.777235507965087891e+00	2.777372837066650391e+00	2.775912523269653320e+00	2.773227691650390625e+00	2.770594835281372070e+00	2.769451856613159180e+00	2.770346403121948242e+00	2.771964311599731445e+00
2.772405862808227539e+00	2.774023294448852539e+00	2.774877548217773438e+00	2.774836063385009766e+00	2.774899244308471680e+00	2.774952650070190430e+00	2.774592399597167969e+00	2.774540424346923828e+00	2.774547100067138672e+00	2.774219036102294922e+00	2.773861408233642578e+00	2.773635149002075195e+00	2.773680925369262695e+00	2.774047136306762695e+00	2.774637460708618164e+00	2.775503635406494141e+00	2.776442050933837891e+00	2.777446269989013672e+00	2.779005765914916992e+00	2.781405687332153320e+00	2.784333705902099609e+00	2.787449836730957031e+00	2.791852712631225586e+00	2.798300981521606445e+00	2.806398391723632812e+00	2.814605951309204102e+00	2.822092533111572266e+00	2.829744338989257812e+00	2.837794303894042969e+00	2.845649719238281250e+00	2.851442813873291016e+00	2.853159904479980469e+00	2.848183155059814453e+00	2.838101387023925781e+00	2.825661659240722656e+00	2.812357425689697266e+00	2.799945354461669922e+00	2.790034770965576172e+00	2.782992362976074219e+00	2.778177976608276367e+00	2.775905132293701172e+00	2.776696681976318359e+00	2.781184673309326172e+00	2.788511037826538086e+00	2.789770364761352539e+00	2.784013509750366211e+00	2.780347824096679688e+00	2.779912471771240234e+00	2.781018495559692383e+00	2.782395124435424805e+00	2.783245086669921875e+00	2.783026218414306641e+00	2.781715393066406250e+00	2.779675960540771484e+00	2.777377605438232422e+00	2.775271177291870117e+00	2.773828983306884766e+00	2.773740291595458984e+00	2.775381803512573242e+00	2.778338193893432617e+00	2.781864881515502930e+00	2.785944938659667969e+00	2.790936946868896484e+00	2.795773267745971680e+00	2.798112154006958008e+00	2.796627521514892578e+00	2.792453289031982422e+00	2.786702632904052734e+00	2.779944419860839844e+00	2.774684906005859375e+00	2.771837472915649414e+00	2.771250724792480469e+00
2.772628545761108398e+00	2.774434089660644531e+00	2.775748014450073242e+00	2.775663375854492188e+00	2.774875164031982422e+00	2.774056434631347656e+00	2.773440361022949219e+00	2.773259878158569336e+00	2.773573398590087891e+00	2.774052143096923828e+00	2.773889303207397461e+00	2.773105621337890625e+00	2.772612094879150391e+00	2.773115634918212891e+00	2.774666070938110352e+00	2.776710748672485352e+00	2.778698444366455078e+00	2.780824184417724609e+00	2.784076213836669922e+00	2.788625717163085938e+00	2.794373750686645508e+00	2.801437854766845703e+00	2.810454607009887695e+00	2.821656227111816406e+00	2.832796335220336914e+00	2.839014053344726562e+00	2.840218782424926758e+00	2.841343641281127930e+00	2.843157291412353516e+00	2.845302820205688477e+00	2.846929550170898438e+00	2.846043109893798828e+00	2.840635299682617188e+00	2.830409049987792969e+00	2.817411184310913086e+00	2.804300785064697266e+00	2.792788982391357422e+00	2.783885717391967773e+00	2.777774572372436523e+00	2.773756980895996094e+00	2.770969152450561523e+00	2.769084692001342773e+00	2.768425226211547852e+00	2.769495010375976562e+00	2.772206544876098633e+00	2.774469137191772461e+00	2.776206016540527344e+00	2.778381347656250000e+00	2.780317783355712891e+00	2.781405448913574219e+00	2.781561851501464844e+00	2.781010627746582031e+00	2.779982566833496094e+00	2.778607845306396484e+00	2.777088165283203125e+00	2.775876045227050781e+00	2.775424957275390625e+00	2.776029109954833984e+00	2.778046607971191406e+00	2.781833410263061523e+00	2.787187814712524414e+00	2.792592287063598633e+00	2.796135902404785156e+00	2.798262119293212891e+00	2.798255681991577148e+00	2.795231580734252930e+00	2.789727926254272461e+00	2.783274888992309570e+00	2.777516365051269531e+00	2.773532390594482422e+00	2.771564483642578125e+00	2.771432161331176758e+00
2.789313077926635742e+00	2.793503522872924805e+00	2.796401023864746094e+00	2.799220561981201172e+00	2.802066564559936523e+00	2.802833557128906250e+00	2.802040815353393555e+00	2.799640893936157227e+00	2.789861202239990234e+00	2.782248020172119141e+00	2.778821706771850586e+00	2.777664661407470703e+00	2.777800321578979492e+00	2.778732299804687500e+00	2.780945777893066406e+00	2.785159349441528320e+00	2.792170286178588867e+00	2.802683830261230469e+00	2.817123651504516602e+00	2.835218429565429688e+00	2.855329513549804688e+00	2.874800443649291992e+00	2.889268636703491211e+00	2.893485546112060547e+00	2.885284900665283203e+00	2.867720127105712891e+00	2.847302675247192383e+00	2.828737258911132812e+00	2.814351320266723633e+00	2.804407835006713867e+00	2.797953128814697266e+00	2.794110059738159180e+00	2.792290687561035156e+00	2.791821956634521484e+00	2.791795015335083008e+00	2.791454076766967773e+00	2.790677547454833984e+00	2.789709806442260742e+00	2.788286447525024414e+00	2.786220312118530273e+00	2.784579277038574219e+00	2.784167528152465820e+00	2.784858465194702148e+00	2.786645412445068359e+00	2.790186643600463867e+00	2.796206951141357422e+00	2.805244684219360352e+00	2.815833330154418945e+00	2.821840524673461914e+00	2.818940639495849609e+00	2.811562299728393555e+00	2.803661823272705078e+00	2.796509265899658203e+00	2.790998220443725586e+00	2.787632465362548828e+00	2.786436796188354492e+00	2.786681175231933594e+00	2.787886857986450195e+00	2.790892601013183594e+00	2.795412302017211914e+00	2.799067974090576172e+00	2.801177740097045898e+00	2.801541566848754883e+00	2.799437522888183594e+00	2.795294046401977539e+00	2.790390014648437500e+00	2.785679578781127930e+00	2.781643152236938477e+00	2.779305458068847656e+00	2.779029369354248047e+00	2.780794858932495117e+00	2.784517288208007812e+00
2.796606779098510742e+00	2.802692413330078125e+00	2.806549549102783203e+00	2.806717157363891602e+00	2.809666395187377930e+00	2.811727046966552734e+00	2.809606313705444336e+00	2.802491664886474609e+00	2.793226242065429688e+00	2.786446094512939453e+00	2.783088445663452148e+00	2.782062292098999023e+00	2.782494783401489258e+00	2.783861875534057617e+00	2.785986185073852539e+00	2.789471864700317383e+00	2.795374393463134766e+00	2.804790973663330078e+00	2.818408727645874023e+00	2.835785150527954102e+00	2.855241298675537109e+00	2.873915433883666992e+00	2.887530565261840820e+00	2.891359090805053711e+00	2.883073329925537109e+00	2.866038322448730469e+00	2.846063613891601562e+00	2.827475070953369141e+00	2.812903404235839844e+00	2.802969694137573242e+00	2.796828269958496094e+00	2.793467521667480469e+00	2.792032957077026367e+00	2.791764259338378906e+00	2.792044401168823242e+00	2.792170524597167969e+00	2.791605949401855469e+00	2.790360689163208008e+00	2.788885831832885742e+00	2.787710905075073242e+00	2.787162780761718750e+00	2.787431001663208008e+00	2.788871765136718750e+00	2.791594028472900391e+00	2.795455932617187500e+00	2.800958156585693359e+00	2.809307575225830078e+00	2.819928646087646484e+00	2.826658964157104492e+00	2.823158979415893555e+00	2.813999414443969727e+00	2.804773092269897461e+00	2.797133684158325195e+00	2.791670083999633789e+00	2.788472414016723633e+00	2.787196159362792969e+00	2.787393808364868164e+00	2.788771152496337891e+00	2.791446685791015625e+00	2.794982671737670898e+00	2.798300504684448242e+00	2.800573825836181641e+00	2.800915241241455078e+00	2.798939704895019531e+00	2.795152664184570312e+00	2.790535449981689453e+00	2.786208868026733398e+00	2.783187150955200195e+00	2.781962156295776367e+00	2.782394647598266602e+00	2.785386323928833008e+00	2.790690422058105469e+00
2.793591260910034180e+00	2.798275232315063477e+00	2.801981687545776367e+00	2.805491685867309570e+00	2.808266162872314453e+00	2.808798074722290039e+00	2.805490732192993164e+00	2.798182487487792969e+00	2.790174245834350586e+00	2.785032987594604492e+00	2.783036231994628906e+00	2.782996892929077148e+00	2.783839702606201172e+00	2.785228729248046875e+00	2.787285804748535156e+00	2.790489673614501953e+00	2.795321702957153320e+00	2.803326606750488281e+00	2.815785169601440430e+00	2.832459449768066406e+00	2.851634025573730469e+00	2.870213508605957031e+00	2.883704900741577148e+00	2.887257099151611328e+00	2.878882408142089844e+00	2.862314701080322266e+00	2.843272924423217773e+00	2.825756549835205078e+00	2.811552286148071289e+00	2.801214933395385742e+00	2.794713497161865234e+00	2.791449546813964844e+00	2.790380001068115234e+00	2.790532588958740234e+00	2.791294574737548828e+00	2.791806936264038086e+00	2.791319370269775391e+00	2.789928674697875977e+00	2.788287162780761719e+00	2.786772489547729492e+00	2.785751342773437500e+00	2.785735130310058594e+00	2.787374973297119141e+00	2.790667057037353516e+00	2.795284509658813477e+00	2.801285028457641602e+00	2.809123516082763672e+00	2.818416833877563477e+00	2.824066162109375000e+00	2.820276737213134766e+00	2.811187267303466797e+00	2.802000522613525391e+00	2.794370651245117188e+00	2.788874149322509766e+00	2.785878658294677734e+00	2.785179615020751953e+00	2.786018133163452148e+00	2.787431478500366211e+00	2.789785861968994141e+00	2.792928934097290039e+00	2.795985460281372070e+00	2.797829389572143555e+00	2.797566890716552734e+00	2.795251369476318359e+00	2.791729927062988281e+00	2.787874460220336914e+00	2.784312486648559570e+00	2.781783103942871094e+00	2.780572175979614258e+00	2.781063795089721680e+00	2.783747434616088867e+00	2.788297653198242188e+00
2.832680463790893555e+00	2.821668863296508789e+00	2.806438684463500977e+00	2.794624090194702148e+00	2.786918401718139648e+00	2.782565593719482422e+00	2.781089067459106445e+00	2.781764030456542969e+00	2.783585786819458008e+00	2.785977840423583984e+00	2.788544178009033203e+00	2.790433168411254883e+00	2.790745258331298828e+00	2.789975881576538086e+00	2.789265394210815430e+00	2.789461135864257812e+00	2.790903329849243164e+00	2.794417381286621094e+00	2.801568508148193359e+00	2.813587188720703125e+00	2.830662012100219727e+00	2.852646827697753906e+00	2.879300117492675781e+00	2.908641099929809570e+00	2.934355020523071289e+00	2.947002410888671875e+00	2.941598415374755859e+00	2.921173095703125000e+00	2.893022060394287109e+00	2.864167928695678711e+00	2.839126110076904297e+00	2.820045232772827148e+00	2.807388305664062500e+00	2.800278902053833008e+00	2.796901941299438477e+00	2.795389175415039062e+00	2.794110774993896484e+00	2.791856527328491211e+00	2.788617849349975586e+00	2.785582542419433594e+00	2.783953666687011719e+00	2.783946037292480469e+00	2.785470724105834961e+00	2.789081335067749023e+00	2.795597791671752930e+00	2.806424617767333984e+00	2.821110486984252930e+00	2.826700925827026367e+00	2.820238113403320312e+00	2.809036731719970703e+00	2.799430847167968750e+00	2.792301654815673828e+00	2.787470817565917969e+00	2.785011768341064453e+00	2.784718036651611328e+00	2.786068439483642578e+00	2.788416624069213867e+00	2.791156291961669922e+00	2.793624877929687500e+00	2.795051813125610352e+00	2.794799566268920898e+00	2.792846918106079102e+00	2.790009498596191406e+00	2.787448406219482422e+00	2.785999059677124023e+00	2.786088228225708008e+00	2.787917852401733398e+00	2.791712045669555664e+00	2.797786712646484375e+00	2.806679725646972656e+00	2.818289279937744141e+00	2.829323530197143555e+00
